session_id,spi,ip_version,ike_version,ipsec_mode,encryption_algo,auth_algo,dh_group,pfs_enabled,anti_replay,key_lifetime_sec,risk_score,compliance_status,vulnerabilities_detected
VPN-SES-00001,0xb3b1799d,IPv4,1,Transport,AES-CBC-128,SHA1,19,1,1,1800,40,Medium_Risk,Legacy_CBC_Mode_Padding_Oracle_Risk|Cryptographically_Broken_HMAC(SHA1)
VPN-SES-00002,0x7c307511,IPv6,2,Tunnel,AES-CBC-256,SHA1,2,1,1,1800,55,High_Risk,Cryptographically_Broken_HMAC(SHA1)|Sub_2048bit_DH_Group_MODP1024
VPN-SES-00003,0xfce66fa2,IPv4,2,Tunnel,AES-GCM-256,Combined-AEAD,19,0,0,7200,40,Medium_Risk,PFS_Disabled_Key_Compromise_Exposure|Anti_Replay_Protection_Disabled
VPN-SES-00004,0x2c11f735,IPv4,1,Tunnel,AES-CBC-256,SHA256,14,1,1,28800,0,Secure_Compliant,No_Vulnerabilities
VPN-SES-00005,0x536d76e2,IPv4,2,Transport,AES-CBC-128,SHA256,20,1,1,7200,10,Secure_Compliant,Legacy_CBC_Mode_Padding_Oracle_Risk
VPN-SES-00006,0x21b7e948,IPv4,2,Tunnel,AES-GCM-128,Combined-AEAD,20,0,1,28800,15,Secure_Compliant,PFS_Disabled_Key_Compromise_Exposure
VPN-SES-00007,0x4ceddf2d,IPv4,2,Tunnel,AES-GCM-128,Combined-AEAD,20,1,1,14400,0,Secure_Compliant,No_Vulnerabilities
VPN-SES-00008,0x29108be5,IPv4,1,Transport,AES-GCM-256,Combined-AEAD,20,1,1,14400,0,Secure_Compliant,No_Vulnerabilities
VPN-SES-00009,0xfb5cf467,IPv6,2,Tunnel,AES-CBC-128,SHA1,14,1,1,1800,40,Medium_Risk,Legacy_CBC_Mode_Padding_Oracle_Risk|Cryptographically_Broken_HMAC(SHA1)
VPN-SES-00010,0x6e9953d2,IPv4,2,Tunnel,AES-CBC-256,SHA512,20,1,1,28800,0,Secure_Compliant,No_Vulnerabilities
VPN-SES-00011,0x56d483f3,IPv4,1,Tunnel,AES-GCM-256,Combined-AEAD,5,1,1,28800,25,Medium_Risk,Sub_2048bit_DH_Group_MODP1536
VPN-SES-00012,0x4fe12e47,IPv4,2,Tunnel,AES-GCM-256,Combined-AEAD,20,1,1,3600,0,Secure_Compliant,No_Vulnerabilities
VPN-SES-00013,0x887f2425,IPv4,1,Transport,AES-CBC-256,SHA512,14,0,1,7200,15,Secure_Compliant,PFS_Disabled_Key_Compromise_Exposure
VPN-SES-00014,0x729c2ae3,IPv4,2,Tunnel,AES-CBC-256,SHA256,20,1,1,86400,10,Secure_Compliant,Excessive_Key_Lifetime_Rekey_Exposure
VPN-SES-00015,0x92dc4c8e,IPv4,2,Transport,AES-CBC-128,SHA1,14,1,1,3600,40,Medium_Risk,Legacy_CBC_Mode_Padding_Oracle_Risk|Cryptographically_Broken_HMAC(SHA1)
VPN-SES-00016,0xf4347d51,IPv6,2,Transport,AES-CBC-256,SHA512,14,0,1,14400,15,Secure_Compliant,PFS_Disabled_Key_Compromise_Exposure
VPN-SES-00017,0x8746d0ba,IPv4,2,Tunnel,AES-GCM-256,Combined-AEAD,14,1,1,28800,0,Secure_Compliant,No_Vulnerabilities
VPN-SES-00018,0xa07bfe36,IPv4,2,Tunnel,AES-GCM-256,Combined-AEAD,5,0,1,14400,40,Medium_Risk,Sub_2048bit_DH_Group_MODP1536|PFS_Disabled_Key_Compromise_Exposure
VPN-SES-00019,0x893b4c32,IPv4,2,Tunnel,AES-GCM-128,Combined-AEAD,19,0,1,86400,25,Medium_Risk,PFS_Disabled_Key_Compromise_Exposure|Excessive_Key_Lifetime_Rekey_Exposure
VPN-SES-00020,0xb2b5b498,IPv4,2,Tunnel,AES-CBC-128,SHA256,19,1,1,14400,10,Secure_Compliant,Legacy_CBC_Mode_Padding_Oracle_Risk
VPN-SES-00021,0x25eabb27,IPv4,1,Tunnel,AES-CBC-128,SHA256,19,1,0,7200,35,Medium_Risk,Legacy_CBC_Mode_Padding_Oracle_Risk|Anti_Replay_Protection_Disabled
VPN-SES-00022,0xce2d740a,IPv4,2,Transport,AES-CBC-128,SHA256,19,1,1,7200,10,Secure_Compliant,Legacy_CBC_Mode_Padding_Oracle_Risk
VPN-SES-00023,0xee53790a,IPv4,2,Tunnel,AES-CBC-128,SHA256,14,1,1,14400,10,Secure_Compliant,Legacy_CBC_Mode_Padding_Oracle_Risk
VPN-SES-00024,0xab37a22b,IPv4,2,Tunnel,AES-CBC-256,SHA512,14,1,1,28800,0,Secure_Compliant,No_Vulnerabilities
VPN-SES-00025,0xf88da719,IPv4,2,Tunnel,AES-GCM-128,Combined-AEAD,14,1,1,14400,0,Secure_Compliant,No_Vulnerabilities
VPN-SES-00026,0x276132ed,IPv6,1,Tunnel,AES-CBC-256,MD5,19,1,1,3600,30,Medium_Risk,Cryptographically_Broken_HMAC(MD5)
VPN-SES-00027,0xd5c5b37a,IPv6,2,Tunnel,AES-GCM-128,Combined-AEAD,14,1,1,7200,0,Secure_Compliant,No_Vulnerabilities
VPN-SES-00028,0xe5b077e0,IPv4,2,Tunnel,AES-CBC-128,SHA1,14,1,1,1800,40,Medium_Risk,Legacy_CBC_Mode_Padding_Oracle_Risk|Cryptographically_Broken_HMAC(SHA1)
VPN-SES-00029,0x4d225c30,IPv4,2,Tunnel,3DES,SHA256,19,1,1,86400,50,High_Risk,Sweet32_Vulnerable_Cipher(3DES)|Excessive_Key_Lifetime_Rekey_Exposure
VPN-SES-00030,0xfbc2026f,IPv4,2,Tunnel,AES-GCM-256,Combined-AEAD,19,1,1,3600,0,Secure_Compliant,No_Vulnerabilities
VPN-SES-00031,0xc0b862ef,IPv4,2,Transport,AES-CBC-256,SHA256,14,1,1,86400,10,Secure_Compliant,Excessive_Key_Lifetime_Rekey_Exposure
VPN-SES-00032,0x3303f6c6,IPv4,2,Transport,AES-CBC-256,SHA256,14,1,1,7200,0,Secure_Compliant,No_Vulnerabilities
VPN-SES-00033,0xec322c97,IPv4,2,Tunnel,AES-GCM-256,Combined-AEAD,14,0,1,7200,15,Secure_Compliant,PFS_Disabled_Key_Compromise_Exposure
VPN-SES-00034,0xbba4fc03,IPv4,2,Tunnel,AES-CBC-256,SHA256,20,1,1,28800,0,Secure_Compliant,No_Vulnerabilities
VPN-SES-00035,0x303c8c25,IPv4,2,Tunnel,AES-CBC-256,SHA256,20,0,1,28800,15,Secure_Compliant,PFS_Disabled_Key_Compromise_Exposure
VPN-SES-00036,0x53ef2016,IPv4,1,Transport,AES-GCM-128,Combined-AEAD,14,1,1,1800,0,Secure_Compliant,No_Vulnerabilities
VPN-SES-00037,0x97d292a6,IPv4,2,Tunnel,AES-GCM-128,Combined-AEAD,5,1,1,28800,25,Medium_Risk,Sub_2048bit_DH_Group_MODP1536
VPN-SES-00038,0x59a214ae,IPv4,2,Tunnel,AES-CBC-128,SHA256,14,0,1,7200,25,Medium_Risk,Legacy_CBC_Mode_Padding_Oracle_Risk|PFS_Disabled_Key_Compromise_Exposure
VPN-SES-00039,0xd32d4526,IPv4,2,Tunnel,AES-GCM-256,Combined-AEAD,14,1,1,86400,10,Secure_Compliant,Excessive_Key_Lifetime_Rekey_Exposure
VPN-SES-00040,0x384c03d2,IPv4,2,Tunnel,AES-CBC-256,SHA256,19,1,1,28800,0,Secure_Compliant,No_Vulnerabilities
VPN-SES-00041,0x46136e15,IPv4,2,Transport,AES-CBC-128,SHA256,14,0,1,3600,25,Medium_Risk,Legacy_CBC_Mode_Padding_Oracle_Risk|PFS_Disabled_Key_Compromise_Exposure
VPN-SES-00042,0xeedab027,IPv4,2,Tunnel,AES-CBC-128,SHA256,5,1,1,7200,35,Medium_Risk,Legacy_CBC_Mode_Padding_Oracle_Risk|Sub_2048bit_DH_Group_MODP1536
VPN-SES-00043,0x62bdc661,IPv4,2,Tunnel,3DES,SHA256,14,0,1,28800,55,High_Risk,Sweet32_Vulnerable_Cipher(3DES)|PFS_Disabled_Key_Compromise_Exposure
VPN-SES-00044,0xdab4923b,IPv6,2,Tunnel,AES-CBC-256,SHA1,19,1,1,14400,30,Medium_Risk,Cryptographically_Broken_HMAC(SHA1)
VPN-SES-00045,0xfafde7d9,IPv4,2,Tunnel,AES-CBC-256,SHA512,19,0,1,86400,25,Medium_Risk,PFS_Disabled_Key_Compromise_Exposure|Excessive_Key_Lifetime_Rekey_Exposure
VPN-SES-00046,0x922c4d32,IPv4,2,Tunnel,AES-CBC-128,SHA512,14,0,1,1800,25,Medium_Risk,Legacy_CBC_Mode_Padding_Oracle_Risk|PFS_Disabled_Key_Compromise_Exposure
VPN-SES-00047,0x81b701aa,IPv4,2,Transport,AES-CBC-128,SHA256,20,1,1,3600,10,Secure_Compliant,Legacy_CBC_Mode_Padding_Oracle_Risk
VPN-SES-00048,0x58f9e3d0,IPv4,1,Tunnel,AES-CBC-256,SHA512,2,1,1,7200,25,Medium_Risk,Sub_2048bit_DH_Group_MODP1024
VPN-SES-00049,0x5970ed9a,IPv4,2,Tunnel,AES-GCM-128,Combined-AEAD,14,1,1,1800,0,Secure_Compliant,No_Vulnerabilities
VPN-SES-00050,0x34c173b9,IPv4,2,Tunnel,AES-CBC-256,SHA1,19,1,1,28800,30,Medium_Risk,Cryptographically_Broken_HMAC(SHA1)
VPN-SES-00051,0x20275b53,IPv4,2,Transport,AES-CBC-128,SHA512,20,1,1,14400,10,Secure_Compliant,Legacy_CBC_Mode_Padding_Oracle_Risk
VPN-SES-00052,0x247f6570,IPv4,2,Tunnel,AES-GCM-128,Combined-AEAD,5,1,1,86400,35,Medium_Risk,Sub_2048bit_DH_Group_MODP1536|Excessive_Key_Lifetime_Rekey_Exposure
VPN-SES-00053,0x7202bee6,IPv4,2,Tunnel,AES-CBC-256,SHA256,14,0,1,7200,15,Secure_Compliant,PFS_Disabled_Key_Compromise_Exposure
VPN-SES-00054,0x61d08109,IPv4,2,Transport,AES-CBC-128,SHA256,5,1,1,3600,35,Medium_Risk,Legacy_CBC_Mode_Padding_Oracle_Risk|Sub_2048bit_DH_Group_MODP1536
VPN-SES-00055,0x6128b9b1,IPv4,2,Tunnel,AES-CBC-256,SHA512,19,1,1,3600,0,Secure_Compliant,No_Vulnerabilities
VPN-SES-00056,0xc87b6384,IPv6,2,Tunnel,3DES,SHA512,2,1,1,7200,65,High_Risk,Sweet32_Vulnerable_Cipher(3DES)|Sub_2048bit_DH_Group_MODP1024
VPN-SES-00057,0x8318b96d,IPv4,1,Tunnel,AES-CBC-256,SHA256,14,1,1,7200,0,Secure_Compliant,No_Vulnerabilities
VPN-SES-00058,0xa1fdfa4f,IPv4,2,Tunnel,AES-CBC-256,SHA256,14,1,1,28800,0,Secure_Compliant,No_Vulnerabilities
VPN-SES-00059,0xc6adf48b,IPv4,2,Tunnel,AES-GCM-128,Combined-AEAD,14,1,1,3600,0,Secure_Compliant,No_Vulnerabilities
VPN-SES-00060,0xa561c813,IPv4,2,Tunnel,AES-GCM-128,Combined-AEAD,14,1,1,28800,0,Secure_Compliant,No_Vulnerabilities
VPN-SES-00061,0x5c3077c4,IPv4,2,Transport,AES-CBC-256,SHA256,14,1,1,7200,0,Secure_Compliant,No_Vulnerabilities
VPN-SES-00062,0xcf519362,IPv4,2,Tunnel,AES-GCM-256,Combined-AEAD,19,0,1,28800,15,Secure_Compliant,PFS_Disabled_Key_Compromise_Exposure
VPN-SES-00063,0x5988e418,IPv6,2,Tunnel,AES-CBC-128,SHA256,14,1,1,3600,10,Secure_Compliant,Legacy_CBC_Mode_Padding_Oracle_Risk
VPN-SES-00064,0x2cd66b09,IPv4,2,Transport,AES-GCM-128,Combined-AEAD,2,1,1,86400,35,Medium_Risk,Sub_2048bit_DH_Group_MODP1024|Excessive_Key_Lifetime_Rekey_Exposure
VPN-SES-00065,0xc90ed44b,IPv4,2,Tunnel,AES-CBC-128,SHA256,14,0,1,86400,35,Medium_Risk,Legacy_CBC_Mode_Padding_Oracle_Risk|PFS_Disabled_Key_Compromise_Exposure|Excessive_Key_Lifetime_Rekey_Exposure
VPN-SES-00066,0x24f573d0,IPv4,2,Tunnel,AES-GCM-256,Combined-AEAD,5,1,1,3600,25,Medium_Risk,Sub_2048bit_DH_Group_MODP1536
VPN-SES-00067,0xff40d162,IPv4,2,Transport,AES-CBC-128,SHA1,5,1,1,14400,65,High_Risk,Legacy_CBC_Mode_Padding_Oracle_Risk|Cryptographically_Broken_HMAC(SHA1)|Sub_2048bit_DH_Group_MODP1536
VPN-SES-00068,0x86876c62,IPv4,2,Tunnel,AES-GCM-256,Combined-AEAD,14,1,1,86400,10,Secure_Compliant,Excessive_Key_Lifetime_Rekey_Exposure
VPN-SES-00069,0x4ea6e5b2,IPv4,2,Tunnel,AES-CBC-128,SHA512,2,1,1,86400,45,High_Risk,Legacy_CBC_Mode_Padding_Oracle_Risk|Sub_2048bit_DH_Group_MODP1024|Excessive_Key_Lifetime_Rekey_Exposure
VPN-SES-00070,0xe96e684f,IPv4,1,Transport,AES-CBC-256,MD5,14,1,1,14400,30,Medium_Risk,Cryptographically_Broken_HMAC(MD5)
VPN-SES-00071,0xbbe42e7d,IPv6,2,Tunnel,AES-CBC-256,SHA512,2,1,1,1800,25,Medium_Risk,Sub_2048bit_DH_Group_MODP1024
VPN-SES-00072,0x64720d2d,IPv4,1,Tunnel,AES-CBC-256,SHA512,14,1,1,86400,10,Secure_Compliant,Excessive_Key_Lifetime_Rekey_Exposure
VPN-SES-00073,0x9d388327,IPv4,2,Tunnel,AES-CBC-256,SHA256,14,1,1,3600,0,Secure_Compliant,No_Vulnerabilities
VPN-SES-00074,0xc27e1442,IPv4,1,Tunnel,AES-GCM-128,Combined-AEAD,20,1,1,14400,0,Secure_Compliant,No_Vulnerabilities
VPN-SES-00075,0x34e9bcfd,IPv4,2,Transport,3DES,SHA1,14,1,1,28800,70,High_Risk,Sweet32_Vulnerable_Cipher(3DES)|Cryptographically_Broken_HMAC(SHA1)
VPN-SES-00076,0x4a67470c,IPv4,2,Transport,AES-GCM-128,Combined-AEAD,19,0,1,3600,15,Secure_Compliant,PFS_Disabled_Key_Compromise_Exposure
VPN-SES-00077,0xa26bffa5,IPv4,2,Tunnel,AES-CBC-128,SHA256,5,0,1,7200,50,High_Risk,Legacy_CBC_Mode_Padding_Oracle_Risk|Sub_2048bit_DH_Group_MODP1536|PFS_Disabled_Key_Compromise_Exposure
VPN-SES-00078,0x75f30779,IPv4,2,Tunnel,AES-CBC-256,SHA256,14,1,1,14400,0,Secure_Compliant,No_Vulnerabilities
VPN-SES-00079,0xda00ef58,IPv4,2,Tunnel,AES-CBC-256,SHA256,20,1,1,1800,0,Secure_Compliant,No_Vulnerabilities
VPN-SES-00080,0x9ed8a80d,IPv4,2,Tunnel,AES-CBC-256,SHA512,14,1,1,1800,0,Secure_Compliant,No_Vulnerabilities
VPN-SES-00081,0x94182d35,IPv4,1,Tunnel,AES-GCM-256,Combined-AEAD,14,1,1,86400,10,Secure_Compliant,Excessive_Key_Lifetime_Rekey_Exposure
VPN-SES-00082,0xbc0f6801,IPv4,1,Tunnel,AES-CBC-128,SHA256,14,1,1,14400,10,Secure_Compliant,Legacy_CBC_Mode_Padding_Oracle_Risk
VPN-SES-00083,0x2529e6f5,IPv4,2,Transport,3DES,SHA256,14,1,1,14400,40,Medium_Risk,Sweet32_Vulnerable_Cipher(3DES)
VPN-SES-00084,0xac3a1e0b,IPv4,2,Tunnel,AES-CBC-128,SHA256,2,1,1,28800,35,Medium_Risk,Legacy_CBC_Mode_Padding_Oracle_Risk|Sub_2048bit_DH_Group_MODP1024
VPN-SES-00085,0x357035db,IPv4,2,Transport,AES-GCM-128,Combined-AEAD,14,1,1,14400,0,Secure_Compliant,No_Vulnerabilities
VPN-SES-00086,0x8ea5a387,IPv4,2,Transport,AES-CBC-256,SHA256,14,1,1,1800,0,Secure_Compliant,No_Vulnerabilities
VPN-SES-00087,0xefda35b2,IPv4,2,Tunnel,AES-CBC-128,SHA256,20,0,1,7200,25,Medium_Risk,Legacy_CBC_Mode_Padding_Oracle_Risk|PFS_Disabled_Key_Compromise_Exposure
VPN-SES-00088,0x80aa5b0d,IPv4,2,Tunnel,AES-GCM-256,Combined-AEAD,19,1,1,1800,0,Secure_Compliant,No_Vulnerabilities
VPN-SES-00089,0xf03635fc,IPv4,2,Tunnel,AES-GCM-128,Combined-AEAD,14,0,1,3600,15,Secure_Compliant,PFS_Disabled_Key_Compromise_Exposure
VPN-SES-00090,0x9044beb2,IPv4,2,Tunnel,AES-GCM-128,Combined-AEAD,14,0,1,1800,15,Secure_Compliant,PFS_Disabled_Key_Compromise_Exposure
VPN-SES-00091,0xcff15840,IPv6,2,Tunnel,AES-GCM-128,Combined-AEAD,2,1,1,1800,25,Medium_Risk,Sub_2048bit_DH_Group_MODP1024
VPN-SES-00092,0x720af158,IPv6,2,Tunnel,3DES,SHA512,19,1,1,3600,40,Medium_Risk,Sweet32_Vulnerable_Cipher(3DES)
VPN-SES-00093,0x4e19fc1d,IPv4,2,Tunnel,AES-GCM-128,Combined-AEAD,5,1,1,3600,25,Medium_Risk,Sub_2048bit_DH_Group_MODP1536
VPN-SES-00094,0x1f554896,IPv4,2,Tunnel,3DES,SHA256,20,1,1,14400,40,Medium_Risk,Sweet32_Vulnerable_Cipher(3DES)
VPN-SES-00095,0xea3c45ca,IPv4,1,Tunnel,AES-GCM-256,Combined-AEAD,19,0,1,7200,15,Secure_Compliant,PFS_Disabled_Key_Compromise_Exposure
VPN-SES-00096,0x33c97a1e,IPv4,1,Tunnel,AES-CBC-128,SHA1,14,1,1,1800,40,Medium_Risk,Legacy_CBC_Mode_Padding_Oracle_Risk|Cryptographically_Broken_HMAC(SHA1)
VPN-SES-00097,0x5b8c031f,IPv4,2,Transport,AES-CBC-128,SHA256,14,1,1,3600,10,Secure_Compliant,Legacy_CBC_Mode_Padding_Oracle_Risk
VPN-SES-00098,0xa3608edf,IPv4,2,Transport,AES-GCM-256,Combined-AEAD,20,0,1,86400,25,Medium_Risk,PFS_Disabled_Key_Compromise_Exposure|Excessive_Key_Lifetime_Rekey_Exposure
VPN-SES-00099,0xec54d59b,IPv4,2,Tunnel,AES-GCM-128,Combined-AEAD,14,1,1,3600,0,Secure_Compliant,No_Vulnerabilities
VPN-SES-00100,0x68c88c48,IPv6,2,Tunnel,AES-CBC-128,SHA256,19,1,1,7200,10,Secure_Compliant,Legacy_CBC_Mode_Padding_Oracle_Risk
VPN-SES-00101,0xa3fb71d0,IPv4,2,Tunnel,3DES,SHA512,14,1,1,1800,40,Medium_Risk,Sweet32_Vulnerable_Cipher(3DES)
VPN-SES-00102,0xfcf26429,IPv4,2,Tunnel,AES-CBC-128,MD5,14,1,1,7200,40,Medium_Risk,Legacy_CBC_Mode_Padding_Oracle_Risk|Cryptographically_Broken_HMAC(MD5)
VPN-SES-00103,0xd8edabdd,IPv4,2,Tunnel,AES-CBC-128,SHA256,5,1,1,14400,35,Medium_Risk,Legacy_CBC_Mode_Padding_Oracle_Risk|Sub_2048bit_DH_Group_MODP1536
VPN-SES-00104,0xd1a72883,IPv4,2,Tunnel,AES-GCM-256,Combined-AEAD,14,1,1,14400,0,Secure_Compliant,No_Vulnerabilities
VPN-SES-00105,0xfa074d80,IPv4,2,Tunnel,AES-CBC-256,SHA512,14,1,0,86400,35,Medium_Risk,Anti_Replay_Protection_Disabled|Excessive_Key_Lifetime_Rekey_Exposure
VPN-SES-00106,0x4cd1ff3f,IPv4,1,Tunnel,AES-CBC-256,SHA256,19,1,1,86400,10,Secure_Compliant,Excessive_Key_Lifetime_Rekey_Exposure
VPN-SES-00107,0xfb04159c,IPv4,2,Tunnel,AES-CBC-256,SHA256,20,1,1,14400,0,Secure_Compliant,No_Vulnerabilities
VPN-SES-00108,0xabbc6cbc,IPv6,2,Tunnel,AES-GCM-128,Combined-AEAD,14,1,1,7200,0,Secure_Compliant,No_Vulnerabilities
VPN-SES-00109,0x56c79b36,IPv4,2,Transport,AES-GCM-128,Combined-AEAD,20,0,1,3600,15,Secure_Compliant,PFS_Disabled_Key_Compromise_Exposure
VPN-SES-00110,0xa5410a9d,IPv4,2,Tunnel,AES-GCM-128,Combined-AEAD,14,1,1,86400,10,Secure_Compliant,Excessive_Key_Lifetime_Rekey_Exposure
VPN-SES-00111,0x6f269466,IPv6,2,Tunnel,AES-CBC-256,SHA512,14,1,1,3600,0,Secure_Compliant,No_Vulnerabilities
VPN-SES-00112,0x3120bfba,IPv4,2,Tunnel,AES-GCM-256,Combined-AEAD,14,0,1,7200,15,Secure_Compliant,PFS_Disabled_Key_Compromise_Exposure
VPN-SES-00113,0x3ac1d5ca,IPv6,1,Tunnel,AES-CBC-256,SHA256,14,1,1,3600,0,Secure_Compliant,No_Vulnerabilities
VPN-SES-00114,0x1c7031eb,IPv4,2,Tunnel,AES-GCM-256,Combined-AEAD,2,0,1,1800,40,Medium_Risk,Sub_2048bit_DH_Group_MODP1024|PFS_Disabled_Key_Compromise_Exposure
VPN-SES-00115,0x452b6ec8,IPv4,2,Tunnel,3DES,SHA1,5,1,1,1800,95,High_Risk,Sweet32_Vulnerable_Cipher(3DES)|Cryptographically_Broken_HMAC(SHA1)|Sub_2048bit_DH_Group_MODP1536
VPN-SES-00116,0x3ed087d4,IPv4,1,Tunnel,AES-GCM-256,Combined-AEAD,19,1,1,3600,0,Secure_Compliant,No_Vulnerabilities
VPN-SES-00117,0x1760801f,IPv4,2,Transport,AES-GCM-256,Combined-AEAD,14,1,1,14400,0,Secure_Compliant,No_Vulnerabilities
VPN-SES-00118,0xc0309aaf,IPv4,2,Tunnel,AES-CBC-128,SHA256,19,1,1,28800,10,Secure_Compliant,Legacy_CBC_Mode_Padding_Oracle_Risk
VPN-SES-00119,0x100b1f5e,IPv6,2,Transport,AES-GCM-128,Combined-AEAD,20,1,1,14400,0,Secure_Compliant,No_Vulnerabilities
VPN-SES-00120,0x1bb81d38,IPv4,2,Tunnel,AES-GCM-128,Combined-AEAD,14,0,1,1800,15,Secure_Compliant,PFS_Disabled_Key_Compromise_Exposure
VPN-SES-00121,0xe0b3d752,IPv4,1,Tunnel,AES-GCM-256,Combined-AEAD,14,1,1,86400,10,Secure_Compliant,Excessive_Key_Lifetime_Rekey_Exposure
VPN-SES-00122,0xafc97264,IPv6,2,Tunnel,AES-CBC-128,SHA256,20,0,1,86400,35,Medium_Risk,Legacy_CBC_Mode_Padding_Oracle_Risk|PFS_Disabled_Key_Compromise_Exposure|Excessive_Key_Lifetime_Rekey_Exposure
VPN-SES-00123,0x595fa2fc,IPv4,2,Tunnel,AES-GCM-128,Combined-AEAD,14,1,1,14400,0,Secure_Compliant,No_Vulnerabilities
VPN-SES-00124,0xfd2e1bcd,IPv4,2,Tunnel,AES-GCM-128,Combined-AEAD,20,0,1,3600,15,Secure_Compliant,PFS_Disabled_Key_Compromise_Exposure
VPN-SES-00125,0x37a158a0,IPv4,1,Transport,AES-GCM-128,Combined-AEAD,19,1,1,28800,0,Secure_Compliant,No_Vulnerabilities
VPN-SES-00126,0x1a35653c,IPv6,2,Tunnel,AES-GCM-256,Combined-AEAD,14,1,1,28800,0,Secure_Compliant,No_Vulnerabilities
VPN-SES-00127,0xcdcac10f,IPv6,2,Tunnel,AES-GCM-128,Combined-AEAD,5,1,1,1800,25,Medium_Risk,Sub_2048bit_DH_Group_MODP1536
VPN-SES-00128,0x98eae7d4,IPv4,1,Transport,AES-GCM-128,Combined-AEAD,2,1,1,28800,25,Medium_Risk,Sub_2048bit_DH_Group_MODP1024
VPN-SES-00129,0x741816b7,IPv4,2,Transport,AES-GCM-128,Combined-AEAD,14,1,1,86400,10,Secure_Compliant,Excessive_Key_Lifetime_Rekey_Exposure
VPN-SES-00130,0xbbf39096,IPv4,1,Tunnel,AES-CBC-256,SHA256,5,1,1,28800,25,Medium_Risk,Sub_2048bit_DH_Group_MODP1536
VPN-SES-00131,0x602ed818,IPv4,1,Tunnel,AES-CBC-256,SHA512,5,1,1,14400,25,Medium_Risk,Sub_2048bit_DH_Group_MODP1536
VPN-SES-00132,0x9b20ce3e,IPv4,2,Tunnel,AES-CBC-128,SHA256,20,1,1,3600,10,Secure_Compliant,Legacy_CBC_Mode_Padding_Oracle_Risk
VPN-SES-00133,0xf860bcb1,IPv6,2,Tunnel,AES-GCM-256,Combined-AEAD,2,1,1,28800,25,Medium_Risk,Sub_2048bit_DH_Group_MODP1024
VPN-SES-00134,0x64899c37,IPv4,2,Tunnel,AES-CBC-128,SHA1,20,0,0,28800,80,High_Risk,Legacy_CBC_Mode_Padding_Oracle_Risk|Cryptographically_Broken_HMAC(SHA1)|PFS_Disabled_Key_Compromise_Exposure|Anti_Replay_Protection_Disabled
VPN-SES-00135,0xc9644e4f,IPv4,2,Transport,3DES,SHA256,5,0,1,28800,80,High_Risk,Sweet32_Vulnerable_Cipher(3DES)|Sub_2048bit_DH_Group_MODP1536|PFS_Disabled_Key_Compromise_Exposure
VPN-SES-00136,0x512817eb,IPv6,2,Tunnel,AES-CBC-128,SHA512,14,0,1,1800,25,Medium_Risk,Legacy_CBC_Mode_Padding_Oracle_Risk|PFS_Disabled_Key_Compromise_Exposure
VPN-SES-00137,0xcc5c3cd8,IPv4,1,Transport,AES-CBC-128,SHA512,20,0,1,7200,25,Medium_Risk,Legacy_CBC_Mode_Padding_Oracle_Risk|PFS_Disabled_Key_Compromise_Exposure
VPN-SES-00138,0xb829907c,IPv4,2,Tunnel,AES-GCM-128,Combined-AEAD,14,1,1,86400,10,Secure_Compliant,Excessive_Key_Lifetime_Rekey_Exposure
VPN-SES-00139,0xfb4f3638,IPv4,1,Tunnel,AES-GCM-256,Combined-AEAD,14,1,1,28800,0,Secure_Compliant,No_Vulnerabilities
VPN-SES-00140,0x70885550,IPv4,2,Transport,AES-GCM-256,Combined-AEAD,14,1,1,1800,0,Secure_Compliant,No_Vulnerabilities
VPN-SES-00141,0xbee01ec9,IPv4,2,Tunnel,AES-CBC-128,SHA256,14,0,1,28800,25,Medium_Risk,Legacy_CBC_Mode_Padding_Oracle_Risk|PFS_Disabled_Key_Compromise_Exposure
VPN-SES-00142,0xa3a05478,IPv4,1,Tunnel,AES-GCM-256,Combined-AEAD,2,1,1,3600,25,Medium_Risk,Sub_2048bit_DH_Group_MODP1024
VPN-SES-00143,0xa36db4a7,IPv4,2,Transport,AES-GCM-256,Combined-AEAD,14,1,1,86400,10,Secure_Compliant,Excessive_Key_Lifetime_Rekey_Exposure
VPN-SES-00144,0xe0566199,IPv4,2,Transport,AES-GCM-128,Combined-AEAD,14,1,1,7200,0,Secure_Compliant,No_Vulnerabilities
VPN-SES-00145,0x3ae63af6,IPv4,2,Transport,AES-GCM-128,Combined-AEAD,14,1,1,7200,0,Secure_Compliant,No_Vulnerabilities
VPN-SES-00146,0x4c10871b,IPv4,2,Transport,AES-CBC-128,SHA1,5,0,1,28800,80,High_Risk,Legacy_CBC_Mode_Padding_Oracle_Risk|Cryptographically_Broken_HMAC(SHA1)|Sub_2048bit_DH_Group_MODP1536|PFS_Disabled_Key_Compromise_Exposure
VPN-SES-00147,0x8172f636,IPv4,2,Tunnel,3DES,SHA256,20,1,1,28800,40,Medium_Risk,Sweet32_Vulnerable_Cipher(3DES)
VPN-SES-00148,0x5db6f475,IPv4,1,Tunnel,AES-CBC-128,SHA256,14,1,1,14400,10,Secure_Compliant,Legacy_CBC_Mode_Padding_Oracle_Risk
VPN-SES-00149,0xdebd3b2b,IPv4,2,Tunnel,AES-CBC-256,SHA256,5,0,1,1800,40,Medium_Risk,Sub_2048bit_DH_Group_MODP1536|PFS_Disabled_Key_Compromise_Exposure
VPN-SES-00150,0x5005353d,IPv4,2,Transport,AES-GCM-128,Combined-AEAD,14,1,1,86400,10,Secure_Compliant,Excessive_Key_Lifetime_Rekey_Exposure
VPN-SES-00151,0x2f44aa88,IPv4,2,Tunnel,AES-GCM-256,Combined-AEAD,20,0,1,86400,25,Medium_Risk,PFS_Disabled_Key_Compromise_Exposure|Excessive_Key_Lifetime_Rekey_Exposure
VPN-SES-00152,0x4b90908e,IPv4,2,Tunnel,AES-CBC-256,SHA512,19,0,1,86400,25,Medium_Risk,PFS_Disabled_Key_Compromise_Exposure|Excessive_Key_Lifetime_Rekey_Exposure
VPN-SES-00153,0x830ad7de,IPv4,2,Tunnel,3DES,SHA256,14,0,0,7200,80,High_Risk,Sweet32_Vulnerable_Cipher(3DES)|PFS_Disabled_Key_Compromise_Exposure|Anti_Replay_Protection_Disabled
VPN-SES-00154,0x5185300d,IPv4,1,Tunnel,3DES,SHA512,19,1,1,14400,40,Medium_Risk,Sweet32_Vulnerable_Cipher(3DES)
VPN-SES-00155,0x3e2e77a4,IPv4,2,Tunnel,AES-CBC-256,SHA256,20,1,1,7200,0,Secure_Compliant,No_Vulnerabilities
VPN-SES-00156,0x5d457ea5,IPv4,1,Transport,AES-CBC-256,SHA512,20,1,1,28800,0,Secure_Compliant,No_Vulnerabilities
VPN-SES-00157,0xfbffc53f,IPv4,2,Tunnel,AES-CBC-256,SHA512,20,0,1,28800,15,Secure_Compliant,PFS_Disabled_Key_Compromise_Exposure
VPN-SES-00158,0x7493f5ef,IPv4,2,Transport,AES-CBC-128,SHA256,19,0,1,14400,25,Medium_Risk,Legacy_CBC_Mode_Padding_Oracle_Risk|PFS_Disabled_Key_Compromise_Exposure
VPN-SES-00159,0x3b54500d,IPv6,2,Tunnel,AES-CBC-256,SHA1,2,1,1,7200,55,High_Risk,Cryptographically_Broken_HMAC(SHA1)|Sub_2048bit_DH_Group_MODP1024
VPN-SES-00160,0x95f4c0a2,IPv4,2,Tunnel,AES-GCM-256,Combined-AEAD,19,1,1,86400,10,Secure_Compliant,Excessive_Key_Lifetime_Rekey_Exposure
VPN-SES-00161,0x853e9662,IPv4,2,Transport,AES-GCM-256,Combined-AEAD,14,1,1,1800,0,Secure_Compliant,No_Vulnerabilities
VPN-SES-00162,0x71d85365,IPv6,2,Tunnel,AES-GCM-128,Combined-AEAD,14,1,1,7200,0,Secure_Compliant,No_Vulnerabilities
VPN-SES-00163,0x7947cbac,IPv4,2,Transport,AES-GCM-128,Combined-AEAD,19,0,1,3600,15,Secure_Compliant,PFS_Disabled_Key_Compromise_Exposure
VPN-SES-00164,0xea252795,IPv4,2,Tunnel,AES-CBC-128,SHA256,20,1,1,3600,10,Secure_Compliant,Legacy_CBC_Mode_Padding_Oracle_Risk
VPN-SES-00165,0xcc341b4f,IPv4,1,Tunnel,AES-GCM-256,Combined-AEAD,5,1,1,7200,25,Medium_Risk,Sub_2048bit_DH_Group_MODP1536
VPN-SES-00166,0x62f69081,IPv4,2,Transport,AES-GCM-128,Combined-AEAD,5,0,1,7200,40,Medium_Risk,Sub_2048bit_DH_Group_MODP1536|PFS_Disabled_Key_Compromise_Exposure
VPN-SES-00167,0x366c47fb,IPv4,1,Tunnel,3DES,SHA256,19,1,1,3600,40,Medium_Risk,Sweet32_Vulnerable_Cipher(3DES)
VPN-SES-00168,0x89c842cb,IPv4,2,Tunnel,3DES,SHA512,14,1,1,3600,40,Medium_Risk,Sweet32_Vulnerable_Cipher(3DES)
VPN-SES-00169,0x3da1afda,IPv4,1,Tunnel,AES-GCM-128,Combined-AEAD,14,1,1,86400,10,Secure_Compliant,Excessive_Key_Lifetime_Rekey_Exposure
VPN-SES-00170,0x59851b79,IPv4,2,Transport,AES-CBC-256,SHA256,20,1,1,86400,10,Secure_Compliant,Excessive_Key_Lifetime_Rekey_Exposure
VPN-SES-00171,0x17743c94,IPv4,2,Tunnel,AES-GCM-256,Combined-AEAD,14,1,0,3600,25,Medium_Risk,Anti_Replay_Protection_Disabled
VPN-SES-00172,0xe7a7e7b1,IPv4,1,Tunnel,AES-CBC-128,SHA512,14,1,1,7200,10,Secure_Compliant,Legacy_CBC_Mode_Padding_Oracle_Risk
VPN-SES-00173,0x94222f58,IPv4,2,Tunnel,AES-CBC-256,SHA256,14,0,1,86400,25,Medium_Risk,PFS_Disabled_Key_Compromise_Exposure|Excessive_Key_Lifetime_Rekey_Exposure
VPN-SES-00174,0xc4508610,IPv4,2,Tunnel,AES-CBC-256,SHA512,14,0,0,86400,50,High_Risk,PFS_Disabled_Key_Compromise_Exposure|Anti_Replay_Protection_Disabled|Excessive_Key_Lifetime_Rekey_Exposure
VPN-SES-00175,0xc680873b,IPv4,2,Transport,AES-GCM-256,Combined-AEAD,19,1,1,86400,10,Secure_Compliant,Excessive_Key_Lifetime_Rekey_Exposure
VPN-SES-00176,0x693edc83,IPv4,2,Tunnel,AES-GCM-256,Combined-AEAD,19,1,1,7200,0,Secure_Compliant,No_Vulnerabilities
VPN-SES-00177,0x21d1ce50,IPv4,2,Tunnel,AES-GCM-256,Combined-AEAD,14,1,1,3600,0,Secure_Compliant,No_Vulnerabilities
VPN-SES-00178,0x7f4a454f,IPv6,2,Transport,AES-CBC-256,SHA256,14,1,1,1800,0,Secure_Compliant,No_Vulnerabilities
VPN-SES-00179,0xfcaadafb,IPv4,2,Tunnel,AES-GCM-256,Combined-AEAD,5,0,1,3600,40,Medium_Risk,Sub_2048bit_DH_Group_MODP1536|PFS_Disabled_Key_Compromise_Exposure
VPN-SES-00180,0x247f0413,IPv6,1,Transport,AES-GCM-256,Combined-AEAD,19,1,1,28800,0,Secure_Compliant,No_Vulnerabilities
VPN-SES-00181,0xa2ef63c1,IPv6,2,Tunnel,AES-GCM-128,Combined-AEAD,14,0,1,86400,25,Medium_Risk,PFS_Disabled_Key_Compromise_Exposure|Excessive_Key_Lifetime_Rekey_Exposure
VPN-SES-00182,0xcdce4d4d,IPv4,1,Tunnel,AES-CBC-128,SHA256,20,0,1,14400,25,Medium_Risk,Legacy_CBC_Mode_Padding_Oracle_Risk|PFS_Disabled_Key_Compromise_Exposure
VPN-SES-00183,0x1de84b63,IPv4,2,Transport,AES-CBC-128,SHA256,14,1,1,28800,10,Secure_Compliant,Legacy_CBC_Mode_Padding_Oracle_Risk
VPN-SES-00184,0xe82010d1,IPv6,2,Transport,AES-CBC-256,SHA256,2,1,1,86400,35,Medium_Risk,Sub_2048bit_DH_Group_MODP1024|Excessive_Key_Lifetime_Rekey_Exposure
VPN-SES-00185,0xb5dd2836,IPv6,2,Transport,AES-GCM-128,Combined-AEAD,14,1,1,86400,10,Secure_Compliant,Excessive_Key_Lifetime_Rekey_Exposure
VPN-SES-00186,0xad2ce51b,IPv4,2,Transport,AES-CBC-128,MD5,14,0,1,14400,55,High_Risk,Legacy_CBC_Mode_Padding_Oracle_Risk|Cryptographically_Broken_HMAC(MD5)|PFS_Disabled_Key_Compromise_Exposure
VPN-SES-00187,0xc0736dd1,IPv4,2,Tunnel,AES-GCM-256,Combined-AEAD,14,1,1,86400,10,Secure_Compliant,Excessive_Key_Lifetime_Rekey_Exposure
VPN-SES-00188,0x66db638a,IPv4,1,Transport,AES-CBC-128,SHA512,19,1,1,28800,10,Secure_Compliant,Legacy_CBC_Mode_Padding_Oracle_Risk
VPN-SES-00189,0xa74e8f83,IPv4,1,Transport,AES-CBC-256,SHA256,2,0,1,86400,50,High_Risk,Sub_2048bit_DH_Group_MODP1024|PFS_Disabled_Key_Compromise_Exposure|Excessive_Key_Lifetime_Rekey_Exposure
VPN-SES-00190,0xdeb28a32,IPv4,2,Tunnel,AES-CBC-128,SHA256,14,0,1,86400,35,Medium_Risk,Legacy_CBC_Mode_Padding_Oracle_Risk|PFS_Disabled_Key_Compromise_Exposure|Excessive_Key_Lifetime_Rekey_Exposure
VPN-SES-00191,0xae719a56,IPv4,2,Transport,AES-CBC-128,SHA512,19,0,1,3600,25,Medium_Risk,Legacy_CBC_Mode_Padding_Oracle_Risk|PFS_Disabled_Key_Compromise_Exposure
VPN-SES-00192,0x799fdb02,IPv4,2,Tunnel,AES-CBC-256,SHA256,20,0,1,14400,15,Secure_Compliant,PFS_Disabled_Key_Compromise_Exposure
VPN-SES-00193,0xf2ebb2d2,IPv4,2,Tunnel,AES-GCM-256,Combined-AEAD,20,1,1,3600,0,Secure_Compliant,No_Vulnerabilities
VPN-SES-00194,0x48efa3bc,IPv4,2,Tunnel,AES-CBC-256,MD5,20,0,1,28800,45,High_Risk,Cryptographically_Broken_HMAC(MD5)|PFS_Disabled_Key_Compromise_Exposure
VPN-SES-00195,0x31f969e9,IPv6,2,Tunnel,3DES,SHA256,5,1,1,28800,65,High_Risk,Sweet32_Vulnerable_Cipher(3DES)|Sub_2048bit_DH_Group_MODP1536
VPN-SES-00196,0x97ea651b,IPv4,1,Tunnel,AES-GCM-256,Combined-AEAD,14,1,1,1800,0,Secure_Compliant,No_Vulnerabilities
VPN-SES-00197,0x90e9b300,IPv4,2,Tunnel,AES-CBC-256,SHA256,14,0,1,86400,25,Medium_Risk,PFS_Disabled_Key_Compromise_Exposure|Excessive_Key_Lifetime_Rekey_Exposure
VPN-SES-00198,0xb50a0a29,IPv4,1,Tunnel,AES-GCM-256,Combined-AEAD,20,1,1,28800,0,Secure_Compliant,No_Vulnerabilities
VPN-SES-00199,0x39298691,IPv6,2,Tunnel,AES-GCM-256,Combined-AEAD,19,1,1,3600,0,Secure_Compliant,No_Vulnerabilities
VPN-SES-00200,0x399fff30,IPv4,2,Tunnel,AES-GCM-256,Combined-AEAD,19,1,1,3600,0,Secure_Compliant,No_Vulnerabilities
VPN-SES-00201,0xca81d860,IPv4,2,Tunnel,AES-GCM-128,Combined-AEAD,20,0,1,7200,15,Secure_Compliant,PFS_Disabled_Key_Compromise_Exposure
VPN-SES-00202,0xe975a562,IPv4,2,Tunnel,AES-CBC-256,SHA1,14,1,1,86400,40,Medium_Risk,Cryptographically_Broken_HMAC(SHA1)|Excessive_Key_Lifetime_Rekey_Exposure
VPN-SES-00203,0xe5e4157d,IPv4,2,Tunnel,AES-CBC-256,SHA512,20,0,1,14400,15,Secure_Compliant,PFS_Disabled_Key_Compromise_Exposure
VPN-SES-00204,0xe5a76023,IPv4,2,Tunnel,AES-CBC-128,SHA512,5,1,1,86400,45,High_Risk,Legacy_CBC_Mode_Padding_Oracle_Risk|Sub_2048bit_DH_Group_MODP1536|Excessive_Key_Lifetime_Rekey_Exposure
VPN-SES-00205,0x1efa8993,IPv4,1,Tunnel,AES-CBC-256,MD5,14,1,1,1800,30,Medium_Risk,Cryptographically_Broken_HMAC(MD5)
VPN-SES-00206,0x134d42fd,IPv4,1,Tunnel,AES-CBC-256,SHA512,5,0,1,3600,40,Medium_Risk,Sub_2048bit_DH_Group_MODP1536|PFS_Disabled_Key_Compromise_Exposure
VPN-SES-00207,0x45b823e4,IPv4,1,Tunnel,AES-GCM-128,Combined-AEAD,2,1,1,1800,25,Medium_Risk,Sub_2048bit_DH_Group_MODP1024
VPN-SES-00208,0x354338df,IPv6,2,Transport,AES-CBC-256,SHA1,14,1,1,28800,30,Medium_Risk,Cryptographically_Broken_HMAC(SHA1)
VPN-SES-00209,0xe9ee9678,IPv4,2,Tunnel,AES-CBC-256,SHA512,5,1,1,3600,25,Medium_Risk,Sub_2048bit_DH_Group_MODP1536
VPN-SES-00210,0x1345eeda,IPv4,2,Tunnel,AES-CBC-256,SHA256,2,0,1,28800,40,Medium_Risk,Sub_2048bit_DH_Group_MODP1024|PFS_Disabled_Key_Compromise_Exposure
VPN-SES-00211,0xc6a787b1,IPv4,2,Tunnel,AES-GCM-256,Combined-AEAD,20,1,1,14400,0,Secure_Compliant,No_Vulnerabilities
VPN-SES-00212,0x43b1cca4,IPv4,2,Tunnel,AES-CBC-256,SHA512,14,0,1,14400,15,Secure_Compliant,PFS_Disabled_Key_Compromise_Exposure
VPN-SES-00213,0x5ffd5b7a,IPv4,2,Tunnel,AES-GCM-128,Combined-AEAD,19,1,1,14400,0,Secure_Compliant,No_Vulnerabilities
VPN-SES-00214,0x20c49f9e,IPv4,2,Tunnel,AES-CBC-256,MD5,19,1,1,14400,30,Medium_Risk,Cryptographically_Broken_HMAC(MD5)
VPN-SES-00215,0xd982a300,IPv4,1,Transport,AES-CBC-128,SHA256,14,1,1,1800,10,Secure_Compliant,Legacy_CBC_Mode_Padding_Oracle_Risk
VPN-SES-00216,0xdf1643a0,IPv4,2,Transport,AES-CBC-256,SHA256,14,1,1,3600,0,Secure_Compliant,No_Vulnerabilities
VPN-SES-00217,0xc8f40e5e,IPv6,2,Tunnel,AES-CBC-128,SHA256,20,1,1,7200,10,Secure_Compliant,Legacy_CBC_Mode_Padding_Oracle_Risk
VPN-SES-00218,0xa6e83922,IPv4,1,Tunnel,AES-CBC-128,SHA256,14,0,1,3600,25,Medium_Risk,Legacy_CBC_Mode_Padding_Oracle_Risk|PFS_Disabled_Key_Compromise_Exposure
VPN-SES-00219,0xeb8ec35b,IPv6,2,Tunnel,AES-GCM-256,Combined-AEAD,20,1,1,3600,0,Secure_Compliant,No_Vulnerabilities
VPN-SES-00220,0x6a1341e7,IPv4,2,Transport,AES-CBC-256,SHA256,19,1,1,14400,0,Secure_Compliant,No_Vulnerabilities
VPN-SES-00221,0xb06aa68a,IPv4,1,Tunnel,AES-CBC-128,SHA512,2,1,1,3600,35,Medium_Risk,Legacy_CBC_Mode_Padding_Oracle_Risk|Sub_2048bit_DH_Group_MODP1024
VPN-SES-00222,0x40c7809b,IPv4,2,Transport,AES-GCM-128,Combined-AEAD,14,1,1,3600,0,Secure_Compliant,No_Vulnerabilities
VPN-SES-00223,0xc55d2fc1,IPv4,2,Tunnel,AES-CBC-256,MD5,20,1,1,28800,30,Medium_Risk,Cryptographically_Broken_HMAC(MD5)
VPN-SES-00224,0xace91544,IPv4,2,Transport,AES-CBC-256,SHA1,19,1,1,28800,30,Medium_Risk,Cryptographically_Broken_HMAC(SHA1)
VPN-SES-00225,0x110e622b,IPv4,2,Tunnel,3DES,SHA512,19,1,0,86400,75,High_Risk,Sweet32_Vulnerable_Cipher(3DES)|Anti_Replay_Protection_Disabled|Excessive_Key_Lifetime_Rekey_Exposure
VPN-SES-00226,0x3d921dab,IPv4,1,Transport,3DES,SHA256,14,1,1,86400,50,High_Risk,Sweet32_Vulnerable_Cipher(3DES)|Excessive_Key_Lifetime_Rekey_Exposure
VPN-SES-00227,0x2718cfde,IPv4,2,Transport,AES-CBC-256,SHA256,2,1,1,3600,25,Medium_Risk,Sub_2048bit_DH_Group_MODP1024
VPN-SES-00228,0x867f3c15,IPv4,1,Tunnel,AES-CBC-128,SHA512,14,1,1,86400,20,Medium_Risk,Legacy_CBC_Mode_Padding_Oracle_Risk|Excessive_Key_Lifetime_Rekey_Exposure
VPN-SES-00229,0xade2fd3f,IPv4,2,Tunnel,AES-CBC-256,SHA256,5,0,1,1800,40,Medium_Risk,Sub_2048bit_DH_Group_MODP1536|PFS_Disabled_Key_Compromise_Exposure
VPN-SES-00230,0x8ee667de,IPv4,2,Tunnel,AES-CBC-128,SHA256,14,1,1,86400,20,Medium_Risk,Legacy_CBC_Mode_Padding_Oracle_Risk|Excessive_Key_Lifetime_Rekey_Exposure
VPN-SES-00231,0xc7174acf,IPv4,2,Tunnel,AES-GCM-128,Combined-AEAD,20,1,1,86400,10,Secure_Compliant,Excessive_Key_Lifetime_Rekey_Exposure
VPN-SES-00232,0x389a5e38,IPv4,1,Transport,AES-GCM-256,Combined-AEAD,14,0,1,28800,15,Secure_Compliant,PFS_Disabled_Key_Compromise_Exposure
VPN-SES-00233,0xd179c596,IPv4,1,Tunnel,AES-GCM-128,Combined-AEAD,20,1,0,1800,25,Medium_Risk,Anti_Replay_Protection_Disabled
VPN-SES-00234,0xd4df5b8d,IPv4,1,Transport,AES-CBC-128,SHA1,14,1,1,86400,50,High_Risk,Legacy_CBC_Mode_Padding_Oracle_Risk|Cryptographically_Broken_HMAC(SHA1)|Excessive_Key_Lifetime_Rekey_Exposure
VPN-SES-00235,0x5bb49889,IPv4,2,Transport,AES-GCM-256,Combined-AEAD,19,1,1,7200,0,Secure_Compliant,No_Vulnerabilities
VPN-SES-00236,0x15fef7bc,IPv4,1,Transport,AES-CBC-128,SHA512,19,1,1,1800,10,Secure_Compliant,Legacy_CBC_Mode_Padding_Oracle_Risk
VPN-SES-00237,0xbabb6cac,IPv4,2,Transport,AES-GCM-128,Combined-AEAD,14,0,1,28800,15,Secure_Compliant,PFS_Disabled_Key_Compromise_Exposure
VPN-SES-00238,0x751076d6,IPv4,2,Tunnel,AES-GCM-256,Combined-AEAD,19,1,1,14400,0,Secure_Compliant,No_Vulnerabilities
VPN-SES-00239,0x2ef11a27,IPv4,2,Tunnel,AES-CBC-128,SHA256,14,0,0,3600,50,High_Risk,Legacy_CBC_Mode_Padding_Oracle_Risk|PFS_Disabled_Key_Compromise_Exposure|Anti_Replay_Protection_Disabled
VPN-SES-00240,0x667b9583,IPv4,2,Tunnel,AES-GCM-128,Combined-AEAD,19,1,1,14400,0,Secure_Compliant,No_Vulnerabilities
VPN-SES-00241,0x3e03a9cc,IPv4,2,Tunnel,AES-GCM-256,Combined-AEAD,20,1,1,28800,0,Secure_Compliant,No_Vulnerabilities
VPN-SES-00242,0x79aec17b,IPv6,2,Tunnel,AES-GCM-256,Combined-AEAD,2,0,1,3600,40,Medium_Risk,Sub_2048bit_DH_Group_MODP1024|PFS_Disabled_Key_Compromise_Exposure
VPN-SES-00243,0x6f90ee57,IPv4,2,Tunnel,AES-GCM-256,Combined-AEAD,20,1,0,14400,25,Medium_Risk,Anti_Replay_Protection_Disabled
VPN-SES-00244,0xb29a7e5f,IPv4,2,Transport,AES-CBC-128,SHA512,14,1,1,1800,10,Secure_Compliant,Legacy_CBC_Mode_Padding_Oracle_Risk
VPN-SES-00245,0x15106943,IPv4,2,Tunnel,AES-CBC-128,SHA512,19,1,1,14400,10,Secure_Compliant,Legacy_CBC_Mode_Padding_Oracle_Risk
VPN-SES-00246,0x20a71298,IPv6,1,Transport,AES-GCM-256,Combined-AEAD,19,0,1,1800,15,Secure_Compliant,PFS_Disabled_Key_Compromise_Exposure
VPN-SES-00247,0x230e8618,IPv4,2,Tunnel,3DES,SHA256,2,1,0,86400,100,High_Risk,Sweet32_Vulnerable_Cipher(3DES)|Sub_2048bit_DH_Group_MODP1024|Anti_Replay_Protection_Disabled|Excessive_Key_Lifetime_Rekey_Exposure
VPN-SES-00248,0xc1804803,IPv6,1,Tunnel,AES-CBC-256,SHA256,19,0,1,28800,15,Secure_Compliant,PFS_Disabled_Key_Compromise_Exposure
VPN-SES-00249,0xae85e4d4,IPv4,1,Tunnel,3DES,SHA256,14,0,0,86400,90,High_Risk,Sweet32_Vulnerable_Cipher(3DES)|PFS_Disabled_Key_Compromise_Exposure|Anti_Replay_Protection_Disabled|Excessive_Key_Lifetime_Rekey_Exposure
VPN-SES-00250,0x30afaf9e,IPv6,2,Tunnel,AES-GCM-128,Combined-AEAD,14,1,1,3600,0,Secure_Compliant,No_Vulnerabilities
VPN-SES-00251,0xa0ebba12,IPv4,2,Tunnel,AES-CBC-128,SHA256,19,0,1,1800,25,Medium_Risk,Legacy_CBC_Mode_Padding_Oracle_Risk|PFS_Disabled_Key_Compromise_Exposure
VPN-SES-00252,0xbd6d84ef,IPv6,1,Tunnel,AES-CBC-256,SHA256,14,1,1,3600,0,Secure_Compliant,No_Vulnerabilities
VPN-SES-00253,0x459097e0,IPv4,2,Transport,AES-GCM-128,Combined-AEAD,5,1,1,28800,25,Medium_Risk,Sub_2048bit_DH_Group_MODP1536
VPN-SES-00254,0x7088825e,IPv4,2,Transport,AES-CBC-256,SHA1,2,1,1,28800,55,High_Risk,Cryptographically_Broken_HMAC(SHA1)|Sub_2048bit_DH_Group_MODP1024
VPN-SES-00255,0x236d6cce,IPv4,2,Tunnel,AES-CBC-256,SHA256,19,1,1,1800,0,Secure_Compliant,No_Vulnerabilities
VPN-SES-00256,0x77602abd,IPv4,2,Transport,3DES,SHA256,20,1,1,3600,40,Medium_Risk,Sweet32_Vulnerable_Cipher(3DES)
VPN-SES-00257,0x9ef65ee8,IPv6,1,Tunnel,AES-CBC-256,SHA256,14,1,1,3600,0,Secure_Compliant,No_Vulnerabilities
VPN-SES-00258,0x8397d1a1,IPv4,2,Tunnel,AES-GCM-128,Combined-AEAD,5,1,1,1800,25,Medium_Risk,Sub_2048bit_DH_Group_MODP1536
VPN-SES-00259,0xce3e9a90,IPv6,1,Transport,AES-CBC-128,SHA256,14,1,1,28800,10,Secure_Compliant,Legacy_CBC_Mode_Padding_Oracle_Risk
VPN-SES-00260,0x7a40e5cc,IPv4,1,Transport,AES-CBC-256,SHA512,5,1,1,1800,25,Medium_Risk,Sub_2048bit_DH_Group_MODP1536
VPN-SES-00261,0xd43be7af,IPv4,2,Tunnel,AES-CBC-128,MD5,2,1,1,14400,65,High_Risk,Legacy_CBC_Mode_Padding_Oracle_Risk|Cryptographically_Broken_HMAC(MD5)|Sub_2048bit_DH_Group_MODP1024
VPN-SES-00262,0xcdcf6fd4,IPv4,2,Tunnel,AES-GCM-128,Combined-AEAD,5,1,1,1800,25,Medium_Risk,Sub_2048bit_DH_Group_MODP1536
VPN-SES-00263,0x7a6a0149,IPv4,2,Transport,AES-GCM-128,Combined-AEAD,19,1,1,14400,0,Secure_Compliant,No_Vulnerabilities
VPN-SES-00264,0x213c9f25,IPv4,2,Tunnel,AES-CBC-256,SHA512,19,1,1,28800,0,Secure_Compliant,No_Vulnerabilities
VPN-SES-00265,0xabc8d6f6,IPv4,2,Tunnel,AES-GCM-128,Combined-AEAD,14,1,0,1800,25,Medium_Risk,Anti_Replay_Protection_Disabled
VPN-SES-00266,0x67bd0ca8,IPv6,1,Tunnel,AES-GCM-128,Combined-AEAD,14,1,1,28800,0,Secure_Compliant,No_Vulnerabilities
VPN-SES-00267,0x82c1e68e,IPv6,2,Tunnel,AES-CBC-256,SHA512,14,1,1,14400,0,Secure_Compliant,No_Vulnerabilities
VPN-SES-00268,0x7790eee0,IPv6,2,Transport,AES-CBC-256,SHA256,19,1,1,1800,0,Secure_Compliant,No_Vulnerabilities
VPN-SES-00269,0xfd305556,IPv4,2,Tunnel,AES-GCM-256,Combined-AEAD,14,1,0,86400,35,Medium_Risk,Anti_Replay_Protection_Disabled|Excessive_Key_Lifetime_Rekey_Exposure
VPN-SES-00270,0xa296ae08,IPv4,2,Tunnel,AES-GCM-128,Combined-AEAD,20,1,1,3600,0,Secure_Compliant,No_Vulnerabilities
VPN-SES-00271,0x2bf43b9f,IPv4,2,Tunnel,AES-CBC-256,SHA256,14,1,1,86400,10,Secure_Compliant,Excessive_Key_Lifetime_Rekey_Exposure
VPN-SES-00272,0x540dd09f,IPv4,2,Tunnel,AES-CBC-256,SHA256,20,1,1,7200,0,Secure_Compliant,No_Vulnerabilities
VPN-SES-00273,0x8c0a8f90,IPv4,2,Tunnel,AES-CBC-256,SHA512,20,1,1,1800,0,Secure_Compliant,No_Vulnerabilities
VPN-SES-00274,0x486a9050,IPv6,2,Tunnel,AES-GCM-128,Combined-AEAD,19,1,1,14400,0,Secure_Compliant,No_Vulnerabilities
VPN-SES-00275,0xb460cf44,IPv4,2,Transport,AES-CBC-128,SHA256,14,0,1,28800,25,Medium_Risk,Legacy_CBC_Mode_Padding_Oracle_Risk|PFS_Disabled_Key_Compromise_Exposure
VPN-SES-00276,0x3055adec,IPv4,2,Tunnel,AES-CBC-256,SHA256,14,0,1,3600,15,Secure_Compliant,PFS_Disabled_Key_Compromise_Exposure
VPN-SES-00277,0x499e4d08,IPv6,2,Tunnel,AES-CBC-128,SHA256,14,1,1,3600,10,Secure_Compliant,Legacy_CBC_Mode_Padding_Oracle_Risk
VPN-SES-00278,0x9c4a62ba,IPv4,2,Tunnel,AES-CBC-256,SHA512,20,1,1,3600,0,Secure_Compliant,No_Vulnerabilities
VPN-SES-00279,0x776c269f,IPv4,1,Tunnel,AES-CBC-256,SHA256,5,1,1,86400,35,Medium_Risk,Sub_2048bit_DH_Group_MODP1536|Excessive_Key_Lifetime_Rekey_Exposure
VPN-SES-00280,0x150e1961,IPv4,2,Transport,AES-CBC-256,MD5,20,1,1,86400,40,Medium_Risk,Cryptographically_Broken_HMAC(MD5)|Excessive_Key_Lifetime_Rekey_Exposure
VPN-SES-00281,0x44cb7b9a,IPv4,2,Tunnel,AES-GCM-128,Combined-AEAD,2,0,1,28800,40,Medium_Risk,Sub_2048bit_DH_Group_MODP1024|PFS_Disabled_Key_Compromise_Exposure
VPN-SES-00282,0xc01c337e,IPv4,1,Transport,AES-CBC-128,SHA256,20,1,1,3600,10,Secure_Compliant,Legacy_CBC_Mode_Padding_Oracle_Risk
VPN-SES-00283,0x71025637,IPv4,1,Tunnel,AES-CBC-128,SHA1,14,0,1,7200,55,High_Risk,Legacy_CBC_Mode_Padding_Oracle_Risk|Cryptographically_Broken_HMAC(SHA1)|PFS_Disabled_Key_Compromise_Exposure
VPN-SES-00284,0xf585a0a5,IPv4,1,Tunnel,AES-CBC-128,SHA512,19,1,1,14400,10,Secure_Compliant,Legacy_CBC_Mode_Padding_Oracle_Risk
VPN-SES-00285,0xfc7ef0ab,IPv6,2,Tunnel,AES-GCM-256,Combined-AEAD,14,1,1,1800,0,Secure_Compliant,No_Vulnerabilities
VPN-SES-00286,0x32ecf870,IPv6,2,Tunnel,AES-GCM-256,Combined-AEAD,19,1,1,86400,10,Secure_Compliant,Excessive_Key_Lifetime_Rekey_Exposure
VPN-SES-00287,0x82dadc21,IPv6,2,Tunnel,AES-CBC-256,SHA256,2,1,1,1800,25,Medium_Risk,Sub_2048bit_DH_Group_MODP1024
VPN-SES-00288,0x1182144d,IPv4,2,Tunnel,3DES,SHA512,5,1,1,14400,65,High_Risk,Sweet32_Vulnerable_Cipher(3DES)|Sub_2048bit_DH_Group_MODP1536
VPN-SES-00289,0x8046425d,IPv4,2,Tunnel,AES-GCM-128,Combined-AEAD,2,1,1,1800,25,Medium_Risk,Sub_2048bit_DH_Group_MODP1024
VPN-SES-00290,0xd3af3d93,IPv4,2,Tunnel,AES-GCM-128,Combined-AEAD,20,0,1,1800,15,Secure_Compliant,PFS_Disabled_Key_Compromise_Exposure
VPN-SES-00291,0x3fd6129a,IPv6,1,Transport,AES-GCM-256,Combined-AEAD,14,1,1,86400,10,Secure_Compliant,Excessive_Key_Lifetime_Rekey_Exposure
VPN-SES-00292,0x356df639,IPv4,2,Tunnel,3DES,SHA256,14,1,1,7200,40,Medium_Risk,Sweet32_Vulnerable_Cipher(3DES)
VPN-SES-00293,0x137f5347,IPv4,2,Transport,AES-CBC-256,SHA512,19,1,1,3600,0,Secure_Compliant,No_Vulnerabilities
VPN-SES-00294,0x82cfbb0e,IPv4,2,Tunnel,AES-CBC-256,SHA256,20,1,1,7200,0,Secure_Compliant,No_Vulnerabilities
VPN-SES-00295,0x2e7d8f7b,IPv4,1,Tunnel,3DES,SHA1,20,1,1,1800,70,High_Risk,Sweet32_Vulnerable_Cipher(3DES)|Cryptographically_Broken_HMAC(SHA1)
VPN-SES-00296,0xaab62311,IPv4,2,Transport,AES-CBC-128,SHA256,20,1,1,3600,10,Secure_Compliant,Legacy_CBC_Mode_Padding_Oracle_Risk
VPN-SES-00297,0xe399956c,IPv6,1,Transport,AES-CBC-128,SHA512,14,1,1,1800,10,Secure_Compliant,Legacy_CBC_Mode_Padding_Oracle_Risk
VPN-SES-00298,0xc1299cb7,IPv4,2,Tunnel,3DES,SHA256,5,1,1,1800,65,High_Risk,Sweet32_Vulnerable_Cipher(3DES)|Sub_2048bit_DH_Group_MODP1536
VPN-SES-00299,0x2e4c3fdf,IPv4,2,Transport,3DES,SHA1,14,1,1,14400,70,High_Risk,Sweet32_Vulnerable_Cipher(3DES)|Cryptographically_Broken_HMAC(SHA1)
VPN-SES-00300,0xd71cdac2,IPv4,2,Tunnel,AES-GCM-128,Combined-AEAD,19,1,1,28800,0,Secure_Compliant,No_Vulnerabilities
VPN-SES-00301,0xd6cec51b,IPv4,2,Transport,AES-CBC-128,MD5,20,0,1,3600,55,High_Risk,Legacy_CBC_Mode_Padding_Oracle_Risk|Cryptographically_Broken_HMAC(MD5)|PFS_Disabled_Key_Compromise_Exposure
VPN-SES-00302,0x1e4d364e,IPv4,2,Tunnel,AES-CBC-128,SHA256,19,1,1,1800,10,Secure_Compliant,Legacy_CBC_Mode_Padding_Oracle_Risk
VPN-SES-00303,0x9ddd2994,IPv4,2,Tunnel,AES-CBC-256,SHA256,20,0,1,14400,15,Secure_Compliant,PFS_Disabled_Key_Compromise_Exposure
VPN-SES-00304,0x7c99ce56,IPv4,1,Tunnel,AES-GCM-128,Combined-AEAD,20,0,1,28800,15,Secure_Compliant,PFS_Disabled_Key_Compromise_Exposure
VPN-SES-00305,0xda4c3b4d,IPv4,2,Tunnel,AES-CBC-256,SHA512,19,1,1,7200,0,Secure_Compliant,No_Vulnerabilities
VPN-SES-00306,0x393a60be,IPv6,2,Tunnel,AES-GCM-128,Combined-AEAD,14,1,1,3600,0,Secure_Compliant,No_Vulnerabilities
VPN-SES-00307,0xf5278ea2,IPv4,1,Tunnel,AES-GCM-256,Combined-AEAD,5,0,1,1800,40,Medium_Risk,Sub_2048bit_DH_Group_MODP1536|PFS_Disabled_Key_Compromise_Exposure
VPN-SES-00308,0x596042b0,IPv6,2,Transport,AES-CBC-128,SHA256,20,1,1,86400,20,Medium_Risk,Legacy_CBC_Mode_Padding_Oracle_Risk|Excessive_Key_Lifetime_Rekey_Exposure
VPN-SES-00309,0x25f87768,IPv6,1,Tunnel,AES-CBC-256,SHA256,14,0,1,28800,15,Secure_Compliant,PFS_Disabled_Key_Compromise_Exposure
VPN-SES-00310,0x561ea8aa,IPv4,2,Tunnel,AES-GCM-256,Combined-AEAD,14,1,1,1800,0,Secure_Compliant,No_Vulnerabilities
VPN-SES-00311,0xf9a002a4,IPv4,2,Tunnel,AES-GCM-128,Combined-AEAD,14,0,1,28800,15,Secure_Compliant,PFS_Disabled_Key_Compromise_Exposure
VPN-SES-00312,0xe51f6de1,IPv4,2,Tunnel,AES-CBC-256,MD5,19,0,1,3600,45,High_Risk,Cryptographically_Broken_HMAC(MD5)|PFS_Disabled_Key_Compromise_Exposure
VPN-SES-00313,0xe857ec60,IPv4,2,Tunnel,AES-GCM-128,Combined-AEAD,20,1,1,1800,0,Secure_Compliant,No_Vulnerabilities
VPN-SES-00314,0xea095b0c,IPv4,2,Tunnel,AES-CBC-256,SHA1,14,0,1,14400,45,High_Risk,Cryptographically_Broken_HMAC(SHA1)|PFS_Disabled_Key_Compromise_Exposure
VPN-SES-00315,0x65c87441,IPv4,1,Tunnel,AES-CBC-256,SHA256,19,1,1,28800,0,Secure_Compliant,No_Vulnerabilities
VPN-SES-00316,0xae3bc735,IPv4,2,Transport,AES-CBC-256,SHA256,5,1,1,7200,25,Medium_Risk,Sub_2048bit_DH_Group_MODP1536
VPN-SES-00317,0x2f683d6f,IPv6,1,Tunnel,AES-CBC-128,SHA256,14,1,1,14400,10,Secure_Compliant,Legacy_CBC_Mode_Padding_Oracle_Risk
VPN-SES-00318,0x3dbdc7cf,IPv6,2,Tunnel,AES-CBC-128,SHA256,14,1,1,1800,10,Secure_Compliant,Legacy_CBC_Mode_Padding_Oracle_Risk
VPN-SES-00319,0x3067902b,IPv6,2,Tunnel,AES-CBC-256,SHA256,14,1,1,28800,0,Secure_Compliant,No_Vulnerabilities
VPN-SES-00320,0xf5dc6ce5,IPv4,2,Tunnel,3DES,SHA256,14,0,1,86400,65,High_Risk,Sweet32_Vulnerable_Cipher(3DES)|PFS_Disabled_Key_Compromise_Exposure|Excessive_Key_Lifetime_Rekey_Exposure
VPN-SES-00321,0xec233c06,IPv4,2,Tunnel,AES-GCM-128,Combined-AEAD,14,1,1,1800,0,Secure_Compliant,No_Vulnerabilities
VPN-SES-00322,0x7a429bd5,IPv4,2,Tunnel,AES-CBC-256,SHA256,14,1,1,86400,10,Secure_Compliant,Excessive_Key_Lifetime_Rekey_Exposure
VPN-SES-00323,0x2c5d9fe9,IPv4,1,Tunnel,AES-GCM-128,Combined-AEAD,19,1,1,3600,0,Secure_Compliant,No_Vulnerabilities
VPN-SES-00324,0x4664cafa,IPv4,1,Tunnel,AES-CBC-128,SHA1,14,1,1,7200,40,Medium_Risk,Legacy_CBC_Mode_Padding_Oracle_Risk|Cryptographically_Broken_HMAC(SHA1)
VPN-SES-00325,0xf04e6585,IPv4,1,Tunnel,AES-CBC-256,SHA256,14,1,1,1800,0,Secure_Compliant,No_Vulnerabilities
VPN-SES-00326,0x5684833e,IPv4,1,Tunnel,AES-CBC-256,SHA1,19,1,1,3600,30,Medium_Risk,Cryptographically_Broken_HMAC(SHA1)
VPN-SES-00327,0x3ff5cdab,IPv6,2,Tunnel,AES-GCM-128,Combined-AEAD,14,0,1,1800,15,Secure_Compliant,PFS_Disabled_Key_Compromise_Exposure
VPN-SES-00328,0xd67736bc,IPv4,1,Tunnel,AES-CBC-256,SHA256,20,0,1,7200,15,Secure_Compliant,PFS_Disabled_Key_Compromise_Exposure
VPN-SES-00329,0xce8eb66f,IPv4,1,Transport,AES-CBC-128,SHA256,19,1,1,28800,10,Secure_Compliant,Legacy_CBC_Mode_Padding_Oracle_Risk
VPN-SES-00330,0x59d52453,IPv6,1,Tunnel,AES-CBC-128,SHA256,14,0,1,3600,25,Medium_Risk,Legacy_CBC_Mode_Padding_Oracle_Risk|PFS_Disabled_Key_Compromise_Exposure
VPN-SES-00331,0x37b0816b,IPv4,2,Transport,AES-GCM-128,Combined-AEAD,14,1,1,1800,0,Secure_Compliant,No_Vulnerabilities
VPN-SES-00332,0x3ef17a90,IPv4,2,Transport,AES-CBC-128,SHA256,14,1,1,14400,10,Secure_Compliant,Legacy_CBC_Mode_Padding_Oracle_Risk
VPN-SES-00333,0x303d54c9,IPv4,2,Tunnel,AES-GCM-256,Combined-AEAD,14,0,1,86400,25,Medium_Risk,PFS_Disabled_Key_Compromise_Exposure|Excessive_Key_Lifetime_Rekey_Exposure
VPN-SES-00334,0x34e72383,IPv4,2,Transport,AES-GCM-256,Combined-AEAD,19,0,1,86400,25,Medium_Risk,PFS_Disabled_Key_Compromise_Exposure|Excessive_Key_Lifetime_Rekey_Exposure
VPN-SES-00335,0x819deadd,IPv4,2,Transport,AES-CBC-256,SHA1,14,1,1,28800,30,Medium_Risk,Cryptographically_Broken_HMAC(SHA1)
VPN-SES-00336,0xb83db2df,IPv6,2,Tunnel,AES-GCM-256,Combined-AEAD,14,1,1,3600,0,Secure_Compliant,No_Vulnerabilities
VPN-SES-00337,0x8bd6b0b5,IPv4,2,Tunnel,AES-CBC-256,SHA512,19,1,1,7200,0,Secure_Compliant,No_Vulnerabilities
VPN-SES-00338,0xcffbbc83,IPv4,1,Transport,AES-GCM-256,Combined-AEAD,20,1,1,14400,0,Secure_Compliant,No_Vulnerabilities
VPN-SES-00339,0x18825d14,IPv4,2,Transport,AES-CBC-256,SHA256,2,0,1,86400,50,High_Risk,Sub_2048bit_DH_Group_MODP1024|PFS_Disabled_Key_Compromise_Exposure|Excessive_Key_Lifetime_Rekey_Exposure
VPN-SES-00340,0xa34a85d9,IPv4,1,Tunnel,AES-CBC-256,SHA256,14,1,1,7200,0,Secure_Compliant,No_Vulnerabilities
VPN-SES-00341,0x8a438217,IPv6,2,Transport,3DES,MD5,19,1,1,14400,70,High_Risk,Sweet32_Vulnerable_Cipher(3DES)|Cryptographically_Broken_HMAC(MD5)
VPN-SES-00342,0xaa37ef9d,IPv4,2,Tunnel,AES-GCM-128,Combined-AEAD,14,0,1,7200,15,Secure_Compliant,PFS_Disabled_Key_Compromise_Exposure
VPN-SES-00343,0xe0fe42af,IPv4,2,Tunnel,AES-CBC-256,SHA512,20,0,1,7200,15,Secure_Compliant,PFS_Disabled_Key_Compromise_Exposure
VPN-SES-00344,0xd125798e,IPv6,2,Transport,AES-GCM-256,Combined-AEAD,14,1,1,28800,0,Secure_Compliant,No_Vulnerabilities
VPN-SES-00345,0x9af53d42,IPv4,2,Tunnel,AES-CBC-128,SHA256,14,1,1,1800,10,Secure_Compliant,Legacy_CBC_Mode_Padding_Oracle_Risk
VPN-SES-00346,0x47c486a1,IPv4,2,Tunnel,AES-GCM-256,Combined-AEAD,14,1,1,7200,0,Secure_Compliant,No_Vulnerabilities
VPN-SES-00347,0xe84d6427,IPv4,2,Tunnel,AES-GCM-128,Combined-AEAD,14,0,1,28800,15,Secure_Compliant,PFS_Disabled_Key_Compromise_Exposure
VPN-SES-00348,0x787bb3ce,IPv6,2,Tunnel,AES-CBC-128,MD5,14,0,1,28800,55,High_Risk,Legacy_CBC_Mode_Padding_Oracle_Risk|Cryptographically_Broken_HMAC(MD5)|PFS_Disabled_Key_Compromise_Exposure
VPN-SES-00349,0xc9ec28ff,IPv4,1,Transport,AES-GCM-256,Combined-AEAD,20,1,1,28800,0,Secure_Compliant,No_Vulnerabilities
VPN-SES-00350,0xd94b3a6f,IPv4,2,Tunnel,AES-CBC-128,SHA256,19,1,1,3600,10,Secure_Compliant,Legacy_CBC_Mode_Padding_Oracle_Risk
VPN-SES-00351,0xf77d9bec,IPv4,2,Tunnel,AES-CBC-128,SHA256,14,1,1,28800,10,Secure_Compliant,Legacy_CBC_Mode_Padding_Oracle_Risk
VPN-SES-00352,0x5c1f088f,IPv4,2,Tunnel,AES-CBC-256,SHA256,20,0,1,3600,15,Secure_Compliant,PFS_Disabled_Key_Compromise_Exposure
VPN-SES-00353,0xfcad122d,IPv4,1,Tunnel,AES-CBC-256,SHA256,5,1,0,28800,50,High_Risk,Sub_2048bit_DH_Group_MODP1536|Anti_Replay_Protection_Disabled
VPN-SES-00354,0x23089f8b,IPv4,2,Tunnel,AES-GCM-128,Combined-AEAD,14,1,1,7200,0,Secure_Compliant,No_Vulnerabilities
VPN-SES-00355,0x704f3c8d,IPv4,2,Tunnel,AES-CBC-256,SHA256,5,1,1,86400,35,Medium_Risk,Sub_2048bit_DH_Group_MODP1536|Excessive_Key_Lifetime_Rekey_Exposure
VPN-SES-00356,0x4c165571,IPv4,2,Tunnel,AES-CBC-128,SHA256,14,0,1,86400,35,Medium_Risk,Legacy_CBC_Mode_Padding_Oracle_Risk|PFS_Disabled_Key_Compromise_Exposure|Excessive_Key_Lifetime_Rekey_Exposure
VPN-SES-00357,0x91eab1da,IPv4,1,Transport,AES-CBC-256,SHA256,19,1,1,14400,0,Secure_Compliant,No_Vulnerabilities
VPN-SES-00358,0x9d8a7957,IPv4,1,Tunnel,AES-CBC-256,SHA512,20,1,1,7200,0,Secure_Compliant,No_Vulnerabilities
VPN-SES-00359,0xd5bcc4cd,IPv4,2,Tunnel,AES-GCM-256,Combined-AEAD,14,1,1,7200,0,Secure_Compliant,No_Vulnerabilities
VPN-SES-00360,0x41bc99e6,IPv4,2,Transport,AES-CBC-256,SHA256,14,1,1,86400,10,Secure_Compliant,Excessive_Key_Lifetime_Rekey_Exposure
VPN-SES-00361,0x286b6a71,IPv6,2,Tunnel,AES-CBC-256,SHA1,14,1,1,28800,30,Medium_Risk,Cryptographically_Broken_HMAC(SHA1)
VPN-SES-00362,0xb6ea0997,IPv4,1,Tunnel,AES-CBC-256,SHA256,19,1,1,1800,0,Secure_Compliant,No_Vulnerabilities
VPN-SES-00363,0xf3b93a34,IPv4,2,Tunnel,AES-CBC-256,SHA256,19,1,1,7200,0,Secure_Compliant,No_Vulnerabilities
VPN-SES-00364,0x9f24da7e,IPv4,2,Tunnel,AES-CBC-128,SHA256,20,1,1,7200,10,Secure_Compliant,Legacy_CBC_Mode_Padding_Oracle_Risk
VPN-SES-00365,0xdda898b5,IPv4,2,Tunnel,3DES,MD5,20,0,1,14400,85,High_Risk,Sweet32_Vulnerable_Cipher(3DES)|Cryptographically_Broken_HMAC(MD5)|PFS_Disabled_Key_Compromise_Exposure
VPN-SES-00366,0x7c905f13,IPv6,1,Tunnel,AES-GCM-256,Combined-AEAD,14,0,1,1800,15,Secure_Compliant,PFS_Disabled_Key_Compromise_Exposure
VPN-SES-00367,0x5630419c,IPv4,2,Transport,AES-GCM-256,Combined-AEAD,20,1,1,14400,0,Secure_Compliant,No_Vulnerabilities
VPN-SES-00368,0x1ff48fe8,IPv4,2,Transport,AES-GCM-256,Combined-AEAD,19,1,1,86400,10,Secure_Compliant,Excessive_Key_Lifetime_Rekey_Exposure
VPN-SES-00369,0x9166356c,IPv4,2,Tunnel,AES-GCM-256,Combined-AEAD,14,1,1,14400,0,Secure_Compliant,No_Vulnerabilities
VPN-SES-00370,0x33f2f68f,IPv4,2,Tunnel,AES-CBC-128,SHA1,20,0,1,1800,55,High_Risk,Legacy_CBC_Mode_Padding_Oracle_Risk|Cryptographically_Broken_HMAC(SHA1)|PFS_Disabled_Key_Compromise_Exposure
VPN-SES-00371,0xd5fe21d6,IPv4,1,Tunnel,AES-GCM-256,Combined-AEAD,14,1,1,14400,0,Secure_Compliant,No_Vulnerabilities
VPN-SES-00372,0x667f3096,IPv4,2,Tunnel,AES-GCM-256,Combined-AEAD,14,1,1,1800,0,Secure_Compliant,No_Vulnerabilities
VPN-SES-00373,0xb89a92c5,IPv4,1,Transport,AES-CBC-128,SHA256,14,0,1,86400,35,Medium_Risk,Legacy_CBC_Mode_Padding_Oracle_Risk|PFS_Disabled_Key_Compromise_Exposure|Excessive_Key_Lifetime_Rekey_Exposure
VPN-SES-00374,0xa6203553,IPv4,1,Transport,AES-CBC-128,SHA256,14,0,1,14400,25,Medium_Risk,Legacy_CBC_Mode_Padding_Oracle_Risk|PFS_Disabled_Key_Compromise_Exposure
VPN-SES-00375,0x8b0c036b,IPv4,1,Transport,AES-CBC-128,SHA256,20,1,1,86400,20,Medium_Risk,Legacy_CBC_Mode_Padding_Oracle_Risk|Excessive_Key_Lifetime_Rekey_Exposure
VPN-SES-00376,0xc522f610,IPv4,2,Tunnel,AES-GCM-128,Combined-AEAD,14,0,1,1800,15,Secure_Compliant,PFS_Disabled_Key_Compromise_Exposure
VPN-SES-00377,0xb2070bf3,IPv4,2,Transport,AES-CBC-256,SHA256,20,1,1,28800,0,Secure_Compliant,No_Vulnerabilities
VPN-SES-00378,0xdb317618,IPv4,1,Transport,AES-CBC-256,SHA512,14,1,1,7200,0,Secure_Compliant,No_Vulnerabilities
VPN-SES-00379,0x9ec29e07,IPv4,1,Tunnel,AES-CBC-256,SHA256,19,0,1,86400,25,Medium_Risk,PFS_Disabled_Key_Compromise_Exposure|Excessive_Key_Lifetime_Rekey_Exposure
VPN-SES-00380,0xce7a3168,IPv6,2,Tunnel,AES-CBC-128,SHA256,20,0,1,1800,25,Medium_Risk,Legacy_CBC_Mode_Padding_Oracle_Risk|PFS_Disabled_Key_Compromise_Exposure
VPN-SES-00381,0x7669f679,IPv4,2,Tunnel,AES-CBC-256,SHA1,20,1,1,14400,30,Medium_Risk,Cryptographically_Broken_HMAC(SHA1)
VPN-SES-00382,0x4d43c4fe,IPv6,1,Transport,AES-CBC-256,SHA256,20,0,1,3600,15,Secure_Compliant,PFS_Disabled_Key_Compromise_Exposure
VPN-SES-00383,0xdfc91b52,IPv4,2,Transport,AES-CBC-256,SHA256,14,1,1,1800,0,Secure_Compliant,No_Vulnerabilities
VPN-SES-00384,0x28dd3aea,IPv4,2,Tunnel,AES-GCM-128,Combined-AEAD,19,1,1,86400,10,Secure_Compliant,Excessive_Key_Lifetime_Rekey_Exposure
VPN-SES-00385,0x725cade5,IPv6,2,Tunnel,AES-CBC-256,SHA1,2,1,1,28800,55,High_Risk,Cryptographically_Broken_HMAC(SHA1)|Sub_2048bit_DH_Group_MODP1024
VPN-SES-00386,0xb6662e73,IPv4,1,Tunnel,AES-GCM-128,Combined-AEAD,2,1,1,28800,25,Medium_Risk,Sub_2048bit_DH_Group_MODP1024
VPN-SES-00387,0x518df073,IPv6,2,Tunnel,AES-GCM-256,Combined-AEAD,14,1,1,28800,0,Secure_Compliant,No_Vulnerabilities
VPN-SES-00388,0x299177b9,IPv4,2,Tunnel,AES-CBC-256,SHA256,20,0,1,86400,25,Medium_Risk,PFS_Disabled_Key_Compromise_Exposure|Excessive_Key_Lifetime_Rekey_Exposure
VPN-SES-00389,0x56794c1e,IPv4,2,Tunnel,AES-CBC-128,SHA512,5,0,1,28800,50,High_Risk,Legacy_CBC_Mode_Padding_Oracle_Risk|Sub_2048bit_DH_Group_MODP1536|PFS_Disabled_Key_Compromise_Exposure
VPN-SES-00390,0x756ffbd8,IPv4,2,Transport,AES-CBC-128,SHA512,20,1,1,86400,20,Medium_Risk,Legacy_CBC_Mode_Padding_Oracle_Risk|Excessive_Key_Lifetime_Rekey_Exposure
VPN-SES-00391,0x84f6b97e,IPv4,2,Tunnel,AES-CBC-128,SHA256,14,1,1,14400,10,Secure_Compliant,Legacy_CBC_Mode_Padding_Oracle_Risk
VPN-SES-00392,0xab510232,IPv4,2,Tunnel,AES-CBC-256,SHA256,14,0,1,86400,25,Medium_Risk,PFS_Disabled_Key_Compromise_Exposure|Excessive_Key_Lifetime_Rekey_Exposure
VPN-SES-00393,0x52be7d36,IPv4,2,Transport,AES-CBC-128,SHA512,20,1,1,7200,10,Secure_Compliant,Legacy_CBC_Mode_Padding_Oracle_Risk
VPN-SES-00394,0x91140235,IPv4,2,Tunnel,AES-CBC-128,SHA256,2,0,1,28800,50,High_Risk,Legacy_CBC_Mode_Padding_Oracle_Risk|Sub_2048bit_DH_Group_MODP1024|PFS_Disabled_Key_Compromise_Exposure
VPN-SES-00395,0xf3acd21a,IPv4,2,Transport,3DES,SHA256,14,1,1,14400,40,Medium_Risk,Sweet32_Vulnerable_Cipher(3DES)
VPN-SES-00396,0x852f524f,IPv4,2,Tunnel,AES-GCM-256,Combined-AEAD,20,1,1,3600,0,Secure_Compliant,No_Vulnerabilities
VPN-SES-00397,0x55655d2d,IPv4,1,Transport,3DES,SHA512,20,0,1,1800,55,High_Risk,Sweet32_Vulnerable_Cipher(3DES)|PFS_Disabled_Key_Compromise_Exposure
VPN-SES-00398,0xdcbf1dfe,IPv4,2,Tunnel,AES-GCM-256,Combined-AEAD,2,1,1,1800,25,Medium_Risk,Sub_2048bit_DH_Group_MODP1024
VPN-SES-00399,0x94c469b1,IPv4,1,Tunnel,3DES,SHA512,20,1,1,14400,40,Medium_Risk,Sweet32_Vulnerable_Cipher(3DES)
VPN-SES-00400,0x6231d2a5,IPv4,1,Tunnel,AES-CBC-256,SHA256,5,1,1,28800,25,Medium_Risk,Sub_2048bit_DH_Group_MODP1536
VPN-SES-00401,0x28441abd,IPv4,2,Tunnel,AES-CBC-128,SHA256,19,1,1,14400,10,Secure_Compliant,Legacy_CBC_Mode_Padding_Oracle_Risk
VPN-SES-00402,0x57808b87,IPv4,2,Tunnel,AES-GCM-256,Combined-AEAD,5,1,1,28800,25,Medium_Risk,Sub_2048bit_DH_Group_MODP1536
VPN-SES-00403,0xf2b845b7,IPv4,2,Tunnel,AES-CBC-128,MD5,19,1,1,3600,40,Medium_Risk,Legacy_CBC_Mode_Padding_Oracle_Risk|Cryptographically_Broken_HMAC(MD5)
VPN-SES-00404,0x5ccc5afe,IPv4,1,Tunnel,AES-CBC-256,SHA512,19,1,1,14400,0,Secure_Compliant,No_Vulnerabilities
VPN-SES-00405,0xc9d9c1dc,IPv4,2,Transport,AES-CBC-256,SHA256,19,0,1,7200,15,Secure_Compliant,PFS_Disabled_Key_Compromise_Exposure
VPN-SES-00406,0xe9975545,IPv6,2,Transport,AES-CBC-256,SHA256,20,0,1,7200,15,Secure_Compliant,PFS_Disabled_Key_Compromise_Exposure
VPN-SES-00407,0x94db01dd,IPv4,2,Tunnel,AES-CBC-128,SHA512,19,0,1,3600,25,Medium_Risk,Legacy_CBC_Mode_Padding_Oracle_Risk|PFS_Disabled_Key_Compromise_Exposure
VPN-SES-00408,0x6436deb3,IPv4,1,Transport,AES-GCM-128,Combined-AEAD,20,0,1,7200,15,Secure_Compliant,PFS_Disabled_Key_Compromise_Exposure
VPN-SES-00409,0xadcc91b0,IPv6,2,Transport,AES-CBC-256,SHA256,20,0,1,28800,15,Secure_Compliant,PFS_Disabled_Key_Compromise_Exposure
VPN-SES-00410,0xf07eaf26,IPv4,2,Transport,AES-CBC-256,SHA256,5,1,1,86400,35,Medium_Risk,Sub_2048bit_DH_Group_MODP1536|Excessive_Key_Lifetime_Rekey_Exposure
VPN-SES-00411,0xacba7bc6,IPv4,2,Tunnel,AES-GCM-256,Combined-AEAD,5,0,1,14400,40,Medium_Risk,Sub_2048bit_DH_Group_MODP1536|PFS_Disabled_Key_Compromise_Exposure
VPN-SES-00412,0x54e5eddd,IPv4,2,Tunnel,AES-CBC-256,SHA256,20,0,1,28800,15,Secure_Compliant,PFS_Disabled_Key_Compromise_Exposure
VPN-SES-00413,0x2ea391e2,IPv4,2,Tunnel,AES-CBC-256,SHA1,5,1,1,3600,55,High_Risk,Cryptographically_Broken_HMAC(SHA1)|Sub_2048bit_DH_Group_MODP1536
VPN-SES-00414,0xc50f2f5c,IPv4,2,Tunnel,AES-CBC-128,SHA256,14,1,1,14400,10,Secure_Compliant,Legacy_CBC_Mode_Padding_Oracle_Risk
VPN-SES-00415,0x5e674f72,IPv4,1,Transport,AES-GCM-256,Combined-AEAD,20,0,1,3600,15,Secure_Compliant,PFS_Disabled_Key_Compromise_Exposure
VPN-SES-00416,0xacfa2010,IPv6,2,Transport,AES-CBC-256,SHA256,14,0,1,7200,15,Secure_Compliant,PFS_Disabled_Key_Compromise_Exposure
VPN-SES-00417,0xf9701e00,IPv4,2,Tunnel,AES-CBC-256,SHA256,14,1,1,3600,0,Secure_Compliant,No_Vulnerabilities
VPN-SES-00418,0xf67882ae,IPv4,2,Tunnel,3DES,MD5,20,1,1,28800,70,High_Risk,Sweet32_Vulnerable_Cipher(3DES)|Cryptographically_Broken_HMAC(MD5)
VPN-SES-00419,0xf47172b1,IPv4,1,Tunnel,AES-CBC-256,SHA256,19,0,1,86400,25,Medium_Risk,PFS_Disabled_Key_Compromise_Exposure|Excessive_Key_Lifetime_Rekey_Exposure
VPN-SES-00420,0x37eaf665,IPv4,1,Tunnel,AES-GCM-256,Combined-AEAD,14,1,1,86400,10,Secure_Compliant,Excessive_Key_Lifetime_Rekey_Exposure
VPN-SES-00421,0x38af3b73,IPv4,2,Tunnel,AES-CBC-256,SHA512,14,1,1,14400,0,Secure_Compliant,No_Vulnerabilities
VPN-SES-00422,0xde70d3f7,IPv4,1,Tunnel,AES-GCM-128,Combined-AEAD,14,1,1,28800,0,Secure_Compliant,No_Vulnerabilities
VPN-SES-00423,0x49a90a45,IPv4,1,Tunnel,AES-CBC-256,SHA512,2,0,1,28800,40,Medium_Risk,Sub_2048bit_DH_Group_MODP1024|PFS_Disabled_Key_Compromise_Exposure
VPN-SES-00424,0x1ef473a2,IPv4,2,Transport,AES-CBC-128,SHA256,14,0,1,14400,25,Medium_Risk,Legacy_CBC_Mode_Padding_Oracle_Risk|PFS_Disabled_Key_Compromise_Exposure
VPN-SES-00425,0xf13ae6f4,IPv4,2,Tunnel,AES-GCM-256,Combined-AEAD,14,1,1,14400,0,Secure_Compliant,No_Vulnerabilities
VPN-SES-00426,0x2bd07f9b,IPv6,2,Tunnel,AES-GCM-256,Combined-AEAD,20,1,1,7200,0,Secure_Compliant,No_Vulnerabilities
VPN-SES-00427,0x19098704,IPv4,2,Transport,3DES,SHA512,2,1,1,7200,65,High_Risk,Sweet32_Vulnerable_Cipher(3DES)|Sub_2048bit_DH_Group_MODP1024
VPN-SES-00428,0x7a499f0b,IPv4,1,Transport,AES-CBC-256,SHA256,19,0,1,3600,15,Secure_Compliant,PFS_Disabled_Key_Compromise_Exposure
VPN-SES-00429,0xfe523a03,IPv4,2,Tunnel,3DES,SHA256,19,1,1,1800,40,Medium_Risk,Sweet32_Vulnerable_Cipher(3DES)
VPN-SES-00430,0x3b4786c5,IPv4,2,Tunnel,AES-GCM-256,Combined-AEAD,20,0,1,3600,15,Secure_Compliant,PFS_Disabled_Key_Compromise_Exposure
VPN-SES-00431,0x317244cf,IPv4,2,Transport,AES-CBC-256,SHA256,5,1,1,86400,35,Medium_Risk,Sub_2048bit_DH_Group_MODP1536|Excessive_Key_Lifetime_Rekey_Exposure
VPN-SES-00432,0x137146f7,IPv6,2,Tunnel,3DES,SHA256,20,1,1,7200,40,Medium_Risk,Sweet32_Vulnerable_Cipher(3DES)
VPN-SES-00433,0xa34fa5c8,IPv4,2,Tunnel,3DES,SHA1,14,1,1,86400,80,High_Risk,Sweet32_Vulnerable_Cipher(3DES)|Cryptographically_Broken_HMAC(SHA1)|Excessive_Key_Lifetime_Rekey_Exposure
VPN-SES-00434,0x20dd6f06,IPv4,2,Transport,AES-CBC-256,SHA512,14,1,1,28800,0,Secure_Compliant,No_Vulnerabilities
VPN-SES-00435,0x365fd5c1,IPv4,2,Tunnel,AES-CBC-128,SHA512,20,0,1,28800,25,Medium_Risk,Legacy_CBC_Mode_Padding_Oracle_Risk|PFS_Disabled_Key_Compromise_Exposure
VPN-SES-00436,0x2028f5b4,IPv4,1,Tunnel,AES-GCM-256,Combined-AEAD,19,1,1,86400,10,Secure_Compliant,Excessive_Key_Lifetime_Rekey_Exposure
VPN-SES-00437,0xaa43fa95,IPv4,2,Transport,3DES,SHA256,5,1,1,7200,65,High_Risk,Sweet32_Vulnerable_Cipher(3DES)|Sub_2048bit_DH_Group_MODP1536
VPN-SES-00438,0x994b9f90,IPv4,1,Transport,AES-GCM-256,Combined-AEAD,19,0,1,3600,15,Secure_Compliant,PFS_Disabled_Key_Compromise_Exposure
VPN-SES-00439,0x30e7b6ef,IPv4,2,Tunnel,AES-CBC-256,SHA256,5,1,1,1800,25,Medium_Risk,Sub_2048bit_DH_Group_MODP1536
VPN-SES-00440,0x9c501e6e,IPv4,2,Transport,AES-CBC-128,SHA512,14,0,1,28800,25,Medium_Risk,Legacy_CBC_Mode_Padding_Oracle_Risk|PFS_Disabled_Key_Compromise_Exposure
VPN-SES-00441,0x14edf187,IPv4,2,Tunnel,AES-GCM-128,Combined-AEAD,14,0,1,1800,15,Secure_Compliant,PFS_Disabled_Key_Compromise_Exposure
VPN-SES-00442,0x736f7abf,IPv4,1,Tunnel,AES-CBC-256,SHA256,14,0,1,1800,15,Secure_Compliant,PFS_Disabled_Key_Compromise_Exposure
VPN-SES-00443,0x132a0c06,IPv4,1,Tunnel,AES-CBC-256,SHA256,19,1,1,3600,0,Secure_Compliant,No_Vulnerabilities
VPN-SES-00444,0x57acaec9,IPv4,2,Tunnel,AES-GCM-256,Combined-AEAD,14,0,1,3600,15,Secure_Compliant,PFS_Disabled_Key_Compromise_Exposure
VPN-SES-00445,0x9eb4b40e,IPv4,2,Tunnel,3DES,SHA256,14,1,1,1800,40,Medium_Risk,Sweet32_Vulnerable_Cipher(3DES)
VPN-SES-00446,0xc3f45487,IPv4,2,Tunnel,3DES,SHA256,14,1,1,3600,40,Medium_Risk,Sweet32_Vulnerable_Cipher(3DES)
VPN-SES-00447,0x6532a5c2,IPv4,2,Tunnel,AES-CBC-256,SHA256,20,1,1,86400,10,Secure_Compliant,Excessive_Key_Lifetime_Rekey_Exposure
VPN-SES-00448,0xa351a5da,IPv4,1,Transport,AES-CBC-128,SHA256,19,1,1,86400,20,Medium_Risk,Legacy_CBC_Mode_Padding_Oracle_Risk|Excessive_Key_Lifetime_Rekey_Exposure
VPN-SES-00449,0xc1e76ab9,IPv4,2,Tunnel,AES-GCM-256,Combined-AEAD,14,0,1,1800,15,Secure_Compliant,PFS_Disabled_Key_Compromise_Exposure
VPN-SES-00450,0xa8f9bfb4,IPv4,2,Tunnel,AES-CBC-256,SHA256,14,1,0,14400,25,Medium_Risk,Anti_Replay_Protection_Disabled
VPN-SES-00451,0xbf5235bc,IPv4,2,Tunnel,AES-CBC-256,SHA512,14,1,1,86400,10,Secure_Compliant,Excessive_Key_Lifetime_Rekey_Exposure
VPN-SES-00452,0xea8295a0,IPv4,1,Tunnel,AES-CBC-128,SHA1,20,0,1,1800,55,High_Risk,Legacy_CBC_Mode_Padding_Oracle_Risk|Cryptographically_Broken_HMAC(SHA1)|PFS_Disabled_Key_Compromise_Exposure
VPN-SES-00453,0xf5cefa0f,IPv4,2,Tunnel,AES-CBC-256,SHA256,14,1,1,7200,0,Secure_Compliant,No_Vulnerabilities
VPN-SES-00454,0x12447c10,IPv4,2,Transport,AES-CBC-128,SHA256,14,1,1,3600,10,Secure_Compliant,Legacy_CBC_Mode_Padding_Oracle_Risk
VPN-SES-00455,0x229543a4,IPv4,2,Tunnel,AES-GCM-256,Combined-AEAD,14,0,1,1800,15,Secure_Compliant,PFS_Disabled_Key_Compromise_Exposure
VPN-SES-00456,0x20fb436c,IPv4,2,Transport,AES-GCM-128,Combined-AEAD,2,0,1,86400,50,High_Risk,Sub_2048bit_DH_Group_MODP1024|PFS_Disabled_Key_Compromise_Exposure|Excessive_Key_Lifetime_Rekey_Exposure
VPN-SES-00457,0x9861972e,IPv4,2,Tunnel,AES-CBC-128,SHA256,14,1,1,7200,10,Secure_Compliant,Legacy_CBC_Mode_Padding_Oracle_Risk
VPN-SES-00458,0x6c8a6866,IPv4,2,Tunnel,AES-CBC-256,SHA256,5,1,1,3600,25,Medium_Risk,Sub_2048bit_DH_Group_MODP1536
VPN-SES-00459,0xe0284602,IPv4,2,Tunnel,AES-GCM-256,Combined-AEAD,14,1,1,28800,0,Secure_Compliant,No_Vulnerabilities
VPN-SES-00460,0xafd60efb,IPv4,2,Tunnel,AES-CBC-128,SHA256,19,1,1,3600,10,Secure_Compliant,Legacy_CBC_Mode_Padding_Oracle_Risk
VPN-SES-00461,0x7809f986,IPv4,1,Tunnel,AES-CBC-128,SHA256,5,0,1,28800,50,High_Risk,Legacy_CBC_Mode_Padding_Oracle_Risk|Sub_2048bit_DH_Group_MODP1536|PFS_Disabled_Key_Compromise_Exposure
VPN-SES-00462,0xbeeb5608,IPv4,2,Transport,AES-CBC-256,SHA256,14,0,1,28800,15,Secure_Compliant,PFS_Disabled_Key_Compromise_Exposure
VPN-SES-00463,0xa95ef5bd,IPv4,2,Tunnel,AES-CBC-256,MD5,14,1,1,28800,30,Medium_Risk,Cryptographically_Broken_HMAC(MD5)
VPN-SES-00464,0x9dae27d7,IPv4,2,Transport,AES-GCM-256,Combined-AEAD,14,0,1,7200,15,Secure_Compliant,PFS_Disabled_Key_Compromise_Exposure
VPN-SES-00465,0x9a9db593,IPv4,2,Transport,AES-GCM-128,Combined-AEAD,14,1,1,86400,10,Secure_Compliant,Excessive_Key_Lifetime_Rekey_Exposure
VPN-SES-00466,0xd23dd884,IPv4,2,Tunnel,AES-CBC-128,MD5,14,1,1,14400,40,Medium_Risk,Legacy_CBC_Mode_Padding_Oracle_Risk|Cryptographically_Broken_HMAC(MD5)
VPN-SES-00467,0x47fc511b,IPv4,2,Tunnel,AES-CBC-256,SHA256,14,1,1,28800,0,Secure_Compliant,No_Vulnerabilities
VPN-SES-00468,0x7b1aae6a,IPv4,2,Tunnel,AES-CBC-128,SHA256,14,1,0,1800,35,Medium_Risk,Legacy_CBC_Mode_Padding_Oracle_Risk|Anti_Replay_Protection_Disabled
VPN-SES-00469,0x5211c052,IPv6,2,Tunnel,AES-GCM-128,Combined-AEAD,19,1,1,86400,10,Secure_Compliant,Excessive_Key_Lifetime_Rekey_Exposure
VPN-SES-00470,0x24c4e22c,IPv6,1,Tunnel,AES-GCM-128,Combined-AEAD,19,1,1,14400,0,Secure_Compliant,No_Vulnerabilities
VPN-SES-00471,0x36696e53,IPv4,2,Tunnel,AES-GCM-256,Combined-AEAD,20,1,1,1800,0,Secure_Compliant,No_Vulnerabilities
VPN-SES-00472,0x96adab8e,IPv4,1,Tunnel,AES-CBC-256,SHA512,5,1,1,14400,25,Medium_Risk,Sub_2048bit_DH_Group_MODP1536
VPN-SES-00473,0x58504c6b,IPv4,2,Tunnel,AES-GCM-128,Combined-AEAD,14,0,1,86400,25,Medium_Risk,PFS_Disabled_Key_Compromise_Exposure|Excessive_Key_Lifetime_Rekey_Exposure
VPN-SES-00474,0xee823285,IPv4,2,Transport,AES-CBC-256,SHA512,5,1,1,28800,25,Medium_Risk,Sub_2048bit_DH_Group_MODP1536
VPN-SES-00475,0xacbabeda,IPv4,1,Transport,3DES,SHA512,14,0,1,14400,55,High_Risk,Sweet32_Vulnerable_Cipher(3DES)|PFS_Disabled_Key_Compromise_Exposure
VPN-SES-00476,0xe5b5984b,IPv4,2,Tunnel,AES-GCM-128,Combined-AEAD,2,0,1,7200,40,Medium_Risk,Sub_2048bit_DH_Group_MODP1024|PFS_Disabled_Key_Compromise_Exposure
VPN-SES-00477,0xb94a3567,IPv6,2,Transport,AES-GCM-256,Combined-AEAD,14,1,1,86400,10,Secure_Compliant,Excessive_Key_Lifetime_Rekey_Exposure
VPN-SES-00478,0x28fc9899,IPv6,2,Tunnel,AES-GCM-128,Combined-AEAD,19,0,1,1800,15,Secure_Compliant,PFS_Disabled_Key_Compromise_Exposure
VPN-SES-00479,0xbb01f101,IPv4,2,Transport,AES-CBC-128,SHA1,20,1,1,1800,40,Medium_Risk,Legacy_CBC_Mode_Padding_Oracle_Risk|Cryptographically_Broken_HMAC(SHA1)
VPN-SES-00480,0xd7e03fad,IPv4,2,Transport,AES-GCM-128,Combined-AEAD,5,0,1,1800,40,Medium_Risk,Sub_2048bit_DH_Group_MODP1536|PFS_Disabled_Key_Compromise_Exposure
VPN-SES-00481,0x5cda3e1c,IPv4,2,Transport,AES-GCM-256,Combined-AEAD,20,0,1,1800,15,Secure_Compliant,PFS_Disabled_Key_Compromise_Exposure
VPN-SES-00482,0xc67af865,IPv4,2,Tunnel,AES-CBC-128,SHA256,14,1,1,1800,10,Secure_Compliant,Legacy_CBC_Mode_Padding_Oracle_Risk
VPN-SES-00483,0x65852445,IPv4,1,Tunnel,AES-GCM-256,Combined-AEAD,19,0,1,86400,25,Medium_Risk,PFS_Disabled_Key_Compromise_Exposure|Excessive_Key_Lifetime_Rekey_Exposure
VPN-SES-00484,0x6821f077,IPv4,1,Transport,AES-CBC-256,SHA256,19,1,1,7200,0,Secure_Compliant,No_Vulnerabilities
VPN-SES-00485,0x2f8cedcd,IPv4,2,Tunnel,AES-GCM-128,Combined-AEAD,19,1,1,86400,10,Secure_Compliant,Excessive_Key_Lifetime_Rekey_Exposure
VPN-SES-00486,0x442ed9b4,IPv4,2,Transport,AES-CBC-128,SHA256,2,1,1,28800,35,Medium_Risk,Legacy_CBC_Mode_Padding_Oracle_Risk|Sub_2048bit_DH_Group_MODP1024
VPN-SES-00487,0xecac3096,IPv4,2,Transport,3DES,SHA256,20,0,1,3600,55,High_Risk,Sweet32_Vulnerable_Cipher(3DES)|PFS_Disabled_Key_Compromise_Exposure
VPN-SES-00488,0x1bb9c606,IPv4,2,Tunnel,AES-CBC-256,SHA256,14,1,1,1800,0,Secure_Compliant,No_Vulnerabilities
VPN-SES-00489,0xda857fe4,IPv6,2,Transport,AES-CBC-128,SHA256,14,0,1,86400,35,Medium_Risk,Legacy_CBC_Mode_Padding_Oracle_Risk|PFS_Disabled_Key_Compromise_Exposure|Excessive_Key_Lifetime_Rekey_Exposure
VPN-SES-00490,0x69555d44,IPv4,2,Transport,AES-CBC-128,SHA256,20,1,1,3600,10,Secure_Compliant,Legacy_CBC_Mode_Padding_Oracle_Risk
VPN-SES-00491,0xd2d6f712,IPv4,2,Tunnel,3DES,SHA512,14,0,1,28800,55,High_Risk,Sweet32_Vulnerable_Cipher(3DES)|PFS_Disabled_Key_Compromise_Exposure
VPN-SES-00492,0xa7788819,IPv6,2,Transport,AES-GCM-256,Combined-AEAD,5,1,1,28800,25,Medium_Risk,Sub_2048bit_DH_Group_MODP1536
VPN-SES-00493,0x2d876a3e,IPv4,2,Tunnel,AES-GCM-128,Combined-AEAD,14,1,1,14400,0,Secure_Compliant,No_Vulnerabilities
VPN-SES-00494,0x9bf640ea,IPv4,1,Transport,AES-GCM-128,Combined-AEAD,20,1,0,1800,25,Medium_Risk,Anti_Replay_Protection_Disabled
VPN-SES-00495,0xde2cf16b,IPv4,1,Transport,AES-CBC-256,SHA512,19,1,1,7200,0,Secure_Compliant,No_Vulnerabilities
VPN-SES-00496,0x6069c057,IPv4,2,Tunnel,3DES,SHA256,2,0,1,7200,80,High_Risk,Sweet32_Vulnerable_Cipher(3DES)|Sub_2048bit_DH_Group_MODP1024|PFS_Disabled_Key_Compromise_Exposure
VPN-SES-00497,0xeb2d0fff,IPv4,2,Tunnel,AES-CBC-128,MD5,5,1,1,1800,65,High_Risk,Legacy_CBC_Mode_Padding_Oracle_Risk|Cryptographically_Broken_HMAC(MD5)|Sub_2048bit_DH_Group_MODP1536
VPN-SES-00498,0x154d35aa,IPv4,1,Tunnel,AES-CBC-256,SHA256,14,0,1,7200,15,Secure_Compliant,PFS_Disabled_Key_Compromise_Exposure
VPN-SES-00499,0x773d4de0,IPv4,2,Transport,AES-CBC-256,SHA1,5,1,1,86400,65,High_Risk,Cryptographically_Broken_HMAC(SHA1)|Sub_2048bit_DH_Group_MODP1536|Excessive_Key_Lifetime_Rekey_Exposure
VPN-SES-00500,0x6e4d9d2f,IPv4,1,Tunnel,AES-GCM-256,Combined-AEAD,14,1,1,28800,0,Secure_Compliant,No_Vulnerabilities
VPN-SES-00501,0xb4df08c5,IPv6,2,Tunnel,AES-GCM-256,Combined-AEAD,19,1,1,28800,0,Secure_Compliant,No_Vulnerabilities
VPN-SES-00502,0xa8982e99,IPv4,1,Transport,3DES,SHA256,14,1,1,3600,40,Medium_Risk,Sweet32_Vulnerable_Cipher(3DES)
VPN-SES-00503,0x16c0965d,IPv4,2,Transport,AES-CBC-128,SHA256,20,1,1,1800,10,Secure_Compliant,Legacy_CBC_Mode_Padding_Oracle_Risk
VPN-SES-00504,0x6665dd0b,IPv4,1,Transport,AES-GCM-256,Combined-AEAD,19,1,1,86400,10,Secure_Compliant,Excessive_Key_Lifetime_Rekey_Exposure
VPN-SES-00505,0xcec2e40d,IPv4,1,Transport,AES-CBC-128,SHA256,2,1,1,14400,35,Medium_Risk,Legacy_CBC_Mode_Padding_Oracle_Risk|Sub_2048bit_DH_Group_MODP1024
VPN-SES-00506,0xc94eb6f8,IPv4,1,Tunnel,AES-GCM-128,Combined-AEAD,2,1,1,28800,25,Medium_Risk,Sub_2048bit_DH_Group_MODP1024
VPN-SES-00507,0x352a95db,IPv4,2,Tunnel,AES-GCM-256,Combined-AEAD,14,1,1,1800,0,Secure_Compliant,No_Vulnerabilities
VPN-SES-00508,0x4745abe5,IPv4,2,Transport,AES-CBC-256,SHA256,19,1,1,3600,0,Secure_Compliant,No_Vulnerabilities
VPN-SES-00509,0xb15ecdba,IPv4,1,Transport,AES-CBC-256,SHA256,19,1,1,3600,0,Secure_Compliant,No_Vulnerabilities
VPN-SES-00510,0xd3649c91,IPv4,2,Tunnel,AES-CBC-128,SHA256,20,1,0,1800,35,Medium_Risk,Legacy_CBC_Mode_Padding_Oracle_Risk|Anti_Replay_Protection_Disabled
VPN-SES-00511,0x74076750,IPv4,1,Transport,AES-CBC-128,SHA256,20,1,1,7200,10,Secure_Compliant,Legacy_CBC_Mode_Padding_Oracle_Risk
VPN-SES-00512,0xd4e49929,IPv6,2,Tunnel,AES-GCM-128,Combined-AEAD,14,1,1,14400,0,Secure_Compliant,No_Vulnerabilities
VPN-SES-00513,0x39d374d6,IPv4,1,Tunnel,AES-CBC-128,SHA256,19,0,1,28800,25,Medium_Risk,Legacy_CBC_Mode_Padding_Oracle_Risk|PFS_Disabled_Key_Compromise_Exposure
VPN-SES-00514,0x4c8bc189,IPv4,2,Tunnel,AES-CBC-256,SHA256,20,1,1,14400,0,Secure_Compliant,No_Vulnerabilities
VPN-SES-00515,0xa28a77e5,IPv4,2,Transport,AES-GCM-128,Combined-AEAD,14,1,1,86400,10,Secure_Compliant,Excessive_Key_Lifetime_Rekey_Exposure
VPN-SES-00516,0x9a661d77,IPv4,1,Tunnel,AES-CBC-128,SHA256,19,0,1,86400,35,Medium_Risk,Legacy_CBC_Mode_Padding_Oracle_Risk|PFS_Disabled_Key_Compromise_Exposure|Excessive_Key_Lifetime_Rekey_Exposure
VPN-SES-00517,0x54bd8fcd,IPv4,1,Tunnel,AES-GCM-128,Combined-AEAD,20,1,1,1800,0,Secure_Compliant,No_Vulnerabilities
VPN-SES-00518,0x68c68877,IPv4,2,Tunnel,AES-GCM-256,Combined-AEAD,20,1,1,7200,0,Secure_Compliant,No_Vulnerabilities
VPN-SES-00519,0x726cea12,IPv4,2,Transport,AES-CBC-256,SHA256,20,1,1,28800,0,Secure_Compliant,No_Vulnerabilities
VPN-SES-00520,0xea3c3beb,IPv6,2,Tunnel,AES-CBC-256,SHA256,5,1,1,7200,25,Medium_Risk,Sub_2048bit_DH_Group_MODP1536
VPN-SES-00521,0x24611ef1,IPv4,2,Transport,AES-GCM-128,Combined-AEAD,19,1,1,7200,0,Secure_Compliant,No_Vulnerabilities
VPN-SES-00522,0xd1886c58,IPv4,2,Tunnel,AES-CBC-128,SHA1,19,0,1,28800,55,High_Risk,Legacy_CBC_Mode_Padding_Oracle_Risk|Cryptographically_Broken_HMAC(SHA1)|PFS_Disabled_Key_Compromise_Exposure
VPN-SES-00523,0x28edc1e6,IPv6,1,Tunnel,3DES,SHA512,14,1,1,86400,50,High_Risk,Sweet32_Vulnerable_Cipher(3DES)|Excessive_Key_Lifetime_Rekey_Exposure
VPN-SES-00524,0xcb853c91,IPv4,2,Transport,AES-CBC-256,SHA256,14,1,1,14400,0,Secure_Compliant,No_Vulnerabilities
VPN-SES-00525,0x8e225d5c,IPv6,2,Tunnel,AES-GCM-256,Combined-AEAD,14,1,1,14400,0,Secure_Compliant,No_Vulnerabilities
VPN-SES-00526,0x4ac5524f,IPv4,2,Transport,AES-CBC-128,SHA256,20,1,1,7200,10,Secure_Compliant,Legacy_CBC_Mode_Padding_Oracle_Risk
VPN-SES-00527,0xc0bb79d9,IPv4,2,Tunnel,AES-GCM-128,Combined-AEAD,14,1,1,3600,0,Secure_Compliant,No_Vulnerabilities
VPN-SES-00528,0x86935d1f,IPv4,2,Tunnel,AES-CBC-256,SHA256,19,0,1,7200,15,Secure_Compliant,PFS_Disabled_Key_Compromise_Exposure
VPN-SES-00529,0xb53a43d6,IPv4,2,Tunnel,AES-CBC-128,SHA512,19,1,1,3600,10,Secure_Compliant,Legacy_CBC_Mode_Padding_Oracle_Risk
VPN-SES-00530,0xea970edb,IPv4,2,Tunnel,AES-CBC-256,SHA256,5,1,1,3600,25,Medium_Risk,Sub_2048bit_DH_Group_MODP1536
VPN-SES-00531,0x3ca0ed97,IPv4,2,Tunnel,AES-GCM-128,Combined-AEAD,14,1,1,86400,10,Secure_Compliant,Excessive_Key_Lifetime_Rekey_Exposure
VPN-SES-00532,0xcaad0da4,IPv4,2,Transport,AES-CBC-128,SHA512,14,1,1,86400,20,Medium_Risk,Legacy_CBC_Mode_Padding_Oracle_Risk|Excessive_Key_Lifetime_Rekey_Exposure
VPN-SES-00533,0xeaed71e5,IPv4,2,Tunnel,AES-CBC-256,SHA512,20,1,1,1800,0,Secure_Compliant,No_Vulnerabilities
VPN-SES-00534,0xcc23db22,IPv4,2,Tunnel,AES-GCM-256,Combined-AEAD,14,1,1,86400,10,Secure_Compliant,Excessive_Key_Lifetime_Rekey_Exposure
VPN-SES-00535,0x9776b75f,IPv4,2,Transport,AES-GCM-128,Combined-AEAD,19,0,1,14400,15,Secure_Compliant,PFS_Disabled_Key_Compromise_Exposure
VPN-SES-00536,0x30f985d8,IPv4,1,Transport,AES-GCM-256,Combined-AEAD,20,1,1,1800,0,Secure_Compliant,No_Vulnerabilities
VPN-SES-00537,0x3975cef7,IPv4,2,Tunnel,AES-CBC-128,SHA256,14,1,1,14400,10,Secure_Compliant,Legacy_CBC_Mode_Padding_Oracle_Risk
VPN-SES-00538,0xbd545be9,IPv4,2,Tunnel,AES-GCM-256,Combined-AEAD,20,0,1,3600,15,Secure_Compliant,PFS_Disabled_Key_Compromise_Exposure
VPN-SES-00539,0x94506864,IPv4,1,Transport,AES-CBC-128,SHA256,20,0,1,1800,25,Medium_Risk,Legacy_CBC_Mode_Padding_Oracle_Risk|PFS_Disabled_Key_Compromise_Exposure
VPN-SES-00540,0x8262c8cb,IPv4,2,Tunnel,3DES,SHA1,2,0,1,3600,110,High_Risk,Sweet32_Vulnerable_Cipher(3DES)|Cryptographically_Broken_HMAC(SHA1)|Sub_2048bit_DH_Group_MODP1024|PFS_Disabled_Key_Compromise_Exposure
VPN-SES-00541,0xf9f746e7,IPv4,2,Tunnel,AES-CBC-256,SHA256,20,0,1,86400,25,Medium_Risk,PFS_Disabled_Key_Compromise_Exposure|Excessive_Key_Lifetime_Rekey_Exposure
VPN-SES-00542,0x71cb03f3,IPv4,2,Tunnel,AES-GCM-256,Combined-AEAD,14,1,1,3600,0,Secure_Compliant,No_Vulnerabilities
VPN-SES-00543,0x1d0d13d3,IPv4,2,Transport,AES-CBC-128,SHA1,2,0,1,1800,80,High_Risk,Legacy_CBC_Mode_Padding_Oracle_Risk|Cryptographically_Broken_HMAC(SHA1)|Sub_2048bit_DH_Group_MODP1024|PFS_Disabled_Key_Compromise_Exposure
VPN-SES-00544,0x3363bd37,IPv6,1,Tunnel,AES-GCM-256,Combined-AEAD,14,1,1,14400,0,Secure_Compliant,No_Vulnerabilities
VPN-SES-00545,0xc9e89990,IPv6,2,Tunnel,AES-GCM-256,Combined-AEAD,14,1,1,28800,0,Secure_Compliant,No_Vulnerabilities
VPN-SES-00546,0xa4bea0bd,IPv4,2,Transport,AES-CBC-256,SHA256,2,1,1,86400,35,Medium_Risk,Sub_2048bit_DH_Group_MODP1024|Excessive_Key_Lifetime_Rekey_Exposure
VPN-SES-00547,0x7818f77e,IPv4,2,Tunnel,AES-GCM-256,Combined-AEAD,20,1,1,14400,0,Secure_Compliant,No_Vulnerabilities
VPN-SES-00548,0xc6f8dba9,IPv4,2,Tunnel,AES-CBC-256,MD5,5,0,1,7200,70,High_Risk,Cryptographically_Broken_HMAC(MD5)|Sub_2048bit_DH_Group_MODP1536|PFS_Disabled_Key_Compromise_Exposure
VPN-SES-00549,0xc33ff435,IPv4,2,Tunnel,AES-GCM-128,Combined-AEAD,14,1,1,14400,0,Secure_Compliant,No_Vulnerabilities
VPN-SES-00550,0x7193dc3d,IPv6,2,Tunnel,AES-CBC-256,SHA256,20,1,0,1800,25,Medium_Risk,Anti_Replay_Protection_Disabled
VPN-SES-00551,0x63e11f55,IPv4,2,Tunnel,3DES,SHA256,19,1,1,28800,40,Medium_Risk,Sweet32_Vulnerable_Cipher(3DES)
VPN-SES-00552,0x4139c12d,IPv4,2,Transport,AES-CBC-128,SHA512,14,1,1,3600,10,Secure_Compliant,Legacy_CBC_Mode_Padding_Oracle_Risk
VPN-SES-00553,0xea0eb3c3,IPv4,2,Transport,AES-CBC-256,SHA256,2,1,1,1800,25,Medium_Risk,Sub_2048bit_DH_Group_MODP1024
VPN-SES-00554,0xfe4401c9,IPv4,2,Tunnel,AES-CBC-256,SHA512,14,0,1,14400,15,Secure_Compliant,PFS_Disabled_Key_Compromise_Exposure
VPN-SES-00555,0x72c8570e,IPv4,2,Tunnel,AES-CBC-256,SHA512,5,1,1,3600,25,Medium_Risk,Sub_2048bit_DH_Group_MODP1536
VPN-SES-00556,0x23a2dc03,IPv4,1,Transport,AES-GCM-128,Combined-AEAD,14,1,1,86400,10,Secure_Compliant,Excessive_Key_Lifetime_Rekey_Exposure
VPN-SES-00557,0x41c1b3f3,IPv4,1,Tunnel,AES-CBC-128,SHA256,14,0,1,3600,25,Medium_Risk,Legacy_CBC_Mode_Padding_Oracle_Risk|PFS_Disabled_Key_Compromise_Exposure
VPN-SES-00558,0x6c05dcee,IPv4,2,Tunnel,AES-CBC-128,SHA256,14,0,1,3600,25,Medium_Risk,Legacy_CBC_Mode_Padding_Oracle_Risk|PFS_Disabled_Key_Compromise_Exposure
VPN-SES-00559,0xa94e4303,IPv4,1,Transport,AES-CBC-256,SHA1,14,0,1,3600,45,High_Risk,Cryptographically_Broken_HMAC(SHA1)|PFS_Disabled_Key_Compromise_Exposure
VPN-SES-00560,0x2cdbd909,IPv4,2,Tunnel,AES-CBC-256,SHA512,20,1,1,28800,0,Secure_Compliant,No_Vulnerabilities
VPN-SES-00561,0x5ba408a8,IPv4,1,Tunnel,3DES,SHA256,20,0,1,3600,55,High_Risk,Sweet32_Vulnerable_Cipher(3DES)|PFS_Disabled_Key_Compromise_Exposure
VPN-SES-00562,0xf7270909,IPv6,2,Tunnel,AES-GCM-128,Combined-AEAD,14,0,0,86400,50,High_Risk,PFS_Disabled_Key_Compromise_Exposure|Anti_Replay_Protection_Disabled|Excessive_Key_Lifetime_Rekey_Exposure
VPN-SES-00563,0x9dd064e3,IPv4,1,Tunnel,AES-GCM-128,Combined-AEAD,5,1,1,28800,25,Medium_Risk,Sub_2048bit_DH_Group_MODP1536
VPN-SES-00564,0x23d94ad0,IPv4,2,Transport,AES-CBC-256,SHA1,20,0,1,7200,45,High_Risk,Cryptographically_Broken_HMAC(SHA1)|PFS_Disabled_Key_Compromise_Exposure
VPN-SES-00565,0xcf79dcb6,IPv4,1,Tunnel,AES-GCM-128,Combined-AEAD,2,1,1,28800,25,Medium_Risk,Sub_2048bit_DH_Group_MODP1024
VPN-SES-00566,0xfa8f37c7,IPv4,1,Transport,AES-CBC-128,SHA256,20,1,1,3600,10,Secure_Compliant,Legacy_CBC_Mode_Padding_Oracle_Risk
VPN-SES-00567,0xc441a695,IPv6,2,Tunnel,AES-CBC-256,SHA256,5,1,1,3600,25,Medium_Risk,Sub_2048bit_DH_Group_MODP1536
VPN-SES-00568,0x276a5eb8,IPv4,1,Tunnel,AES-CBC-128,SHA256,20,1,1,7200,10,Secure_Compliant,Legacy_CBC_Mode_Padding_Oracle_Risk
VPN-SES-00569,0x51a51d1f,IPv4,2,Transport,AES-GCM-256,Combined-AEAD,14,1,1,86400,10,Secure_Compliant,Excessive_Key_Lifetime_Rekey_Exposure
VPN-SES-00570,0x8960e810,IPv4,1,Tunnel,AES-CBC-128,SHA512,19,0,1,3600,25,Medium_Risk,Legacy_CBC_Mode_Padding_Oracle_Risk|PFS_Disabled_Key_Compromise_Exposure
VPN-SES-00571,0x9bb107de,IPv4,2,Transport,AES-CBC-256,SHA256,19,0,1,28800,15,Secure_Compliant,PFS_Disabled_Key_Compromise_Exposure
VPN-SES-00572,0x6315de9a,IPv4,1,Tunnel,AES-GCM-128,Combined-AEAD,19,1,1,1800,0,Secure_Compliant,No_Vulnerabilities
VPN-SES-00573,0xc3e3f68f,IPv4,1,Tunnel,AES-GCM-128,Combined-AEAD,20,1,1,7200,0,Secure_Compliant,No_Vulnerabilities
VPN-SES-00574,0x1b382c49,IPv4,2,Tunnel,AES-GCM-128,Combined-AEAD,20,1,1,7200,0,Secure_Compliant,No_Vulnerabilities
VPN-SES-00575,0x66393a74,IPv4,2,Tunnel,AES-CBC-256,SHA256,19,1,1,7200,0,Secure_Compliant,No_Vulnerabilities
VPN-SES-00576,0x8071878c,IPv4,2,Tunnel,AES-CBC-128,SHA256,14,1,1,3600,10,Secure_Compliant,Legacy_CBC_Mode_Padding_Oracle_Risk
VPN-SES-00577,0x64be6170,IPv4,2,Tunnel,3DES,MD5,20,1,1,7200,70,High_Risk,Sweet32_Vulnerable_Cipher(3DES)|Cryptographically_Broken_HMAC(MD5)
VPN-SES-00578,0xfc6c6fcc,IPv6,2,Tunnel,AES-CBC-256,SHA512,14,1,1,3600,0,Secure_Compliant,No_Vulnerabilities
VPN-SES-00579,0x343711ee,IPv4,2,Tunnel,AES-CBC-128,SHA512,20,1,1,14400,10,Secure_Compliant,Legacy_CBC_Mode_Padding_Oracle_Risk
VPN-SES-00580,0xb9065b41,IPv6,1,Tunnel,AES-GCM-128,Combined-AEAD,14,1,1,86400,10,Secure_Compliant,Excessive_Key_Lifetime_Rekey_Exposure
VPN-SES-00581,0xd5eba017,IPv4,2,Tunnel,AES-GCM-256,Combined-AEAD,19,0,1,14400,15,Secure_Compliant,PFS_Disabled_Key_Compromise_Exposure
VPN-SES-00582,0x575ce39f,IPv6,2,Transport,AES-GCM-256,Combined-AEAD,19,0,1,7200,15,Secure_Compliant,PFS_Disabled_Key_Compromise_Exposure
VPN-SES-00583,0x783b81bc,IPv4,2,Tunnel,AES-GCM-256,Combined-AEAD,14,1,1,14400,0,Secure_Compliant,No_Vulnerabilities
VPN-SES-00584,0x1777cad1,IPv4,2,Transport,AES-GCM-256,Combined-AEAD,2,1,1,28800,25,Medium_Risk,Sub_2048bit_DH_Group_MODP1024
VPN-SES-00585,0x85e3a0a3,IPv4,2,Transport,AES-CBC-128,SHA256,5,1,1,7200,35,Medium_Risk,Legacy_CBC_Mode_Padding_Oracle_Risk|Sub_2048bit_DH_Group_MODP1536
VPN-SES-00586,0x312552fa,IPv4,2,Tunnel,AES-GCM-256,Combined-AEAD,2,1,1,14400,25,Medium_Risk,Sub_2048bit_DH_Group_MODP1024
VPN-SES-00587,0x581faf4b,IPv4,2,Transport,AES-CBC-256,MD5,14,0,1,3600,45,High_Risk,Cryptographically_Broken_HMAC(MD5)|PFS_Disabled_Key_Compromise_Exposure
VPN-SES-00588,0xd742bbaf,IPv4,2,Transport,AES-CBC-128,SHA256,14,1,1,7200,10,Secure_Compliant,Legacy_CBC_Mode_Padding_Oracle_Risk
VPN-SES-00589,0x3481216b,IPv4,2,Transport,AES-CBC-256,SHA512,5,1,1,14400,25,Medium_Risk,Sub_2048bit_DH_Group_MODP1536
VPN-SES-00590,0x5f171a4e,IPv4,1,Transport,AES-CBC-256,SHA256,14,0,1,1800,15,Secure_Compliant,PFS_Disabled_Key_Compromise_Exposure
VPN-SES-00591,0xfa88d27d,IPv4,2,Tunnel,AES-CBC-256,SHA512,14,1,1,28800,0,Secure_Compliant,No_Vulnerabilities
VPN-SES-00592,0x2c89a238,IPv4,2,Tunnel,AES-GCM-256,Combined-AEAD,19,1,1,14400,0,Secure_Compliant,No_Vulnerabilities
VPN-SES-00593,0x3a1b41ed,IPv4,2,Tunnel,AES-GCM-128,Combined-AEAD,14,0,1,3600,15,Secure_Compliant,PFS_Disabled_Key_Compromise_Exposure
VPN-SES-00594,0x4a04e4d7,IPv4,2,Tunnel,3DES,SHA256,20,1,1,28800,40,Medium_Risk,Sweet32_Vulnerable_Cipher(3DES)
VPN-SES-00595,0xbd8264e3,IPv4,2,Transport,AES-GCM-256,Combined-AEAD,14,1,1,86400,10,Secure_Compliant,Excessive_Key_Lifetime_Rekey_Exposure
VPN-SES-00596,0x689a691e,IPv4,2,Tunnel,AES-CBC-128,SHA512,20,1,1,86400,20,Medium_Risk,Legacy_CBC_Mode_Padding_Oracle_Risk|Excessive_Key_Lifetime_Rekey_Exposure
VPN-SES-00597,0x56997fc2,IPv4,1,Tunnel,AES-CBC-256,SHA512,20,1,1,7200,0,Secure_Compliant,No_Vulnerabilities
VPN-SES-00598,0x89e49119,IPv4,1,Tunnel,AES-GCM-128,Combined-AEAD,20,1,1,14400,0,Secure_Compliant,No_Vulnerabilities
VPN-SES-00599,0x43a83451,IPv4,2,Transport,AES-GCM-256,Combined-AEAD,14,1,1,14400,0,Secure_Compliant,No_Vulnerabilities
VPN-SES-00600,0xbcc9874d,IPv4,2,Tunnel,AES-CBC-256,SHA256,19,1,1,3600,0,Secure_Compliant,No_Vulnerabilities
VPN-SES-00601,0x104e0721,IPv4,1,Transport,AES-CBC-256,SHA256,19,1,1,14400,0,Secure_Compliant,No_Vulnerabilities
VPN-SES-00602,0xc2297aff,IPv4,2,Tunnel,AES-CBC-256,SHA256,2,1,1,28800,25,Medium_Risk,Sub_2048bit_DH_Group_MODP1024
VPN-SES-00603,0x7f438da3,IPv4,1,Transport,AES-GCM-256,Combined-AEAD,20,0,1,86400,25,Medium_Risk,PFS_Disabled_Key_Compromise_Exposure|Excessive_Key_Lifetime_Rekey_Exposure
VPN-SES-00604,0x3bdcc3d7,IPv4,1,Tunnel,AES-CBC-256,SHA256,14,1,1,86400,10,Secure_Compliant,Excessive_Key_Lifetime_Rekey_Exposure
VPN-SES-00605,0x5d40e14f,IPv4,2,Tunnel,AES-GCM-256,Combined-AEAD,5,1,1,1800,25,Medium_Risk,Sub_2048bit_DH_Group_MODP1536
VPN-SES-00606,0x1097d5f0,IPv4,2,Tunnel,AES-GCM-256,Combined-AEAD,19,1,1,7200,0,Secure_Compliant,No_Vulnerabilities
VPN-SES-00607,0x9122a1db,IPv4,2,Tunnel,AES-GCM-128,Combined-AEAD,14,0,1,86400,25,Medium_Risk,PFS_Disabled_Key_Compromise_Exposure|Excessive_Key_Lifetime_Rekey_Exposure
VPN-SES-00608,0xda978dfa,IPv4,2,Transport,AES-GCM-256,Combined-AEAD,19,0,1,3600,15,Secure_Compliant,PFS_Disabled_Key_Compromise_Exposure
VPN-SES-00609,0xbb9a9585,IPv4,2,Transport,AES-GCM-256,Combined-AEAD,14,1,1,28800,0,Secure_Compliant,No_Vulnerabilities
VPN-SES-00610,0x39d5039a,IPv4,2,Tunnel,AES-CBC-256,SHA256,20,1,1,86400,10,Secure_Compliant,Excessive_Key_Lifetime_Rekey_Exposure
VPN-SES-00611,0xa5be2ff6,IPv4,2,Tunnel,AES-CBC-256,SHA256,20,1,1,3600,0,Secure_Compliant,No_Vulnerabilities
VPN-SES-00612,0xe30a835d,IPv4,2,Tunnel,AES-GCM-256,Combined-AEAD,14,1,1,28800,0,Secure_Compliant,No_Vulnerabilities
VPN-SES-00613,0x41ff18f9,IPv4,2,Tunnel,AES-CBC-128,SHA512,14,1,1,1800,10,Secure_Compliant,Legacy_CBC_Mode_Padding_Oracle_Risk
VPN-SES-00614,0xc3b5ab5c,IPv4,2,Tunnel,AES-CBC-128,SHA512,14,1,1,3600,10,Secure_Compliant,Legacy_CBC_Mode_Padding_Oracle_Risk
VPN-SES-00615,0x6157cf3e,IPv4,2,Tunnel,AES-CBC-128,SHA256,19,1,1,3600,10,Secure_Compliant,Legacy_CBC_Mode_Padding_Oracle_Risk
VPN-SES-00616,0xe42e937c,IPv4,1,Tunnel,AES-CBC-256,SHA512,5,1,1,14400,25,Medium_Risk,Sub_2048bit_DH_Group_MODP1536
VPN-SES-00617,0x582202f9,IPv4,2,Tunnel,AES-GCM-128,Combined-AEAD,14,1,1,86400,10,Secure_Compliant,Excessive_Key_Lifetime_Rekey_Exposure
VPN-SES-00618,0x92d621dd,IPv6,2,Tunnel,AES-GCM-256,Combined-AEAD,2,1,1,14400,25,Medium_Risk,Sub_2048bit_DH_Group_MODP1024
VPN-SES-00619,0x639e832e,IPv6,2,Tunnel,AES-GCM-256,Combined-AEAD,14,0,1,86400,25,Medium_Risk,PFS_Disabled_Key_Compromise_Exposure|Excessive_Key_Lifetime_Rekey_Exposure
VPN-SES-00620,0xf3b89773,IPv4,1,Transport,AES-CBC-256,SHA512,20,0,1,86400,25,Medium_Risk,PFS_Disabled_Key_Compromise_Exposure|Excessive_Key_Lifetime_Rekey_Exposure
VPN-SES-00621,0x1035c555,IPv4,2,Tunnel,AES-GCM-128,Combined-AEAD,14,0,1,1800,15,Secure_Compliant,PFS_Disabled_Key_Compromise_Exposure
VPN-SES-00622,0x8793231f,IPv4,2,Transport,AES-GCM-256,Combined-AEAD,19,1,1,28800,0,Secure_Compliant,No_Vulnerabilities
VPN-SES-00623,0x55d81a45,IPv4,2,Tunnel,AES-CBC-256,SHA256,5,1,0,7200,50,High_Risk,Sub_2048bit_DH_Group_MODP1536|Anti_Replay_Protection_Disabled
VPN-SES-00624,0xb142070e,IPv4,2,Tunnel,AES-GCM-256,Combined-AEAD,5,1,1,28800,25,Medium_Risk,Sub_2048bit_DH_Group_MODP1536
VPN-SES-00625,0x1809c464,IPv4,1,Tunnel,AES-CBC-256,SHA256,19,0,1,3600,15,Secure_Compliant,PFS_Disabled_Key_Compromise_Exposure
VPN-SES-00626,0x7a7e95d2,IPv4,2,Tunnel,AES-GCM-256,Combined-AEAD,19,1,0,3600,25,Medium_Risk,Anti_Replay_Protection_Disabled
VPN-SES-00627,0x52d4c734,IPv4,2,Tunnel,AES-CBC-256,SHA512,20,1,1,28800,0,Secure_Compliant,No_Vulnerabilities
VPN-SES-00628,0xfddb2d45,IPv4,2,Transport,AES-GCM-256,Combined-AEAD,14,1,1,7200,0,Secure_Compliant,No_Vulnerabilities
VPN-SES-00629,0x9a8b0677,IPv4,2,Transport,AES-CBC-128,SHA256,5,1,1,28800,35,Medium_Risk,Legacy_CBC_Mode_Padding_Oracle_Risk|Sub_2048bit_DH_Group_MODP1536
VPN-SES-00630,0xee71a4ac,IPv4,1,Transport,AES-GCM-256,Combined-AEAD,19,1,1,3600,0,Secure_Compliant,No_Vulnerabilities
VPN-SES-00631,0xfa8e8131,IPv4,1,Transport,AES-CBC-256,SHA1,14,1,1,7200,30,Medium_Risk,Cryptographically_Broken_HMAC(SHA1)
VPN-SES-00632,0xa9d2f7f2,IPv4,2,Tunnel,AES-CBC-256,SHA256,5,1,1,3600,25,Medium_Risk,Sub_2048bit_DH_Group_MODP1536
VPN-SES-00633,0x5ae3ba94,IPv4,2,Tunnel,AES-CBC-256,SHA256,20,1,1,1800,0,Secure_Compliant,No_Vulnerabilities
VPN-SES-00634,0x14579d6f,IPv6,2,Tunnel,AES-GCM-128,Combined-AEAD,5,1,1,14400,25,Medium_Risk,Sub_2048bit_DH_Group_MODP1536
VPN-SES-00635,0xb90b9810,IPv4,2,Transport,AES-GCM-256,Combined-AEAD,14,1,1,14400,0,Secure_Compliant,No_Vulnerabilities
VPN-SES-00636,0x38eda191,IPv4,2,Tunnel,AES-CBC-128,SHA256,19,0,1,14400,25,Medium_Risk,Legacy_CBC_Mode_Padding_Oracle_Risk|PFS_Disabled_Key_Compromise_Exposure
VPN-SES-00637,0x48942fe2,IPv4,2,Tunnel,AES-GCM-128,Combined-AEAD,19,1,0,86400,35,Medium_Risk,Anti_Replay_Protection_Disabled|Excessive_Key_Lifetime_Rekey_Exposure
VPN-SES-00638,0x97f766a9,IPv4,2,Tunnel,AES-CBC-256,SHA1,14,0,1,3600,45,High_Risk,Cryptographically_Broken_HMAC(SHA1)|PFS_Disabled_Key_Compromise_Exposure
VPN-SES-00639,0xec5bb24f,IPv4,2,Tunnel,AES-CBC-256,SHA256,19,0,1,3600,15,Secure_Compliant,PFS_Disabled_Key_Compromise_Exposure
VPN-SES-00640,0x2398592b,IPv6,1,Tunnel,AES-CBC-256,SHA512,19,0,1,86400,25,Medium_Risk,PFS_Disabled_Key_Compromise_Exposure|Excessive_Key_Lifetime_Rekey_Exposure
VPN-SES-00641,0x840aa8ad,IPv4,1,Transport,AES-CBC-256,SHA256,2,1,1,14400,25,Medium_Risk,Sub_2048bit_DH_Group_MODP1024
VPN-SES-00642,0x32c2ca83,IPv4,2,Tunnel,AES-CBC-128,SHA256,14,1,1,1800,10,Secure_Compliant,Legacy_CBC_Mode_Padding_Oracle_Risk
VPN-SES-00643,0x884aed02,IPv6,2,Transport,AES-CBC-128,SHA256,14,1,1,7200,10,Secure_Compliant,Legacy_CBC_Mode_Padding_Oracle_Risk
VPN-SES-00644,0x321c08a3,IPv6,2,Transport,AES-GCM-256,Combined-AEAD,2,1,1,3600,25,Medium_Risk,Sub_2048bit_DH_Group_MODP1024
VPN-SES-00645,0x55a917a0,IPv4,1,Tunnel,AES-GCM-256,Combined-AEAD,14,1,1,28800,0,Secure_Compliant,No_Vulnerabilities
VPN-SES-00646,0xe516f81c,IPv4,2,Tunnel,AES-CBC-256,SHA1,20,0,1,14400,45,High_Risk,Cryptographically_Broken_HMAC(SHA1)|PFS_Disabled_Key_Compromise_Exposure
VPN-SES-00647,0x4e4f22ba,IPv4,1,Transport,3DES,SHA512,14,1,1,1800,40,Medium_Risk,Sweet32_Vulnerable_Cipher(3DES)
VPN-SES-00648,0xe336a508,IPv6,1,Tunnel,AES-GCM-256,Combined-AEAD,5,1,1,14400,25,Medium_Risk,Sub_2048bit_DH_Group_MODP1536
VPN-SES-00649,0xe2c351c2,IPv6,2,Transport,AES-CBC-256,MD5,19,1,1,7200,30,Medium_Risk,Cryptographically_Broken_HMAC(MD5)
VPN-SES-00650,0xc129a6a4,IPv4,2,Tunnel,3DES,SHA1,14,0,1,28800,85,High_Risk,Sweet32_Vulnerable_Cipher(3DES)|Cryptographically_Broken_HMAC(SHA1)|PFS_Disabled_Key_Compromise_Exposure
VPN-SES-00651,0x2c0a8411,IPv4,2,Tunnel,AES-CBC-256,SHA1,14,0,1,86400,55,High_Risk,Cryptographically_Broken_HMAC(SHA1)|PFS_Disabled_Key_Compromise_Exposure|Excessive_Key_Lifetime_Rekey_Exposure
VPN-SES-00652,0xedc096d2,IPv4,1,Transport,AES-CBC-128,SHA256,2,0,1,3600,50,High_Risk,Legacy_CBC_Mode_Padding_Oracle_Risk|Sub_2048bit_DH_Group_MODP1024|PFS_Disabled_Key_Compromise_Exposure
VPN-SES-00653,0xe205bba8,IPv4,1,Tunnel,AES-CBC-256,SHA512,19,1,1,14400,0,Secure_Compliant,No_Vulnerabilities
VPN-SES-00654,0xb550a4d1,IPv4,2,Tunnel,AES-GCM-128,Combined-AEAD,20,1,1,3600,0,Secure_Compliant,No_Vulnerabilities
VPN-SES-00655,0x48f53fd1,IPv4,2,Tunnel,AES-GCM-256,Combined-AEAD,5,1,1,28800,25,Medium_Risk,Sub_2048bit_DH_Group_MODP1536
VPN-SES-00656,0x9f5d0e9f,IPv4,2,Tunnel,AES-CBC-256,SHA256,20,1,1,7200,0,Secure_Compliant,No_Vulnerabilities
VPN-SES-00657,0x3cfffc6b,IPv4,1,Transport,AES-GCM-256,Combined-AEAD,19,0,1,1800,15,Secure_Compliant,PFS_Disabled_Key_Compromise_Exposure
VPN-SES-00658,0xcb5d13c5,IPv4,2,Transport,AES-CBC-256,SHA512,2,1,1,3600,25,Medium_Risk,Sub_2048bit_DH_Group_MODP1024
VPN-SES-00659,0xaf14256f,IPv4,2,Transport,AES-CBC-256,SHA256,20,1,1,14400,0,Secure_Compliant,No_Vulnerabilities
VPN-SES-00660,0x35445d8c,IPv4,1,Tunnel,AES-CBC-128,MD5,19,1,1,28800,40,Medium_Risk,Legacy_CBC_Mode_Padding_Oracle_Risk|Cryptographically_Broken_HMAC(MD5)
VPN-SES-00661,0xb48fb9e9,IPv4,2,Transport,AES-GCM-128,Combined-AEAD,14,0,1,28800,15,Secure_Compliant,PFS_Disabled_Key_Compromise_Exposure
VPN-SES-00662,0x15f0604a,IPv6,2,Tunnel,3DES,SHA512,20,1,1,3600,40,Medium_Risk,Sweet32_Vulnerable_Cipher(3DES)
VPN-SES-00663,0x43dfeff6,IPv4,1,Transport,AES-CBC-256,SHA256,14,1,1,1800,0,Secure_Compliant,No_Vulnerabilities
VPN-SES-00664,0x87756059,IPv4,2,Tunnel,AES-GCM-128,Combined-AEAD,20,1,1,3600,0,Secure_Compliant,No_Vulnerabilities
VPN-SES-00665,0xc4c77a96,IPv4,1,Tunnel,AES-CBC-256,SHA512,14,1,1,14400,0,Secure_Compliant,No_Vulnerabilities
VPN-SES-00666,0xf726f649,IPv4,1,Transport,AES-GCM-128,Combined-AEAD,19,1,1,28800,0,Secure_Compliant,No_Vulnerabilities
VPN-SES-00667,0x726b6e7a,IPv4,2,Transport,AES-GCM-256,Combined-AEAD,14,1,0,14400,25,Medium_Risk,Anti_Replay_Protection_Disabled
VPN-SES-00668,0x330f6359,IPv4,2,Transport,AES-CBC-128,MD5,20,1,1,1800,40,Medium_Risk,Legacy_CBC_Mode_Padding_Oracle_Risk|Cryptographically_Broken_HMAC(MD5)
VPN-SES-00669,0x777ee2ce,IPv4,2,Tunnel,AES-GCM-256,Combined-AEAD,20,0,1,1800,15,Secure_Compliant,PFS_Disabled_Key_Compromise_Exposure
VPN-SES-00670,0x2f4db543,IPv4,2,Tunnel,AES-GCM-128,Combined-AEAD,20,0,1,1800,15,Secure_Compliant,PFS_Disabled_Key_Compromise_Exposure
VPN-SES-00671,0x866b6138,IPv4,2,Tunnel,AES-CBC-128,SHA256,2,1,1,14400,35,Medium_Risk,Legacy_CBC_Mode_Padding_Oracle_Risk|Sub_2048bit_DH_Group_MODP1024
VPN-SES-00672,0x72216ec6,IPv4,1,Tunnel,AES-GCM-128,Combined-AEAD,14,1,1,14400,0,Secure_Compliant,No_Vulnerabilities
VPN-SES-00673,0xca045dfb,IPv4,2,Transport,AES-GCM-128,Combined-AEAD,14,0,1,14400,15,Secure_Compliant,PFS_Disabled_Key_Compromise_Exposure
VPN-SES-00674,0x1242fb7e,IPv4,2,Tunnel,AES-CBC-256,MD5,14,1,1,86400,40,Medium_Risk,Cryptographically_Broken_HMAC(MD5)|Excessive_Key_Lifetime_Rekey_Exposure
VPN-SES-00675,0x8b6de071,IPv4,1,Transport,AES-GCM-256,Combined-AEAD,19,1,1,14400,0,Secure_Compliant,No_Vulnerabilities
VPN-SES-00676,0x3cfc142d,IPv6,2,Transport,3DES,SHA256,20,0,1,86400,65,High_Risk,Sweet32_Vulnerable_Cipher(3DES)|PFS_Disabled_Key_Compromise_Exposure|Excessive_Key_Lifetime_Rekey_Exposure
VPN-SES-00677,0x67a9b67f,IPv4,2,Transport,AES-CBC-128,SHA1,20,0,1,14400,55,High_Risk,Legacy_CBC_Mode_Padding_Oracle_Risk|Cryptographically_Broken_HMAC(SHA1)|PFS_Disabled_Key_Compromise_Exposure
VPN-SES-00678,0x8e460b4e,IPv4,1,Transport,AES-CBC-256,SHA512,14,1,1,28800,0,Secure_Compliant,No_Vulnerabilities
VPN-SES-00679,0x6d06fdc3,IPv4,2,Transport,3DES,MD5,19,0,1,3600,85,High_Risk,Sweet32_Vulnerable_Cipher(3DES)|Cryptographically_Broken_HMAC(MD5)|PFS_Disabled_Key_Compromise_Exposure
VPN-SES-00680,0x2d0fc8c2,IPv6,2,Transport,AES-CBC-128,SHA512,19,0,1,28800,25,Medium_Risk,Legacy_CBC_Mode_Padding_Oracle_Risk|PFS_Disabled_Key_Compromise_Exposure
VPN-SES-00681,0xa933a462,IPv4,2,Transport,AES-GCM-128,Combined-AEAD,20,0,1,14400,15,Secure_Compliant,PFS_Disabled_Key_Compromise_Exposure
VPN-SES-00682,0x30cbbd96,IPv4,2,Transport,AES-CBC-256,SHA256,14,1,1,1800,0,Secure_Compliant,No_Vulnerabilities
VPN-SES-00683,0x20134e94,IPv4,2,Tunnel,3DES,SHA1,14,1,1,86400,80,High_Risk,Sweet32_Vulnerable_Cipher(3DES)|Cryptographically_Broken_HMAC(SHA1)|Excessive_Key_Lifetime_Rekey_Exposure
VPN-SES-00684,0xec26f6c0,IPv4,1,Transport,AES-CBC-128,SHA512,19,1,1,28800,10,Secure_Compliant,Legacy_CBC_Mode_Padding_Oracle_Risk
VPN-SES-00685,0x4c06c2b3,IPv6,2,Tunnel,AES-CBC-256,SHA1,20,1,1,14400,30,Medium_Risk,Cryptographically_Broken_HMAC(SHA1)
VPN-SES-00686,0xa5ea0734,IPv4,2,Tunnel,AES-GCM-256,Combined-AEAD,2,0,1,86400,50,High_Risk,Sub_2048bit_DH_Group_MODP1024|PFS_Disabled_Key_Compromise_Exposure|Excessive_Key_Lifetime_Rekey_Exposure
VPN-SES-00687,0xa4a9922e,IPv4,2,Tunnel,AES-GCM-256,Combined-AEAD,19,0,1,1800,15,Secure_Compliant,PFS_Disabled_Key_Compromise_Exposure
VPN-SES-00688,0x48e1a05d,IPv4,2,Tunnel,AES-GCM-256,Combined-AEAD,20,0,1,1800,15,Secure_Compliant,PFS_Disabled_Key_Compromise_Exposure
VPN-SES-00689,0xe37f6059,IPv4,2,Tunnel,AES-CBC-128,SHA512,20,1,1,86400,20,Medium_Risk,Legacy_CBC_Mode_Padding_Oracle_Risk|Excessive_Key_Lifetime_Rekey_Exposure
VPN-SES-00690,0xe19c2f8c,IPv4,2,Tunnel,AES-CBC-256,SHA256,14,1,1,14400,0,Secure_Compliant,No_Vulnerabilities
VPN-SES-00691,0xd2d52a58,IPv4,1,Tunnel,AES-GCM-128,Combined-AEAD,5,1,1,7200,25,Medium_Risk,Sub_2048bit_DH_Group_MODP1536
VPN-SES-00692,0x4c054c3f,IPv4,2,Tunnel,AES-GCM-128,Combined-AEAD,14,0,1,7200,15,Secure_Compliant,PFS_Disabled_Key_Compromise_Exposure
VPN-SES-00693,0xc1aa6e6d,IPv4,1,Tunnel,AES-GCM-128,Combined-AEAD,2,0,1,86400,50,High_Risk,Sub_2048bit_DH_Group_MODP1024|PFS_Disabled_Key_Compromise_Exposure|Excessive_Key_Lifetime_Rekey_Exposure
VPN-SES-00694,0x4a573c6e,IPv6,2,Tunnel,AES-CBC-256,SHA256,2,1,1,3600,25,Medium_Risk,Sub_2048bit_DH_Group_MODP1024
VPN-SES-00695,0xd6ae96ec,IPv4,1,Tunnel,AES-CBC-256,SHA256,14,1,1,28800,0,Secure_Compliant,No_Vulnerabilities
VPN-SES-00696,0x16297a2a,IPv6,2,Tunnel,AES-CBC-256,MD5,19,1,1,1800,30,Medium_Risk,Cryptographically_Broken_HMAC(MD5)
VPN-SES-00697,0x7b2e9570,IPv4,2,Transport,AES-GCM-128,Combined-AEAD,14,0,1,1800,15,Secure_Compliant,PFS_Disabled_Key_Compromise_Exposure
VPN-SES-00698,0x6708d618,IPv4,2,Tunnel,AES-CBC-128,SHA256,5,1,1,28800,35,Medium_Risk,Legacy_CBC_Mode_Padding_Oracle_Risk|Sub_2048bit_DH_Group_MODP1536
VPN-SES-00699,0xf6b87bf5,IPv4,2,Tunnel,AES-CBC-128,SHA256,2,1,1,3600,35,Medium_Risk,Legacy_CBC_Mode_Padding_Oracle_Risk|Sub_2048bit_DH_Group_MODP1024
VPN-SES-00700,0x35b5ca9a,IPv6,2,Tunnel,AES-GCM-256,Combined-AEAD,5,1,1,1800,25,Medium_Risk,Sub_2048bit_DH_Group_MODP1536
VPN-SES-00701,0x9eb64f1d,IPv4,1,Tunnel,AES-GCM-128,Combined-AEAD,14,1,1,14400,0,Secure_Compliant,No_Vulnerabilities
VPN-SES-00702,0x5b9486e6,IPv4,2,Transport,AES-CBC-128,SHA512,14,1,1,3600,10,Secure_Compliant,Legacy_CBC_Mode_Padding_Oracle_Risk
VPN-SES-00703,0x701c5a40,IPv6,2,Transport,AES-CBC-256,SHA256,14,1,1,1800,0,Secure_Compliant,No_Vulnerabilities
VPN-SES-00704,0x786279e7,IPv4,2,Tunnel,AES-CBC-256,SHA512,20,1,1,3600,0,Secure_Compliant,No_Vulnerabilities
VPN-SES-00705,0x6841b548,IPv6,2,Transport,AES-GCM-256,Combined-AEAD,19,0,1,28800,15,Secure_Compliant,PFS_Disabled_Key_Compromise_Exposure
VPN-SES-00706,0xf5950021,IPv4,1,Tunnel,AES-GCM-128,Combined-AEAD,14,1,1,86400,10,Secure_Compliant,Excessive_Key_Lifetime_Rekey_Exposure
VPN-SES-00707,0x3ec23ef6,IPv4,1,Transport,AES-GCM-256,Combined-AEAD,20,1,1,1800,0,Secure_Compliant,No_Vulnerabilities
VPN-SES-00708,0xfa5480e5,IPv4,2,Transport,AES-GCM-256,Combined-AEAD,14,1,1,7200,0,Secure_Compliant,No_Vulnerabilities
VPN-SES-00709,0x3b682bb2,IPv4,1,Transport,AES-CBC-128,SHA1,14,1,1,3600,40,Medium_Risk,Legacy_CBC_Mode_Padding_Oracle_Risk|Cryptographically_Broken_HMAC(SHA1)
VPN-SES-00710,0xd1ce653a,IPv4,2,Transport,AES-GCM-256,Combined-AEAD,19,1,1,1800,0,Secure_Compliant,No_Vulnerabilities
VPN-SES-00711,0x6da17dc9,IPv6,1,Tunnel,3DES,SHA256,14,0,0,3600,80,High_Risk,Sweet32_Vulnerable_Cipher(3DES)|PFS_Disabled_Key_Compromise_Exposure|Anti_Replay_Protection_Disabled
VPN-SES-00712,0xdde4c36f,IPv4,2,Tunnel,AES-CBC-256,SHA1,20,1,1,7200,30,Medium_Risk,Cryptographically_Broken_HMAC(SHA1)
VPN-SES-00713,0xf86b063d,IPv4,2,Tunnel,AES-CBC-256,MD5,19,1,1,1800,30,Medium_Risk,Cryptographically_Broken_HMAC(MD5)
VPN-SES-00714,0x5b96b952,IPv4,2,Transport,AES-CBC-128,MD5,14,1,1,14400,40,Medium_Risk,Legacy_CBC_Mode_Padding_Oracle_Risk|Cryptographically_Broken_HMAC(MD5)
VPN-SES-00715,0x31dc7b1d,IPv4,2,Tunnel,AES-GCM-128,Combined-AEAD,14,0,1,1800,15,Secure_Compliant,PFS_Disabled_Key_Compromise_Exposure
VPN-SES-00716,0x7553c98b,IPv4,1,Transport,AES-CBC-128,SHA256,19,1,1,1800,10,Secure_Compliant,Legacy_CBC_Mode_Padding_Oracle_Risk
VPN-SES-00717,0xaf8f57a4,IPv4,2,Tunnel,AES-GCM-256,Combined-AEAD,14,1,1,7200,0,Secure_Compliant,No_Vulnerabilities
VPN-SES-00718,0x2f93bb9d,IPv4,2,Tunnel,AES-CBC-256,MD5,20,1,1,3600,30,Medium_Risk,Cryptographically_Broken_HMAC(MD5)
VPN-SES-00719,0xbdec8d32,IPv4,2,Transport,AES-GCM-256,Combined-AEAD,14,0,1,28800,15,Secure_Compliant,PFS_Disabled_Key_Compromise_Exposure
VPN-SES-00720,0x6d88aece,IPv4,1,Tunnel,AES-GCM-256,Combined-AEAD,20,1,1,14400,0,Secure_Compliant,No_Vulnerabilities
VPN-SES-00721,0x46fda98d,IPv4,2,Tunnel,AES-CBC-128,SHA512,19,1,1,28800,10,Secure_Compliant,Legacy_CBC_Mode_Padding_Oracle_Risk
VPN-SES-00722,0x8aa38b4e,IPv4,1,Tunnel,AES-GCM-256,Combined-AEAD,14,0,1,28800,15,Secure_Compliant,PFS_Disabled_Key_Compromise_Exposure
VPN-SES-00723,0x6690d9cd,IPv4,2,Tunnel,AES-CBC-128,SHA256,14,1,1,28800,10,Secure_Compliant,Legacy_CBC_Mode_Padding_Oracle_Risk
VPN-SES-00724,0x6408906f,IPv4,2,Tunnel,AES-CBC-256,SHA512,14,1,1,28800,0,Secure_Compliant,No_Vulnerabilities
VPN-SES-00725,0x368a4d9b,IPv4,2,Tunnel,AES-CBC-128,SHA512,14,1,1,1800,10,Secure_Compliant,Legacy_CBC_Mode_Padding_Oracle_Risk
VPN-SES-00726,0x14bc969a,IPv4,2,Transport,AES-GCM-128,Combined-AEAD,14,1,1,7200,0,Secure_Compliant,No_Vulnerabilities
VPN-SES-00727,0xcfa1bbd9,IPv4,2,Tunnel,AES-GCM-256,Combined-AEAD,19,0,1,28800,15,Secure_Compliant,PFS_Disabled_Key_Compromise_Exposure
VPN-SES-00728,0xde3a9839,IPv6,2,Tunnel,AES-CBC-256,SHA256,20,0,0,86400,50,High_Risk,PFS_Disabled_Key_Compromise_Exposure|Anti_Replay_Protection_Disabled|Excessive_Key_Lifetime_Rekey_Exposure
VPN-SES-00729,0x8f69c5de,IPv6,2,Transport,AES-CBC-128,SHA256,14,1,1,28800,10,Secure_Compliant,Legacy_CBC_Mode_Padding_Oracle_Risk
VPN-SES-00730,0x93eb9c88,IPv4,2,Tunnel,AES-GCM-128,Combined-AEAD,14,1,1,1800,0,Secure_Compliant,No_Vulnerabilities
VPN-SES-00731,0x3c11e260,IPv4,2,Tunnel,3DES,SHA256,14,1,1,28800,40,Medium_Risk,Sweet32_Vulnerable_Cipher(3DES)
VPN-SES-00732,0xdd3a9adb,IPv4,2,Tunnel,AES-GCM-256,Combined-AEAD,20,0,1,7200,15,Secure_Compliant,PFS_Disabled_Key_Compromise_Exposure
VPN-SES-00733,0x21b4accd,IPv4,1,Tunnel,AES-GCM-128,Combined-AEAD,19,1,1,14400,0,Secure_Compliant,No_Vulnerabilities
VPN-SES-00734,0x66375ea5,IPv4,2,Tunnel,AES-CBC-128,SHA512,2,1,1,3600,35,Medium_Risk,Legacy_CBC_Mode_Padding_Oracle_Risk|Sub_2048bit_DH_Group_MODP1024
VPN-SES-00735,0xc8bd0a51,IPv4,1,Tunnel,AES-GCM-128,Combined-AEAD,20,1,1,14400,0,Secure_Compliant,No_Vulnerabilities
VPN-SES-00736,0xfc5ee44d,IPv4,2,Transport,AES-CBC-256,SHA256,5,1,1,7200,25,Medium_Risk,Sub_2048bit_DH_Group_MODP1536
VPN-SES-00737,0xbbcd21c3,IPv4,2,Tunnel,AES-CBC-256,SHA256,14,1,1,14400,0,Secure_Compliant,No_Vulnerabilities
VPN-SES-00738,0xd3195a33,IPv4,2,Tunnel,AES-CBC-256,SHA256,14,1,1,1800,0,Secure_Compliant,No_Vulnerabilities
VPN-SES-00739,0x298a6a0c,IPv4,1,Tunnel,AES-CBC-256,SHA256,19,1,1,3600,0,Secure_Compliant,No_Vulnerabilities
VPN-SES-00740,0xa6e82445,IPv4,2,Tunnel,AES-CBC-128,SHA256,19,1,1,86400,20,Medium_Risk,Legacy_CBC_Mode_Padding_Oracle_Risk|Excessive_Key_Lifetime_Rekey_Exposure
VPN-SES-00741,0xd414c913,IPv6,1,Transport,AES-CBC-128,SHA256,14,0,1,7200,25,Medium_Risk,Legacy_CBC_Mode_Padding_Oracle_Risk|PFS_Disabled_Key_Compromise_Exposure
VPN-SES-00742,0xd0a6a43b,IPv4,1,Tunnel,AES-CBC-256,MD5,14,1,1,86400,40,Medium_Risk,Cryptographically_Broken_HMAC(MD5)|Excessive_Key_Lifetime_Rekey_Exposure
VPN-SES-00743,0x4b5df6ce,IPv6,2,Tunnel,AES-GCM-256,Combined-AEAD,20,0,1,3600,15,Secure_Compliant,PFS_Disabled_Key_Compromise_Exposure
VPN-SES-00744,0xe2575c4b,IPv4,1,Tunnel,AES-GCM-256,Combined-AEAD,19,0,1,86400,25,Medium_Risk,PFS_Disabled_Key_Compromise_Exposure|Excessive_Key_Lifetime_Rekey_Exposure
VPN-SES-00745,0xfdd8b2da,IPv4,2,Tunnel,AES-CBC-256,SHA512,20,0,1,14400,15,Secure_Compliant,PFS_Disabled_Key_Compromise_Exposure
VPN-SES-00746,0x175708ff,IPv6,2,Tunnel,AES-CBC-256,SHA512,2,1,1,86400,35,Medium_Risk,Sub_2048bit_DH_Group_MODP1024|Excessive_Key_Lifetime_Rekey_Exposure
VPN-SES-00747,0xfbf5ccfa,IPv4,1,Transport,AES-CBC-128,SHA256,14,1,1,1800,10,Secure_Compliant,Legacy_CBC_Mode_Padding_Oracle_Risk
VPN-SES-00748,0xade562c3,IPv6,1,Tunnel,3DES,SHA256,14,1,1,3600,40,Medium_Risk,Sweet32_Vulnerable_Cipher(3DES)
VPN-SES-00749,0x1b83e34e,IPv6,1,Transport,AES-GCM-256,Combined-AEAD,14,0,1,7200,15,Secure_Compliant,PFS_Disabled_Key_Compromise_Exposure
VPN-SES-00750,0x56a77fbe,IPv4,2,Transport,AES-GCM-128,Combined-AEAD,14,1,1,1800,0,Secure_Compliant,No_Vulnerabilities
VPN-SES-00751,0x4e6d9f97,IPv4,2,Tunnel,AES-CBC-256,MD5,14,1,1,1800,30,Medium_Risk,Cryptographically_Broken_HMAC(MD5)
VPN-SES-00752,0xb813611b,IPv4,1,Transport,AES-CBC-256,SHA256,19,0,1,1800,15,Secure_Compliant,PFS_Disabled_Key_Compromise_Exposure
VPN-SES-00753,0x16fdb09b,IPv4,2,Tunnel,3DES,SHA256,14,0,1,14400,55,High_Risk,Sweet32_Vulnerable_Cipher(3DES)|PFS_Disabled_Key_Compromise_Exposure
VPN-SES-00754,0x493fa137,IPv4,2,Tunnel,AES-CBC-256,SHA256,20,0,1,3600,15,Secure_Compliant,PFS_Disabled_Key_Compromise_Exposure
VPN-SES-00755,0x3d669be9,IPv4,2,Transport,AES-GCM-256,Combined-AEAD,2,1,1,14400,25,Medium_Risk,Sub_2048bit_DH_Group_MODP1024
VPN-SES-00756,0x6ef15790,IPv4,1,Transport,AES-GCM-256,Combined-AEAD,20,1,1,86400,10,Secure_Compliant,Excessive_Key_Lifetime_Rekey_Exposure
VPN-SES-00757,0x5c3d4a81,IPv4,1,Tunnel,AES-CBC-256,SHA256,20,1,1,28800,0,Secure_Compliant,No_Vulnerabilities
VPN-SES-00758,0x4c825d85,IPv4,2,Transport,AES-GCM-128,Combined-AEAD,2,0,1,86400,50,High_Risk,Sub_2048bit_DH_Group_MODP1024|PFS_Disabled_Key_Compromise_Exposure|Excessive_Key_Lifetime_Rekey_Exposure
VPN-SES-00759,0x2e29c15e,IPv4,1,Tunnel,AES-GCM-128,Combined-AEAD,14,0,1,14400,15,Secure_Compliant,PFS_Disabled_Key_Compromise_Exposure
VPN-SES-00760,0xec4e9d81,IPv4,2,Tunnel,AES-CBC-128,SHA512,14,1,1,86400,20,Medium_Risk,Legacy_CBC_Mode_Padding_Oracle_Risk|Excessive_Key_Lifetime_Rekey_Exposure
VPN-SES-00761,0x4964ef48,IPv4,1,Tunnel,AES-CBC-128,SHA256,5,1,1,1800,35,Medium_Risk,Legacy_CBC_Mode_Padding_Oracle_Risk|Sub_2048bit_DH_Group_MODP1536
VPN-SES-00762,0x22377609,IPv4,2,Tunnel,3DES,SHA256,14,0,0,7200,80,High_Risk,Sweet32_Vulnerable_Cipher(3DES)|PFS_Disabled_Key_Compromise_Exposure|Anti_Replay_Protection_Disabled
VPN-SES-00763,0xff3daf04,IPv6,2,Tunnel,AES-GCM-256,Combined-AEAD,14,0,1,86400,25,Medium_Risk,PFS_Disabled_Key_Compromise_Exposure|Excessive_Key_Lifetime_Rekey_Exposure
VPN-SES-00764,0x86c42543,IPv6,2,Tunnel,AES-CBC-256,SHA512,2,0,1,28800,40,Medium_Risk,Sub_2048bit_DH_Group_MODP1024|PFS_Disabled_Key_Compromise_Exposure
VPN-SES-00765,0xd84f20dc,IPv4,2,Tunnel,AES-CBC-128,SHA256,20,0,1,7200,25,Medium_Risk,Legacy_CBC_Mode_Padding_Oracle_Risk|PFS_Disabled_Key_Compromise_Exposure
VPN-SES-00766,0x108428f5,IPv4,1,Tunnel,AES-GCM-256,Combined-AEAD,20,1,1,86400,10,Secure_Compliant,Excessive_Key_Lifetime_Rekey_Exposure
VPN-SES-00767,0x37f3b303,IPv4,2,Tunnel,AES-CBC-256,MD5,14,0,0,1800,70,High_Risk,Cryptographically_Broken_HMAC(MD5)|PFS_Disabled_Key_Compromise_Exposure|Anti_Replay_Protection_Disabled
VPN-SES-00768,0x930f3db8,IPv6,2,Transport,3DES,SHA256,20,1,1,86400,50,High_Risk,Sweet32_Vulnerable_Cipher(3DES)|Excessive_Key_Lifetime_Rekey_Exposure
VPN-SES-00769,0x63a55fb6,IPv4,2,Tunnel,AES-GCM-128,Combined-AEAD,14,0,1,1800,15,Secure_Compliant,PFS_Disabled_Key_Compromise_Exposure
VPN-SES-00770,0xfd37e6c8,IPv4,2,Transport,AES-CBC-256,SHA256,20,1,1,7200,0,Secure_Compliant,No_Vulnerabilities
VPN-SES-00771,0x30ff1efc,IPv4,2,Tunnel,AES-GCM-128,Combined-AEAD,20,0,1,7200,15,Secure_Compliant,PFS_Disabled_Key_Compromise_Exposure
VPN-SES-00772,0xfa3b3fd6,IPv4,2,Tunnel,AES-GCM-128,Combined-AEAD,2,1,1,86400,35,Medium_Risk,Sub_2048bit_DH_Group_MODP1024|Excessive_Key_Lifetime_Rekey_Exposure
VPN-SES-00773,0xca56d9b0,IPv4,1,Tunnel,AES-CBC-128,SHA512,14,1,1,7200,10,Secure_Compliant,Legacy_CBC_Mode_Padding_Oracle_Risk
VPN-SES-00774,0xace505e9,IPv4,2,Tunnel,AES-GCM-128,Combined-AEAD,14,1,1,1800,0,Secure_Compliant,No_Vulnerabilities
VPN-SES-00775,0x570d8b46,IPv4,1,Tunnel,AES-GCM-128,Combined-AEAD,14,0,1,86400,25,Medium_Risk,PFS_Disabled_Key_Compromise_Exposure|Excessive_Key_Lifetime_Rekey_Exposure
VPN-SES-00776,0xd4e3a5ed,IPv4,1,Tunnel,AES-CBC-256,SHA512,14,0,1,1800,15,Secure_Compliant,PFS_Disabled_Key_Compromise_Exposure
VPN-SES-00777,0x8cba0756,IPv4,1,Tunnel,3DES,SHA256,19,1,1,3600,40,Medium_Risk,Sweet32_Vulnerable_Cipher(3DES)
VPN-SES-00778,0x7293ff3b,IPv6,2,Tunnel,AES-CBC-256,MD5,14,0,1,3600,45,High_Risk,Cryptographically_Broken_HMAC(MD5)|PFS_Disabled_Key_Compromise_Exposure
VPN-SES-00779,0x26278558,IPv4,2,Tunnel,3DES,SHA256,19,1,1,3600,40,Medium_Risk,Sweet32_Vulnerable_Cipher(3DES)
VPN-SES-00780,0x42cbd134,IPv4,2,Tunnel,AES-CBC-128,SHA512,14,1,1,86400,20,Medium_Risk,Legacy_CBC_Mode_Padding_Oracle_Risk|Excessive_Key_Lifetime_Rekey_Exposure
VPN-SES-00781,0x8a8f36a2,IPv4,2,Tunnel,AES-CBC-256,SHA256,20,1,1,1800,0,Secure_Compliant,No_Vulnerabilities
VPN-SES-00782,0x3ede3ede,IPv4,2,Tunnel,AES-GCM-256,Combined-AEAD,20,1,1,86400,10,Secure_Compliant,Excessive_Key_Lifetime_Rekey_Exposure
VPN-SES-00783,0x65741a55,IPv4,2,Tunnel,AES-GCM-256,Combined-AEAD,19,1,1,86400,10,Secure_Compliant,Excessive_Key_Lifetime_Rekey_Exposure
VPN-SES-00784,0xcadc2d2d,IPv4,2,Tunnel,AES-CBC-256,SHA256,20,0,1,28800,15,Secure_Compliant,PFS_Disabled_Key_Compromise_Exposure
VPN-SES-00785,0x750b8d2c,IPv4,2,Transport,AES-CBC-256,SHA256,14,0,1,28800,15,Secure_Compliant,PFS_Disabled_Key_Compromise_Exposure
VPN-SES-00786,0xc0fb843c,IPv4,2,Tunnel,AES-GCM-128,Combined-AEAD,19,1,1,86400,10,Secure_Compliant,Excessive_Key_Lifetime_Rekey_Exposure
VPN-SES-00787,0x9a77fcc0,IPv4,2,Tunnel,AES-CBC-256,SHA256,19,0,1,1800,15,Secure_Compliant,PFS_Disabled_Key_Compromise_Exposure
VPN-SES-00788,0x5641baf6,IPv4,2,Tunnel,AES-CBC-256,SHA256,5,1,0,14400,50,High_Risk,Sub_2048bit_DH_Group_MODP1536|Anti_Replay_Protection_Disabled
VPN-SES-00789,0x7c22167b,IPv4,1,Tunnel,AES-GCM-256,Combined-AEAD,14,1,1,3600,0,Secure_Compliant,No_Vulnerabilities
VPN-SES-00790,0x65cc7625,IPv4,2,Tunnel,AES-GCM-256,Combined-AEAD,20,1,1,3600,0,Secure_Compliant,No_Vulnerabilities
VPN-SES-00791,0xb5b8a9ec,IPv4,1,Tunnel,AES-GCM-256,Combined-AEAD,19,0,1,28800,15,Secure_Compliant,PFS_Disabled_Key_Compromise_Exposure
VPN-SES-00792,0x8819bc81,IPv4,2,Transport,AES-CBC-128,SHA512,14,1,1,14400,10,Secure_Compliant,Legacy_CBC_Mode_Padding_Oracle_Risk
VPN-SES-00793,0x6d61362d,IPv4,2,Tunnel,AES-CBC-256,SHA256,14,1,1,14400,0,Secure_Compliant,No_Vulnerabilities
VPN-SES-00794,0xbbf89658,IPv4,1,Tunnel,AES-CBC-256,SHA256,5,1,1,86400,35,Medium_Risk,Sub_2048bit_DH_Group_MODP1536|Excessive_Key_Lifetime_Rekey_Exposure
VPN-SES-00795,0xc5fc4489,IPv4,2,Tunnel,AES-GCM-256,Combined-AEAD,19,0,1,3600,15,Secure_Compliant,PFS_Disabled_Key_Compromise_Exposure
VPN-SES-00796,0xa79d5820,IPv4,2,Transport,AES-CBC-128,MD5,20,1,1,86400,50,High_Risk,Legacy_CBC_Mode_Padding_Oracle_Risk|Cryptographically_Broken_HMAC(MD5)|Excessive_Key_Lifetime_Rekey_Exposure
VPN-SES-00797,0xb6d5f800,IPv4,1,Tunnel,AES-GCM-128,Combined-AEAD,20,1,1,86400,10,Secure_Compliant,Excessive_Key_Lifetime_Rekey_Exposure
VPN-SES-00798,0x10e8c059,IPv4,2,Tunnel,AES-GCM-256,Combined-AEAD,5,1,1,7200,25,Medium_Risk,Sub_2048bit_DH_Group_MODP1536
VPN-SES-00799,0xc2894d6f,IPv4,2,Transport,AES-GCM-256,Combined-AEAD,20,0,1,1800,15,Secure_Compliant,PFS_Disabled_Key_Compromise_Exposure
VPN-SES-00800,0x5a4b970c,IPv4,2,Tunnel,AES-CBC-128,SHA256,19,1,1,14400,10,Secure_Compliant,Legacy_CBC_Mode_Padding_Oracle_Risk
VPN-SES-00801,0x81a05d6c,IPv4,2,Tunnel,AES-GCM-128,Combined-AEAD,5,1,1,14400,25,Medium_Risk,Sub_2048bit_DH_Group_MODP1536
VPN-SES-00802,0xe6008c5a,IPv4,2,Tunnel,AES-CBC-128,SHA256,20,1,1,1800,10,Secure_Compliant,Legacy_CBC_Mode_Padding_Oracle_Risk
VPN-SES-00803,0x3e528b8b,IPv4,2,Tunnel,AES-CBC-256,SHA256,20,1,1,3600,0,Secure_Compliant,No_Vulnerabilities
VPN-SES-00804,0x8f9c0bc1,IPv4,2,Tunnel,AES-CBC-128,SHA1,14,1,1,86400,50,High_Risk,Legacy_CBC_Mode_Padding_Oracle_Risk|Cryptographically_Broken_HMAC(SHA1)|Excessive_Key_Lifetime_Rekey_Exposure
VPN-SES-00805,0x6f67ce49,IPv4,1,Tunnel,AES-CBC-256,SHA256,14,1,1,7200,0,Secure_Compliant,No_Vulnerabilities
VPN-SES-00806,0x38b8afe2,IPv4,2,Tunnel,AES-GCM-128,Combined-AEAD,14,1,1,3600,0,Secure_Compliant,No_Vulnerabilities
VPN-SES-00807,0xfc0dd1ff,IPv4,2,Tunnel,AES-CBC-128,SHA512,2,0,1,7200,50,High_Risk,Legacy_CBC_Mode_Padding_Oracle_Risk|Sub_2048bit_DH_Group_MODP1024|PFS_Disabled_Key_Compromise_Exposure
VPN-SES-00808,0x2092285e,IPv4,1,Tunnel,AES-GCM-128,Combined-AEAD,19,0,1,14400,15,Secure_Compliant,PFS_Disabled_Key_Compromise_Exposure
VPN-SES-00809,0xbd49207a,IPv6,2,Tunnel,AES-CBC-128,SHA512,20,1,1,86400,20,Medium_Risk,Legacy_CBC_Mode_Padding_Oracle_Risk|Excessive_Key_Lifetime_Rekey_Exposure
VPN-SES-00810,0xfc7e91c6,IPv4,2,Tunnel,AES-GCM-256,Combined-AEAD,14,0,1,14400,15,Secure_Compliant,PFS_Disabled_Key_Compromise_Exposure
VPN-SES-00811,0xf20a5582,IPv4,1,Transport,AES-CBC-128,SHA1,20,1,1,1800,40,Medium_Risk,Legacy_CBC_Mode_Padding_Oracle_Risk|Cryptographically_Broken_HMAC(SHA1)
VPN-SES-00812,0x3c59adbb,IPv4,2,Tunnel,AES-GCM-256,Combined-AEAD,14,1,1,7200,0,Secure_Compliant,No_Vulnerabilities
VPN-SES-00813,0xf5326380,IPv4,1,Transport,AES-CBC-128,SHA256,19,0,1,1800,25,Medium_Risk,Legacy_CBC_Mode_Padding_Oracle_Risk|PFS_Disabled_Key_Compromise_Exposure
VPN-SES-00814,0x9cc93087,IPv4,1,Tunnel,AES-CBC-256,SHA256,14,1,1,1800,0,Secure_Compliant,No_Vulnerabilities
VPN-SES-00815,0xce0e023b,IPv4,2,Tunnel,AES-GCM-128,Combined-AEAD,20,1,1,7200,0,Secure_Compliant,No_Vulnerabilities
VPN-SES-00816,0x8590a2f6,IPv4,2,Tunnel,AES-GCM-128,Combined-AEAD,5,1,1,1800,25,Medium_Risk,Sub_2048bit_DH_Group_MODP1536
VPN-SES-00817,0x9ba55e2f,IPv4,2,Tunnel,AES-CBC-256,SHA256,14,0,0,28800,40,Medium_Risk,PFS_Disabled_Key_Compromise_Exposure|Anti_Replay_Protection_Disabled
VPN-SES-00818,0x1ce401aa,IPv4,2,Transport,AES-CBC-256,SHA256,14,1,1,86400,10,Secure_Compliant,Excessive_Key_Lifetime_Rekey_Exposure
VPN-SES-00819,0x2dc7bd19,IPv4,2,Tunnel,AES-GCM-128,Combined-AEAD,20,0,1,1800,15,Secure_Compliant,PFS_Disabled_Key_Compromise_Exposure
VPN-SES-00820,0xcabc7d4b,IPv6,1,Tunnel,AES-GCM-128,Combined-AEAD,14,1,1,7200,0,Secure_Compliant,No_Vulnerabilities
VPN-SES-00821,0x501082a2,IPv6,2,Tunnel,AES-CBC-256,SHA256,14,0,1,28800,15,Secure_Compliant,PFS_Disabled_Key_Compromise_Exposure
VPN-SES-00822,0xa80726ce,IPv4,1,Tunnel,3DES,SHA256,14,0,1,1800,55,High_Risk,Sweet32_Vulnerable_Cipher(3DES)|PFS_Disabled_Key_Compromise_Exposure
VPN-SES-00823,0xa398daad,IPv4,2,Tunnel,AES-GCM-128,Combined-AEAD,2,0,1,1800,40,Medium_Risk,Sub_2048bit_DH_Group_MODP1024|PFS_Disabled_Key_Compromise_Exposure
VPN-SES-00824,0xe43f46de,IPv6,1,Tunnel,AES-CBC-256,SHA256,20,1,1,1800,0,Secure_Compliant,No_Vulnerabilities
VPN-SES-00825,0xc21352ae,IPv4,1,Tunnel,AES-GCM-128,Combined-AEAD,14,0,1,1800,15,Secure_Compliant,PFS_Disabled_Key_Compromise_Exposure
VPN-SES-00826,0xe4b39235,IPv4,1,Tunnel,AES-GCM-128,Combined-AEAD,19,0,1,7200,15,Secure_Compliant,PFS_Disabled_Key_Compromise_Exposure
VPN-SES-00827,0xf5e55049,IPv4,1,Transport,AES-GCM-256,Combined-AEAD,19,1,0,86400,35,Medium_Risk,Anti_Replay_Protection_Disabled|Excessive_Key_Lifetime_Rekey_Exposure
VPN-SES-00828,0x99d33a59,IPv6,2,Tunnel,3DES,SHA512,19,1,1,14400,40,Medium_Risk,Sweet32_Vulnerable_Cipher(3DES)
VPN-SES-00829,0xb5767e70,IPv4,1,Transport,AES-GCM-128,Combined-AEAD,14,1,1,1800,0,Secure_Compliant,No_Vulnerabilities
VPN-SES-00830,0x80709b65,IPv6,2,Transport,AES-CBC-128,SHA256,14,0,1,7200,25,Medium_Risk,Legacy_CBC_Mode_Padding_Oracle_Risk|PFS_Disabled_Key_Compromise_Exposure
VPN-SES-00831,0xb2e3bca4,IPv6,1,Transport,AES-GCM-128,Combined-AEAD,19,1,1,14400,0,Secure_Compliant,No_Vulnerabilities
VPN-SES-00832,0x4deaa9c7,IPv4,2,Transport,AES-GCM-128,Combined-AEAD,20,1,1,28800,0,Secure_Compliant,No_Vulnerabilities
VPN-SES-00833,0x3d7c1657,IPv4,2,Tunnel,AES-CBC-128,SHA256,14,1,1,7200,10,Secure_Compliant,Legacy_CBC_Mode_Padding_Oracle_Risk
VPN-SES-00834,0x32306240,IPv4,2,Tunnel,AES-CBC-128,SHA512,2,1,1,28800,35,Medium_Risk,Legacy_CBC_Mode_Padding_Oracle_Risk|Sub_2048bit_DH_Group_MODP1024
VPN-SES-00835,0x58e8c79a,IPv4,2,Tunnel,AES-CBC-256,SHA512,14,1,1,7200,0,Secure_Compliant,No_Vulnerabilities
VPN-SES-00836,0xca575e20,IPv4,2,Tunnel,AES-GCM-128,Combined-AEAD,14,0,1,14400,15,Secure_Compliant,PFS_Disabled_Key_Compromise_Exposure
VPN-SES-00837,0x3af6297d,IPv4,2,Transport,AES-GCM-256,Combined-AEAD,20,1,1,86400,10,Secure_Compliant,Excessive_Key_Lifetime_Rekey_Exposure
VPN-SES-00838,0x783e83b7,IPv4,2,Transport,AES-CBC-128,SHA256,14,1,1,1800,10,Secure_Compliant,Legacy_CBC_Mode_Padding_Oracle_Risk
VPN-SES-00839,0x7044abd0,IPv4,2,Tunnel,AES-CBC-256,SHA1,20,1,1,7200,30,Medium_Risk,Cryptographically_Broken_HMAC(SHA1)
VPN-SES-00840,0x81ca8099,IPv4,2,Tunnel,AES-GCM-256,Combined-AEAD,14,1,1,14400,0,Secure_Compliant,No_Vulnerabilities
VPN-SES-00841,0x9ebd14ca,IPv6,2,Tunnel,3DES,SHA512,14,1,1,14400,40,Medium_Risk,Sweet32_Vulnerable_Cipher(3DES)
VPN-SES-00842,0x5a5e84b3,IPv4,2,Tunnel,AES-GCM-256,Combined-AEAD,14,1,1,7200,0,Secure_Compliant,No_Vulnerabilities
VPN-SES-00843,0x4eda0f9b,IPv4,2,Tunnel,AES-CBC-256,SHA256,2,1,1,28800,25,Medium_Risk,Sub_2048bit_DH_Group_MODP1024
VPN-SES-00844,0xad3651cf,IPv4,1,Tunnel,AES-CBC-256,SHA512,14,0,1,1800,15,Secure_Compliant,PFS_Disabled_Key_Compromise_Exposure
VPN-SES-00845,0xf02bf2dd,IPv4,1,Tunnel,AES-CBC-256,SHA256,14,1,1,7200,0,Secure_Compliant,No_Vulnerabilities
VPN-SES-00846,0xd13967c6,IPv6,2,Tunnel,AES-GCM-256,Combined-AEAD,14,0,1,3600,15,Secure_Compliant,PFS_Disabled_Key_Compromise_Exposure
VPN-SES-00847,0x67fe8160,IPv4,2,Transport,AES-CBC-256,SHA256,20,1,1,3600,0,Secure_Compliant,No_Vulnerabilities
VPN-SES-00848,0xab50b5fb,IPv6,2,Tunnel,AES-CBC-128,SHA256,14,1,1,1800,10,Secure_Compliant,Legacy_CBC_Mode_Padding_Oracle_Risk
VPN-SES-00849,0xaddc0c0b,IPv4,2,Transport,AES-CBC-256,SHA256,14,1,1,86400,10,Secure_Compliant,Excessive_Key_Lifetime_Rekey_Exposure
VPN-SES-00850,0xc1dcbffc,IPv4,2,Transport,AES-GCM-128,Combined-AEAD,2,1,1,86400,35,Medium_Risk,Sub_2048bit_DH_Group_MODP1024|Excessive_Key_Lifetime_Rekey_Exposure
VPN-SES-00851,0xb97c0644,IPv6,2,Tunnel,AES-GCM-128,Combined-AEAD,14,1,1,14400,0,Secure_Compliant,No_Vulnerabilities
VPN-SES-00852,0x40fdecec,IPv4,2,Transport,AES-CBC-256,SHA256,5,1,0,86400,60,High_Risk,Sub_2048bit_DH_Group_MODP1536|Anti_Replay_Protection_Disabled|Excessive_Key_Lifetime_Rekey_Exposure
VPN-SES-00853,0xca8a946a,IPv4,2,Tunnel,AES-GCM-128,Combined-AEAD,14,0,1,86400,25,Medium_Risk,PFS_Disabled_Key_Compromise_Exposure|Excessive_Key_Lifetime_Rekey_Exposure
VPN-SES-00854,0x33576198,IPv4,2,Tunnel,AES-CBC-128,SHA256,5,1,1,14400,35,Medium_Risk,Legacy_CBC_Mode_Padding_Oracle_Risk|Sub_2048bit_DH_Group_MODP1536
VPN-SES-00855,0x9f90364f,IPv4,1,Tunnel,AES-GCM-128,Combined-AEAD,14,1,1,7200,0,Secure_Compliant,No_Vulnerabilities
VPN-SES-00856,0x67c4e3d9,IPv4,2,Transport,AES-GCM-256,Combined-AEAD,14,1,1,1800,0,Secure_Compliant,No_Vulnerabilities
VPN-SES-00857,0xbf92a2ae,IPv6,1,Tunnel,AES-CBC-256,SHA512,20,1,1,1800,0,Secure_Compliant,No_Vulnerabilities
VPN-SES-00858,0x37bd668b,IPv4,1,Tunnel,AES-CBC-128,SHA256,19,1,1,3600,10,Secure_Compliant,Legacy_CBC_Mode_Padding_Oracle_Risk
VPN-SES-00859,0x8c688e33,IPv4,1,Tunnel,AES-CBC-256,MD5,14,0,1,28800,45,High_Risk,Cryptographically_Broken_HMAC(MD5)|PFS_Disabled_Key_Compromise_Exposure
VPN-SES-00860,0x374ff643,IPv4,2,Tunnel,AES-GCM-256,Combined-AEAD,20,1,1,86400,10,Secure_Compliant,Excessive_Key_Lifetime_Rekey_Exposure
VPN-SES-00861,0x218aa30f,IPv4,1,Tunnel,AES-CBC-128,SHA256,19,1,1,14400,10,Secure_Compliant,Legacy_CBC_Mode_Padding_Oracle_Risk
VPN-SES-00862,0x45d2bcad,IPv6,2,Tunnel,AES-CBC-256,SHA256,14,1,1,28800,0,Secure_Compliant,No_Vulnerabilities
VPN-SES-00863,0xb9fb4275,IPv4,1,Tunnel,AES-CBC-128,SHA256,14,0,1,3600,25,Medium_Risk,Legacy_CBC_Mode_Padding_Oracle_Risk|PFS_Disabled_Key_Compromise_Exposure
VPN-SES-00864,0x68111179,IPv4,2,Tunnel,AES-CBC-256,SHA256,19,1,1,28800,0,Secure_Compliant,No_Vulnerabilities
VPN-SES-00865,0xde7fc2d1,IPv4,2,Tunnel,AES-CBC-256,SHA256,14,1,1,3600,0,Secure_Compliant,No_Vulnerabilities
VPN-SES-00866,0xa8ee0e5c,IPv4,1,Tunnel,AES-CBC-128,SHA512,5,1,1,3600,35,Medium_Risk,Legacy_CBC_Mode_Padding_Oracle_Risk|Sub_2048bit_DH_Group_MODP1536
VPN-SES-00867,0xad4efcd4,IPv4,1,Tunnel,AES-CBC-128,SHA256,19,1,1,1800,10,Secure_Compliant,Legacy_CBC_Mode_Padding_Oracle_Risk
VPN-SES-00868,0x7dddb4ed,IPv4,2,Tunnel,AES-GCM-128,Combined-AEAD,20,1,1,7200,0,Secure_Compliant,No_Vulnerabilities
VPN-SES-00869,0xf7b3a985,IPv4,2,Tunnel,AES-CBC-256,SHA256,2,1,1,28800,25,Medium_Risk,Sub_2048bit_DH_Group_MODP1024
VPN-SES-00870,0xfb8deb4e,IPv4,2,Transport,AES-CBC-256,SHA512,19,1,1,28800,0,Secure_Compliant,No_Vulnerabilities
VPN-SES-00871,0x750e7547,IPv4,2,Tunnel,AES-CBC-256,SHA256,2,1,1,14400,25,Medium_Risk,Sub_2048bit_DH_Group_MODP1024
VPN-SES-00872,0x13f59143,IPv4,1,Tunnel,AES-GCM-256,Combined-AEAD,19,1,1,1800,0,Secure_Compliant,No_Vulnerabilities
VPN-SES-00873,0x9ce73502,IPv4,2,Tunnel,AES-CBC-256,SHA1,20,1,1,7200,30,Medium_Risk,Cryptographically_Broken_HMAC(SHA1)
VPN-SES-00874,0x649657d6,IPv4,2,Transport,AES-CBC-256,SHA256,20,1,1,28800,0,Secure_Compliant,No_Vulnerabilities
VPN-SES-00875,0x82be6ac8,IPv4,2,Tunnel,AES-CBC-256,SHA512,14,1,1,1800,0,Secure_Compliant,No_Vulnerabilities
VPN-SES-00876,0x247cc606,IPv4,2,Tunnel,AES-CBC-128,SHA1,14,1,1,86400,50,High_Risk,Legacy_CBC_Mode_Padding_Oracle_Risk|Cryptographically_Broken_HMAC(SHA1)|Excessive_Key_Lifetime_Rekey_Exposure
VPN-SES-00877,0xa8276b5e,IPv6,2,Tunnel,AES-GCM-256,Combined-AEAD,19,0,1,1800,15,Secure_Compliant,PFS_Disabled_Key_Compromise_Exposure
VPN-SES-00878,0xda4dbfd6,IPv4,2,Tunnel,AES-CBC-128,SHA256,14,1,0,3600,35,Medium_Risk,Legacy_CBC_Mode_Padding_Oracle_Risk|Anti_Replay_Protection_Disabled
VPN-SES-00879,0x1a77201e,IPv4,2,Tunnel,AES-GCM-256,Combined-AEAD,5,0,1,3600,40,Medium_Risk,Sub_2048bit_DH_Group_MODP1536|PFS_Disabled_Key_Compromise_Exposure
VPN-SES-00880,0x70ba81c6,IPv4,2,Transport,AES-GCM-128,Combined-AEAD,2,1,1,3600,25,Medium_Risk,Sub_2048bit_DH_Group_MODP1024
VPN-SES-00881,0x4ed31eb3,IPv4,1,Transport,AES-GCM-128,Combined-AEAD,14,0,1,7200,15,Secure_Compliant,PFS_Disabled_Key_Compromise_Exposure
VPN-SES-00882,0x4a8b17bd,IPv4,2,Transport,AES-CBC-128,MD5,14,1,1,86400,50,High_Risk,Legacy_CBC_Mode_Padding_Oracle_Risk|Cryptographically_Broken_HMAC(MD5)|Excessive_Key_Lifetime_Rekey_Exposure
VPN-SES-00883,0xa386e7f1,IPv4,2,Tunnel,AES-CBC-256,SHA256,14,0,1,28800,15,Secure_Compliant,PFS_Disabled_Key_Compromise_Exposure
VPN-SES-00884,0x7a40e034,IPv4,1,Tunnel,3DES,SHA1,5,1,1,7200,95,High_Risk,Sweet32_Vulnerable_Cipher(3DES)|Cryptographically_Broken_HMAC(SHA1)|Sub_2048bit_DH_Group_MODP1536
VPN-SES-00885,0x7d1e5ed7,IPv4,1,Tunnel,AES-CBC-256,SHA256,14,1,1,86400,10,Secure_Compliant,Excessive_Key_Lifetime_Rekey_Exposure
VPN-SES-00886,0xa5e2b5fc,IPv6,2,Tunnel,AES-CBC-256,SHA512,19,1,1,1800,0,Secure_Compliant,No_Vulnerabilities
VPN-SES-00887,0xc22c79f6,IPv6,2,Transport,AES-GCM-256,Combined-AEAD,14,1,1,28800,0,Secure_Compliant,No_Vulnerabilities
VPN-SES-00888,0x866274f1,IPv6,2,Tunnel,AES-CBC-256,SHA256,14,1,1,7200,0,Secure_Compliant,No_Vulnerabilities
VPN-SES-00889,0x1cf1ce3a,IPv4,2,Transport,3DES,MD5,19,1,1,3600,70,High_Risk,Sweet32_Vulnerable_Cipher(3DES)|Cryptographically_Broken_HMAC(MD5)
VPN-SES-00890,0xbdc3dd66,IPv4,2,Tunnel,AES-GCM-128,Combined-AEAD,19,0,1,7200,15,Secure_Compliant,PFS_Disabled_Key_Compromise_Exposure
VPN-SES-00891,0x647833ab,IPv4,2,Transport,AES-GCM-256,Combined-AEAD,5,1,1,86400,35,Medium_Risk,Sub_2048bit_DH_Group_MODP1536|Excessive_Key_Lifetime_Rekey_Exposure
VPN-SES-00892,0xaae8be7a,IPv4,2,Tunnel,AES-GCM-128,Combined-AEAD,14,1,1,86400,10,Secure_Compliant,Excessive_Key_Lifetime_Rekey_Exposure
VPN-SES-00893,0xdfb988f6,IPv4,2,Transport,AES-CBC-128,SHA512,19,1,0,7200,35,Medium_Risk,Legacy_CBC_Mode_Padding_Oracle_Risk|Anti_Replay_Protection_Disabled
VPN-SES-00894,0x150aa77b,IPv4,2,Tunnel,AES-GCM-128,Combined-AEAD,20,0,1,3600,15,Secure_Compliant,PFS_Disabled_Key_Compromise_Exposure
VPN-SES-00895,0x98c949cb,IPv4,2,Tunnel,AES-GCM-256,Combined-AEAD,19,1,1,3600,0,Secure_Compliant,No_Vulnerabilities
VPN-SES-00896,0x2c2de327,IPv4,2,Tunnel,AES-CBC-256,SHA512,20,1,1,3600,0,Secure_Compliant,No_Vulnerabilities
VPN-SES-00897,0xb6f20f6a,IPv6,2,Tunnel,AES-CBC-256,SHA256,19,1,1,28800,0,Secure_Compliant,No_Vulnerabilities
VPN-SES-00898,0x96420701,IPv4,2,Tunnel,3DES,SHA512,20,1,1,3600,40,Medium_Risk,Sweet32_Vulnerable_Cipher(3DES)
VPN-SES-00899,0xb368d7fa,IPv4,2,Tunnel,AES-GCM-256,Combined-AEAD,14,1,1,7200,0,Secure_Compliant,No_Vulnerabilities
VPN-SES-00900,0x73350ca2,IPv6,2,Tunnel,AES-CBC-256,SHA256,14,1,1,7200,0,Secure_Compliant,No_Vulnerabilities
VPN-SES-00901,0x46c3fd85,IPv4,1,Tunnel,AES-GCM-128,Combined-AEAD,2,0,1,86400,50,High_Risk,Sub_2048bit_DH_Group_MODP1024|PFS_Disabled_Key_Compromise_Exposure|Excessive_Key_Lifetime_Rekey_Exposure
VPN-SES-00902,0x4572a97c,IPv4,2,Tunnel,AES-CBC-128,SHA256,5,1,1,1800,35,Medium_Risk,Legacy_CBC_Mode_Padding_Oracle_Risk|Sub_2048bit_DH_Group_MODP1536
VPN-SES-00903,0x5729ad77,IPv4,1,Transport,AES-GCM-128,Combined-AEAD,14,0,1,3600,15,Secure_Compliant,PFS_Disabled_Key_Compromise_Exposure
VPN-SES-00904,0x2a2f9c4d,IPv4,2,Transport,AES-GCM-256,Combined-AEAD,20,0,1,14400,15,Secure_Compliant,PFS_Disabled_Key_Compromise_Exposure
VPN-SES-00905,0x350e2e39,IPv4,1,Transport,AES-CBC-128,SHA256,20,0,1,14400,25,Medium_Risk,Legacy_CBC_Mode_Padding_Oracle_Risk|PFS_Disabled_Key_Compromise_Exposure
VPN-SES-00906,0xa2e17ce5,IPv4,2,Tunnel,AES-CBC-256,SHA512,2,1,1,1800,25,Medium_Risk,Sub_2048bit_DH_Group_MODP1024
VPN-SES-00907,0xd6ed940c,IPv4,1,Tunnel,AES-CBC-128,SHA256,5,0,1,28800,50,High_Risk,Legacy_CBC_Mode_Padding_Oracle_Risk|Sub_2048bit_DH_Group_MODP1536|PFS_Disabled_Key_Compromise_Exposure
VPN-SES-00908,0x60905784,IPv4,2,Transport,AES-CBC-256,SHA512,14,1,1,7200,0,Secure_Compliant,No_Vulnerabilities
VPN-SES-00909,0xcf6f6cc4,IPv4,2,Tunnel,AES-GCM-256,Combined-AEAD,14,1,0,14400,25,Medium_Risk,Anti_Replay_Protection_Disabled
VPN-SES-00910,0x1944c6e5,IPv4,1,Transport,AES-GCM-128,Combined-AEAD,14,1,1,3600,0,Secure_Compliant,No_Vulnerabilities
VPN-SES-00911,0x84bc14f1,IPv4,2,Tunnel,AES-CBC-256,SHA512,20,1,1,7200,0,Secure_Compliant,No_Vulnerabilities
VPN-SES-00912,0x94dc0f43,IPv4,2,Tunnel,AES-GCM-128,Combined-AEAD,14,1,1,1800,0,Secure_Compliant,No_Vulnerabilities
VPN-SES-00913,0x4769a784,IPv4,2,Transport,AES-GCM-128,Combined-AEAD,5,1,1,3600,25,Medium_Risk,Sub_2048bit_DH_Group_MODP1536
VPN-SES-00914,0xfce64222,IPv4,2,Tunnel,AES-CBC-128,SHA512,20,1,1,14400,10,Secure_Compliant,Legacy_CBC_Mode_Padding_Oracle_Risk
VPN-SES-00915,0x74a8da03,IPv4,2,Tunnel,AES-GCM-256,Combined-AEAD,14,0,1,3600,15,Secure_Compliant,PFS_Disabled_Key_Compromise_Exposure
VPN-SES-00916,0x3c7350ca,IPv4,2,Tunnel,AES-CBC-128,SHA512,20,1,1,1800,10,Secure_Compliant,Legacy_CBC_Mode_Padding_Oracle_Risk
VPN-SES-00917,0xea8bb7f5,IPv4,2,Transport,AES-GCM-128,Combined-AEAD,19,1,1,86400,10,Secure_Compliant,Excessive_Key_Lifetime_Rekey_Exposure
VPN-SES-00918,0xe26b24e9,IPv4,2,Tunnel,AES-GCM-128,Combined-AEAD,20,0,0,3600,40,Medium_Risk,PFS_Disabled_Key_Compromise_Exposure|Anti_Replay_Protection_Disabled
VPN-SES-00919,0x3630fc95,IPv4,2,Tunnel,AES-CBC-256,SHA1,14,1,1,7200,30,Medium_Risk,Cryptographically_Broken_HMAC(SHA1)
VPN-SES-00920,0xc520d86a,IPv4,2,Tunnel,AES-CBC-128,SHA256,19,1,1,86400,20,Medium_Risk,Legacy_CBC_Mode_Padding_Oracle_Risk|Excessive_Key_Lifetime_Rekey_Exposure
VPN-SES-00921,0xc696d9a5,IPv6,2,Transport,AES-CBC-256,SHA1,5,1,1,86400,65,High_Risk,Cryptographically_Broken_HMAC(SHA1)|Sub_2048bit_DH_Group_MODP1536|Excessive_Key_Lifetime_Rekey_Exposure
VPN-SES-00922,0xd50201ee,IPv6,1,Tunnel,AES-CBC-256,SHA256,14,1,1,7200,0,Secure_Compliant,No_Vulnerabilities
VPN-SES-00923,0x47ea3dc9,IPv6,2,Tunnel,AES-CBC-256,SHA256,20,0,1,28800,15,Secure_Compliant,PFS_Disabled_Key_Compromise_Exposure
VPN-SES-00924,0x3bd93d32,IPv4,2,Tunnel,AES-GCM-128,Combined-AEAD,14,0,1,3600,15,Secure_Compliant,PFS_Disabled_Key_Compromise_Exposure
VPN-SES-00925,0x1848d0e8,IPv4,2,Tunnel,AES-GCM-128,Combined-AEAD,19,0,1,3600,15,Secure_Compliant,PFS_Disabled_Key_Compromise_Exposure
VPN-SES-00926,0xf65cb372,IPv4,2,Tunnel,AES-CBC-256,SHA256,2,0,0,7200,65,High_Risk,Sub_2048bit_DH_Group_MODP1024|PFS_Disabled_Key_Compromise_Exposure|Anti_Replay_Protection_Disabled
VPN-SES-00927,0xe483c353,IPv4,2,Tunnel,AES-CBC-128,SHA1,2,1,1,14400,65,High_Risk,Legacy_CBC_Mode_Padding_Oracle_Risk|Cryptographically_Broken_HMAC(SHA1)|Sub_2048bit_DH_Group_MODP1024
VPN-SES-00928,0x6701384b,IPv4,2,Tunnel,3DES,SHA1,5,1,1,7200,95,High_Risk,Sweet32_Vulnerable_Cipher(3DES)|Cryptographically_Broken_HMAC(SHA1)|Sub_2048bit_DH_Group_MODP1536
VPN-SES-00929,0xc4ea3411,IPv4,2,Tunnel,AES-CBC-256,SHA512,20,1,1,3600,0,Secure_Compliant,No_Vulnerabilities
VPN-SES-00930,0x8130de2d,IPv6,2,Tunnel,AES-CBC-128,SHA512,2,1,1,7200,35,Medium_Risk,Legacy_CBC_Mode_Padding_Oracle_Risk|Sub_2048bit_DH_Group_MODP1024
VPN-SES-00931,0xcd8fad35,IPv4,1,Tunnel,AES-GCM-128,Combined-AEAD,19,1,1,28800,0,Secure_Compliant,No_Vulnerabilities
VPN-SES-00932,0x936bd2f7,IPv6,2,Tunnel,AES-GCM-256,Combined-AEAD,14,1,1,7200,0,Secure_Compliant,No_Vulnerabilities
VPN-SES-00933,0x56d55a99,IPv4,2,Tunnel,AES-CBC-128,SHA512,14,1,0,14400,35,Medium_Risk,Legacy_CBC_Mode_Padding_Oracle_Risk|Anti_Replay_Protection_Disabled
VPN-SES-00934,0xa2825cd8,IPv6,2,Tunnel,AES-CBC-256,SHA512,20,1,1,28800,0,Secure_Compliant,No_Vulnerabilities
VPN-SES-00935,0x290d7681,IPv4,2,Transport,AES-CBC-256,SHA512,19,1,1,1800,0,Secure_Compliant,No_Vulnerabilities
VPN-SES-00936,0xaf817220,IPv4,2,Tunnel,AES-CBC-128,SHA512,14,1,1,14400,10,Secure_Compliant,Legacy_CBC_Mode_Padding_Oracle_Risk
VPN-SES-00937,0x35c0eac3,IPv4,2,Transport,AES-GCM-256,Combined-AEAD,14,1,1,3600,0,Secure_Compliant,No_Vulnerabilities
VPN-SES-00938,0xa4a451d7,IPv4,2,Tunnel,AES-GCM-128,Combined-AEAD,14,1,1,28800,0,Secure_Compliant,No_Vulnerabilities
VPN-SES-00939,0x36508e1a,IPv6,1,Tunnel,AES-GCM-128,Combined-AEAD,14,1,1,14400,0,Secure_Compliant,No_Vulnerabilities
VPN-SES-00940,0xac01a7de,IPv4,1,Tunnel,3DES,SHA1,5,1,1,28800,95,High_Risk,Sweet32_Vulnerable_Cipher(3DES)|Cryptographically_Broken_HMAC(SHA1)|Sub_2048bit_DH_Group_MODP1536
VPN-SES-00941,0xfefbf9a5,IPv4,1,Tunnel,AES-GCM-128,Combined-AEAD,14,1,1,1800,0,Secure_Compliant,No_Vulnerabilities
VPN-SES-00942,0x14fad688,IPv6,2,Transport,AES-CBC-256,SHA256,14,1,1,7200,0,Secure_Compliant,No_Vulnerabilities
VPN-SES-00943,0x95bf7576,IPv4,1,Tunnel,AES-GCM-256,Combined-AEAD,20,1,1,86400,10,Secure_Compliant,Excessive_Key_Lifetime_Rekey_Exposure
VPN-SES-00944,0xa52774da,IPv6,2,Transport,AES-GCM-128,Combined-AEAD,20,0,1,3600,15,Secure_Compliant,PFS_Disabled_Key_Compromise_Exposure
VPN-SES-00945,0x2a4f3f75,IPv4,2,Tunnel,AES-CBC-128,SHA512,14,0,1,3600,25,Medium_Risk,Legacy_CBC_Mode_Padding_Oracle_Risk|PFS_Disabled_Key_Compromise_Exposure
VPN-SES-00946,0x69178c84,IPv4,2,Tunnel,AES-GCM-128,Combined-AEAD,19,1,1,1800,0,Secure_Compliant,No_Vulnerabilities
VPN-SES-00947,0xffe3d82e,IPv4,2,Tunnel,AES-CBC-256,SHA512,20,1,1,3600,0,Secure_Compliant,No_Vulnerabilities
VPN-SES-00948,0xacd3ffdd,IPv4,2,Transport,AES-GCM-128,Combined-AEAD,14,1,1,28800,0,Secure_Compliant,No_Vulnerabilities
VPN-SES-00949,0xe1c9ebde,IPv4,2,Tunnel,AES-GCM-128,Combined-AEAD,19,1,1,1800,0,Secure_Compliant,No_Vulnerabilities
VPN-SES-00950,0x4e25b50c,IPv4,2,Tunnel,AES-GCM-128,Combined-AEAD,2,1,1,3600,25,Medium_Risk,Sub_2048bit_DH_Group_MODP1024
VPN-SES-00951,0xabdd9bc7,IPv4,2,Tunnel,3DES,SHA1,14,1,1,86400,80,High_Risk,Sweet32_Vulnerable_Cipher(3DES)|Cryptographically_Broken_HMAC(SHA1)|Excessive_Key_Lifetime_Rekey_Exposure
VPN-SES-00952,0x9341afde,IPv4,2,Tunnel,3DES,SHA256,5,1,1,86400,75,High_Risk,Sweet32_Vulnerable_Cipher(3DES)|Sub_2048bit_DH_Group_MODP1536|Excessive_Key_Lifetime_Rekey_Exposure
VPN-SES-00953,0x78393ff5,IPv6,1,Transport,AES-CBC-256,SHA512,5,0,1,1800,40,Medium_Risk,Sub_2048bit_DH_Group_MODP1536|PFS_Disabled_Key_Compromise_Exposure
VPN-SES-00954,0x5c5a3587,IPv4,2,Transport,AES-GCM-256,Combined-AEAD,19,0,1,3600,15,Secure_Compliant,PFS_Disabled_Key_Compromise_Exposure
VPN-SES-00955,0x3bddf9ef,IPv4,2,Tunnel,AES-CBC-256,MD5,20,1,1,14400,30,Medium_Risk,Cryptographically_Broken_HMAC(MD5)
VPN-SES-00956,0x71b2d992,IPv4,2,Transport,AES-CBC-256,SHA512,14,1,1,28800,0,Secure_Compliant,No_Vulnerabilities
VPN-SES-00957,0x310a6c4d,IPv4,2,Transport,AES-GCM-128,Combined-AEAD,19,0,1,7200,15,Secure_Compliant,PFS_Disabled_Key_Compromise_Exposure
VPN-SES-00958,0xf4728f88,IPv4,2,Tunnel,AES-CBC-128,SHA256,20,1,1,7200,10,Secure_Compliant,Legacy_CBC_Mode_Padding_Oracle_Risk
VPN-SES-00959,0x871a4af3,IPv4,2,Tunnel,AES-GCM-256,Combined-AEAD,20,0,1,7200,15,Secure_Compliant,PFS_Disabled_Key_Compromise_Exposure
VPN-SES-00960,0xafe2cadc,IPv4,1,Transport,AES-GCM-256,Combined-AEAD,2,1,1,7200,25,Medium_Risk,Sub_2048bit_DH_Group_MODP1024
VPN-SES-00961,0xaef98613,IPv4,2,Tunnel,AES-GCM-256,Combined-AEAD,14,1,1,28800,0,Secure_Compliant,No_Vulnerabilities
VPN-SES-00962,0x9028df6c,IPv4,1,Transport,AES-CBC-256,SHA512,19,1,1,7200,0,Secure_Compliant,No_Vulnerabilities
VPN-SES-00963,0x58d5de25,IPv4,2,Tunnel,AES-CBC-128,SHA256,19,0,1,1800,25,Medium_Risk,Legacy_CBC_Mode_Padding_Oracle_Risk|PFS_Disabled_Key_Compromise_Exposure
VPN-SES-00964,0x2d257d3a,IPv6,1,Tunnel,AES-GCM-256,Combined-AEAD,14,1,1,1800,0,Secure_Compliant,No_Vulnerabilities
VPN-SES-00965,0xc52f1129,IPv4,1,Tunnel,AES-CBC-128,SHA256,14,0,1,28800,25,Medium_Risk,Legacy_CBC_Mode_Padding_Oracle_Risk|PFS_Disabled_Key_Compromise_Exposure
VPN-SES-00966,0xa710160b,IPv4,1,Tunnel,AES-CBC-128,SHA256,14,1,1,14400,10,Secure_Compliant,Legacy_CBC_Mode_Padding_Oracle_Risk
VPN-SES-00967,0x279d2728,IPv4,2,Transport,AES-CBC-256,MD5,20,0,1,3600,45,High_Risk,Cryptographically_Broken_HMAC(MD5)|PFS_Disabled_Key_Compromise_Exposure
VPN-SES-00968,0x374b852a,IPv4,2,Transport,AES-CBC-128,SHA512,19,0,1,3600,25,Medium_Risk,Legacy_CBC_Mode_Padding_Oracle_Risk|PFS_Disabled_Key_Compromise_Exposure
VPN-SES-00969,0xd40febad,IPv4,1,Tunnel,AES-CBC-256,SHA256,14,1,1,28800,0,Secure_Compliant,No_Vulnerabilities
VPN-SES-00970,0xa3e8b90d,IPv6,2,Tunnel,AES-CBC-256,SHA256,19,1,1,7200,0,Secure_Compliant,No_Vulnerabilities
VPN-SES-00971,0xf609bbbc,IPv4,2,Tunnel,AES-GCM-256,Combined-AEAD,14,1,1,1800,0,Secure_Compliant,No_Vulnerabilities
VPN-SES-00972,0x807d5478,IPv4,1,Tunnel,AES-CBC-128,SHA256,2,1,1,1800,35,Medium_Risk,Legacy_CBC_Mode_Padding_Oracle_Risk|Sub_2048bit_DH_Group_MODP1024
VPN-SES-00973,0xfcc63423,IPv4,2,Transport,AES-CBC-128,SHA256,20,1,1,86400,20,Medium_Risk,Legacy_CBC_Mode_Padding_Oracle_Risk|Excessive_Key_Lifetime_Rekey_Exposure
VPN-SES-00974,0xa64893f0,IPv4,2,Tunnel,AES-CBC-128,SHA512,20,1,1,3600,10,Secure_Compliant,Legacy_CBC_Mode_Padding_Oracle_Risk
VPN-SES-00975,0xd0ed0afd,IPv4,2,Tunnel,AES-CBC-256,SHA256,14,1,1,14400,0,Secure_Compliant,No_Vulnerabilities
VPN-SES-00976,0x6afb7584,IPv4,2,Tunnel,AES-CBC-256,SHA256,20,1,1,14400,0,Secure_Compliant,No_Vulnerabilities
VPN-SES-00977,0xab256656,IPv6,2,Tunnel,AES-GCM-256,Combined-AEAD,2,1,1,1800,25,Medium_Risk,Sub_2048bit_DH_Group_MODP1024
VPN-SES-00978,0xb318f918,IPv4,2,Transport,AES-CBC-256,SHA1,20,1,1,86400,40,Medium_Risk,Cryptographically_Broken_HMAC(SHA1)|Excessive_Key_Lifetime_Rekey_Exposure
VPN-SES-00979,0xc6027a95,IPv4,2,Transport,AES-CBC-256,SHA512,19,0,1,14400,15,Secure_Compliant,PFS_Disabled_Key_Compromise_Exposure
VPN-SES-00980,0x76bd7b2f,IPv4,2,Tunnel,AES-GCM-256,Combined-AEAD,20,1,1,28800,0,Secure_Compliant,No_Vulnerabilities
VPN-SES-00981,0x880067c0,IPv4,2,Transport,AES-CBC-256,SHA1,20,0,1,86400,55,High_Risk,Cryptographically_Broken_HMAC(SHA1)|PFS_Disabled_Key_Compromise_Exposure|Excessive_Key_Lifetime_Rekey_Exposure
VPN-SES-00982,0xc79f9bc5,IPv4,1,Tunnel,AES-GCM-128,Combined-AEAD,2,1,1,1800,25,Medium_Risk,Sub_2048bit_DH_Group_MODP1024
VPN-SES-00983,0xbc218606,IPv4,2,Tunnel,AES-CBC-256,SHA512,20,0,1,1800,15,Secure_Compliant,PFS_Disabled_Key_Compromise_Exposure
VPN-SES-00984,0xd13a5042,IPv6,1,Tunnel,AES-CBC-256,SHA512,14,0,1,14400,15,Secure_Compliant,PFS_Disabled_Key_Compromise_Exposure
VPN-SES-00985,0xc859e840,IPv6,2,Transport,AES-CBC-256,SHA512,14,1,1,14400,0,Secure_Compliant,No_Vulnerabilities
VPN-SES-00986,0xc2ef1b61,IPv4,2,Tunnel,AES-CBC-256,SHA1,14,1,0,86400,65,High_Risk,Cryptographically_Broken_HMAC(SHA1)|Anti_Replay_Protection_Disabled|Excessive_Key_Lifetime_Rekey_Exposure
VPN-SES-00987,0xb4479ae2,IPv4,2,Transport,AES-CBC-128,SHA512,14,1,0,86400,45,High_Risk,Legacy_CBC_Mode_Padding_Oracle_Risk|Anti_Replay_Protection_Disabled|Excessive_Key_Lifetime_Rekey_Exposure
VPN-SES-00988,0x4890135e,IPv4,2,Tunnel,AES-GCM-256,Combined-AEAD,19,1,1,3600,0,Secure_Compliant,No_Vulnerabilities
VPN-SES-00989,0xca3c680d,IPv4,1,Tunnel,AES-CBC-256,SHA512,19,1,1,1800,0,Secure_Compliant,No_Vulnerabilities
VPN-SES-00990,0xd2663c3f,IPv4,2,Transport,AES-CBC-128,SHA256,14,1,1,7200,10,Secure_Compliant,Legacy_CBC_Mode_Padding_Oracle_Risk
VPN-SES-00991,0xdb736403,IPv4,2,Transport,AES-CBC-128,SHA256,14,1,1,3600,10,Secure_Compliant,Legacy_CBC_Mode_Padding_Oracle_Risk
VPN-SES-00992,0xb14e4b5f,IPv6,2,Tunnel,AES-GCM-128,Combined-AEAD,19,1,0,3600,25,Medium_Risk,Anti_Replay_Protection_Disabled
VPN-SES-00993,0xf1d6c076,IPv6,1,Transport,AES-GCM-128,Combined-AEAD,5,1,0,7200,50,High_Risk,Sub_2048bit_DH_Group_MODP1536|Anti_Replay_Protection_Disabled
VPN-SES-00994,0x1b8a48fb,IPv4,2,Tunnel,AES-GCM-128,Combined-AEAD,14,1,1,3600,0,Secure_Compliant,No_Vulnerabilities
VPN-SES-00995,0xaf34b145,IPv6,2,Tunnel,AES-CBC-256,MD5,14,0,1,14400,45,High_Risk,Cryptographically_Broken_HMAC(MD5)|PFS_Disabled_Key_Compromise_Exposure
VPN-SES-00996,0xc71247c4,IPv4,2,Tunnel,AES-CBC-256,SHA256,2,1,1,7200,25,Medium_Risk,Sub_2048bit_DH_Group_MODP1024
VPN-SES-00997,0xd8cf1ccd,IPv4,2,Tunnel,AES-CBC-128,SHA1,20,1,1,28800,40,Medium_Risk,Legacy_CBC_Mode_Padding_Oracle_Risk|Cryptographically_Broken_HMAC(SHA1)
VPN-SES-00998,0xa74b3906,IPv4,1,Transport,AES-CBC-128,SHA256,5,0,1,7200,50,High_Risk,Legacy_CBC_Mode_Padding_Oracle_Risk|Sub_2048bit_DH_Group_MODP1536|PFS_Disabled_Key_Compromise_Exposure
VPN-SES-00999,0x11c48783,IPv4,2,Tunnel,AES-GCM-256,Combined-AEAD,20,1,1,86400,10,Secure_Compliant,Excessive_Key_Lifetime_Rekey_Exposure
VPN-SES-01000,0x2f169d17,IPv4,2,Tunnel,AES-GCM-128,Combined-AEAD,14,1,1,3600,0,Secure_Compliant,No_Vulnerabilities
