flow_id,session_id,esp_spi,flow_duration_sec,packet_count,total_bytes,byte_rate_Bps,byte_rate_bps,bit_rate_bps,mean_packet_length,std_packet_length,min_packet_length,max_packet_length,mean_iat_sec,std_iat_sec,outbound_bytes_ratio,traffic_type,attack_type,is_attack,ebpf_event_count,socket_buffer_drops,tcp_retrans_count
FLW-0000001,VPN-SES-00001,0xb3b1799d,23.32,13297,1950546,83642.62,669140.99,669140.99,141.66,55.23,66,216,0.011183,0.006237,0.928,Attack,DOS_FLOOD,1,42444,2,2
FLW-0000002,VPN-SES-00001,0xb3b1799d,109.95,14219,17837066,162228.89,1297831.09,1297831.09,1256.56,165.51,904,1500,0.034444,0.014064,0.816,Attack,DATA_EXFILTRATION,1,42645,0,2
FLW-0000003,VPN-SES-00001,0xb3b1799d,101.05,2009,393825,3897.33,31178.62,31178.62,179.19,28.85,130,238,0.033748,0.019617,0.363,VoIP,BENIGN,0,2530,0,1
FLW-0000004,VPN-SES-00002,0x7c307511,101.13,2635,413727,4091.04,32728.33,32728.33,155.25,48.4,48,261,0.085741,0.05454,0.542,VoIP,BENIGN,0,2885,0,1
FLW-0000005,VPN-SES-00002,0x7c307511,17.62,124,9858,559.48,4475.82,4475.82,86.69,25.3,53,132,1.184676,0.18174,0.478,ICMP,BENIGN,0,101,0,1
FLW-0000006,VPN-SES-00002,0x7c307511,5.61,27,2999,534.58,4276.65,4276.65,103.71,25.97,67,135,2.409735,0.437234,0.425,ICMP,BENIGN,0,30,0,0
FLW-0000007,VPN-SES-00002,0x7c307511,128.84,4913,694078,5387.13,43097.05,43097.05,129.61,26.21,74,182,0.086686,0.036299,0.555,VoIP,BENIGN,0,6007,0,1
FLW-0000008,VPN-SES-00002,0x7c307511,125.32,1058,230117,1836.24,14689.88,14689.88,238.27,229.15,40,630,1.31567,1.08781,0.346,WhatsApp,BENIGN,0,1054,0,1
FLW-0000009,VPN-SES-00002,0x7c307511,154.38,23623,25886525,167680.56,1341444.49,1341444.49,1209.52,388.34,630,1500,0.035311,0.034291,0.152,Video_Streaming,BENIGN,0,28708,2,1
FLW-0000010,VPN-SES-00002,0x7c307511,94.01,2092,354228,3767.98,30143.86,30143.86,163.05,54.79,45,266,0.079588,0.079886,0.456,VoIP,BENIGN,0,2819,0,0
FLW-0000011,VPN-SES-00002,0x7c307511,112.28,13071,17697784,157621.87,1260974.99,1260974.99,1455.87,205.1,1163,1500,0.02405,0.017103,0.045,Video_Streaming,BENIGN,0,16058,0,0
FLW-0000012,VPN-SES-00003,0xfce66fa2,268.97,44361,64959984,241513.86,1932110.91,1932110.91,1464.86,199.86,1087,1500,0.075966,0.064394,0.076,Video_Streaming,BENIGN,0,45922,1,1
FLW-0000013,VPN-SES-00003,0xfce66fa2,196.22,17989,21881046,111512.82,892102.58,892102.58,1231.05,196.99,977,1500,0.021314,0.026617,0.154,Video_Streaming,BENIGN,0,26177,1,2
FLW-0000014,VPN-SES-00003,0xfce66fa2,26.05,188,78589,3016.85,24134.82,24134.82,459.81,154.6,272,731,1.130503,1.533804,0.283,WhatsApp,BENIGN,0,145,0,1
FLW-0000015,VPN-SES-00003,0xfce66fa2,15.42,313,131257,8512.13,68097.02,68097.02,398.48,378.31,40,1068,0.371199,0.195692,0.699,Email_IMAP,BENIGN,0,371,0,0
FLW-0000016,VPN-SES-00003,0xfce66fa2,51.61,1082,259311,5024.43,40195.47,40195.47,266.28,111.14,68,415,1.93897,3.981812,0.55,WhatsApp,BENIGN,0,1033,0,0
FLW-0000017,VPN-SES-00003,0xfce66fa2,77.1,37,7523,97.57,780.6,780.6,215.59,66.84,111,313,3.165099,1.13211,0.623,Attack,C2_BEACONING,1,51,0,1
FLW-0000018,VPN-SES-00004,0x2c11f735,92.72,4291,803537,8666.27,69330.2,69330.2,171.77,29.6,124,228,0.044875,0.023462,0.52,VoIP,BENIGN,0,4709,0,1
FLW-0000019,VPN-SES-00004,0x2c11f735,12.65,37,3198,252.81,2022.45,2022.45,91.37,29.57,50,154,0.92168,0.214295,0.413,ICMP,BENIGN,0,23,0,1
FLW-0000020,VPN-SES-00004,0x2c11f735,16.9,4355,358649,21221.83,169774.67,169774.67,79.49,36.48,40,136,0.03841,0.028081,0.858,Attack,PORT_SCAN,1,11270,0,4
FLW-0000021,VPN-SES-00005,0x536d76e2,61.17,1599,1082039,17689.05,141512.38,141512.38,732.8,321.4,106,1412,0.506959,0.311678,0.447,Email_IMAP,BENIGN,0,1452,0,0
FLW-0000022,VPN-SES-00005,0x536d76e2,138.84,6149,832878,5998.83,47990.67,47990.67,133.68,14.8,115,163,0.054307,0.026242,0.452,VoIP,BENIGN,0,5767,0,2
FLW-0000023,VPN-SES-00005,0x536d76e2,18.34,416,384939,20989.04,167912.32,167912.32,863.22,583.21,40,1500,1.289934,2.273816,0.433,Web_Browsing,BENIGN,0,458,0,0
FLW-0000024,VPN-SES-00005,0x536d76e2,15.88,776,84011,5290.37,42322.92,42322.92,110.22,47.95,40,191,0.025728,0.009566,0.411,VoIP,BENIGN,0,773,0,0
FLW-0000025,VPN-SES-00006,0x21b7e948,37.7,711,630470,16723.34,133786.74,133786.74,889.58,324.3,230,1317,0.28637,0.238809,0.482,Email_IMAP,BENIGN,0,721,0,0
FLW-0000026,VPN-SES-00006,0x21b7e948,154.66,1789,245727,1588.82,12710.57,12710.57,145.31,302.92,40,712,0.773697,0.766173,0.399,WhatsApp,BENIGN,0,1883,0,0
FLW-0000027,VPN-SES-00006,0x21b7e948,21.55,186,97830,4539.68,36317.4,36317.4,537.15,519.97,40,1500,0.780632,0.699297,0.426,Email_IMAP,BENIGN,0,210,1,0
FLW-0000028,VPN-SES-00006,0x21b7e948,13.23,2301,178739,13510.13,108081.03,108081.03,79.09,25.55,40,122,0.026961,0.020387,0.911,Attack,PORT_SCAN,1,6248,0,1
FLW-0000029,VPN-SES-00006,0x21b7e948,18.78,1936,191925,10219.65,81757.19,81757.19,94.13,23.13,57,127,0.046013,0.037179,0.744,Attack,PORT_SCAN,1,5868,0,3
FLW-0000030,VPN-SES-00006,0x21b7e948,17.52,1569,164795,9406.11,75248.86,75248.86,100.63,44.23,40,163,0.01706,0.007541,0.682,Attack,PORT_SCAN,1,3339,0,5
FLW-0000031,VPN-SES-00007,0x4ceddf2d,16.17,2621,220407,13630.61,109044.9,109044.9,88.95,29.92,40,147,0.027757,0.017488,0.666,Attack,PORT_SCAN,1,8157,0,3
FLW-0000032,VPN-SES-00007,0x4ceddf2d,5.56,33,3928,706.47,5651.8,5651.8,113.85,29.33,68,161,1.24118,0.349061,0.406,ICMP,BENIGN,0,27,0,2
FLW-0000033,VPN-SES-00007,0x4ceddf2d,49.13,1783,275662,5610.87,44886.95,44886.95,142.92,36.31,69,208,0.033372,0.009872,0.421,VoIP,BENIGN,0,2153,0,0
FLW-0000034,VPN-SES-00007,0x4ceddf2d,59.68,9371,9976701,167169.92,1337359.38,1337359.38,1113.94,231.31,693,1400,0.028512,0.01267,0.02,Video_Streaming,BENIGN,0,16152,0,1
FLW-0000035,VPN-SES-00007,0x4ceddf2d,14.0,9727,1074787,76770.5,614164.0,614164.0,115.71,41.49,59,183,0.003039,0.001598,0.954,Attack,DOS_FLOOD,1,42279,4,1
FLW-0000036,VPN-SES-00007,0x4ceddf2d,123.42,2484,513594,4161.35,33290.81,33290.81,226.9,189.16,40,514,0.733092,0.470778,0.528,WhatsApp,BENIGN,0,2685,0,0
FLW-0000037,VPN-SES-00008,0x29108be5,397.74,247,38868,97.72,781.78,781.78,167.0,85.72,40,284,3.446031,0.962081,0.512,Attack,C2_BEACONING,1,330,0,1
FLW-0000038,VPN-SES-00008,0x29108be5,191.59,489,104245,544.1,4352.84,4352.84,200.44,100.73,40,335,3.070823,2.949127,0.601,Attack,C2_BEACONING,1,722,0,2
FLW-0000039,VPN-SES-00008,0x29108be5,131.41,2390,677943,5158.99,41271.93,41271.93,303.65,174.54,40,662,1.084245,0.995022,0.668,WhatsApp,BENIGN,0,1876,0,1
FLW-0000040,VPN-SES-00008,0x29108be5,17.24,47,4425,256.67,2053.36,2053.36,97.33,31.05,55,139,1.479585,0.685385,0.489,ICMP,BENIGN,0,29,0,2
FLW-0000041,VPN-SES-00008,0x29108be5,56.93,2797,316516,5559.74,44477.92,44477.92,105.63,45.04,40,164,0.089818,0.07533,0.466,VoIP,BENIGN,0,2766,0,2
FLW-0000042,VPN-SES-00008,0x29108be5,20.06,757,92133,4592.87,36742.97,36742.97,122.84,31.74,54,185,0.044373,0.033052,0.453,VoIP,BENIGN,0,712,0,0
FLW-0000043,VPN-SES-00009,0xfb5cf467,20.31,1566,2223920,109498.77,875990.15,875990.15,1292.71,186.73,969,1500,0.0381,0.028269,0.907,Attack,DATA_EXFILTRATION,1,4523,0,0
FLW-0000044,VPN-SES-00009,0xfb5cf467,23.32,673,296977,12734.86,101878.9,101878.9,457.7,436.26,40,1106,0.790828,0.623377,0.632,Email_IMAP,BENIGN,0,517,1,0
FLW-0000045,VPN-SES-00009,0xfb5cf467,23.67,863,197821,8357.46,66859.65,66859.65,249.93,136.32,40,505,0.133183,0.095246,0.696,Attack,BRUTE_FORCE,1,1324,0,3
FLW-0000046,VPN-SES-00009,0xfb5cf467,36.93,2229,1898826,51416.9,411335.17,411335.17,823.87,473.04,132,1423,0.565377,0.674879,0.302,Web_Browsing,BENIGN,0,1843,0,0
FLW-0000047,VPN-SES-00009,0xfb5cf467,53.91,3934,490282,9094.45,72755.63,72755.63,125.4,43.37,54,215,0.044799,0.027986,0.356,VoIP,BENIGN,0,3822,0,1
FLW-0000048,VPN-SES-00009,0xfb5cf467,67.48,2203,276530,4097.95,32783.64,32783.64,137.21,43.22,75,201,0.057097,0.043915,0.64,VoIP,BENIGN,0,1912,0,0
FLW-0000049,VPN-SES-00009,0xfb5cf467,69.63,3595,1052873,15120.97,120967.74,120967.74,297.31,135.81,110,539,0.107204,0.074817,0.651,Attack,BRUTE_FORCE,1,6138,0,2
FLW-0000050,VPN-SES-00010,0x6e9953d2,85.26,2074,358023,4199.19,33593.53,33593.53,167.89,55.69,66,250,0.071662,0.03778,0.468,VoIP,BENIGN,0,2680,0,2
FLW-0000051,VPN-SES-00010,0x6e9953d2,13.33,2009,154806,11613.35,92906.83,92906.83,80.18,31.13,41,145,0.025058,0.023976,0.925,Attack,PORT_SCAN,1,6971,0,2
FLW-0000052,VPN-SES-00010,0x6e9953d2,224.89,16735,23018399,102354.04,818832.28,818832.28,1466.58,187.26,1119,1500,0.044527,0.044625,0.136,Video_Streaming,BENIGN,0,26391,1,2
FLW-0000053,VPN-SES-00010,0x6e9953d2,53.96,879,795103,14735.04,117880.36,117880.36,943.24,400.59,294,1500,0.265959,0.216292,0.133,Web_Browsing,BENIGN,0,736,0,0
FLW-0000054,VPN-SES-00010,0x6e9953d2,24.67,1007,135025,5473.25,43785.97,43785.97,131.29,47.71,42,234,0.038674,0.029584,0.612,VoIP,BENIGN,0,1124,0,0
FLW-0000055,VPN-SES-00011,0x56d483f3,27.41,39164,6272968,228856.91,1830855.31,1830855.31,152.15,31.36,91,196,0.005482,0.00302,0.834,Attack,DOS_FLOOD,1,148861,4,1
FLW-0000056,VPN-SES-00011,0x56d483f3,132.08,9346,12339305,93422.96,747383.71,747383.71,1278.96,317.52,672,1500,0.027833,0.02595,0.099,Video_Streaming,BENIGN,0,13433,0,0
FLW-0000057,VPN-SES-00011,0x56d483f3,115.18,2882,573615,4980.16,39841.29,39841.29,182.58,43.51,106,249,0.03822,0.031245,0.561,VoIP,BENIGN,0,2589,0,1
FLW-0000058,VPN-SES-00012,0x4fe12e47,292.56,14831,23585541,80617.79,644942.33,644942.33,1460.74,382.04,847,1500,0.036694,0.034849,0.144,Video_Streaming,BENIGN,0,15604,0,1
FLW-0000059,VPN-SES-00012,0x4fe12e47,56.01,1276,446845,7977.95,63823.6,63823.6,360.27,374.47,40,908,0.720148,1.397529,0.421,Web_Browsing,BENIGN,0,1451,0,4
FLW-0000060,VPN-SES-00012,0x4fe12e47,19.01,44,4644,244.29,1954.34,1954.34,108.92,30.17,48,172,0.503585,0.183631,0.53,ICMP,BENIGN,0,24,0,0
FLW-0000061,VPN-SES-00012,0x4fe12e47,37.5,826,124769,3327.17,26617.39,26617.39,142.26,60.64,40,221,0.077415,0.062608,0.634,VoIP,BENIGN,0,1013,0,0
FLW-0000062,VPN-SES-00013,0x887f2425,28.0,618,330305,11796.61,94372.86,94372.86,528.68,224.16,135,839,0.361,0.3266,0.284,Web_Browsing,BENIGN,0,681,1,3
FLW-0000063,VPN-SES-00013,0x887f2425,19.78,110,99677,5039.28,40314.26,40314.26,957.89,510.08,294,1500,1.052757,1.450155,0.481,Email_IMAP,BENIGN,0,96,0,2
FLW-0000064,VPN-SES-00013,0x887f2425,23.9,1309,1300956,54433.31,435466.44,435466.44,951.04,361.04,358,1404,0.337708,0.345039,0.301,Web_Browsing,BENIGN,0,1924,0,0
FLW-0000065,VPN-SES-00013,0x887f2425,64.81,2200,332405,5128.92,41031.32,41031.32,158.09,54.71,66,267,0.044002,0.040304,0.497,VoIP,BENIGN,0,1863,0,1
FLW-0000066,VPN-SES-00013,0x887f2425,132.05,2050,490846,3717.12,29736.98,29736.98,249.58,176.71,40,607,0.799507,0.974574,0.491,WhatsApp,BENIGN,0,1781,0,2
FLW-0000067,VPN-SES-00014,0x729c2ae3,85.29,141,27157,318.41,2547.26,2547.26,203.83,72.47,60,336,3.90652,1.165089,0.663,Attack,C2_BEACONING,1,140,0,4
FLW-0000068,VPN-SES-00014,0x729c2ae3,59.59,598,357223,5994.68,47957.44,47957.44,600.51,679.96,40,1500,0.310939,0.376543,0.49,Web_Browsing,BENIGN,0,660,0,1
FLW-0000069,VPN-SES-00014,0x729c2ae3,26.31,486,421930,16036.87,128294.94,128294.94,887.33,662.51,40,1500,0.542469,0.346335,0.584,Email_IMAP,BENIGN,0,596,0,2
FLW-0000070,VPN-SES-00014,0x729c2ae3,46.88,777,969643,20683.51,165468.09,165468.09,1155.12,591.28,40,1500,0.377148,0.504195,0.374,Web_Browsing,BENIGN,0,816,0,0
FLW-0000071,VPN-SES-00014,0x729c2ae3,109.75,2471,722602,6584.07,52672.58,52672.58,294.53,312.24,40,879,0.712061,0.654822,0.464,WhatsApp,BENIGN,0,2758,1,1
FLW-0000072,VPN-SES-00014,0x729c2ae3,40.58,1543,2150671,52998.3,423986.4,423986.4,1453.62,368.63,704,1500,0.142996,0.137612,0.407,Web_Browsing,BENIGN,0,2167,0,0
FLW-0000073,VPN-SES-00014,0x729c2ae3,153.53,20634,30414436,198100.93,1584807.45,1584807.45,1435.51,211.15,1015,1500,0.061309,0.053626,0.02,Video_Streaming,BENIGN,0,24258,0,1
FLW-0000074,VPN-SES-00014,0x729c2ae3,65.21,1112,338254,5187.15,41497.19,41497.19,278.16,243.17,40,706,1.433141,1.300582,0.462,WhatsApp,BENIGN,0,1261,0,1
FLW-0000075,VPN-SES-00015,0x92dc4c8e,46.56,2397,3085400,66267.18,530137.46,530137.46,1213.86,217.84,882,1500,0.037945,0.019257,0.055,Video_Streaming,BENIGN,0,3814,0,2
FLW-0000076,VPN-SES-00015,0x92dc4c8e,64.68,347,376979,5828.37,46626.96,46626.96,1007.56,643.73,59,1500,0.536649,0.637448,0.503,Email_IMAP,BENIGN,0,346,0,2
FLW-0000077,VPN-SES-00015,0x92dc4c8e,19.94,155,16980,851.55,6812.44,6812.44,107.29,25.25,52,141,0.464898,0.211864,0.412,ICMP,BENIGN,0,110,0,1
FLW-0000078,VPN-SES-00015,0x92dc4c8e,41.35,623,273337,6610.33,52882.61,52882.61,420.35,196.3,40,823,0.844454,0.686693,0.402,WhatsApp,BENIGN,0,500,0,1
FLW-0000079,VPN-SES-00015,0x92dc4c8e,17.72,2743,299860,16922.12,135376.98,135376.98,103.15,21.2,73,143,0.023719,0.014311,0.67,Attack,PORT_SCAN,1,5508,0,1
FLW-0000080,VPN-SES-00015,0x92dc4c8e,19.96,35,3768,188.78,1510.22,1510.22,108.76,28.52,51,156,0.84348,0.246126,0.406,ICMP,BENIGN,0,23,1,0
FLW-0000081,VPN-SES-00015,0x92dc4c8e,10.32,2341,246389,23874.9,190999.22,190999.22,108.28,28.25,59,151,0.033451,0.017859,0.732,Attack,PORT_SCAN,1,6102,0,0
FLW-0000082,VPN-SES-00015,0x92dc4c8e,41.24,1269,1570231,38075.44,304603.49,304603.49,1158.52,322.63,504,1500,0.757505,0.781439,0.537,Email_IMAP,BENIGN,0,1018,0,1
FLW-0000083,VPN-SES-00016,0xf4347d51,8.54,71,8064,944.26,7554.1,7554.1,104.55,21.86,71,145,0.844057,0.415027,0.506,ICMP,BENIGN,0,48,0,1
FLW-0000084,VPN-SES-00016,0xf4347d51,73.83,3951,3851378,52165.49,417323.91,417323.91,1076.69,300.31,546,1500,0.035608,0.032206,0.02,Video_Streaming,BENIGN,0,4138,0,1
FLW-0000085,VPN-SES-00016,0xf4347d51,35.9,1317,1500071,41784.71,334277.66,334277.66,1091.17,685.81,105,1500,0.495561,0.493313,0.476,Web_Browsing,BENIGN,0,1656,0,0
FLW-0000086,VPN-SES-00016,0xf4347d51,9.99,13373,1704335,170604.1,1364832.83,1364832.83,133.9,43.9,65,203,0.005732,0.001745,0.964,Attack,DOS_FLOOD,1,58584,1,3
FLW-0000087,VPN-SES-00016,0xf4347d51,55.32,1387,233257,4216.5,33732.03,33732.03,156.82,44.6,85,216,0.040371,0.028179,0.409,VoIP,BENIGN,0,1398,0,1
FLW-0000088,VPN-SES-00017,0x8746d0ba,22.9,637,555085,24239.52,193916.16,193916.16,897.9,629.2,40,1500,0.430959,0.470887,0.361,Web_Browsing,BENIGN,0,854,0,0
FLW-0000089,VPN-SES-00017,0x8746d0ba,85.96,1175,497049,5782.33,46258.63,46258.63,395.85,261.7,40,856,0.795619,0.742228,0.431,WhatsApp,BENIGN,0,1404,0,0
FLW-0000090,VPN-SES-00017,0x8746d0ba,153.21,18719,28766048,187755.68,1502045.45,1502045.45,1401.5,264.86,896,1500,0.048272,0.048174,0.02,Video_Streaming,BENIGN,0,19136,0,1
FLW-0000091,VPN-SES-00017,0x8746d0ba,80.32,1208,394832,4915.74,39325.9,39325.9,313.27,272.86,40,718,0.472824,0.385726,0.462,WhatsApp,BENIGN,0,890,0,2
FLW-0000092,VPN-SES-00017,0x8746d0ba,305.81,49682,66160257,216344.32,1730754.57,1730754.57,1330.6,273.32,949,1500,0.065362,0.05411,0.112,Video_Streaming,BENIGN,0,74933,0,1
FLW-0000093,VPN-SES-00017,0x8746d0ba,6.14,104,82423,13423.94,107391.53,107391.53,834.06,420.56,154,1390,0.512406,0.432081,0.494,Email_IMAP,BENIGN,0,109,0,0
FLW-0000094,VPN-SES-00018,0xa07bfe36,46.45,885,440858,9491.02,75928.18,75928.18,477.67,229.49,155,768,3.28885,3.716444,0.452,WhatsApp,BENIGN,0,759,0,0
FLW-0000095,VPN-SES-00018,0xa07bfe36,49.73,2792,341530,6867.69,54941.48,54941.48,112.7,41.74,40,180,0.045299,0.017911,0.613,VoIP,BENIGN,0,2768,0,0
FLW-0000096,VPN-SES-00018,0xa07bfe36,14.73,340,86225,5853.7,46829.6,46829.6,243.39,106.87,72,391,0.18232,0.152776,0.591,Attack,BRUTE_FORCE,1,691,0,1
FLW-0000097,VPN-SES-00018,0xa07bfe36,79.77,5484,790578,9910.72,79285.75,79285.75,150.63,55.42,54,250,0.025247,0.008043,0.505,VoIP,BENIGN,0,5831,0,1
FLW-0000098,VPN-SES-00018,0xa07bfe36,10.17,1341,129416,12725.27,101802.16,101802.16,105.43,15.61,86,133,0.012266,0.005873,0.672,Attack,PORT_SCAN,1,4289,0,4
FLW-0000099,VPN-SES-00019,0x893b4c32,30.76,12937,1379142,44835.57,358684.53,358684.53,108.99,20.11,81,148,0.006398,0.003694,0.98,Attack,DOS_FLOOD,1,44328,3,6
FLW-0000100,VPN-SES-00019,0x893b4c32,34.62,2818,832705,24052.72,192421.72,192421.72,306.22,99.0,151,437,0.163027,0.120339,0.696,Attack,BRUTE_FORCE,1,5678,0,1
FLW-0000101,VPN-SES-00019,0x893b4c32,10.52,55,6670,634.03,5072.24,5072.24,115.97,25.05,70,153,1.856415,0.739406,0.276,ICMP,BENIGN,0,34,0,5
FLW-0000102,VPN-SES-00019,0x893b4c32,39.73,4968,6367780,160276.37,1282210.92,1282210.92,1315.32,249.28,969,1500,0.039551,0.03255,0.224,Video_Streaming,BENIGN,0,7902,0,0
FLW-0000103,VPN-SES-00019,0x893b4c32,45.64,1283,1069133,23425.35,187402.8,187402.8,782.17,464.06,40,1479,0.34613,0.273119,0.548,Email_IMAP,BENIGN,0,967,0,2
FLW-0000104,VPN-SES-00019,0x893b4c32,58.18,2129,364116,6258.44,50067.51,50067.51,158.87,44.98,62,228,0.04146,0.024245,0.538,VoIP,BENIGN,0,2838,0,2
FLW-0000105,VPN-SES-00019,0x893b4c32,44.65,224,156356,3501.81,28014.51,28014.51,735.65,488.7,40,1328,0.483033,0.385009,0.556,Email_IMAP,BENIGN,0,276,0,2
FLW-0000106,VPN-SES-00019,0x893b4c32,33.28,891,196836,5914.54,47316.35,47316.35,215.9,166.22,40,576,0.946074,1.026752,0.402,WhatsApp,BENIGN,0,725,2,2
FLW-0000107,VPN-SES-00020,0xb2b5b498,21.27,91,10896,512.27,4098.17,4098.17,124.23,32.56,57,185,0.692738,0.325285,0.357,ICMP,BENIGN,0,63,0,0
FLW-0000108,VPN-SES-00020,0xb2b5b498,5.96,1062,93293,15653.19,125225.5,125225.5,94.67,42.58,40,155,0.027495,0.012154,0.78,Attack,PORT_SCAN,1,2922,1,1
FLW-0000109,VPN-SES-00020,0xb2b5b498,34.02,502,209235,6150.35,49202.82,49202.82,450.68,395.94,40,1079,0.830955,0.632221,0.417,Email_IMAP,BENIGN,0,507,0,1
FLW-0000110,VPN-SES-00020,0xb2b5b498,16.87,335,84936,5034.74,40277.89,40277.89,248.8,145.56,40,527,0.117786,0.070453,0.707,Attack,BRUTE_FORCE,1,545,0,3
FLW-0000111,VPN-SES-00020,0xb2b5b498,36.92,1439,1499362,40611.11,324888.84,324888.84,1010.33,608.79,232,1500,0.333104,0.381544,0.392,Web_Browsing,BENIGN,0,1631,0,1
FLW-0000112,VPN-SES-00020,0xb2b5b498,4.04,115,123615,30597.77,244782.18,244782.18,1049.16,230.42,711,1500,1.188052,0.756838,0.511,Email_IMAP,BENIGN,0,92,0,0
FLW-0000113,VPN-SES-00021,0x25eabb27,84.13,12164,14585604,173369.83,1386958.66,1386958.66,1102.21,247.77,781,1500,0.043991,0.029022,0.081,Video_Streaming,BENIGN,0,17068,1,1
FLW-0000114,VPN-SES-00021,0x25eabb27,25.24,636,716150,28373.61,226988.91,226988.91,1112.89,287.37,543,1500,0.462924,0.441525,0.424,Email_IMAP,BENIGN,0,698,0,1
FLW-0000115,VPN-SES-00021,0x25eabb27,54.07,1201,847779,15679.29,125434.29,125434.29,706.67,77.11,604,861,0.406652,0.473047,0.392,Web_Browsing,BENIGN,0,1723,0,0
FLW-0000116,VPN-SES-00021,0x25eabb27,95.14,3321,423985,4456.43,35651.46,35651.46,137.45,13.29,108,163,0.041783,0.019683,0.525,VoIP,BENIGN,0,4361,1,2
FLW-0000117,VPN-SES-00022,0xce2d740a,31.17,396,398435,12782.64,102261.15,102261.15,1077.18,543.46,40,1500,0.469294,0.435245,0.321,Web_Browsing,BENIGN,0,333,0,1
FLW-0000118,VPN-SES-00022,0xce2d740a,40.29,2847,4390505,108972.57,871780.59,871780.59,1412.61,226.64,1059,1500,0.044282,0.025847,0.864,Attack,DATA_EXFILTRATION,1,7514,0,1
FLW-0000119,VPN-SES-00022,0xce2d740a,37.18,899,339330,9126.68,73013.45,73013.45,366.85,60.71,286,488,0.125241,0.076356,0.717,Attack,BRUTE_FORCE,1,2107,0,2
FLW-0000120,VPN-SES-00023,0xee53790a,97.21,1569,713057,7335.22,58681.78,58681.78,438.47,199.2,40,824,0.895635,1.108636,0.596,WhatsApp,BENIGN,0,1782,0,0
FLW-0000121,VPN-SES-00023,0xee53790a,67.91,11749,13822717,203544.65,1628357.18,1628357.18,1193.63,342.81,658,1500,0.061664,0.061179,0.02,Video_Streaming,BENIGN,0,17838,0,0
FLW-0000122,VPN-SES-00023,0xee53790a,67.63,13997,20753876,306873.81,2454990.51,2454990.51,1354.99,154.34,1027,1500,0.011521,0.015842,0.146,Video_Streaming,BENIGN,0,17126,0,1
FLW-0000123,VPN-SES-00024,0xab37a22b,15.16,2445,254661,16798.22,134385.75,134385.75,95.36,31.41,40,160,0.024461,0.014122,0.937,Attack,PORT_SCAN,1,5216,1,1
FLW-0000124,VPN-SES-00024,0xab37a22b,3.77,419,48189,12782.23,102257.82,102257.82,104.77,27.85,50,165,0.018887,0.024501,0.895,Attack,PORT_SCAN,1,868,0,1
FLW-0000125,VPN-SES-00024,0xab37a22b,7.28,2145,242808,33352.75,266821.98,266821.98,103.48,31.94,40,157,0.01911,0.008963,0.804,Attack,PORT_SCAN,1,7469,0,1
FLW-0000126,VPN-SES-00024,0xab37a22b,43.41,2119,287987,6634.12,53072.93,53072.93,132.06,42.04,41,204,0.030861,0.012218,0.635,VoIP,BENIGN,0,1827,0,0
FLW-0000127,VPN-SES-00024,0xab37a22b,16.34,139,23961,1466.4,11731.21,11731.21,175.73,314.93,40,840,1.104495,1.235882,0.388,WhatsApp,BENIGN,0,100,0,0
FLW-0000128,VPN-SES-00024,0xab37a22b,18.68,133,12928,692.08,5536.62,5536.62,107.04,13.92,83,128,1.041546,0.484975,0.553,ICMP,BENIGN,0,106,0,0
FLW-0000129,VPN-SES-00024,0xab37a22b,11.91,2728,298641,25074.81,200598.49,200598.49,99.77,35.38,47,158,0.034607,0.021221,0.851,Attack,PORT_SCAN,1,9584,2,2
FLW-0000130,VPN-SES-00025,0xf88da719,65.94,2764,1202110,18230.36,145842.89,145842.89,425.51,742.2,40,1500,0.535092,0.659634,0.422,Web_Browsing,BENIGN,0,2489,0,3
FLW-0000131,VPN-SES-00025,0xf88da719,95.83,1735,390245,4072.26,32578.11,32578.11,207.37,264.73,40,644,0.873551,1.836968,0.521,WhatsApp,BENIGN,0,1338,0,0
FLW-0000132,VPN-SES-00025,0xf88da719,12.16,36,3853,316.86,2534.87,2534.87,117.15,22.81,89,156,1.213089,0.27031,0.491,ICMP,BENIGN,0,26,0,1
FLW-0000133,VPN-SES-00026,0x276132ed,205.76,1067,316341,1537.43,12299.42,12299.42,288.76,272.06,40,813,1.086855,1.036322,0.479,WhatsApp,BENIGN,0,836,0,2
FLW-0000134,VPN-SES-00026,0x276132ed,30.15,278,28157,933.9,7471.18,7471.18,99.33,26.87,59,133,0.849443,0.340796,0.443,ICMP,BENIGN,0,178,0,1
FLW-0000135,VPN-SES-00026,0x276132ed,49.79,588,142773,2867.5,22940.03,22940.03,236.64,195.57,40,473,0.696039,0.544249,0.339,WhatsApp,BENIGN,0,656,1,3
FLW-0000136,VPN-SES-00026,0x276132ed,42.58,1633,1218401,28614.4,228915.17,228915.17,682.97,486.57,40,1500,0.484986,0.475898,0.343,Web_Browsing,BENIGN,0,1891,0,1
FLW-0000137,VPN-SES-00026,0x276132ed,140.56,1844,331155,2355.97,18847.75,18847.75,187.8,162.66,40,411,1.427586,1.804697,0.497,WhatsApp,BENIGN,0,2038,0,1
FLW-0000138,VPN-SES-00026,0x276132ed,24.03,388,204394,8505.78,68046.28,68046.28,538.19,681.68,40,1439,0.541316,0.596039,0.396,Web_Browsing,BENIGN,0,525,0,1
FLW-0000139,VPN-SES-00027,0xd5c5b37a,18.89,30,2989,158.23,1265.85,1265.85,91.57,31.22,40,152,1.814274,0.449226,0.527,ICMP,BENIGN,0,21,0,1
FLW-0000140,VPN-SES-00027,0xd5c5b37a,313.4,47136,56176595,179248.87,1433990.94,1433990.94,1254.92,151.06,944,1500,0.085411,0.055357,0.026,Video_Streaming,BENIGN,0,54123,0,2
FLW-0000141,VPN-SES-00027,0xd5c5b37a,9.85,371,54239,5506.5,44051.98,44051.98,141.9,42.28,74,217,0.103944,0.110508,0.587,VoIP,BENIGN,0,307,0,3
FLW-0000142,VPN-SES-00027,0xd5c5b37a,7.34,45,4263,580.79,4646.32,4646.32,96.94,26.2,46,146,0.808505,0.313755,0.465,ICMP,BENIGN,0,29,0,1
FLW-0000143,VPN-SES-00027,0xd5c5b37a,30.22,1176,195442,6467.31,51738.45,51738.45,176.17,32.92,105,235,0.027114,0.01045,0.474,VoIP,BENIGN,0,1497,0,2
FLW-0000144,VPN-SES-00027,0xd5c5b37a,12.51,1221,103642,8284.73,66277.86,66277.86,84.2,24.74,46,129,0.022424,0.011511,0.92,Attack,PORT_SCAN,1,2861,0,2
FLW-0000145,VPN-SES-00027,0xd5c5b37a,47.31,1215,914130,19322.13,154577.05,154577.05,706.18,581.82,40,1500,0.533609,1.175925,0.355,Web_Browsing,BENIGN,0,1789,0,1
FLW-0000146,VPN-SES-00028,0xe5b077e0,79.14,1221,424255,5360.82,42886.53,42886.53,333.0,170.69,40,677,1.732777,1.979495,0.499,WhatsApp,BENIGN,0,1110,0,1
FLW-0000147,VPN-SES-00028,0xe5b077e0,40.15,1255,185170,4611.96,36895.64,36895.64,155.74,50.31,57,234,0.055132,0.02861,0.411,VoIP,BENIGN,0,1472,0,1
FLW-0000148,VPN-SES-00028,0xe5b077e0,19.49,47,4102,210.47,1683.74,1683.74,81.85,21.41,52,118,2.00929,0.651742,0.575,ICMP,BENIGN,0,29,0,0
FLW-0000149,VPN-SES-00028,0xe5b077e0,32.63,1762,975265,29888.6,239108.8,239108.8,612.68,393.32,134,1369,0.442728,1.010755,0.455,Web_Browsing,BENIGN,0,2135,0,0
FLW-0000150,VPN-SES-00028,0xe5b077e0,63.92,3815,2093175,32746.79,261974.34,261974.34,561.42,389.95,40,1182,0.451492,0.445065,0.525,Web_Browsing,BENIGN,0,4340,0,3
FLW-0000151,VPN-SES-00029,0x4d225c30,175.92,910,206303,1172.71,9381.67,9381.67,241.39,332.63,40,766,1.774748,1.939054,0.398,WhatsApp,BENIGN,0,997,0,1
FLW-0000152,VPN-SES-00029,0x4d225c30,66.46,3021,2935086,44163.2,353305.57,353305.57,1010.85,617.63,40,1500,0.574663,0.872628,0.464,Web_Browsing,BENIGN,0,2968,0,0
FLW-0000153,VPN-SES-00029,0x4d225c30,54.45,317,227837,4184.33,33474.67,33474.67,681.45,525.46,40,1500,0.704366,0.745869,0.678,Email_IMAP,BENIGN,0,363,0,2
FLW-0000154,VPN-SES-00029,0x4d225c30,6.53,8198,1276612,195499.54,1563996.32,1563996.32,150.96,38.42,74,229,0.007323,0.001978,0.859,Attack,DOS_FLOOD,1,41660,3,2
FLW-0000155,VPN-SES-00029,0x4d225c30,39.02,1031,963469,24691.67,197533.37,197533.37,863.59,385.46,53,1500,0.329536,0.452611,0.406,Email_IMAP,BENIGN,0,794,0,1
FLW-0000156,VPN-SES-00029,0x4d225c30,28.26,136,15594,551.8,4414.44,4414.44,108.04,33.74,60,163,1.486176,0.607657,0.499,ICMP,BENIGN,0,105,0,1
FLW-0000157,VPN-SES-00029,0x4d225c30,22.42,105,11460,511.15,4089.21,4089.21,104.84,23.19,69,148,0.640409,0.400466,0.417,ICMP,BENIGN,0,52,0,0
FLW-0000158,VPN-SES-00029,0x4d225c30,9.9,210,161266,16289.49,130315.96,130315.96,763.45,560.66,40,1500,0.546571,0.446665,0.51,Email_IMAP,BENIGN,0,234,0,1
FLW-0000159,VPN-SES-00030,0xfbc2026f,19.23,841,105833,5503.54,44028.29,44028.29,136.99,25.38,87,168,0.058049,0.020235,0.481,VoIP,BENIGN,0,1083,1,0
FLW-0000160,VPN-SES-00030,0xfbc2026f,33.28,573,455223,13678.58,109428.61,109428.61,795.33,359.74,192,1394,1.085162,3.34527,0.379,Web_Browsing,BENIGN,0,736,0,0
FLW-0000161,VPN-SES-00030,0xfbc2026f,21.13,47,5298,250.73,2005.87,2005.87,107.5,28.18,69,152,1.252916,0.806697,0.521,ICMP,BENIGN,0,20,0,0
FLW-0000162,VPN-SES-00030,0xfbc2026f,330.65,212,38911,117.68,941.44,941.44,194.45,62.76,97,322,3.812828,1.829713,0.494,Attack,C2_BEACONING,1,187,0,3
FLW-0000163,VPN-SES-00030,0xfbc2026f,92.59,17804,22797735,246222.43,1969779.46,1969779.46,1318.1,265.75,746,1500,0.055684,0.040488,0.071,Video_Streaming,BENIGN,0,22033,0,2
FLW-0000164,VPN-SES-00030,0xfbc2026f,3.57,27,2648,741.74,5933.89,5933.89,98.59,23.21,49,142,0.740089,0.244785,0.473,ICMP,BENIGN,0,18,1,1
FLW-0000165,VPN-SES-00030,0xfbc2026f,15.42,30,3201,207.59,1660.7,1660.7,111.27,30.28,67,171,0.461673,0.13491,0.545,ICMP,BENIGN,0,23,0,0
FLW-0000166,VPN-SES-00030,0xfbc2026f,21.99,806,626598,28494.68,227957.44,227957.44,796.29,480.64,40,1473,0.51874,0.378746,0.583,Email_IMAP,BENIGN,0,642,0,1
FLW-0000167,VPN-SES-00031,0xc0b862ef,115.0,189,31609,274.86,2198.89,2198.89,184.02,67.25,59,266,2.32161,0.715688,0.531,Attack,C2_BEACONING,1,256,0,3
FLW-0000168,VPN-SES-00031,0xc0b862ef,37.94,274,27584,727.04,5816.34,5816.34,102.37,33.69,42,144,0.907435,0.34201,0.485,ICMP,BENIGN,0,192,0,1
FLW-0000169,VPN-SES-00031,0xc0b862ef,77.93,1664,863258,11077.35,88618.81,88618.81,474.99,293.14,123,1062,0.619704,0.627081,0.281,Web_Browsing,BENIGN,0,1544,0,0
FLW-0000170,VPN-SES-00031,0xc0b862ef,178.51,19579,29520912,165374.0,1322991.97,1322991.97,1395.13,303.41,1010,1500,0.043047,0.031778,0.121,Video_Streaming,BENIGN,0,30618,0,0
FLW-0000171,VPN-SES-00031,0xc0b862ef,28.36,220,21765,767.45,6139.63,6139.63,106.47,20.93,65,133,0.954464,0.122138,0.624,ICMP,BENIGN,0,108,1,1
FLW-0000172,VPN-SES-00032,0x3303f6c6,80.29,11276,18072719,225093.03,1800744.2,1800744.2,1469.35,214.17,1165,1500,0.046163,0.045199,0.149,Video_Streaming,BENIGN,0,16211,0,0
FLW-0000173,VPN-SES-00032,0x3303f6c6,53.25,3265,3354512,62995.53,503964.24,503964.24,1130.68,557.4,378,1500,0.333023,0.280063,0.405,Web_Browsing,BENIGN,0,4217,0,2
FLW-0000174,VPN-SES-00032,0x3303f6c6,73.89,3296,1885397,25516.27,204130.14,204130.14,550.58,433.38,40,1264,0.500931,0.596465,0.37,Web_Browsing,BENIGN,0,3974,0,0
FLW-0000175,VPN-SES-00032,0x3303f6c6,48.99,1030,880060,17964.07,143712.59,143712.59,826.41,405.34,40,1356,0.126251,0.093988,0.26,Web_Browsing,BENIGN,0,1327,0,1
FLW-0000176,VPN-SES-00032,0x3303f6c6,4.38,1653,125081,28557.31,228458.45,228458.45,70.83,27.71,40,126,0.009717,0.004647,0.708,Attack,PORT_SCAN,1,3833,1,1
FLW-0000177,VPN-SES-00033,0xec322c97,50.23,2728,672725,13392.89,107143.14,107143.14,250.45,180.54,40,553,0.156058,0.071719,0.599,Attack,BRUTE_FORCE,1,6749,0,1
FLW-0000178,VPN-SES-00033,0xec322c97,25.44,58,7491,294.46,2355.66,2355.66,123.8,27.79,84,180,1.984369,0.557474,0.611,ICMP,BENIGN,0,33,0,2
FLW-0000179,VPN-SES-00033,0xec322c97,12.84,3696,270739,21085.59,168684.74,168684.74,73.75,39.28,40,147,0.034147,0.027613,0.761,Attack,PORT_SCAN,1,10929,1,2
FLW-0000180,VPN-SES-00033,0xec322c97,12.24,80,51557,4212.17,33697.39,33697.39,688.78,438.45,40,1276,0.74581,0.65433,0.406,Email_IMAP,BENIGN,0,102,0,0
FLW-0000181,VPN-SES-00033,0xec322c97,12.69,47,5618,442.71,3541.69,3541.69,113.78,20.01,75,157,0.953583,0.318578,0.521,ICMP,BENIGN,0,41,0,1
FLW-0000182,VPN-SES-00033,0xec322c97,6.24,1274,127030,20357.37,162858.97,162858.97,97.98,36.86,40,155,0.050341,0.047267,0.882,Attack,PORT_SCAN,1,3440,0,2
FLW-0000183,VPN-SES-00033,0xec322c97,51.64,8952,10486100,203061.58,1624492.64,1624492.64,1292.3,264.53,774,1500,0.019288,0.009153,0.853,Attack,DATA_EXFILTRATION,1,31053,0,1
FLW-0000184,VPN-SES-00034,0xbba4fc03,9.38,168,150933,16090.94,128727.51,128727.51,845.34,441.78,194,1471,0.578564,0.659844,0.364,Web_Browsing,BENIGN,0,251,0,1
FLW-0000185,VPN-SES-00034,0xbba4fc03,183.19,13299,16143182,88122.62,704980.93,704980.93,1248.17,185.02,977,1500,0.015199,0.011327,0.147,Video_Streaming,BENIGN,0,20065,0,1
FLW-0000186,VPN-SES-00034,0xbba4fc03,39.5,781,700925,17744.94,141959.49,141959.49,851.03,306.78,276,1264,1.149808,1.163776,0.543,Email_IMAP,BENIGN,0,836,0,1
FLW-0000187,VPN-SES-00034,0xbba4fc03,14.16,275,53130,3752.12,30016.95,30016.95,201.14,121.91,40,397,0.161324,0.116042,0.691,Attack,BRUTE_FORCE,1,633,0,4
FLW-0000188,VPN-SES-00034,0xbba4fc03,27.17,228,67861,2497.64,19981.16,19981.16,290.15,220.14,40,625,0.888244,0.909184,0.457,WhatsApp,BENIGN,0,166,0,0
FLW-0000189,VPN-SES-00034,0xbba4fc03,16.18,577,78376,4844.0,38752.04,38752.04,148.46,43.16,59,204,0.034913,0.011444,0.594,VoIP,BENIGN,0,733,0,1
FLW-0000190,VPN-SES-00035,0x303c8c25,353.95,39871,49064493,138619.84,1108958.73,1108958.73,1262.27,262.54,706,1500,0.038872,0.033094,0.224,Video_Streaming,BENIGN,0,51268,0,3
FLW-0000191,VPN-SES-00035,0x303c8c25,98.53,2057,332243,3372.0,26975.99,26975.99,175.56,43.03,116,236,0.072379,0.035072,0.436,VoIP,BENIGN,0,2024,0,1
FLW-0000192,VPN-SES-00035,0x303c8c25,25.53,8869,1414499,55405.37,443242.93,443242.93,156.24,38.66,72,222,0.00729,0.00226,0.98,Attack,DOS_FLOOD,1,35269,4,4
FLW-0000193,VPN-SES-00036,0x53ef2016,4.81,108,103146,21444.07,171552.6,171552.6,965.67,574.35,40,1500,0.40346,0.273207,0.561,Email_IMAP,BENIGN,0,126,0,0
FLW-0000194,VPN-SES-00036,0x53ef2016,16.86,360,277969,16486.89,131895.14,131895.14,744.23,464.55,40,1307,0.954075,1.17904,0.55,Email_IMAP,BENIGN,0,275,0,1
FLW-0000195,VPN-SES-00036,0x53ef2016,317.92,329,68901,216.72,1733.79,1733.79,231.39,66.85,133,341,4.362754,1.684031,0.585,Attack,C2_BEACONING,1,475,1,0
FLW-0000196,VPN-SES-00036,0x53ef2016,93.07,34,4744,50.97,407.78,407.78,146.54,77.29,40,240,6.796486,4.239259,0.633,Attack,C2_BEACONING,1,43,0,2
FLW-0000197,VPN-SES-00036,0x53ef2016,26.36,905,133236,5054.48,40435.81,40435.81,146.77,38.18,85,204,0.029788,0.011182,0.474,VoIP,BENIGN,0,1144,0,0
FLW-0000198,VPN-SES-00036,0x53ef2016,8.77,73,8120,925.88,7407.07,7407.07,112.6,18.72,74,150,0.794745,0.265631,0.565,ICMP,BENIGN,0,64,0,1
FLW-0000199,VPN-SES-00037,0x97d292a6,67.28,524,159678,2373.34,18986.68,18986.68,334.1,171.55,40,627,0.660243,0.621736,0.457,WhatsApp,BENIGN,0,389,0,0
FLW-0000200,VPN-SES-00037,0x97d292a6,89.41,1919,568281,6355.9,50847.2,50847.2,287.21,233.79,40,692,0.283373,0.267275,0.357,WhatsApp,BENIGN,0,1811,0,1
FLW-0000201,VPN-SES-00037,0x97d292a6,57.67,1574,1733877,30065.49,240523.95,240523.95,1019.08,340.47,515,1500,0.409478,0.385455,0.301,Web_Browsing,BENIGN,0,1715,1,0
FLW-0000202,VPN-SES-00037,0x97d292a6,70.31,116,28201,401.1,3208.76,3208.76,229.37,109.93,63,455,5.418879,3.320038,0.655,Attack,C2_BEACONING,1,151,0,3
FLW-0000203,VPN-SES-00037,0x97d292a6,14.14,1848,159245,11262.02,90096.18,90096.18,82.05,46.77,40,156,0.020018,0.015726,0.804,Attack,PORT_SCAN,1,4090,1,4
FLW-0000204,VPN-SES-00037,0x97d292a6,10.73,1943,149717,13953.12,111624.98,111624.98,83.4,29.72,40,122,0.014625,0.010884,0.692,Attack,PORT_SCAN,1,6154,1,1
FLW-0000205,VPN-SES-00037,0x97d292a6,51.31,2943,531304,10354.78,82838.28,82838.28,166.36,44.03,69,250,0.038016,0.035291,0.597,VoIP,BENIGN,0,3974,0,0
FLW-0000206,VPN-SES-00037,0x97d292a6,164.22,2652,1148197,6991.82,55934.58,55934.58,431.26,293.85,40,1004,0.609016,0.518576,0.483,WhatsApp,BENIGN,0,2551,0,0
FLW-0000207,VPN-SES-00038,0x59a214ae,14.05,202,207627,14777.72,118221.78,118221.78,998.97,258.7,543,1500,0.595689,0.580313,0.536,Email_IMAP,BENIGN,0,186,0,1
FLW-0000208,VPN-SES-00038,0x59a214ae,40.87,845,487228,11921.41,95371.27,95371.27,623.49,263.34,207,1055,0.736841,0.593583,0.55,Email_IMAP,BENIGN,0,1059,0,0
FLW-0000209,VPN-SES-00038,0x59a214ae,11.11,276,86810,7813.68,62509.45,62509.45,320.52,88.45,200,469,0.14402,0.11914,0.564,Attack,BRUTE_FORCE,1,584,0,0
FLW-0000210,VPN-SES-00039,0xd32d4526,65.01,12333,14169487,217958.58,1743668.6,1743668.6,1216.54,186.83,881,1443,0.019292,0.009937,0.95,Attack,DATA_EXFILTRATION,1,45990,0,4
FLW-0000211,VPN-SES-00039,0xd32d4526,28.1,714,516576,18383.49,147067.9,147067.9,785.43,383.17,217,1500,0.533234,0.415155,0.388,Web_Browsing,BENIGN,0,688,0,2
FLW-0000212,VPN-SES-00039,0xd32d4526,7.76,45,42535,5481.31,43850.52,43850.52,925.47,266.0,401,1269,1.141752,1.482919,0.416,Email_IMAP,BENIGN,0,52,0,0
FLW-0000213,VPN-SES-00040,0x384c03d2,33.02,1132,224865,6809.96,54479.71,54479.71,181.06,56.9,103,284,0.097898,0.05063,0.363,VoIP,BENIGN,0,892,0,0
FLW-0000214,VPN-SES-00040,0x384c03d2,10.56,34,4002,378.98,3031.82,3031.82,112.85,23.62,74,161,0.368491,0.156131,0.531,ICMP,BENIGN,0,30,0,0
FLW-0000215,VPN-SES-00040,0x384c03d2,12.52,466,98833,7894.01,63152.08,63152.08,195.55,67.99,62,332,0.071603,0.039866,0.486,VoIP,BENIGN,0,595,0,1
FLW-0000216,VPN-SES-00041,0x46136e15,20.31,27,3525,173.56,1388.48,1388.48,124.71,24.44,84,157,0.615711,0.163434,0.415,ICMP,BENIGN,0,19,0,4
FLW-0000217,VPN-SES-00041,0x46136e15,43.16,1917,268912,6230.58,49844.67,49844.67,145.01,65.99,40,251,0.059976,0.043449,0.477,VoIP,BENIGN,0,1523,0,0
FLW-0000218,VPN-SES-00041,0x46136e15,29.24,1609,447658,15309.78,122478.25,122478.25,286.74,100.02,104,432,0.193307,0.104477,0.604,Attack,BRUTE_FORCE,1,3457,0,2
FLW-0000219,VPN-SES-00041,0x46136e15,57.09,491,163712,2867.61,22940.9,22940.9,367.59,134.42,98,608,1.45114,1.274678,0.36,WhatsApp,BENIGN,0,370,0,1
FLW-0000220,VPN-SES-00041,0x46136e15,189.23,30530,35781381,189089.37,1512714.94,1512714.94,1160.64,285.3,800,1500,0.052765,0.046154,0.274,Video_Streaming,BENIGN,0,41932,0,0
FLW-0000221,VPN-SES-00041,0x46136e15,11.01,425,180768,16418.53,131348.23,131348.23,450.65,531.36,40,1179,0.265603,0.244757,0.299,Web_Browsing,BENIGN,0,401,0,1
FLW-0000222,VPN-SES-00041,0x46136e15,82.86,6786,9593064,115774.37,926194.93,926194.93,1375.96,193.93,952,1500,0.025596,0.014469,0.908,Attack,DATA_EXFILTRATION,1,17617,0,4
FLW-0000223,VPN-SES-00042,0xeedab027,29.56,73,8850,299.39,2395.13,2395.13,115.71,29.14,73,156,1.646708,0.474357,0.466,ICMP,BENIGN,0,56,0,2
FLW-0000224,VPN-SES-00042,0xeedab027,14.82,7507,830922,56067.61,448540.89,448540.89,112.45,36.81,40,175,0.005116,0.002674,0.973,Attack,DOS_FLOOD,1,37694,1,2
FLW-0000225,VPN-SES-00042,0xeedab027,25.32,1557,194196,7669.67,61357.35,61357.35,133.99,48.63,68,205,0.080807,0.047269,0.561,VoIP,BENIGN,0,1176,0,1
FLW-0000226,VPN-SES-00042,0xeedab027,54.41,978,1115121,20494.78,163958.24,163958.24,1054.32,526.32,279,1500,0.476317,0.52854,0.605,Email_IMAP,BENIGN,0,1119,0,1
FLW-0000227,VPN-SES-00042,0xeedab027,30.82,1035,810953,26312.56,210500.45,210500.45,808.72,314.17,363,1377,0.503164,0.46127,0.522,Email_IMAP,BENIGN,0,884,0,1
FLW-0000228,VPN-SES-00043,0x62bdc661,15.39,200,77134,5011.96,40095.65,40095.65,409.53,193.03,74,797,0.93836,1.12937,0.25,WhatsApp,BENIGN,0,253,0,2
FLW-0000229,VPN-SES-00043,0x62bdc661,27.41,238,27246,994.02,7952.13,7952.13,104.94,21.45,70,135,1.033255,0.332563,0.601,ICMP,BENIGN,0,123,0,1
FLW-0000230,VPN-SES-00043,0x62bdc661,19.56,501,162426,8303.99,66431.9,66431.9,326.02,370.67,40,1135,0.226731,0.231823,0.626,Email_IMAP,BENIGN,0,393,0,2
FLW-0000231,VPN-SES-00044,0xdab4923b,91.71,938,352907,3848.08,30784.6,30784.6,356.76,351.46,40,1124,0.308489,0.279164,0.411,Web_Browsing,BENIGN,0,1128,0,0
FLW-0000232,VPN-SES-00044,0xdab4923b,28.22,1317,224012,7938.06,63504.46,63504.46,155.87,31.59,110,223,0.035284,0.031433,0.537,VoIP,BENIGN,0,1597,1,3
FLW-0000233,VPN-SES-00044,0xdab4923b,45.37,530,416582,9181.88,73455.06,73455.06,783.24,361.64,234,1232,0.336524,0.274271,0.62,Email_IMAP,BENIGN,0,501,0,0
FLW-0000234,VPN-SES-00045,0xfafde7d9,21.78,158,13308,611.02,4888.15,4888.15,88.87,23.11,47,137,0.709166,0.44764,0.441,ICMP,BENIGN,0,116,0,0
FLW-0000235,VPN-SES-00045,0xfafde7d9,107.09,14176,18128922,169286.79,1354294.29,1354294.29,1196.11,221.8,849,1500,0.067264,0.032472,0.135,Video_Streaming,BENIGN,0,20430,0,0
FLW-0000236,VPN-SES-00045,0xfafde7d9,16.94,978,194087,11457.32,91658.56,91658.56,214.33,76.78,57,310,0.176099,0.163402,0.481,Attack,BRUTE_FORCE,1,2096,0,2
FLW-0000237,VPN-SES-00045,0xfafde7d9,163.33,38267,55212475,338042.46,2704339.68,2704339.68,1321.03,170.91,1107,1500,0.032524,0.01922,0.097,Video_Streaming,BENIGN,0,54107,0,2
FLW-0000238,VPN-SES-00045,0xfafde7d9,149.38,1645,848366,5679.25,45433.98,45433.98,483.01,124.85,245,659,1.055285,1.167211,0.567,WhatsApp,BENIGN,0,1370,0,1
FLW-0000239,VPN-SES-00045,0xfafde7d9,41.89,6852,7862779,187700.62,1501604.97,1501604.97,1227.32,115.24,1079,1439,0.020392,0.011194,0.707,Attack,DATA_EXFILTRATION,1,20966,0,2
FLW-0000240,VPN-SES-00046,0x922c4d32,78.26,3565,471479,6024.52,48196.17,48196.17,141.13,48.56,71,227,0.044179,0.019814,0.514,VoIP,BENIGN,0,3840,0,1
FLW-0000241,VPN-SES-00046,0x922c4d32,7.91,104,48339,6111.13,48889.0,48889.0,508.34,545.38,40,1469,1.139661,1.289117,0.51,Email_IMAP,BENIGN,0,89,0,0
FLW-0000242,VPN-SES-00046,0x922c4d32,177.88,15518,20439760,114907.58,919260.63,919260.63,1229.36,140.05,931,1438,0.035193,0.029697,0.02,Video_Streaming,BENIGN,0,22123,0,0
FLW-0000243,VPN-SES-00046,0x922c4d32,159.88,15430,19505020,121997.87,975982.99,975982.99,1392.32,181.29,1111,1500,0.022917,0.018568,0.904,Attack,DATA_EXFILTRATION,1,51180,1,2
FLW-0000244,VPN-SES-00046,0x922c4d32,59.28,1045,461044,7777.4,62219.16,62219.16,471.77,117.68,222,720,0.742679,0.67264,0.468,WhatsApp,BENIGN,0,921,0,2
FLW-0000245,VPN-SES-00047,0x81b701aa,60.64,1117,1001526,16515.93,132127.44,132127.44,821.73,236.74,510,1327,1.096725,0.996406,0.508,Email_IMAP,BENIGN,0,1174,0,2
FLW-0000246,VPN-SES-00047,0x81b701aa,67.55,878,263157,3895.74,31165.89,31165.89,316.63,249.21,40,745,0.632177,0.587613,0.566,WhatsApp,BENIGN,0,719,0,1
FLW-0000247,VPN-SES-00047,0x81b701aa,38.45,18942,2084687,54218.13,433745.02,433745.02,112.71,32.19,53,168,0.004465,0.002819,0.98,Attack,DOS_FLOOD,1,74519,5,3
FLW-0000248,VPN-SES-00047,0x81b701aa,13.39,52,4570,341.3,2730.4,2730.4,88.83,30.56,45,147,1.474104,0.802586,0.529,ICMP,BENIGN,0,35,0,1
FLW-0000249,VPN-SES-00047,0x81b701aa,18.72,149,13624,727.78,5822.22,5822.22,97.35,24.7,66,130,0.968894,0.38442,0.447,ICMP,BENIGN,0,116,0,0
FLW-0000250,VPN-SES-00048,0x58f9e3d0,86.2,660,168827,1958.55,15668.4,15668.4,276.46,327.17,40,863,1.170925,1.131072,0.389,WhatsApp,BENIGN,0,620,0,0
FLW-0000251,VPN-SES-00048,0x58f9e3d0,23.84,675,685681,28761.79,230094.3,230094.3,925.96,425.3,43,1500,0.308963,0.354683,0.36,Web_Browsing,BENIGN,0,633,0,1
FLW-0000252,VPN-SES-00048,0x58f9e3d0,61.68,1622,383523,6217.95,49743.58,49743.58,221.29,134.69,40,448,0.118715,0.068776,0.478,Attack,BRUTE_FORCE,1,4162,0,1
FLW-0000253,VPN-SES-00049,0x5970ed9a,19.8,20067,3336626,168516.46,1348131.72,1348131.72,164.47,38.49,85,217,0.003256,0.001291,0.906,Attack,DOS_FLOOD,1,68205,5,2
FLW-0000254,VPN-SES-00049,0x5970ed9a,123.53,3513,530614,4295.43,34363.41,34363.41,153.54,48.75,80,222,0.049531,0.029548,0.428,VoIP,BENIGN,0,4228,1,2
FLW-0000255,VPN-SES-00049,0x5970ed9a,22.93,35672,4894599,213458.31,1707666.46,1707666.46,128.79,36.92,47,196,0.003413,0.001461,0.93,Attack,DOS_FLOOD,1,149181,2,1
FLW-0000256,VPN-SES-00049,0x5970ed9a,92.09,3188,536745,5828.48,46627.86,46627.86,168.12,48.74,101,243,0.035342,0.013768,0.475,VoIP,BENIGN,0,2977,0,2
FLW-0000257,VPN-SES-00049,0x5970ed9a,19.6,59,5985,305.36,2442.86,2442.86,94.27,20.57,64,138,1.479131,0.451206,0.423,ICMP,BENIGN,0,39,0,2
FLW-0000258,VPN-SES-00050,0x34c173b9,45.33,504,267601,5903.4,47227.18,47227.18,581.41,421.25,40,1127,0.525763,0.678387,0.47,Email_IMAP,BENIGN,0,522,0,2
FLW-0000259,VPN-SES-00050,0x34c173b9,14.26,60,5183,363.46,2907.71,2907.71,94.92,29.75,44,147,0.888239,0.130817,0.396,ICMP,BENIGN,0,49,0,0
FLW-0000260,VPN-SES-00050,0x34c173b9,58.23,1464,1056467,18143.0,145144.02,145144.02,668.9,510.88,40,1500,0.498622,0.434136,0.288,Web_Browsing,BENIGN,0,1372,0,1
FLW-0000261,VPN-SES-00050,0x34c173b9,7.36,29,2581,350.68,2805.43,2805.43,89.16,20.16,57,115,1.553302,0.828297,0.686,ICMP,BENIGN,0,22,0,1
FLW-0000262,VPN-SES-00050,0x34c173b9,36.2,3829,5304877,146543.56,1172348.51,1172348.51,1347.9,196.69,1109,1500,0.124679,0.103366,0.02,Video_Streaming,BENIGN,0,5274,0,1
FLW-0000263,VPN-SES-00050,0x34c173b9,199.97,25959,34483000,172440.87,1379526.93,1379526.93,1349.95,296.85,843,1500,0.081002,0.053719,0.02,Video_Streaming,BENIGN,0,27161,2,0
FLW-0000264,VPN-SES-00050,0x34c173b9,128.18,2411,798726,6231.28,49850.27,49850.27,337.21,232.55,40,718,1.755216,2.432104,0.455,WhatsApp,BENIGN,0,2159,0,0
FLW-0000265,VPN-SES-00051,0x20275b53,111.31,3399,503668,4524.91,36199.3,36199.3,135.81,52.71,40,205,0.087604,0.053326,0.437,VoIP,BENIGN,0,2727,0,1
FLW-0000266,VPN-SES-00051,0x20275b53,73.77,3058,477087,6467.22,51737.78,51737.78,167.33,57.51,73,250,0.089703,0.066705,0.465,VoIP,BENIGN,0,3005,0,0
FLW-0000267,VPN-SES-00051,0x20275b53,32.44,1193,257476,7936.99,63495.93,63495.93,218.46,98.21,75,356,0.263934,0.291704,0.638,Attack,BRUTE_FORCE,1,1707,0,1
FLW-0000268,VPN-SES-00051,0x20275b53,52.43,462,61999,1182.51,9460.08,9460.08,136.58,287.77,40,617,0.976544,0.840429,0.516,WhatsApp,BENIGN,0,357,0,3
FLW-0000269,VPN-SES-00051,0x20275b53,72.17,1715,996952,13813.94,110511.51,110511.51,637.52,393.04,87,1193,0.356074,0.358371,0.354,Web_Browsing,BENIGN,0,2463,0,1
FLW-0000270,VPN-SES-00051,0x20275b53,18.45,89,11058,599.35,4794.8,4794.8,128.6,28.0,87,167,0.630521,0.14435,0.442,ICMP,BENIGN,0,63,0,0
FLW-0000271,VPN-SES-00051,0x20275b53,134.56,10189,11990931,89112.15,712897.21,712897.21,1139.96,195.02,861,1500,0.059686,0.042842,0.044,Video_Streaming,BENIGN,0,17167,1,0
FLW-0000272,VPN-SES-00052,0x247f6570,54.77,991,307718,5618.37,44946.94,44946.94,288.0,172.74,40,573,0.713246,1.283264,0.497,WhatsApp,BENIGN,0,1067,0,1
FLW-0000273,VPN-SES-00052,0x247f6570,94.0,2572,318318,3386.36,27090.89,27090.89,113.03,38.0,66,178,0.05486,0.041212,0.407,VoIP,BENIGN,0,2515,0,1
FLW-0000274,VPN-SES-00052,0x247f6570,15.18,118,12342,813.04,6504.35,6504.35,101.04,19.3,63,126,1.048592,0.147462,0.512,ICMP,BENIGN,0,88,0,0
FLW-0000275,VPN-SES-00052,0x247f6570,146.37,25282,33926725,231787.42,1854299.38,1854299.38,1369.85,137.26,1176,1500,0.024821,0.016013,0.98,Attack,DATA_EXFILTRATION,1,80735,1,1
FLW-0000276,VPN-SES-00052,0x247f6570,37.23,30605,3911939,105074.91,840599.3,840599.3,136.04,21.25,100,164,0.003093,0.000896,0.874,Attack,DOS_FLOOD,1,113133,6,4
FLW-0000277,VPN-SES-00053,0x7202bee6,19.69,243,165580,8409.34,67274.76,67274.76,706.59,430.54,78,1390,0.395925,0.525004,0.448,Web_Browsing,BENIGN,0,342,0,1
FLW-0000278,VPN-SES-00053,0x7202bee6,81.83,1835,573686,7010.71,56085.64,56085.64,297.56,196.96,40,616,0.932031,1.074479,0.529,WhatsApp,BENIGN,0,2001,0,1
FLW-0000279,VPN-SES-00053,0x7202bee6,49.13,1195,239835,4881.64,39053.12,39053.12,193.62,76.53,53,317,0.211179,0.142327,0.567,Attack,BRUTE_FORCE,1,2530,0,1
FLW-0000280,VPN-SES-00053,0x7202bee6,28.41,120,11424,402.11,3216.9,3216.9,102.13,24.89,49,134,1.601475,0.661809,0.568,ICMP,BENIGN,0,90,0,0
FLW-0000281,VPN-SES-00053,0x7202bee6,7.65,2348,196962,25746.67,205973.33,205973.33,88.25,28.85,40,146,0.044916,0.03962,0.615,Attack,PORT_SCAN,1,7578,0,2
FLW-0000282,VPN-SES-00053,0x7202bee6,95.91,4252,591400,6166.2,49329.58,49329.58,139.08,50.77,46,222,0.039793,0.015034,0.522,VoIP,BENIGN,0,3883,0,2
FLW-0000283,VPN-SES-00054,0x61d08109,153.62,6200,971551,6324.38,50595.03,50595.03,152.45,28.5,105,191,0.046771,0.018817,0.435,VoIP,BENIGN,0,5424,0,3
FLW-0000284,VPN-SES-00054,0x61d08109,63.6,128,28562,449.09,3592.7,3592.7,218.3,81.06,79,364,2.74555,1.671227,0.523,Attack,C2_BEACONING,1,173,0,2
FLW-0000285,VPN-SES-00054,0x61d08109,11.75,284,281939,23994.81,191958.47,191958.47,989.48,393.25,346,1500,0.615059,0.528563,0.716,Email_IMAP,BENIGN,0,221,0,0
FLW-0000286,VPN-SES-00054,0x61d08109,485.49,692,132301,272.51,2180.08,2180.08,209.25,83.11,40,319,2.897263,0.829596,0.513,Attack,C2_BEACONING,1,1016,0,1
FLW-0000287,VPN-SES-00054,0x61d08109,188.15,864,261631,1390.54,11124.36,11124.36,330.54,296.83,40,778,0.486504,0.460914,0.403,WhatsApp,BENIGN,0,601,0,0
FLW-0000288,VPN-SES-00055,0x6128b9b1,101.95,4166,583648,5724.85,45798.76,45798.76,140.38,34.3,73,205,0.039807,0.015518,0.55,VoIP,BENIGN,0,3781,0,0
FLW-0000289,VPN-SES-00055,0x6128b9b1,85.89,11434,13462371,156739.68,1253917.43,1253917.43,1112.38,276.39,657,1500,0.02824,0.027373,0.186,Video_Streaming,BENIGN,0,15795,1,1
FLW-0000290,VPN-SES-00055,0x6128b9b1,50.24,1068,919693,18305.99,146447.93,146447.93,937.05,359.64,183,1500,0.393639,0.472413,0.604,Email_IMAP,BENIGN,0,1348,0,0
FLW-0000291,VPN-SES-00055,0x6128b9b1,36.81,81,10624,288.62,2308.94,2308.94,120.92,25.47,67,161,2.019091,1.030377,0.418,ICMP,BENIGN,0,67,0,0
FLW-0000292,VPN-SES-00055,0x6128b9b1,30.36,417,314226,10350.0,82800.0,82800.0,770.83,360.16,40,1500,0.884647,0.866079,0.371,Email_IMAP,BENIGN,0,516,0,2
FLW-0000293,VPN-SES-00055,0x6128b9b1,52.49,13649,17236511,328377.04,2627016.35,2627016.35,1218.35,177.88,996,1472,0.017631,0.008266,0.853,Attack,DATA_EXFILTRATION,1,32255,0,2
FLW-0000294,VPN-SES-00056,0xc87b6384,101.76,22384,31112312,305742.06,2445936.48,2445936.48,1400.69,196.69,1158,1500,0.011291,0.006461,0.876,Attack,DATA_EXFILTRATION,1,58695,1,1
FLW-0000295,VPN-SES-00056,0xc87b6384,18.71,117,13969,746.61,5972.85,5972.85,108.9,26.38,57,146,1.066182,0.371255,0.518,ICMP,BENIGN,0,88,0,2
FLW-0000296,VPN-SES-00056,0xc87b6384,290.18,50303,61605669,212301.57,1698412.54,1698412.54,1332.1,235.93,928,1500,0.035459,0.019858,0.184,Video_Streaming,BENIGN,0,57873,0,0
FLW-0000297,VPN-SES-00056,0xc87b6384,74.99,1540,257988,3440.3,27522.39,27522.39,155.02,51.41,81,250,0.031232,0.019171,0.458,VoIP,BENIGN,0,1458,2,0
FLW-0000298,VPN-SES-00056,0xc87b6384,49.55,924,262822,5304.18,42433.42,42433.42,315.22,267.47,40,807,0.907549,0.607322,0.407,WhatsApp,BENIGN,0,1068,0,1
FLW-0000299,VPN-SES-00056,0xc87b6384,9.1,78,9695,1065.38,8523.08,8523.08,120.47,13.81,95,143,1.181679,0.408136,0.43,ICMP,BENIGN,0,42,0,0
FLW-0000300,VPN-SES-00056,0xc87b6384,28.79,332,71321,2477.28,19818.27,19818.27,216.47,136.2,40,511,0.770475,0.815001,0.481,WhatsApp,BENIGN,0,285,0,0
FLW-0000301,VPN-SES-00056,0xc87b6384,21.33,240,187262,8779.28,70234.22,70234.22,730.04,400.32,40,1425,0.372581,0.432357,0.425,Web_Browsing,BENIGN,0,299,0,0
FLW-0000302,VPN-SES-00057,0x8318b96d,234.1,22241,29012183,123930.73,991445.81,991445.81,1399.13,283.7,844,1500,0.084484,0.051667,0.023,Video_Streaming,BENIGN,0,27603,0,0
FLW-0000303,VPN-SES-00057,0x8318b96d,128.4,1240,584521,4552.34,36418.75,36418.75,460.04,219.55,106,783,0.68695,0.604043,0.49,WhatsApp,BENIGN,0,1322,0,1
FLW-0000304,VPN-SES-00057,0x8318b96d,265.49,540,110490,416.17,3329.39,3329.39,203.8,59.83,115,334,3.326731,1.550695,0.539,Attack,C2_BEACONING,1,497,0,3
FLW-0000305,VPN-SES-00057,0x8318b96d,8.64,230,54863,6349.88,50799.07,50799.07,262.88,146.7,40,462,0.134687,0.060476,0.569,Attack,BRUTE_FORCE,1,440,0,3
FLW-0000306,VPN-SES-00057,0x8318b96d,26.34,60,6354,241.23,1929.84,1929.84,100.67,25.97,60,157,0.79741,0.229313,0.359,ICMP,BENIGN,0,48,0,0
FLW-0000307,VPN-SES-00057,0x8318b96d,7.44,2512,186541,25072.72,200581.72,200581.72,80.27,20.19,50,119,0.030483,0.022807,0.797,Attack,PORT_SCAN,1,5911,1,3
FLW-0000308,VPN-SES-00057,0x8318b96d,54.97,604,281765,5125.8,41006.37,41006.37,482.19,240.66,40,959,1.230479,1.305083,0.4,WhatsApp,BENIGN,0,561,0,2
FLW-0000309,VPN-SES-00058,0xa1fdfa4f,7.11,1933,205910,28960.62,231684.95,231684.95,113.16,26.0,61,150,0.0179,0.012898,0.962,Attack,PORT_SCAN,1,5728,0,4
FLW-0000310,VPN-SES-00058,0xa1fdfa4f,52.32,1129,894196,17090.9,136727.22,136727.22,784.74,451.24,104,1500,0.491724,0.471137,0.281,Web_Browsing,BENIGN,0,1402,0,0
FLW-0000311,VPN-SES-00058,0xa1fdfa4f,5.3,24,14506,2736.98,21895.85,21895.85,655.6,396.17,40,1417,0.908697,0.5089,0.628,Email_IMAP,BENIGN,0,23,0,0
FLW-0000312,VPN-SES-00059,0xc6adf48b,23.51,118,10813,459.93,3679.46,3679.46,88.25,16.85,54,122,0.942152,0.281747,0.406,ICMP,BENIGN,0,91,0,1
FLW-0000313,VPN-SES-00059,0xc6adf48b,24.53,637,564276,23003.51,184028.05,184028.05,828.31,467.62,179,1500,0.46418,0.197569,0.525,Email_IMAP,BENIGN,0,640,0,1
FLW-0000314,VPN-SES-00059,0xc6adf48b,54.51,2314,293630,5386.72,43093.74,43093.74,133.71,65.67,40,219,0.032725,0.014942,0.389,VoIP,BENIGN,0,2651,0,1
FLW-0000315,VPN-SES-00059,0xc6adf48b,26.14,563,390200,14927.31,119418.52,119418.52,730.48,428.64,40,1430,0.418415,0.22847,0.514,Email_IMAP,BENIGN,0,440,0,1
FLW-0000316,VPN-SES-00059,0xc6adf48b,3.52,16,1730,491.48,3931.82,3931.82,106.13,9.09,88,121,1.048303,0.161443,0.508,ICMP,BENIGN,0,13,0,1
FLW-0000317,VPN-SES-00059,0xc6adf48b,41.23,1066,549672,13331.85,106654.77,106654.77,572.63,568.74,40,1500,0.650225,0.729284,0.609,Email_IMAP,BENIGN,0,986,0,0
FLW-0000318,VPN-SES-00060,0xa561c813,8.43,1571,153475,18205.81,145646.5,145646.5,103.04,33.22,53,148,0.019988,0.012852,0.782,Attack,PORT_SCAN,1,3229,4,8
FLW-0000319,VPN-SES-00060,0xa561c813,146.94,30182,38210514,260041.61,2080332.87,2080332.87,1275.18,314.11,863,1500,0.046927,0.049362,0.127,Video_Streaming,BENIGN,0,51504,0,1
FLW-0000320,VPN-SES-00060,0xa561c813,21.79,136,17432,800.0,6400.0,6400.0,116.71,19.88,85,158,1.229248,0.566357,0.685,ICMP,BENIGN,0,98,0,0
FLW-0000321,VPN-SES-00060,0xa561c813,24.41,530,475875,19495.08,155960.67,155960.67,987.26,377.42,200,1500,0.708596,0.828387,0.529,Email_IMAP,BENIGN,0,521,0,1
FLW-0000322,VPN-SES-00060,0xa561c813,86.02,2850,1763372,20499.56,163996.47,163996.47,586.8,526.95,40,1500,0.277812,0.195343,0.438,Web_Browsing,BENIGN,0,4128,0,1
FLW-0000323,VPN-SES-00060,0xa561c813,29.38,924,730932,24878.56,199028.45,199028.45,871.23,497.27,46,1500,0.773392,0.421454,0.584,Email_IMAP,BENIGN,0,816,0,0
FLW-0000324,VPN-SES-00060,0xa561c813,32.0,83,8670,270.94,2167.5,2167.5,104.72,19.47,67,144,0.965867,0.143211,0.515,ICMP,BENIGN,0,67,0,1
FLW-0000325,VPN-SES-00060,0xa561c813,117.22,14984,18726870,159758.32,1278066.54,1278066.54,1265.83,265.54,806,1500,0.027994,0.013591,0.108,Video_Streaming,BENIGN,0,26082,0,1
FLW-0000326,VPN-SES-00061,0x5c3077c4,28.32,822,459822,16236.65,129893.22,129893.22,533.42,535.87,40,1427,0.683628,0.350051,0.442,Email_IMAP,BENIGN,0,753,0,3
FLW-0000327,VPN-SES-00061,0x5c3077c4,115.44,12166,15854532,137340.02,1098720.17,1098720.17,1331.08,260.97,936,1500,0.02318,0.011989,0.161,Video_Streaming,BENIGN,0,19757,2,1
FLW-0000328,VPN-SES-00061,0x5c3077c4,91.62,3236,2915045,31816.69,254533.51,254533.51,973.69,546.09,40,1500,0.472387,0.476517,0.277,Web_Browsing,BENIGN,0,3866,0,0
FLW-0000329,VPN-SES-00062,0xcf519362,42.45,6485,8394507,197750.46,1582003.67,1582003.67,1243.28,223.84,769,1500,0.035588,0.028901,0.863,Attack,DATA_EXFILTRATION,1,14881,0,0
FLW-0000330,VPN-SES-00062,0xcf519362,48.88,1305,281772,5764.57,46116.53,46116.53,222.9,132.78,54,464,0.10692,0.056229,0.721,Attack,BRUTE_FORCE,1,2379,0,4
FLW-0000331,VPN-SES-00062,0xcf519362,134.15,7420,1179813,8794.73,70357.84,70357.84,157.3,47.91,87,226,0.037656,0.02051,0.353,VoIP,BENIGN,0,5980,0,0
FLW-0000332,VPN-SES-00062,0xcf519362,189.97,147,36293,191.05,1528.37,1528.37,248.29,94.66,131,412,6.380277,2.485664,0.626,Attack,C2_BEACONING,1,133,0,2
FLW-0000333,VPN-SES-00063,0x5988e418,239.78,13854,20610593,85956.26,687650.11,687650.11,1355.49,267.18,1011,1500,0.115122,0.087395,0.178,Video_Streaming,BENIGN,0,21790,0,1
FLW-0000334,VPN-SES-00063,0x5988e418,51.14,671,201016,3930.7,31445.6,31445.6,319.39,131.48,151,522,0.286167,0.297167,0.527,WhatsApp,BENIGN,0,601,0,1
FLW-0000335,VPN-SES-00063,0x5988e418,86.4,897,844448,9773.7,78189.63,78189.63,1015.76,239.67,491,1500,0.351971,0.365701,0.227,Web_Browsing,BENIGN,0,1239,0,0
FLW-0000336,VPN-SES-00063,0x5988e418,103.32,4086,658652,6374.87,50998.99,50998.99,161.84,59.59,72,289,0.022875,0.012891,0.572,VoIP,BENIGN,0,3653,0,0
FLW-0000337,VPN-SES-00063,0x5988e418,18.32,86,8057,439.79,3518.34,3518.34,94.33,28.76,49,140,0.776094,0.306293,0.647,ICMP,BENIGN,0,68,1,1
FLW-0000338,VPN-SES-00063,0x5988e418,23.7,279,105825,4465.19,35721.52,35721.52,365.22,505.82,40,1255,0.385265,0.298417,0.559,Email_IMAP,BENIGN,0,279,0,1
FLW-0000339,VPN-SES-00064,0x2cd66b09,438.86,560,124191,282.99,2263.88,2263.88,204.65,84.94,57,345,4.546235,2.428279,0.526,Attack,C2_BEACONING,1,484,0,2
FLW-0000340,VPN-SES-00064,0x2cd66b09,4.72,559,62131,13163.35,105306.78,105306.78,112.51,37.97,49,172,0.030693,0.0222,0.865,Attack,PORT_SCAN,1,1095,2,4
FLW-0000341,VPN-SES-00064,0x2cd66b09,23.16,3097,3191369,137796.59,1102372.71,1102372.71,1028.08,356.86,395,1500,0.025091,0.031278,0.142,Video_Streaming,BENIGN,0,3589,1,1
FLW-0000342,VPN-SES-00064,0x2cd66b09,92.21,2157,1605695,17413.46,139307.67,139307.67,682.18,417.71,40,1204,0.262741,0.276575,0.251,Web_Browsing,BENIGN,0,2793,0,0
FLW-0000343,VPN-SES-00065,0xc90ed44b,23.39,87,7204,307.99,2463.96,2463.96,83.89,20.48,40,111,0.664081,0.13187,0.59,ICMP,BENIGN,0,61,0,1
FLW-0000344,VPN-SES-00065,0xc90ed44b,285.16,30407,31240269,109553.48,876427.8,876427.8,1024.25,250.19,477,1500,0.032368,0.02456,0.21,Video_Streaming,BENIGN,0,51624,2,1
FLW-0000345,VPN-SES-00065,0xc90ed44b,19.88,354,352157,17714.13,141713.08,141713.08,915.07,439.67,333,1500,1.014298,1.046831,0.539,Email_IMAP,BENIGN,0,372,0,1
FLW-0000346,VPN-SES-00065,0xc90ed44b,42.3,1083,872048,20615.79,164926.34,164926.34,789.27,451.43,40,1500,1.624463,1.35404,0.558,Email_IMAP,BENIGN,0,1285,0,1
FLW-0000347,VPN-SES-00065,0xc90ed44b,27.88,203,20093,720.7,5765.57,5765.57,103.01,24.25,68,143,0.567723,0.189325,0.511,ICMP,BENIGN,0,118,0,0
FLW-0000348,VPN-SES-00066,0x24f573d0,137.39,16368,19281969,140344.78,1122758.22,1122758.22,1197.99,232.18,739,1500,0.061095,0.061183,0.164,Video_Streaming,BENIGN,0,20358,0,1
FLW-0000349,VPN-SES-00066,0x24f573d0,30.06,23926,2430445,80853.13,646825.02,646825.02,111.91,53.74,40,221,0.006011,0.001464,0.91,Attack,DOS_FLOOD,1,95471,3,2
FLW-0000350,VPN-SES-00066,0x24f573d0,188.06,2376,612453,3256.69,26053.51,26053.51,256.23,192.97,40,535,0.832168,0.707859,0.473,WhatsApp,BENIGN,0,2187,0,3
FLW-0000351,VPN-SES-00066,0x24f573d0,116.86,1353,658734,5636.95,45095.6,45095.6,472.41,251.9,40,804,1.369651,1.485635,0.453,WhatsApp,BENIGN,0,1043,0,0
FLW-0000352,VPN-SES-00066,0x24f573d0,78.39,2468,2011912,25665.42,205323.33,205323.33,876.04,347.25,315,1295,0.330772,0.335612,0.274,Web_Browsing,BENIGN,0,2707,0,0
FLW-0000353,VPN-SES-00066,0x24f573d0,10.52,19,1520,144.49,1155.89,1155.89,73.21,22.14,42,117,0.422498,0.103736,0.607,ICMP,BENIGN,0,22,0,0
FLW-0000354,VPN-SES-00066,0x24f573d0,3.71,27,2489,670.89,5367.12,5367.12,86.48,22.65,40,113,1.757007,0.674279,0.667,ICMP,BENIGN,0,27,0,2
FLW-0000355,VPN-SES-00067,0xff40d162,76.11,1584,232011,3048.36,24386.91,24386.91,143.49,246.36,40,498,1.417656,1.327938,0.559,WhatsApp,BENIGN,0,1261,0,1
FLW-0000356,VPN-SES-00067,0xff40d162,104.08,5735,898809,8635.75,69086.01,69086.01,151.93,49.63,58,231,0.054871,0.025939,0.663,VoIP,BENIGN,0,7257,0,2
FLW-0000357,VPN-SES-00067,0xff40d162,18.78,41,5125,272.9,2183.17,2183.17,123.13,26.66,69,170,0.565809,0.07035,0.555,ICMP,BENIGN,0,31,0,1
FLW-0000358,VPN-SES-00067,0xff40d162,119.47,2511,806962,6754.52,54036.13,54036.13,304.33,147.41,40,481,1.418438,1.411488,0.366,WhatsApp,BENIGN,0,2274,0,0
FLW-0000359,VPN-SES-00067,0xff40d162,13.2,3364,265048,20079.39,160635.15,160635.15,84.1,25.96,46,117,0.026067,0.008514,0.876,Attack,PORT_SCAN,1,10036,0,2
FLW-0000360,VPN-SES-00068,0x86876c62,199.71,590,110416,552.88,4423.05,4423.05,176.22,54.0,76,252,3.082688,0.993334,0.459,Attack,C2_BEACONING,1,514,0,0
FLW-0000361,VPN-SES-00068,0x86876c62,67.45,4526,5829645,86429.13,691433.06,691433.06,1280.08,241.16,853,1500,0.03163,0.025218,0.25,Video_Streaming,BENIGN,0,6646,0,0
FLW-0000362,VPN-SES-00068,0x86876c62,154.38,28369,41211039,266945.45,2135563.62,2135563.62,1342.69,173.79,1054,1500,0.018553,0.007815,0.741,Attack,DATA_EXFILTRATION,1,98951,0,2
FLW-0000363,VPN-SES-00069,0x4ea6e5b2,38.87,783,977541,25148.98,201191.87,201191.87,1216.85,426.26,543,1500,0.590201,0.572321,0.587,Email_IMAP,BENIGN,0,826,0,1
FLW-0000364,VPN-SES-00069,0x4ea6e5b2,44.86,44595,5409487,120585.98,964687.83,964687.83,134.69,28.87,74,175,0.002683,0.000753,0.98,Attack,DOS_FLOOD,1,246888,4,0
FLW-0000365,VPN-SES-00069,0x4ea6e5b2,12.04,687,637913,52982.81,423862.46,423862.46,852.92,281.83,364,1339,0.241021,0.280848,0.272,Web_Browsing,BENIGN,0,761,0,0
FLW-0000366,VPN-SES-00069,0x4ea6e5b2,175.29,25692,32424413,184975.83,1479806.63,1479806.63,1319.53,213.1,974,1500,0.038833,0.028101,0.02,Video_Streaming,BENIGN,0,44657,0,1
FLW-0000367,VPN-SES-00069,0x4ea6e5b2,60.7,2893,2336401,38490.96,307927.64,307927.64,772.45,384.34,40,1500,0.573283,0.658866,0.317,Web_Browsing,BENIGN,0,4255,0,0
FLW-0000368,VPN-SES-00069,0x4ea6e5b2,50.43,1290,670698,13299.58,106396.67,106396.67,565.91,519.6,40,1478,0.6277,0.79414,0.277,Web_Browsing,BENIGN,0,1428,0,1
FLW-0000369,VPN-SES-00069,0x4ea6e5b2,206.13,21059,28334939,137461.5,1099692.0,1099692.0,1394.72,195.48,1058,1500,0.050716,0.03302,0.026,Video_Streaming,BENIGN,0,27114,1,0
FLW-0000370,VPN-SES-00070,0xe96e684f,42.21,1759,2205188,52243.26,417946.08,417946.08,1166.58,509.16,150,1500,0.650115,0.535162,0.328,Web_Browsing,BENIGN,0,2112,0,2
FLW-0000371,VPN-SES-00070,0xe96e684f,79.9,4339,550292,6887.26,55098.07,55098.07,126.93,58.2,44,211,0.048376,0.026072,0.538,VoIP,BENIGN,0,3621,0,1
FLW-0000372,VPN-SES-00070,0xe96e684f,213.97,438,125171,584.99,4679.95,4679.95,283.86,80.22,152,413,4.329614,1.384569,0.482,Attack,C2_BEACONING,1,638,0,2
FLW-0000373,VPN-SES-00070,0xe96e684f,203.26,28175,43656634,214782.22,1718257.76,1718257.76,1462.48,238.72,1142,1500,0.026621,0.025962,0.103,Video_Streaming,BENIGN,0,42574,1,0
FLW-0000374,VPN-SES-00071,0xbbe42e7d,200.7,3397,1399568,6973.43,55787.46,55787.46,426.61,264.0,77,784,0.927025,0.904252,0.415,WhatsApp,BENIGN,0,2515,0,2
FLW-0000375,VPN-SES-00071,0xbbe42e7d,139.03,1714,453860,3264.48,26115.8,26115.8,275.19,207.33,40,568,1.602887,1.833938,0.481,WhatsApp,BENIGN,0,1448,1,2
FLW-0000376,VPN-SES-00071,0xbbe42e7d,68.29,1285,342277,5012.11,40096.88,40096.88,256.27,248.09,40,744,1.014844,1.237912,0.344,WhatsApp,BENIGN,0,1037,0,1
FLW-0000377,VPN-SES-00071,0xbbe42e7d,55.98,2044,681339,12171.11,97368.92,97368.92,354.82,596.8,40,1500,0.248658,0.221065,0.334,Web_Browsing,BENIGN,0,1827,0,0
FLW-0000378,VPN-SES-00071,0xbbe42e7d,409.87,370,40845,99.65,797.23,797.23,108.73,54.54,40,203,6.183238,4.303858,0.623,Attack,C2_BEACONING,1,517,0,2
FLW-0000379,VPN-SES-00071,0xbbe42e7d,37.73,1906,595665,15787.57,126300.56,126300.56,298.86,140.87,116,533,0.108684,0.095396,0.777,Attack,BRUTE_FORCE,1,3697,0,1
FLW-0000380,VPN-SES-00071,0xbbe42e7d,4.67,4969,577139,123584.37,988674.95,988674.95,110.04,42.42,40,186,0.003658,0.001426,0.934,Attack,DOS_FLOOD,1,28011,1,1
FLW-0000381,VPN-SES-00071,0xbbe42e7d,13.49,36,4059,300.89,2407.12,2407.12,103.86,16.28,75,126,1.255993,0.356123,0.422,ICMP,BENIGN,0,17,0,0
FLW-0000382,VPN-SES-00072,0x64720d2d,45.26,904,446339,9861.67,78893.33,78893.33,504.51,208.87,239,795,1.64362,1.208443,0.447,WhatsApp,BENIGN,0,903,0,1
FLW-0000383,VPN-SES-00072,0x64720d2d,75.47,17530,22212493,294322.15,2354577.24,2354577.24,1199.71,125.47,962,1393,0.01393,0.004675,0.936,Attack,DATA_EXFILTRATION,1,57594,1,3
FLW-0000384,VPN-SES-00072,0x64720d2d,35.74,192,15334,429.04,3432.34,3432.34,86.4,30.34,40,124,1.155346,0.554818,0.542,ICMP,BENIGN,0,120,0,1
FLW-0000385,VPN-SES-00072,0x64720d2d,92.55,4760,704861,7616.0,60928.02,60928.02,146.81,59.96,52,256,0.080623,0.07184,0.464,VoIP,BENIGN,0,5326,1,0
FLW-0000386,VPN-SES-00072,0x64720d2d,41.03,598,195317,4760.35,38082.77,38082.77,357.85,159.85,123,697,0.592481,0.645897,0.279,WhatsApp,BENIGN,0,657,0,1
FLW-0000387,VPN-SES-00072,0x64720d2d,5.05,6786,838592,166057.82,1328462.57,1328462.57,122.43,33.91,65,180,0.003446,0.001866,0.98,Attack,DOS_FLOOD,1,24437,3,2
FLW-0000388,VPN-SES-00072,0x64720d2d,44.97,1211,535815,11914.94,95319.55,95319.55,487.08,416.58,40,1068,0.483653,0.321709,0.411,Email_IMAP,BENIGN,0,1519,0,2
FLW-0000389,VPN-SES-00072,0x64720d2d,13.9,14,1379,99.21,793.67,793.67,106.87,30.03,68,148,1.057924,0.202181,0.544,ICMP,BENIGN,0,12,0,1
FLW-0000390,VPN-SES-00073,0x9d388327,11.51,130,160223,13920.33,111362.64,111362.64,1137.76,480.8,392,1500,0.886461,0.653561,0.665,Email_IMAP,BENIGN,0,162,0,0
FLW-0000391,VPN-SES-00073,0x9d388327,24.05,574,495374,20597.67,164781.37,164781.37,830.52,344.5,235,1500,0.446427,0.419145,0.41,Web_Browsing,BENIGN,0,523,1,1
FLW-0000392,VPN-SES-00073,0x9d388327,112.96,817,49820,441.04,3528.33,3528.33,64.0,197.96,40,399,1.270121,1.476831,0.484,WhatsApp,BENIGN,0,746,0,0
FLW-0000393,VPN-SES-00074,0xc27e1442,89.73,3499,657122,7323.33,58586.6,58586.6,178.07,36.1,104,233,0.072437,0.031004,0.538,VoIP,BENIGN,0,3844,0,0
FLW-0000394,VPN-SES-00074,0xc27e1442,204.43,194,40831,199.73,1597.85,1597.85,227.91,84.28,105,385,9.560253,4.576469,0.523,Attack,C2_BEACONING,1,273,0,3
FLW-0000395,VPN-SES-00074,0xc27e1442,101.68,4078,584883,5752.19,46017.55,46017.55,159.2,31.33,107,209,0.039689,0.018039,0.53,VoIP,BENIGN,0,4833,0,1
FLW-0000396,VPN-SES-00074,0xc27e1442,111.33,6961,8571319,76990.2,615921.6,615921.6,1338.19,194.61,960,1500,0.0269,0.016195,0.671,Attack,DATA_EXFILTRATION,1,23306,0,3
FLW-0000397,VPN-SES-00074,0xc27e1442,53.19,2929,948426,17830.91,142647.26,142647.26,327.12,108.5,173,464,0.172459,0.139376,0.657,Attack,BRUTE_FORCE,1,5122,0,3
FLW-0000398,VPN-SES-00074,0xc27e1442,6.96,166,54263,7796.41,62371.26,62371.26,313.8,130.2,46,472,0.083984,0.059501,0.692,Attack,BRUTE_FORCE,1,418,0,3
FLW-0000399,VPN-SES-00075,0x34e9bcfd,7.23,69,8011,1108.02,8864.18,8864.18,106.31,6.87,95,121,0.58821,0.189653,0.475,ICMP,BENIGN,0,51,0,0
FLW-0000400,VPN-SES-00075,0x34e9bcfd,58.38,873,725535,12427.8,99422.4,99422.4,921.06,520.23,288,1500,0.470066,0.420804,0.532,Email_IMAP,BENIGN,0,1061,0,0
FLW-0000401,VPN-SES-00075,0x34e9bcfd,44.7,30818,3795552,84911.68,679293.42,679293.42,130.98,37.8,76,211,0.01922,0.008254,0.853,Attack,DOS_FLOOD,1,123946,0,2
FLW-0000402,VPN-SES-00075,0x34e9bcfd,20.07,597,475364,23685.3,189482.41,189482.41,786.36,448.54,77,1500,0.639075,0.727609,0.481,Email_IMAP,BENIGN,0,752,0,1
FLW-0000403,VPN-SES-00075,0x34e9bcfd,60.6,3066,859376,14181.12,113448.98,113448.98,294.17,97.17,118,446,0.265737,0.146222,0.639,Attack,BRUTE_FORCE,1,6389,0,1
FLW-0000404,VPN-SES-00076,0x4a67470c,20.11,990,236359,11753.31,94026.45,94026.45,249.64,88.02,108,403,0.093849,0.052865,0.611,Attack,BRUTE_FORCE,1,2370,0,0
FLW-0000405,VPN-SES-00076,0x4a67470c,15.43,58,6278,406.87,3254.96,3254.96,117.39,33.72,67,188,0.847759,0.317094,0.605,ICMP,BENIGN,0,27,0,0
FLW-0000406,VPN-SES-00076,0x4a67470c,32.18,1673,571210,17750.47,142003.73,142003.73,328.97,100.69,120,489,0.213855,0.097798,0.637,Attack,BRUTE_FORCE,1,3826,0,4
FLW-0000407,VPN-SES-00076,0x4a67470c,6.45,893,86163,13358.6,106868.84,106868.84,92.8,42.69,40,180,0.030361,0.012264,0.835,Attack,PORT_SCAN,1,2733,2,1
FLW-0000408,VPN-SES-00076,0x4a67470c,27.18,155,26868,988.52,7908.17,7908.17,169.78,76.13,40,268,0.745761,1.051354,0.415,WhatsApp,BENIGN,0,115,0,0
FLW-0000409,VPN-SES-00076,0x4a67470c,29.96,482,351140,11720.29,93762.35,93762.35,662.7,380.62,40,1380,0.99902,0.706357,0.459,Email_IMAP,BENIGN,0,612,0,1
FLW-0000410,VPN-SES-00076,0x4a67470c,29.99,1419,1260274,42023.14,336185.13,336185.13,807.58,491.37,40,1500,0.458884,0.54428,0.278,Web_Browsing,BENIGN,0,2057,0,0
FLW-0000411,VPN-SES-00076,0x4a67470c,63.73,2441,1959982,30754.46,246035.71,246035.71,747.8,440.98,40,1500,0.685933,0.434538,0.612,Email_IMAP,BENIGN,0,2292,0,1
FLW-0000412,VPN-SES-00077,0xa26bffa5,32.31,570,373239,11551.81,92414.48,92414.48,720.11,443.07,40,1500,0.203887,0.217641,0.433,Web_Browsing,BENIGN,0,649,0,1
FLW-0000413,VPN-SES-00077,0xa26bffa5,29.93,621,572259,19119.91,152959.31,152959.31,881.91,522.77,40,1500,0.85682,1.213462,0.426,Email_IMAP,BENIGN,0,585,0,0
FLW-0000414,VPN-SES-00077,0xa26bffa5,14.82,2299,204312,13786.23,110289.88,110289.88,87.92,25.74,40,142,0.030988,0.025399,0.71,Attack,PORT_SCAN,1,5104,0,1
FLW-0000415,VPN-SES-00077,0xa26bffa5,54.33,1438,1297020,23873.0,190983.99,190983.99,983.73,418.63,402,1500,1.034687,1.250376,0.455,Web_Browsing,BENIGN,0,1688,0,1
FLW-0000416,VPN-SES-00077,0xa26bffa5,22.05,56,5997,271.97,2175.78,2175.78,102.71,23.34,71,152,0.683376,0.147195,0.474,ICMP,BENIGN,0,45,0,3
FLW-0000417,VPN-SES-00077,0xa26bffa5,9.33,35,3720,398.71,3189.71,3189.71,100.04,21.32,68,127,1.148653,0.360383,0.599,ICMP,BENIGN,0,31,0,0
FLW-0000418,VPN-SES-00078,0x75f30779,58.28,18181,27519523,472194.97,3777559.78,3777559.78,1430.91,188.65,1191,1500,0.043624,0.01894,0.944,Attack,DATA_EXFILTRATION,1,53070,0,0
FLW-0000419,VPN-SES-00078,0x75f30779,23.24,4884,5859689,252138.08,2017104.65,2017104.65,1194.18,243.84,843,1500,0.030162,0.012186,0.837,Attack,DATA_EXFILTRATION,1,17407,0,0
FLW-0000420,VPN-SES-00078,0x75f30779,146.19,17215,19077115,130495.35,1043962.79,1043962.79,1214.19,288.52,762,1500,0.037543,0.025602,0.104,Video_Streaming,BENIGN,0,18383,0,0
FLW-0000421,VPN-SES-00078,0x75f30779,92.08,531,195483,2122.97,16983.75,16983.75,404.93,322.77,40,889,0.75607,0.689972,0.555,WhatsApp,BENIGN,0,364,0,2
FLW-0000422,VPN-SES-00078,0x75f30779,47.79,2430,1342453,28090.67,224725.34,224725.34,523.35,468.17,40,1118,1.090379,1.589756,0.44,Web_Browsing,BENIGN,0,2349,0,1
FLW-0000423,VPN-SES-00079,0xda00ef58,41.77,909,523824,12540.68,100325.4,100325.4,534.87,449.28,40,1215,1.0079,0.85124,0.501,Email_IMAP,BENIGN,0,932,0,0
FLW-0000424,VPN-SES-00079,0xda00ef58,24.01,17802,2723289,113423.12,907384.92,907384.92,145.94,43.46,74,206,0.00374,0.001973,0.885,Attack,DOS_FLOOD,1,79511,2,2
FLW-0000425,VPN-SES-00079,0xda00ef58,65.82,2826,442128,6717.23,53737.83,53737.83,159.06,58.72,70,265,0.123315,0.069232,0.539,VoIP,BENIGN,0,2717,0,0
FLW-0000426,VPN-SES-00079,0xda00ef58,82.13,1780,605198,7368.78,58950.25,58950.25,312.45,516.03,40,1162,0.409116,0.559349,0.283,Web_Browsing,BENIGN,0,1476,0,1
FLW-0000427,VPN-SES-00079,0xda00ef58,18.35,847,243603,13275.37,106202.94,106202.94,319.03,100.78,127,449,0.162643,0.102081,0.59,Attack,BRUTE_FORCE,1,1406,0,0
FLW-0000428,VPN-SES-00080,0x9ed8a80d,362.94,229,50761,139.86,1118.88,1118.88,215.44,77.87,59,317,4.029019,2.628459,0.48,Attack,C2_BEACONING,1,307,0,2
FLW-0000429,VPN-SES-00080,0x9ed8a80d,8.57,32,2879,335.94,2687.51,2687.51,93.59,23.89,44,133,1.209549,0.203101,0.673,ICMP,BENIGN,0,27,0,1
FLW-0000430,VPN-SES-00080,0x9ed8a80d,199.79,23816,25628343,128276.41,1026211.24,1026211.24,1141.79,169.28,775,1377,0.032198,0.037125,0.151,Video_Streaming,BENIGN,0,27552,0,1
FLW-0000431,VPN-SES-00080,0x9ed8a80d,164.06,155,33604,204.83,1638.62,1638.62,212.11,81.26,40,378,4.967755,2.901918,0.458,Attack,C2_BEACONING,1,178,0,3
FLW-0000432,VPN-SES-00080,0x9ed8a80d,13.1,532,86413,6596.41,52771.3,52771.3,155.15,49.35,66,224,0.060131,0.021762,0.489,VoIP,BENIGN,0,578,0,1
FLW-0000433,VPN-SES-00080,0x9ed8a80d,43.16,51087,6688356,154966.54,1239732.34,1239732.34,125.02,35.61,66,185,0.004877,0.001724,0.956,Attack,DOS_FLOOD,1,166622,1,3
FLW-0000434,VPN-SES-00081,0x94182d35,87.56,4900,688032,7857.83,62862.68,62862.68,146.87,47.82,51,204,0.07922,0.063039,0.516,VoIP,BENIGN,0,3994,0,0
FLW-0000435,VPN-SES-00081,0x94182d35,57.81,835,132450,2291.13,18329.01,18329.01,166.75,233.29,40,598,2.444609,2.251143,0.439,WhatsApp,BENIGN,0,896,0,2
FLW-0000436,VPN-SES-00081,0x94182d35,15.96,3368,248467,15568.11,124544.86,124544.86,75.79,51.94,40,174,0.039325,0.023665,0.907,Attack,PORT_SCAN,1,10433,0,2
FLW-0000437,VPN-SES-00081,0x94182d35,41.11,1180,509109,12384.07,99072.54,99072.54,471.48,658.31,40,1500,0.698516,0.647836,0.262,Web_Browsing,BENIGN,0,1145,1,0
FLW-0000438,VPN-SES-00081,0x94182d35,115.68,1960,166363,1438.13,11505.05,11505.05,82.74,308.02,40,667,0.634956,0.692033,0.564,WhatsApp,BENIGN,0,1826,0,0
FLW-0000439,VPN-SES-00081,0x94182d35,20.94,112,66523,3176.84,25414.71,25414.71,640.18,223.84,224,1089,0.51209,0.318837,0.57,Email_IMAP,BENIGN,0,145,0,1
FLW-0000440,VPN-SES-00081,0x94182d35,145.06,3336,790316,5448.2,43585.61,43585.61,217.24,117.78,75,388,0.650205,0.481999,0.385,WhatsApp,BENIGN,0,2918,0,0
FLW-0000441,VPN-SES-00081,0x94182d35,60.59,2364,990831,16353.05,130824.36,130824.36,445.26,318.1,40,929,0.363745,0.444842,0.224,Web_Browsing,BENIGN,0,2346,0,0
FLW-0000442,VPN-SES-00082,0xbc0f6801,142.49,36076,42229615,296368.97,2370951.79,2370951.79,1228.96,230.54,875,1500,0.02269,0.014094,0.98,Attack,DATA_EXFILTRATION,1,79799,1,3
FLW-0000443,VPN-SES-00082,0xbc0f6801,15.05,229,210273,13971.63,111773.02,111773.02,855.92,434.44,285,1429,0.72695,0.596183,0.56,Email_IMAP,BENIGN,0,289,0,0
FLW-0000444,VPN-SES-00082,0xbc0f6801,236.79,496,94517,399.16,3193.28,3193.28,209.73,82.06,48,374,4.064528,2.857804,0.505,Attack,C2_BEACONING,1,413,0,4
FLW-0000445,VPN-SES-00082,0xbc0f6801,39.71,658,224492,5653.29,45226.29,45226.29,311.87,203.12,40,722,1.003204,1.045395,0.444,WhatsApp,BENIGN,0,451,0,1
FLW-0000446,VPN-SES-00082,0xbc0f6801,31.25,349,258979,8287.33,66298.62,66298.62,794.66,329.43,122,1210,0.805754,0.944231,0.304,Email_IMAP,BENIGN,0,300,0,1
FLW-0000447,VPN-SES-00082,0xbc0f6801,22.55,86,9684,429.45,3435.57,3435.57,106.47,25.48,65,159,0.953679,0.168204,0.401,ICMP,BENIGN,0,56,0,0
FLW-0000448,VPN-SES-00083,0x2529e6f5,12.61,346,290561,23042.11,184336.88,184336.88,885.22,366.0,188,1486,0.646214,0.481608,0.404,Email_IMAP,BENIGN,0,439,0,0
FLW-0000449,VPN-SES-00083,0x2529e6f5,42.58,1907,1080401,25373.44,202987.51,202987.51,518.46,362.35,40,1020,0.689083,0.773997,0.413,Web_Browsing,BENIGN,0,1845,0,0
FLW-0000450,VPN-SES-00083,0x2529e6f5,98.62,2654,999126,10131.07,81048.55,81048.55,394.6,181.83,139,741,1.191666,1.188771,0.433,WhatsApp,BENIGN,0,2655,0,0
FLW-0000451,VPN-SES-00083,0x2529e6f5,14.96,21954,3038313,203095.79,1624766.31,1624766.31,130.85,48.81,40,235,0.009558,0.004565,0.718,Attack,DOS_FLOOD,1,111649,4,5
FLW-0000452,VPN-SES-00083,0x2529e6f5,98.05,1093,999218,10190.9,81527.22,81527.22,875.88,433.27,40,1500,0.82675,0.659854,0.273,Web_Browsing,BENIGN,0,1569,0,1
FLW-0000453,VPN-SES-00083,0x2529e6f5,118.31,3069,388183,3281.07,26248.53,26248.53,132.28,50.69,40,193,0.060764,0.028589,0.44,VoIP,BENIGN,0,2777,0,1
FLW-0000454,VPN-SES-00083,0x2529e6f5,39.12,922,971651,24837.7,198701.64,198701.64,968.74,251.39,426,1395,1.177266,0.632342,0.513,Email_IMAP,BENIGN,0,867,0,2
FLW-0000455,VPN-SES-00084,0xac3a1e0b,7.86,46,4682,595.67,4765.39,4765.39,105.33,22.35,59,150,1.161279,0.721763,0.683,ICMP,BENIGN,0,35,1,0
FLW-0000456,VPN-SES-00084,0xac3a1e0b,71.35,1539,1102636,15453.9,123631.23,123631.23,734.18,527.26,90,1500,0.540197,0.67295,0.543,Email_IMAP,BENIGN,0,1642,0,1
FLW-0000457,VPN-SES-00084,0xac3a1e0b,286.45,928,241506,843.1,6744.8,6744.8,256.1,75.08,120,389,5.212248,3.259894,0.569,Attack,C2_BEACONING,1,1187,0,0
FLW-0000458,VPN-SES-00084,0xac3a1e0b,241.94,22796,32231973,133223.0,1065784.01,1065784.01,1303.48,271.67,850,1500,0.050886,0.036218,0.158,Video_Streaming,BENIGN,0,35009,0,0
FLW-0000459,VPN-SES-00085,0x357035db,30.77,183,18490,600.91,4807.28,4807.28,101.78,13.25,80,130,1.153886,0.253829,0.588,ICMP,BENIGN,0,108,0,1
FLW-0000460,VPN-SES-00085,0x357035db,8.41,58,6226,740.31,5922.47,5922.47,116.25,26.92,61,152,1.190085,0.431086,0.434,ICMP,BENIGN,0,35,0,1
FLW-0000461,VPN-SES-00085,0x357035db,47.37,150,34680,732.11,5856.87,5856.87,234.92,238.27,40,707,1.455612,2.594244,0.341,WhatsApp,BENIGN,0,177,0,1
FLW-0000462,VPN-SES-00085,0x357035db,6.09,60,7208,1183.58,9468.64,9468.64,111.5,25.79,65,167,1.486066,0.717768,0.477,ICMP,BENIGN,0,50,0,0
FLW-0000463,VPN-SES-00085,0x357035db,15.26,18,2196,143.91,1151.25,1151.25,123.76,27.43,89,173,0.930941,0.145722,0.376,ICMP,BENIGN,0,16,0,0
FLW-0000464,VPN-SES-00085,0x357035db,234.2,51679,56188112,239915.08,1919320.65,1919320.65,1168.97,243.64,655,1500,0.086888,0.045913,0.078,Video_Streaming,BENIGN,0,68597,1,1
FLW-0000465,VPN-SES-00086,0x8ea5a387,63.65,187,39786,625.07,5000.6,5000.6,206.2,80.11,40,378,3.018615,1.321214,0.526,Attack,C2_BEACONING,1,222,0,0
FLW-0000466,VPN-SES-00086,0x8ea5a387,45.05,126,23593,523.71,4189.66,4189.66,195.55,99.87,59,346,7.275069,2.89291,0.563,Attack,C2_BEACONING,1,158,0,1
FLW-0000467,VPN-SES-00086,0x8ea5a387,47.22,47862,5976007,126556.69,1012453.54,1012453.54,132.96,39.89,46,207,0.005028,0.002881,0.892,Attack,DOS_FLOOD,1,170974,3,3
FLW-0000468,VPN-SES-00087,0xefda35b2,162.63,8782,8560276,52636.51,421092.1,421092.1,1030.78,165.16,729,1301,0.062302,0.051004,0.18,Video_Streaming,BENIGN,0,12346,0,0
FLW-0000469,VPN-SES-00087,0xefda35b2,17.34,11326,1278205,73714.24,589713.96,589713.96,119.64,36.46,60,183,0.004025,0.001567,0.884,Attack,DOS_FLOOD,1,50543,1,2
FLW-0000470,VPN-SES-00087,0xefda35b2,62.1,137,26578,427.99,3423.9,3423.9,193.82,83.96,62,355,3.12939,1.468379,0.632,Attack,C2_BEACONING,1,143,2,1
FLW-0000471,VPN-SES-00087,0xefda35b2,148.81,1656,586846,3943.59,31548.74,31548.74,326.31,117.88,138,481,0.715746,1.265539,0.418,WhatsApp,BENIGN,0,1351,0,1
FLW-0000472,VPN-SES-00087,0xefda35b2,12.92,1596,125191,9689.71,77517.65,77517.65,74.98,34.41,40,141,0.027241,0.021508,0.817,Attack,PORT_SCAN,1,4400,0,1
FLW-0000473,VPN-SES-00087,0xefda35b2,14.51,589,330091,22749.21,181993.66,181993.66,510.28,524.53,40,1458,0.433861,0.498086,0.304,Web_Browsing,BENIGN,0,610,0,3
FLW-0000474,VPN-SES-00087,0xefda35b2,176.8,33950,37339605,211196.86,1689574.89,1689574.89,1199.68,221.62,868,1500,0.025811,0.019117,0.02,Video_Streaming,BENIGN,0,52641,0,2
FLW-0000475,VPN-SES-00087,0xefda35b2,24.0,3585,4207656,175319.0,1402552.0,1402552.0,1230.73,157.86,941,1463,0.030452,0.025773,0.854,Attack,DATA_EXFILTRATION,1,11802,1,7
FLW-0000476,VPN-SES-00088,0x80aa5b0d,58.34,619,433337,7427.79,59422.28,59422.28,764.82,465.9,195,1500,1.176183,0.954825,0.546,Email_IMAP,BENIGN,0,463,0,0
FLW-0000477,VPN-SES-00088,0x80aa5b0d,71.13,12371,14421953,202754.86,1622038.86,1622038.86,1238.92,263.85,705,1500,0.026794,0.01338,0.121,Video_Streaming,BENIGN,0,20465,1,1
FLW-0000478,VPN-SES-00088,0x80aa5b0d,136.86,29512,42585165,311158.59,2489268.74,2489268.74,1421.64,156.7,1213,1500,0.043204,0.021796,0.759,Attack,DATA_EXFILTRATION,1,89014,1,3
FLW-0000479,VPN-SES-00088,0x80aa5b0d,4.51,26,2496,553.44,4427.49,4427.49,104.05,22.46,71,135,1.134756,0.290884,0.559,ICMP,BENIGN,0,24,0,0
FLW-0000480,VPN-SES-00089,0xf03635fc,180.23,20256,23705876,131531.24,1052249.95,1052249.95,1296.39,371.51,534,1500,0.047677,0.033284,0.124,Video_Streaming,BENIGN,0,23624,2,2
FLW-0000481,VPN-SES-00089,0xf03635fc,83.87,4253,512486,6110.48,48883.84,48883.84,114.16,53.36,47,205,0.06013,0.032213,0.537,VoIP,BENIGN,0,3408,0,0
FLW-0000482,VPN-SES-00089,0xf03635fc,105.43,17265,27943301,265041.27,2120330.15,2120330.15,1500.0,185.21,1140,1500,0.010203,0.006072,0.768,Attack,DATA_EXFILTRATION,1,54417,0,1
FLW-0000483,VPN-SES-00089,0xf03635fc,468.0,1240,211663,452.27,3618.17,3618.17,165.04,69.46,40,258,2.340797,0.883054,0.606,Attack,C2_BEACONING,1,1454,0,3
FLW-0000484,VPN-SES-00089,0xf03635fc,2.51,313,31349,12489.64,99917.13,99917.13,97.28,20.1,58,134,0.022141,0.013085,0.704,Attack,PORT_SCAN,1,802,1,0
FLW-0000485,VPN-SES-00089,0xf03635fc,86.59,1179,400161,4621.33,36970.64,36970.64,356.67,196.25,46,712,1.009888,1.246175,0.54,WhatsApp,BENIGN,0,1092,0,2
FLW-0000486,VPN-SES-00090,0x9044beb2,212.13,26736,28413799,133945.22,1071561.74,1071561.74,1130.72,279.02,536,1470,0.075734,0.099399,0.157,Video_Streaming,BENIGN,0,37539,0,0
FLW-0000487,VPN-SES-00090,0x9044beb2,23.77,29,3360,141.35,1130.84,1130.84,105.77,19.46,82,140,1.270523,0.596765,0.475,ICMP,BENIGN,0,17,0,3
FLW-0000488,VPN-SES-00090,0x9044beb2,25.37,66,7020,276.7,2213.64,2213.64,108.37,17.34,80,146,0.912153,0.404952,0.488,ICMP,BENIGN,0,37,0,1
FLW-0000489,VPN-SES-00090,0x9044beb2,106.71,151,28428,266.4,2131.23,2131.23,208.49,110.5,40,419,7.301845,5.875138,0.398,Attack,C2_BEACONING,1,183,0,4
FLW-0000490,VPN-SES-00090,0x9044beb2,11.25,18086,2187325,194428.89,1555431.11,1555431.11,117.68,30.14,77,165,0.00573,0.001482,0.864,Attack,DOS_FLOOD,1,101768,3,3
FLW-0000491,VPN-SES-00090,0x9044beb2,140.86,12648,14966497,106250.87,850006.93,850006.93,1213.42,209.49,778,1482,0.028244,0.018996,0.102,Video_Streaming,BENIGN,0,15683,1,1
FLW-0000492,VPN-SES-00090,0x9044beb2,12.73,46,5788,454.67,3637.39,3637.39,115.83,29.89,70,181,0.833261,0.311969,0.554,ICMP,BENIGN,0,36,0,0
FLW-0000493,VPN-SES-00091,0xcff15840,48.62,749,818408,16832.74,134661.95,134661.95,1039.16,460.83,234,1500,0.457602,0.385848,0.485,Email_IMAP,BENIGN,0,920,0,3
FLW-0000494,VPN-SES-00091,0xcff15840,81.58,2621,391026,4793.16,38345.28,38345.28,157.57,36.93,100,229,0.053373,0.025801,0.451,VoIP,BENIGN,0,2256,0,2
FLW-0000495,VPN-SES-00091,0xcff15840,67.06,2778,1208401,18019.7,144157.59,144157.59,434.88,273.4,40,988,0.984316,1.889168,0.283,Web_Browsing,BENIGN,0,3262,0,1
FLW-0000496,VPN-SES-00091,0xcff15840,32.68,1422,144663,4426.65,35413.22,35413.22,96.29,32.75,52,143,0.102806,0.060139,0.383,VoIP,BENIGN,0,1422,0,0
FLW-0000497,VPN-SES-00091,0xcff15840,4.88,1115,108104,22152.46,177219.67,177219.67,104.52,38.56,40,158,0.0274,0.01794,0.784,Attack,PORT_SCAN,1,2841,0,0
FLW-0000498,VPN-SES-00092,0x720af158,21.37,195,111813,5232.24,41857.93,41857.93,556.81,571.57,40,1500,0.851251,0.758487,0.275,Web_Browsing,BENIGN,0,239,0,0
FLW-0000499,VPN-SES-00092,0x720af158,31.55,226,253429,8032.61,64260.92,64260.92,1112.26,544.33,40,1500,1.016169,1.029083,0.467,Email_IMAP,BENIGN,0,195,0,1
FLW-0000500,VPN-SES-00092,0x720af158,125.31,27859,33899139,270522.22,2164177.74,2164177.74,1245.57,179.79,965,1500,0.029863,0.009423,0.898,Attack,DATA_EXFILTRATION,1,81386,0,1
FLW-0000501,VPN-SES-00092,0x720af158,401.99,1012,157981,393.0,3143.98,3143.98,157.67,89.57,40,265,5.431633,2.118091,0.448,Attack,C2_BEACONING,1,1170,0,3
FLW-0000502,VPN-SES-00092,0x720af158,69.34,1813,251097,3621.24,28969.95,28969.95,139.28,56.42,40,262,0.035908,0.015648,0.624,VoIP,BENIGN,0,2273,0,0
FLW-0000503,VPN-SES-00092,0x720af158,119.84,27906,38372417,320197.07,2561576.57,2561576.57,1353.81,213.89,972,1500,0.033326,0.019642,0.98,Attack,DATA_EXFILTRATION,1,106673,0,2
FLW-0000504,VPN-SES-00093,0x4e19fc1d,79.48,106,19229,241.94,1935.48,1935.48,196.82,69.62,68,328,3.473657,1.43572,0.607,Attack,C2_BEACONING,1,106,0,2
FLW-0000505,VPN-SES-00093,0x4e19fc1d,28.17,184,21800,773.87,6190.98,6190.98,119.83,27.83,62,165,1.684027,1.104277,0.51,ICMP,BENIGN,0,126,0,1
FLW-0000506,VPN-SES-00093,0x4e19fc1d,333.24,567,95513,286.62,2292.95,2292.95,171.57,92.5,40,354,3.435063,1.333115,0.616,Attack,C2_BEACONING,1,692,0,1
FLW-0000507,VPN-SES-00093,0x4e19fc1d,193.22,35189,47325396,244930.11,1959440.89,1959440.89,1381.82,74.12,1268,1500,0.029648,0.018389,0.856,Attack,DATA_EXFILTRATION,1,108465,0,2
FLW-0000508,VPN-SES-00094,0x1f554896,13.72,2389,210818,15365.74,122925.95,122925.95,84.04,29.97,46,123,0.03431,0.020171,0.723,Attack,PORT_SCAN,1,6879,0,3
FLW-0000509,VPN-SES-00094,0x1f554896,31.24,572,560308,17935.6,143484.76,143484.76,1048.94,538.05,246,1500,0.400929,0.405204,0.572,Email_IMAP,BENIGN,0,710,0,0
FLW-0000510,VPN-SES-00094,0x1f554896,119.04,23992,23518295,197566.32,1580530.58,1580530.58,1079.83,259.81,535,1399,0.102908,0.069044,0.108,Video_Streaming,BENIGN,0,33224,0,1
FLW-0000511,VPN-SES-00094,0x1f554896,163.15,3260,767502,4704.27,37634.18,37634.18,218.81,333.39,40,815,0.692246,0.585804,0.492,WhatsApp,BENIGN,0,3617,0,1
FLW-0000512,VPN-SES-00094,0x1f554896,30.52,1540,1095538,35895.74,287165.92,287165.92,652.42,312.52,40,1141,0.37456,0.494744,0.163,Web_Browsing,BENIGN,0,1820,0,1
FLW-0000513,VPN-SES-00094,0x1f554896,30.29,3184,4006008,132255.13,1058041.07,1058041.07,1346.82,268.11,916,1500,0.021472,0.008031,0.957,Attack,DATA_EXFILTRATION,1,7076,0,7
FLW-0000514,VPN-SES-00094,0x1f554896,42.5,1060,863864,20326.21,162609.69,162609.69,766.14,526.51,40,1500,0.42855,0.390572,0.248,Web_Browsing,BENIGN,0,1147,0,0
FLW-0000515,VPN-SES-00094,0x1f554896,150.1,22113,26032495,173434.34,1387474.75,1387474.75,1265.28,242.08,835,1500,0.076941,0.085478,0.055,Video_Streaming,BENIGN,0,28413,0,2
FLW-0000516,VPN-SES-00095,0xea3c45ca,51.82,42323,5772503,111395.27,891162.18,891162.18,144.52,38.25,96,223,0.003276,0.001801,0.935,Attack,DOS_FLOOD,1,146390,2,1
FLW-0000517,VPN-SES-00095,0xea3c45ca,21.07,1101,413514,19625.72,157005.79,157005.79,350.29,95.03,179,512,0.29869,0.137442,0.614,Attack,BRUTE_FORCE,1,1854,0,6
FLW-0000518,VPN-SES-00095,0xea3c45ca,287.99,475,95535,331.73,2653.84,2653.84,211.16,101.81,73,376,3.57435,0.732183,0.648,Attack,C2_BEACONING,1,505,0,2
FLW-0000519,VPN-SES-00095,0xea3c45ca,78.22,4266,659869,8436.06,67488.52,67488.52,145.8,70.2,46,251,0.050457,0.026034,0.463,VoIP,BENIGN,0,5086,0,1
FLW-0000520,VPN-SES-00096,0x33c97a1e,13.37,365,46429,3472.63,27781.0,27781.0,131.31,27.63,97,168,0.017276,0.008063,0.465,VoIP,BENIGN,0,276,0,0
FLW-0000521,VPN-SES-00096,0x33c97a1e,139.6,734,167405,1199.18,9593.41,9593.41,214.47,253.47,40,617,1.165037,1.141729,0.459,WhatsApp,BENIGN,0,891,0,1
FLW-0000522,VPN-SES-00096,0x33c97a1e,11.62,528,483047,41570.31,332562.48,332562.48,914.68,464.37,279,1500,0.222196,0.161921,0.35,Web_Browsing,BENIGN,0,439,0,1
FLW-0000523,VPN-SES-00096,0x33c97a1e,86.31,17467,24815619,287517.31,2300138.48,2300138.48,1391.38,176.36,1062,1500,0.017547,0.009332,0.855,Attack,DATA_EXFILTRATION,1,58485,0,2
FLW-0000524,VPN-SES-00096,0x33c97a1e,159.23,1027,299582,1881.44,15051.54,15051.54,320.08,240.9,40,685,1.932594,1.853701,0.448,WhatsApp,BENIGN,0,1179,0,0
FLW-0000525,VPN-SES-00096,0x33c97a1e,17.32,16988,1974915,114025.12,912200.92,912200.92,124.55,40.66,61,197,0.004221,0.001912,0.922,Attack,DOS_FLOOD,1,72277,2,0
FLW-0000526,VPN-SES-00096,0x33c97a1e,117.46,13879,21475620,182833.48,1462667.8,1462667.8,1443.92,205.38,1146,1500,0.014007,0.007011,0.767,Attack,DATA_EXFILTRATION,1,36686,0,3
FLW-0000527,VPN-SES-00097,0x5b8c031f,59.16,2029,1073808,18150.91,145207.3,145207.3,566.41,585.29,40,1382,0.775638,0.742889,0.484,Email_IMAP,BENIGN,0,2340,0,0
FLW-0000528,VPN-SES-00097,0x5b8c031f,34.59,1783,1361800,39369.76,314958.08,314958.08,707.36,462.33,40,1354,0.300129,0.356521,0.372,Web_Browsing,BENIGN,0,1647,0,1
FLW-0000529,VPN-SES-00097,0x5b8c031f,40.04,663,718397,17941.98,143535.86,143535.86,1040.52,530.52,216,1500,0.600864,0.566582,0.577,Email_IMAP,BENIGN,0,528,0,1
FLW-0000530,VPN-SES-00097,0x5b8c031f,28.24,351,99434,3521.03,28168.27,28168.27,283.69,118.22,140,427,0.089493,0.074746,0.502,Attack,BRUTE_FORCE,1,774,0,5
FLW-0000531,VPN-SES-00097,0x5b8c031f,8.72,463,502162,57587.39,460699.08,460699.08,1057.16,378.02,358,1500,0.269799,0.238886,0.392,Web_Browsing,BENIGN,0,674,0,2
FLW-0000532,VPN-SES-00097,0x5b8c031f,67.9,1671,1486043,21885.76,175086.07,175086.07,876.58,263.44,332,1287,0.959095,0.845274,0.577,Email_IMAP,BENIGN,0,1552,0,0
FLW-0000533,VPN-SES-00097,0x5b8c031f,12.31,21868,3204633,260327.62,2082620.96,2082620.96,138.74,34.06,95,205,0.005254,0.001614,0.98,Attack,DOS_FLOOD,1,85072,0,3
FLW-0000534,VPN-SES-00097,0x5b8c031f,120.4,6500,1017747,8453.05,67624.39,67624.39,148.07,47.57,84,217,0.054054,0.05072,0.418,VoIP,BENIGN,0,7869,0,1
FLW-0000535,VPN-SES-00098,0xa3608edf,5.17,151,141056,27283.56,218268.47,218268.47,852.86,379.17,391,1500,0.54657,0.543133,0.454,Email_IMAP,BENIGN,0,177,0,0
FLW-0000536,VPN-SES-00098,0xa3608edf,15.07,409,309839,20559.99,164479.89,164479.89,821.47,527.32,40,1500,0.834271,1.089634,0.556,Email_IMAP,BENIGN,0,438,0,1
FLW-0000537,VPN-SES-00098,0xa3608edf,71.42,468,214923,3009.28,24074.26,24074.26,428.91,288.01,54,1026,1.381434,1.472975,0.333,WhatsApp,BENIGN,0,551,0,1
FLW-0000538,VPN-SES-00098,0xa3608edf,6.59,870,86296,13094.99,104759.94,104759.94,95.02,29.59,45,155,0.036263,0.027204,0.848,Attack,PORT_SCAN,1,2953,1,4
FLW-0000539,VPN-SES-00098,0xa3608edf,41.58,1871,312255,7509.74,60077.92,60077.92,171.23,60.77,51,277,0.038651,0.025232,0.45,VoIP,BENIGN,0,2136,0,1
FLW-0000540,VPN-SES-00098,0xa3608edf,55.47,2588,1309963,23615.7,188925.62,188925.62,524.9,363.39,40,1266,0.553042,0.642289,0.362,Web_Browsing,BENIGN,0,3841,0,2
FLW-0000541,VPN-SES-00098,0xa3608edf,10.65,159,63832,5993.62,47948.92,47948.92,369.66,252.3,40,836,0.370278,0.443614,0.382,Web_Browsing,BENIGN,0,239,0,2
FLW-0000542,VPN-SES-00098,0xa3608edf,202.72,32516,40010632,197368.94,1578951.54,1578951.54,1263.33,227.61,907,1500,0.027091,0.018309,0.093,Video_Streaming,BENIGN,0,41105,0,1
FLW-0000543,VPN-SES-00099,0xec54d59b,22.78,170,21351,937.27,7498.16,7498.16,116.72,22.43,86,153,1.475614,0.652421,0.466,ICMP,BENIGN,0,124,1,1
FLW-0000544,VPN-SES-00099,0xec54d59b,164.34,44317,64690530,393638.37,3149106.97,3149106.97,1384.94,156.73,1133,1500,0.011764,0.008796,0.95,Attack,DATA_EXFILTRATION,1,166254,0,4
FLW-0000545,VPN-SES-00099,0xec54d59b,169.07,33800,43912097,259727.31,2077818.51,2077818.51,1214.71,246.43,718,1500,0.035468,0.020751,0.132,Video_Streaming,BENIGN,0,38276,0,0
FLW-0000546,VPN-SES-00099,0xec54d59b,24.91,45,3978,159.69,1277.56,1277.56,90.14,24.01,56,123,1.196405,0.261348,0.587,ICMP,BENIGN,0,41,0,1
FLW-0000547,VPN-SES-00099,0xec54d59b,34.95,170,16525,472.82,3782.55,3782.55,93.94,33.5,40,152,1.648107,0.569645,0.395,ICMP,BENIGN,0,133,0,1
FLW-0000548,VPN-SES-00099,0xec54d59b,5.21,118,88773,17038.96,136311.71,136311.71,811.94,476.3,67,1500,1.116954,0.763544,0.6,Email_IMAP,BENIGN,0,93,1,1
FLW-0000549,VPN-SES-00099,0xec54d59b,17.39,379,283021,16274.93,130199.42,130199.42,792.16,300.73,414,1371,0.757595,0.63211,0.473,Email_IMAP,BENIGN,0,436,0,0
FLW-0000550,VPN-SES-00099,0xec54d59b,112.51,7943,10098698,89758.23,718065.81,718065.81,1207.56,299.97,720,1500,0.021637,0.01358,0.173,Video_Streaming,BENIGN,0,9619,0,1
FLW-0000551,VPN-SES-00100,0x68c88c48,6.51,1775,171727,26378.96,211031.64,211031.64,93.48,45.84,40,165,0.024404,0.018715,0.78,Attack,PORT_SCAN,1,4316,0,1
FLW-0000552,VPN-SES-00100,0x68c88c48,44.49,1792,296303,6659.99,53279.93,53279.93,152.9,60.18,62,245,0.054985,0.032114,0.544,VoIP,BENIGN,0,2335,0,0
FLW-0000553,VPN-SES-00100,0x68c88c48,89.57,1049,306718,3424.34,27394.71,27394.71,321.2,210.44,64,668,1.17741,1.05779,0.303,WhatsApp,BENIGN,0,775,0,2
FLW-0000554,VPN-SES-00100,0x68c88c48,73.81,2671,440411,5966.82,47734.56,47734.56,152.94,84.78,41,284,0.098203,0.061887,0.393,VoIP,BENIGN,0,3047,0,0
FLW-0000555,VPN-SES-00101,0xa3fb71d0,117.52,57,9604,81.72,653.78,653.78,155.47,42.42,97,217,2.447192,1.284315,0.693,Attack,C2_BEACONING,1,74,0,3
FLW-0000556,VPN-SES-00101,0xa3fb71d0,54.53,3787,646556,11856.89,94855.09,94855.09,175.91,43.25,89,257,0.041255,0.0294,0.509,VoIP,BENIGN,0,4223,0,0
FLW-0000557,VPN-SES-00101,0xa3fb71d0,3.2,26,2815,879.69,7037.5,7037.5,110.26,21.54,80,155,1.094674,0.388624,0.48,ICMP,BENIGN,0,30,0,2
FLW-0000558,VPN-SES-00101,0xa3fb71d0,123.84,63,10337,83.47,667.76,667.76,168.31,77.69,40,301,3.684693,1.793243,0.527,Attack,C2_BEACONING,1,60,0,5
FLW-0000559,VPN-SES-00101,0xa3fb71d0,22.04,29809,4444381,201650.68,1613205.44,1613205.44,142.15,51.73,66,225,0.008187,0.005759,0.95,Attack,DOS_FLOOD,1,141866,3,0
FLW-0000560,VPN-SES-00102,0xfcf26429,52.53,1976,1515059,28841.79,230734.29,230734.29,844.85,519.86,40,1499,0.622914,0.832259,0.41,Web_Browsing,BENIGN,0,2038,1,0
FLW-0000561,VPN-SES-00102,0xfcf26429,13.53,334,43076,3183.74,25469.92,25469.92,124.65,54.32,40,244,0.031678,0.015916,0.458,VoIP,BENIGN,0,412,0,1
FLW-0000562,VPN-SES-00102,0xfcf26429,45.51,1000,121786,2676.03,21408.22,21408.22,129.34,54.0,40,223,0.031558,0.021009,0.477,VoIP,BENIGN,0,1297,0,0
FLW-0000563,VPN-SES-00103,0xd8edabdd,60.12,1061,173994,2894.11,23152.89,23152.89,175.26,244.53,40,694,1.337305,1.518151,0.548,WhatsApp,BENIGN,0,911,0,0
FLW-0000564,VPN-SES-00103,0xd8edabdd,288.81,42833,53891870,186599.74,1492797.89,1492797.89,1348.7,262.57,774,1500,0.04028,0.029708,0.186,Video_Streaming,BENIGN,0,52634,0,0
FLW-0000565,VPN-SES-00103,0xd8edabdd,47.51,2255,484827,10204.74,81637.89,81637.89,220.65,124.38,59,425,0.100377,0.060733,0.622,Attack,BRUTE_FORCE,1,3285,1,2
FLW-0000566,VPN-SES-00104,0xd1a72883,44.05,465,175132,3975.75,31806.04,31806.04,404.65,230.12,40,717,1.106805,0.910453,0.33,WhatsApp,BENIGN,0,321,1,0
FLW-0000567,VPN-SES-00104,0xd1a72883,72.58,3095,453196,6244.09,49952.71,49952.71,150.84,65.15,40,257,0.058296,0.0447,0.478,VoIP,BENIGN,0,3316,0,1
FLW-0000568,VPN-SES-00104,0xd1a72883,27.81,63,6535,234.99,1879.9,1879.9,114.86,15.38,81,147,0.778404,0.405566,0.448,ICMP,BENIGN,0,39,0,2
FLW-0000569,VPN-SES-00104,0xd1a72883,33.89,604,194357,5734.94,45879.49,45879.49,343.98,251.69,40,731,0.522171,0.456846,0.408,WhatsApp,BENIGN,0,740,0,0
FLW-0000570,VPN-SES-00104,0xd1a72883,59.3,5767,7314442,123346.41,986771.26,986771.26,1301.37,286.02,692,1500,0.03447,0.021269,0.159,Video_Streaming,BENIGN,0,9702,0,0
FLW-0000571,VPN-SES-00104,0xd1a72883,48.43,914,412234,8511.96,68095.64,68095.64,489.78,111.28,276,678,1.158261,1.370567,0.315,WhatsApp,BENIGN,0,978,0,1
FLW-0000572,VPN-SES-00104,0xd1a72883,57.71,14575,17689508,306524.14,2452193.1,2452193.1,1313.66,165.39,955,1500,0.029354,0.01267,0.799,Attack,DATA_EXFILTRATION,1,40766,0,4
FLW-0000573,VPN-SES-00105,0xfa074d80,19.88,113,36034,1812.58,14500.6,14500.6,308.26,237.88,40,646,1.163272,1.122349,0.56,WhatsApp,BENIGN,0,118,0,0
FLW-0000574,VPN-SES-00105,0xfa074d80,52.05,1798,1243159,23883.94,191071.51,191071.51,678.65,400.53,40,1389,0.271632,0.209167,0.463,Email_IMAP,BENIGN,0,1912,0,0
FLW-0000575,VPN-SES-00105,0xfa074d80,34.5,903,228058,6610.38,52883.01,52883.01,272.43,473.3,40,1239,0.347591,0.229897,0.419,Email_IMAP,BENIGN,0,1074,0,2
FLW-0000576,VPN-SES-00105,0xfa074d80,56.41,1420,1186161,21027.5,168219.96,168219.96,878.21,303.63,217,1313,0.51285,0.595218,0.423,Web_Browsing,BENIGN,0,1437,0,2
FLW-0000577,VPN-SES-00105,0xfa074d80,47.22,284,158988,3366.96,26935.71,26935.71,604.87,489.72,40,1236,0.56772,0.512619,0.459,Email_IMAP,BENIGN,0,306,0,1
FLW-0000578,VPN-SES-00105,0xfa074d80,235.53,27946,42714402,181354.4,1450835.21,1450835.21,1428.75,204.32,1030,1500,0.040955,0.029042,0.118,Video_Streaming,BENIGN,0,48909,0,1
FLW-0000579,VPN-SES-00105,0xfa074d80,146.47,1384,551294,3763.87,30110.96,30110.96,439.7,137.67,272,729,0.69905,0.660311,0.414,WhatsApp,BENIGN,0,1181,0,2
FLW-0000580,VPN-SES-00106,0x4cd1ff3f,12.03,18858,2194291,182401.58,1459212.64,1459212.64,106.19,27.59,68,151,0.003916,0.002146,0.919,Attack,DOS_FLOOD,1,97516,1,2
FLW-0000581,VPN-SES-00106,0x4cd1ff3f,28.37,805,799478,28180.4,225443.21,225443.21,948.11,447.32,162,1500,0.624011,0.625409,0.489,Web_Browsing,BENIGN,0,1044,0,3
FLW-0000582,VPN-SES-00106,0x4cd1ff3f,125.68,24368,26726206,212652.82,1701222.53,1701222.53,1069.25,188.23,756,1407,0.059829,0.040802,0.289,Video_Streaming,BENIGN,0,38580,3,0
FLW-0000583,VPN-SES-00106,0x4cd1ff3f,151.82,3958,988580,6511.53,52092.21,52092.21,267.51,129.81,107,541,0.8534,0.954432,0.445,WhatsApp,BENIGN,0,3903,0,1
FLW-0000584,VPN-SES-00106,0x4cd1ff3f,35.35,224,290080,8205.94,65647.52,65647.52,1258.15,463.7,700,1500,0.506598,0.373736,0.658,Email_IMAP,BENIGN,0,208,0,3
FLW-0000585,VPN-SES-00106,0x4cd1ff3f,31.05,734,140243,4516.68,36133.46,36133.46,177.91,204.09,40,495,1.059807,0.99663,0.541,WhatsApp,BENIGN,0,503,0,1
FLW-0000586,VPN-SES-00106,0x4cd1ff3f,32.0,1390,203887,6371.47,50971.75,50971.75,161.33,45.09,77,232,0.044851,0.025574,0.381,VoIP,BENIGN,0,1667,1,0
FLW-0000587,VPN-SES-00106,0x4cd1ff3f,5.47,1079,84928,15526.14,124209.14,124209.14,83.55,26.17,46,118,0.024079,0.016525,0.869,Attack,PORT_SCAN,1,3702,1,1
FLW-0000588,VPN-SES-00107,0xfb04159c,86.66,950,302370,3489.15,27913.22,27913.22,334.95,183.49,40,621,0.635157,0.560063,0.337,WhatsApp,BENIGN,0,1065,0,0
FLW-0000589,VPN-SES-00107,0xfb04159c,52.06,3336,774172,14870.76,118966.12,118966.12,245.82,131.35,40,513,0.199631,0.105843,0.662,Attack,BRUTE_FORCE,1,8031,0,0
FLW-0000590,VPN-SES-00107,0xfb04159c,19.68,410,109570,5567.58,44540.65,44540.65,270.83,114.58,40,431,0.988524,0.964027,0.441,WhatsApp,BENIGN,0,363,0,1
FLW-0000591,VPN-SES-00107,0xfb04159c,308.81,46670,59611806,193037.16,1544297.3,1544297.3,1199.69,199.99,843,1500,0.037547,0.017954,0.02,Video_Streaming,BENIGN,0,80249,1,0
FLW-0000592,VPN-SES-00107,0xfb04159c,67.57,2580,1667063,24671.64,197373.15,197373.15,618.75,447.93,40,1327,0.213709,0.229105,0.361,Web_Browsing,BENIGN,0,2941,0,1
FLW-0000593,VPN-SES-00107,0xfb04159c,2.56,23,2345,916.02,7328.12,7328.12,101.56,26.15,58,143,0.367484,0.053369,0.451,ICMP,BENIGN,0,17,0,0
FLW-0000594,VPN-SES-00107,0xfb04159c,63.09,572,405118,6421.27,51370.17,51370.17,649.32,330.61,74,1198,0.594618,0.500325,0.522,Email_IMAP,BENIGN,0,454,0,0
FLW-0000595,VPN-SES-00108,0xabbc6cbc,19.49,82,9057,464.7,3717.6,3717.6,115.33,34.02,51,158,1.752731,1.473819,0.767,ICMP,BENIGN,0,54,1,2
FLW-0000596,VPN-SES-00108,0xabbc6cbc,54.47,2649,474781,8716.38,69731.01,69731.01,181.57,37.9,134,243,0.059032,0.026518,0.517,VoIP,BENIGN,0,3386,0,0
FLW-0000597,VPN-SES-00108,0xabbc6cbc,61.16,1789,1446089,23644.36,189154.87,189154.87,848.11,503.27,40,1500,0.225395,0.213326,0.289,Web_Browsing,BENIGN,0,2608,0,2
FLW-0000598,VPN-SES-00108,0xabbc6cbc,6.62,9,1065,160.88,1287.01,1287.01,115.36,27.47,72,173,0.954924,0.371599,0.571,ICMP,BENIGN,0,8,1,2
FLW-0000599,VPN-SES-00109,0x56c79b36,22.91,314,292304,12758.8,102070.36,102070.36,886.06,402.02,169,1500,0.625765,0.476916,0.503,Email_IMAP,BENIGN,0,385,0,1
FLW-0000600,VPN-SES-00109,0x56c79b36,11.45,4060,448945,39209.17,313673.36,313673.36,104.88,29.74,40,154,0.035642,0.017566,0.954,Attack,PORT_SCAN,1,10486,0,5
FLW-0000601,VPN-SES-00109,0x56c79b36,97.82,1650,478596,4892.62,39140.95,39140.95,296.41,176.27,40,582,1.538691,1.39062,0.495,WhatsApp,BENIGN,0,1468,0,1
FLW-0000602,VPN-SES-00110,0xa5410a9d,216.58,50574,76143747,351573.31,2812586.46,2812586.46,1392.97,255.93,1007,1500,0.031041,0.026899,0.094,Video_Streaming,BENIGN,0,78389,1,1
FLW-0000603,VPN-SES-00110,0xa5410a9d,10.7,2749,305707,28570.75,228565.98,228565.98,112.68,30.95,72,164,0.019487,0.012508,0.796,Attack,PORT_SCAN,1,7087,0,6
FLW-0000604,VPN-SES-00110,0xa5410a9d,54.4,362,303007,5569.98,44559.85,44559.85,870.96,484.94,40,1500,0.675729,0.634892,0.576,Email_IMAP,BENIGN,0,352,0,0
FLW-0000605,VPN-SES-00110,0xa5410a9d,61.61,871,447046,7256.06,58048.5,58048.5,503.32,370.94,40,1004,0.963606,1.812684,0.306,Web_Browsing,BENIGN,0,1294,0,1
FLW-0000606,VPN-SES-00110,0xa5410a9d,31.55,2475,580790,18408.56,147268.46,147268.46,215.55,54.61,105,315,0.176536,0.129028,0.7,Attack,BRUTE_FORCE,1,5957,0,2
FLW-0000607,VPN-SES-00111,0x6f269466,257.59,282,59086,229.38,1835.04,1835.04,201.77,43.56,144,283,3.785287,2.094249,0.454,Attack,C2_BEACONING,1,272,0,0
FLW-0000608,VPN-SES-00111,0x6f269466,59.63,5661,8498993,142528.81,1140230.49,1140230.49,1394.62,291.84,994,1500,0.038657,0.027963,0.091,Video_Streaming,BENIGN,0,7881,0,0
FLW-0000609,VPN-SES-00111,0x6f269466,63.85,2023,1703704,26682.91,213463.3,213463.3,828.02,355.36,227,1373,0.572939,0.503337,0.499,Email_IMAP,BENIGN,0,2368,0,1
FLW-0000610,VPN-SES-00111,0x6f269466,27.08,34092,4776902,176399.63,1411197.05,1411197.05,147.67,46.71,47,248,0.009551,0.006002,0.922,Attack,DOS_FLOOD,1,127933,0,1
FLW-0000611,VPN-SES-00111,0x6f269466,80.39,3988,4525890,56299.17,450393.33,450393.33,1117.6,274.98,768,1484,0.02939,0.030056,0.157,Video_Streaming,BENIGN,0,3944,0,2
FLW-0000612,VPN-SES-00111,0x6f269466,299.43,19838,23570287,78717.19,629737.49,629737.49,1239.38,199.78,971,1500,0.044329,0.022493,0.082,Video_Streaming,BENIGN,0,31039,0,3
FLW-0000613,VPN-SES-00111,0x6f269466,121.2,2050,546715,4510.85,36086.8,36086.8,247.42,206.21,40,579,1.895191,2.080207,0.483,WhatsApp,BENIGN,0,1607,0,0
FLW-0000614,VPN-SES-00112,0x3120bfba,18.91,451,389660,20606.03,164848.23,164848.23,928.26,407.55,283,1500,1.094458,0.980138,0.545,Email_IMAP,BENIGN,0,549,0,3
FLW-0000615,VPN-SES-00112,0x3120bfba,101.11,15854,22899320,226479.28,1811834.24,1811834.24,1332.06,354.5,737,1500,0.019341,0.011706,0.026,Video_Streaming,BENIGN,0,22886,1,0
FLW-0000616,VPN-SES-00112,0x3120bfba,49.65,2644,404976,8156.62,65252.93,65252.93,154.54,41.62,102,211,0.035878,0.02362,0.349,VoIP,BENIGN,0,2143,0,0
FLW-0000617,VPN-SES-00113,0x3ac1d5ca,67.83,568,268444,3957.6,31660.8,31660.8,440.67,155.7,206,675,1.681585,1.93218,0.466,WhatsApp,BENIGN,0,519,0,1
FLW-0000618,VPN-SES-00113,0x3ac1d5ca,13.71,95,33260,2425.97,19407.73,19407.73,384.25,175.71,114,762,0.794295,1.320013,0.566,WhatsApp,BENIGN,0,78,0,1
FLW-0000619,VPN-SES-00113,0x3ac1d5ca,279.57,34140,40621538,145300.06,1162400.49,1162400.49,1143.81,279.86,739,1500,0.017686,0.012903,0.02,Video_Streaming,BENIGN,0,58988,0,2
FLW-0000620,VPN-SES-00113,0x3ac1d5ca,47.97,3428,884442,18437.4,147499.19,147499.19,238.91,82.81,57,372,0.183032,0.159891,0.692,Attack,BRUTE_FORCE,1,7613,0,4
FLW-0000621,VPN-SES-00113,0x3ac1d5ca,12.37,62,6250,505.25,4042.04,4042.04,106.73,28.17,64,158,1.520125,0.245045,0.547,ICMP,BENIGN,0,55,0,0
FLW-0000622,VPN-SES-00114,0x1c7031eb,7.72,39,4921,637.44,5099.48,5099.48,116.21,22.93,71,162,1.420665,0.524438,0.354,ICMP,BENIGN,0,29,0,1
FLW-0000623,VPN-SES-00114,0x1c7031eb,40.14,597,594923,14821.2,118569.61,118569.61,1022.49,519.43,40,1500,0.677505,0.686207,0.312,Web_Browsing,BENIGN,0,537,0,1
FLW-0000624,VPN-SES-00114,0x1c7031eb,34.56,279,196775,5693.72,45549.77,45549.77,718.56,422.85,40,1483,0.528418,0.550478,0.529,Email_IMAP,BENIGN,0,265,0,1
FLW-0000625,VPN-SES-00114,0x1c7031eb,64.18,3555,584303,9104.13,72833.03,72833.03,171.24,42.02,89,226,0.045362,0.027542,0.694,VoIP,BENIGN,0,3006,0,0
FLW-0000626,VPN-SES-00114,0x1c7031eb,47.56,2106,339949,7147.79,57182.34,57182.34,173.21,10.67,159,191,0.035263,0.021161,0.459,VoIP,BENIGN,0,2688,0,1
FLW-0000627,VPN-SES-00114,0x1c7031eb,74.85,755,598330,7993.72,63949.77,63949.77,812.27,409.55,270,1354,0.637812,0.468862,0.458,Email_IMAP,BENIGN,0,628,0,0
FLW-0000628,VPN-SES-00114,0x1c7031eb,39.11,6368,7987492,204231.45,1633851.6,1633851.6,1319.69,332.01,681,1500,0.040871,0.042076,0.042,Video_Streaming,BENIGN,0,6775,0,0
FLW-0000629,VPN-SES-00115,0x452b6ec8,18.72,4672,460577,24603.47,196827.78,196827.78,92.69,23.89,49,129,0.028933,0.012321,0.98,Attack,PORT_SCAN,1,9429,1,5
FLW-0000630,VPN-SES-00115,0x452b6ec8,29.9,268,157938,5282.21,42257.66,42257.66,537.38,504.94,40,1371,0.204803,0.339914,0.386,Web_Browsing,BENIGN,0,236,0,0
FLW-0000631,VPN-SES-00115,0x452b6ec8,85.39,2621,428998,5023.98,40191.87,40191.87,154.55,50.85,92,240,0.053026,0.039733,0.593,VoIP,BENIGN,0,2873,0,1
FLW-0000632,VPN-SES-00115,0x452b6ec8,99.17,620,43549,439.13,3513.08,3513.08,75.88,90.43,40,235,1.559829,1.350298,0.473,WhatsApp,BENIGN,0,704,0,1
FLW-0000633,VPN-SES-00115,0x452b6ec8,12.56,328,39366,3134.24,25073.89,25073.89,129.28,58.14,40,251,0.058382,0.034368,0.505,VoIP,BENIGN,0,347,0,1
FLW-0000634,VPN-SES-00115,0x452b6ec8,33.45,1085,846865,25317.34,202538.71,202538.71,823.23,296.41,341,1467,0.594732,0.971973,0.394,Web_Browsing,BENIGN,0,1232,0,2
FLW-0000635,VPN-SES-00115,0x452b6ec8,3.97,27,2487,626.45,5011.59,5011.59,89.27,19.54,52,115,1.535582,0.607753,0.6,ICMP,BENIGN,0,25,0,4
FLW-0000636,VPN-SES-00116,0x3ed087d4,17.96,4563,414472,23077.51,184620.04,184620.04,100.09,38.7,40,176,0.02767,0.017227,0.871,Attack,PORT_SCAN,1,11095,2,2
FLW-0000637,VPN-SES-00116,0x3ed087d4,85.03,17379,20724458,243731.13,1949849.04,1949849.04,1324.6,239.41,911,1500,0.016146,0.006601,0.882,Attack,DATA_EXFILTRATION,1,67866,0,3
FLW-0000638,VPN-SES-00116,0x3ed087d4,21.05,255,157568,7485.42,59883.33,59883.33,566.06,452.17,40,1175,0.939528,0.814004,0.542,Email_IMAP,BENIGN,0,305,0,2
FLW-0000639,VPN-SES-00117,0x1760801f,11.03,780,157842,14310.24,114481.96,114481.96,186.93,111.68,40,365,0.143167,0.085152,0.589,Attack,BRUTE_FORCE,1,1464,0,1
FLW-0000640,VPN-SES-00117,0x1760801f,19.16,106,11396,594.78,4758.25,4758.25,102.84,25.29,58,137,0.903939,0.401418,0.456,ICMP,BENIGN,0,74,0,1
FLW-0000641,VPN-SES-00117,0x1760801f,34.33,152,16513,481.01,3848.06,3848.06,104.57,13.62,79,128,0.518773,0.25192,0.568,ICMP,BENIGN,0,97,0,0
FLW-0000642,VPN-SES-00118,0xc0309aaf,32.07,23889,3443696,107380.6,859044.84,859044.84,142.28,50.29,40,248,0.010783,0.005015,0.893,Attack,DOS_FLOOD,1,83835,3,5
FLW-0000643,VPN-SES-00118,0xc0309aaf,38.67,4224,5305834,137208.02,1097664.13,1097664.13,1295.04,169.54,1084,1500,0.025331,0.021064,0.126,Video_Streaming,BENIGN,0,5087,1,0
FLW-0000644,VPN-SES-00118,0xc0309aaf,9.33,249,78271,8389.17,67113.4,67113.4,344.29,68.53,206,488,0.156857,0.17187,0.714,Attack,BRUTE_FORCE,1,616,0,2
FLW-0000645,VPN-SES-00118,0xc0309aaf,184.64,995,357602,1936.75,15494.02,15494.02,389.65,217.71,109,848,1.076092,0.91457,0.37,WhatsApp,BENIGN,0,1022,0,1
FLW-0000646,VPN-SES-00118,0xc0309aaf,33.32,1125,1127542,33839.8,270718.37,270718.37,1019.19,549.6,40,1500,1.074442,1.091335,0.543,Email_IMAP,BENIGN,0,1009,1,0
FLW-0000647,VPN-SES-00118,0xc0309aaf,94.78,4734,871290,9192.76,73542.1,73542.1,178.47,49.64,81,250,0.050515,0.028845,0.54,VoIP,BENIGN,0,4423,0,0
FLW-0000648,VPN-SES-00118,0xc0309aaf,224.1,307,52873,235.93,1887.48,1887.48,175.88,57.9,56,252,3.170473,1.912279,0.563,Attack,C2_BEACONING,1,395,1,0
FLW-0000649,VPN-SES-00119,0x100b1f5e,77.41,3699,483375,6244.35,49954.79,49954.79,125.72,50.05,50,216,0.091958,0.029198,0.472,VoIP,BENIGN,0,3486,0,1
FLW-0000650,VPN-SES-00119,0x100b1f5e,35.0,653,371424,10612.11,84896.91,84896.91,584.72,325.19,142,1133,0.341161,0.323916,0.63,Email_IMAP,BENIGN,0,515,0,0
FLW-0000651,VPN-SES-00119,0x100b1f5e,33.7,595,196218,5822.49,46579.94,46579.94,301.85,239.48,40,693,0.850172,0.83558,0.516,WhatsApp,BENIGN,0,601,0,2
FLW-0000652,VPN-SES-00119,0x100b1f5e,20.49,904,201112,9815.13,78521.03,78521.03,222.03,107.61,40,400,0.146063,0.122605,0.669,Attack,BRUTE_FORCE,1,1647,0,2
FLW-0000653,VPN-SES-00119,0x100b1f5e,42.49,819,459894,10823.58,86588.66,86588.66,547.25,297.78,122,936,0.665039,1.021996,0.458,Email_IMAP,BENIGN,0,868,0,0
FLW-0000654,VPN-SES-00120,0x1bb81d38,41.53,25747,3187326,76747.56,613980.45,613980.45,126.69,46.39,40,221,0.007666,0.00384,0.967,Attack,DOS_FLOOD,1,87712,2,0
FLW-0000655,VPN-SES-00120,0x1bb81d38,24.52,112,11993,489.11,3912.89,3912.89,100.81,22.32,58,142,1.181272,0.451846,0.506,ICMP,BENIGN,0,63,0,1
FLW-0000656,VPN-SES-00120,0x1bb81d38,87.88,1191,545038,6202.07,49616.57,49616.57,422.6,216.64,79,714,1.599414,1.966941,0.475,WhatsApp,BENIGN,0,1339,0,1
FLW-0000657,VPN-SES-00120,0x1bb81d38,9.5,132,39082,4113.89,32911.16,32911.16,275.72,112.38,94,475,0.68387,0.626002,0.428,WhatsApp,BENIGN,0,116,0,0
FLW-0000658,VPN-SES-00120,0x1bb81d38,182.21,2613,797367,4376.09,35008.7,35008.7,324.74,211.89,40,624,0.876428,0.812559,0.436,WhatsApp,BENIGN,0,2625,0,0
FLW-0000659,VPN-SES-00120,0x1bb81d38,178.17,14556,18526902,103984.41,831875.27,831875.27,1182.78,322.18,586,1500,0.037157,0.026359,0.186,Video_Streaming,BENIGN,0,18169,0,0
FLW-0000660,VPN-SES-00121,0xe0b3d752,105.74,2858,1369275,12949.45,103595.61,103595.61,459.56,809.91,40,1500,0.297271,0.28023,0.268,Web_Browsing,BENIGN,0,4206,0,0
FLW-0000661,VPN-SES-00121,0xe0b3d752,256.52,521,108344,422.36,3378.89,3378.89,204.16,55.83,99,302,3.879165,3.04644,0.568,Attack,C2_BEACONING,1,567,0,5
FLW-0000662,VPN-SES-00121,0xe0b3d752,17.95,67,6437,358.61,2868.86,2868.86,96.21,14.41,70,126,1.030356,0.319723,0.622,ICMP,BENIGN,0,55,0,1
FLW-0000663,VPN-SES-00121,0xe0b3d752,35.06,313,283585,8088.56,64708.5,64708.5,969.94,413.17,246,1500,0.855832,1.118938,0.523,Email_IMAP,BENIGN,0,312,0,2
FLW-0000664,VPN-SES-00122,0xafc97264,50.7,1622,1178632,23247.18,185977.44,185977.44,803.65,434.61,121,1500,1.00285,0.943658,0.291,Web_Browsing,BENIGN,0,2086,0,2
FLW-0000665,VPN-SES-00122,0xafc97264,11.58,82,6708,579.27,4634.2,4634.2,85.97,36.56,40,164,1.503055,0.598907,0.511,ICMP,BENIGN,0,49,0,1
FLW-0000666,VPN-SES-00122,0xafc97264,58.76,1292,532809,9067.55,72540.37,72540.37,382.56,494.69,40,1171,0.303731,0.516463,0.382,Web_Browsing,BENIGN,0,1637,0,1
FLW-0000667,VPN-SES-00122,0xafc97264,2.12,240,20350,9599.06,76792.45,76792.45,77.48,41.46,40,168,0.014858,0.01197,0.793,Attack,PORT_SCAN,1,655,1,2
FLW-0000668,VPN-SES-00122,0xafc97264,95.96,15931,21958908,228833.97,1830671.78,1830671.78,1378.9,371.98,763,1500,0.05147,0.039164,0.166,Video_Streaming,BENIGN,0,17148,0,0
FLW-0000669,VPN-SES-00123,0x595fa2fc,26.58,181,20689,778.37,6226.94,6226.94,111.59,31.2,46,154,1.347451,0.556121,0.467,ICMP,BENIGN,0,113,0,1
FLW-0000670,VPN-SES-00123,0x595fa2fc,30.9,405,288021,9321.07,74568.54,74568.54,743.88,485.22,44,1500,0.481028,0.390505,0.625,Email_IMAP,BENIGN,0,419,1,2
FLW-0000671,VPN-SES-00123,0x595fa2fc,9.11,42,4168,457.52,3660.15,3660.15,107.32,13.54,78,128,1.176548,0.500482,0.466,ICMP,BENIGN,0,35,0,4
FLW-0000672,VPN-SES-00124,0xfd2e1bcd,112.11,2422,241634,2155.33,17242.64,17242.64,94.38,280.87,40,553,1.027085,1.150999,0.38,WhatsApp,BENIGN,0,2309,0,1
FLW-0000673,VPN-SES-00124,0xfd2e1bcd,12.94,59,5831,450.62,3604.95,3604.95,107.44,18.18,73,130,0.614061,0.27236,0.625,ICMP,BENIGN,0,30,0,0
FLW-0000674,VPN-SES-00124,0xfd2e1bcd,234.65,52887,65233963,278005.38,2224043.06,2224043.06,1121.81,241.96,762,1500,0.028917,0.018407,0.153,Video_Streaming,BENIGN,0,62038,0,1
FLW-0000675,VPN-SES-00124,0xfd2e1bcd,378.75,22204,22895051,60448.98,483591.84,483591.84,1094.66,242.0,691,1406,0.047496,0.035063,0.141,Video_Streaming,BENIGN,0,32439,0,1
FLW-0000676,VPN-SES-00124,0xfd2e1bcd,12.26,36,2958,241.27,1930.18,1930.18,83.97,29.63,40,125,0.746711,0.370411,0.589,ICMP,BENIGN,0,28,0,0
FLW-0000677,VPN-SES-00124,0xfd2e1bcd,22.01,210,121143,5504.0,44031.99,44031.99,595.49,356.4,90,1135,0.500695,0.351548,0.491,Email_IMAP,BENIGN,0,193,0,2
FLW-0000678,VPN-SES-00124,0xfd2e1bcd,32.94,1249,143976,4370.86,34966.85,34966.85,112.53,39.22,42,175,0.045792,0.034969,0.458,VoIP,BENIGN,0,1408,0,0
FLW-0000679,VPN-SES-00125,0x37a158a0,9.54,22,2284,239.41,1915.3,1915.3,97.23,36.36,40,166,1.495101,0.543805,0.488,ICMP,BENIGN,0,13,0,1
FLW-0000680,VPN-SES-00125,0x37a158a0,19.11,2094,204477,10700.0,85600.0,85600.0,95.12,32.42,40,139,0.030194,0.019495,0.896,Attack,PORT_SCAN,1,6553,0,0
FLW-0000681,VPN-SES-00125,0x37a158a0,28.21,224,80542,2855.09,22840.69,22840.69,348.01,261.83,40,826,1.096302,1.360983,0.441,WhatsApp,BENIGN,0,158,0,2
FLW-0000682,VPN-SES-00125,0x37a158a0,31.99,847,279057,8723.26,69786.06,69786.06,303.7,116.8,156,508,0.134722,0.115193,0.538,Attack,BRUTE_FORCE,1,1633,0,2
FLW-0000683,VPN-SES-00125,0x37a158a0,25.19,922,1048960,41641.92,333135.37,333135.37,1176.55,557.85,40,1500,1.268316,1.181547,0.496,Email_IMAP,BENIGN,0,1122,0,0
FLW-0000684,VPN-SES-00125,0x37a158a0,3.07,14,1599,520.85,4166.78,4166.78,106.96,20.01,77,136,1.334679,0.303772,0.54,ICMP,BENIGN,0,15,0,0
FLW-0000685,VPN-SES-00125,0x37a158a0,15.31,65,7548,493.01,3944.09,3944.09,121.63,32.08,82,179,1.520195,0.268608,0.485,ICMP,BENIGN,0,38,0,0
FLW-0000686,VPN-SES-00126,0x1a35653c,32.33,128,103163,3190.94,25527.5,25527.5,849.14,375.58,91,1500,0.754403,0.845713,0.587,Email_IMAP,BENIGN,0,103,0,2
FLW-0000687,VPN-SES-00126,0x1a35653c,108.87,5741,6804762,62503.55,500028.44,500028.44,1155.71,288.22,734,1500,0.025519,0.017747,0.02,Video_Streaming,BENIGN,0,9924,0,0
FLW-0000688,VPN-SES-00126,0x1a35653c,125.29,29112,42495991,339181.03,2713448.22,2713448.22,1341.65,249.52,907,1500,0.023901,0.017875,0.945,Attack,DATA_EXFILTRATION,1,104320,0,4
FLW-0000689,VPN-SES-00126,0x1a35653c,44.52,31488,5098693,114525.9,916207.19,916207.19,147.34,64.53,40,227,0.004384,0.00195,0.951,Attack,DOS_FLOOD,1,103314,2,6
FLW-0000690,VPN-SES-00126,0x1a35653c,153.9,31548,41398901,268998.71,2151989.66,2151989.66,1280.78,214.99,1021,1500,0.030351,0.013481,0.849,Attack,DATA_EXFILTRATION,1,109554,1,3
FLW-0000691,VPN-SES-00127,0xcdcac10f,46.54,1794,564161,12122.07,96976.54,96976.54,311.64,128.11,44,505,0.171926,0.121165,0.586,Attack,BRUTE_FORCE,1,2818,0,0
FLW-0000692,VPN-SES-00127,0xcdcac10f,37.08,1081,234897,6334.87,50678.96,50678.96,230.21,113.86,40,422,0.197935,0.099678,0.55,Attack,BRUTE_FORCE,1,1556,0,2
FLW-0000693,VPN-SES-00127,0xcdcac10f,8.03,276,197874,24641.84,197134.74,197134.74,656.8,520.82,40,1500,0.821822,1.681155,0.38,Web_Browsing,BENIGN,0,373,0,1
FLW-0000694,VPN-SES-00128,0x98eae7d4,13.58,22,2312,170.25,1362.0,1362.0,111.65,17.45,76,145,1.516599,0.458033,0.266,ICMP,BENIGN,0,21,0,0
FLW-0000695,VPN-SES-00128,0x98eae7d4,91.9,2150,1028446,11190.92,89527.4,89527.4,459.97,198.69,188,891,0.733627,0.671113,0.478,WhatsApp,BENIGN,0,2387,0,1
FLW-0000696,VPN-SES-00128,0x98eae7d4,23.75,17074,1796256,75631.83,605054.65,605054.65,103.42,38.24,40,162,0.007584,0.00281,0.923,Attack,DOS_FLOOD,1,93957,2,2
FLW-0000697,VPN-SES-00129,0x741816b7,85.76,4476,801437,9345.11,74760.91,74760.91,168.24,47.69,101,254,0.038061,0.02159,0.473,VoIP,BENIGN,0,4092,0,0
FLW-0000698,VPN-SES-00129,0x741816b7,14.13,2220,242393,17154.49,137235.95,137235.95,108.49,14.27,84,129,0.016133,0.014602,0.853,Attack,PORT_SCAN,1,4666,1,1
FLW-0000699,VPN-SES-00129,0x741816b7,34.33,1357,193790,5644.92,45159.34,45159.34,148.98,67.27,66,292,0.042948,0.02247,0.599,VoIP,BENIGN,0,1397,0,0
FLW-0000700,VPN-SES-00129,0x741816b7,25.17,970,482655,19175.8,153406.44,153406.44,534.96,439.21,40,1194,0.608087,0.519747,0.421,Web_Browsing,BENIGN,0,846,0,0
FLW-0000701,VPN-SES-00129,0x741816b7,46.25,4739,6386827,138093.56,1104748.45,1104748.45,1426.38,183.87,1130,1500,0.014217,0.007233,0.144,Video_Streaming,BENIGN,0,7503,0,1
FLW-0000702,VPN-SES-00129,0x741816b7,64.3,11916,18186434,282837.23,2262697.85,2262697.85,1483.75,272.94,1115,1500,0.020819,0.01762,0.193,Video_Streaming,BENIGN,0,14442,0,0
FLW-0000703,VPN-SES-00129,0x741816b7,133.92,8961,1241646,9271.55,74172.4,74172.4,143.85,66.84,40,271,0.079504,0.037634,0.616,VoIP,BENIGN,0,10577,0,1
FLW-0000704,VPN-SES-00129,0x741816b7,105.24,484,123970,1177.97,9423.79,9423.79,254.65,246.4,40,554,0.785561,0.733968,0.498,WhatsApp,BENIGN,0,398,0,1
FLW-0000705,VPN-SES-00130,0xbbf39096,51.61,1485,1641396,31803.84,254430.69,254430.69,1123.59,396.95,590,1500,1.206685,0.989914,0.411,Web_Browsing,BENIGN,0,2096,0,2
FLW-0000706,VPN-SES-00130,0xbbf39096,14.92,80,8385,562.0,4495.98,4495.98,107.81,7.43,95,118,0.600003,0.198918,0.579,ICMP,BENIGN,0,53,1,2
FLW-0000707,VPN-SES-00130,0xbbf39096,82.67,1535,1970771,23839.01,190712.08,190712.08,1175.43,423.47,525,1500,0.366467,0.348499,0.429,Web_Browsing,BENIGN,0,2276,0,3
FLW-0000708,VPN-SES-00131,0x602ed818,42.34,633,713815,16859.12,134872.93,134872.93,1139.89,640.86,94,1500,0.697083,0.842379,0.175,Web_Browsing,BENIGN,0,623,0,3
FLW-0000709,VPN-SES-00131,0x602ed818,127.61,6477,728302,5707.25,45657.99,45657.99,106.91,38.05,40,169,0.044201,0.027119,0.512,VoIP,BENIGN,0,7354,0,1
FLW-0000710,VPN-SES-00131,0x602ed818,40.3,11158,13992511,347208.71,2777669.68,2777669.68,1333.49,199.68,1000,1500,0.038838,0.025936,0.949,Attack,DATA_EXFILTRATION,1,31620,3,3
FLW-0000711,VPN-SES-00131,0x602ed818,5.75,8,780,135.65,1085.22,1085.22,105.27,24.74,60,156,0.900543,0.472114,0.542,ICMP,BENIGN,0,11,0,2
FLW-0000712,VPN-SES-00131,0x602ed818,121.7,4048,490443,4029.93,32239.47,32239.47,134.16,56.52,40,243,0.032538,0.029325,0.477,VoIP,BENIGN,0,4201,0,2
FLW-0000713,VPN-SES-00131,0x602ed818,340.66,57788,82537770,242287.82,1938302.59,1938302.59,1345.81,89.78,1193,1493,0.033157,0.029015,0.262,Video_Streaming,BENIGN,0,70570,0,0
FLW-0000714,VPN-SES-00132,0x9b20ce3e,68.29,1975,361680,5296.24,42369.89,42369.89,197.14,21.67,168,233,0.069286,0.032035,0.594,VoIP,BENIGN,0,1637,0,1
FLW-0000715,VPN-SES-00132,0x9b20ce3e,41.89,789,575753,13744.4,109955.22,109955.22,666.89,551.19,40,1367,0.402936,0.373243,0.662,Email_IMAP,BENIGN,0,648,0,1
FLW-0000716,VPN-SES-00132,0x9b20ce3e,9.72,17245,2146703,220854.22,1766833.74,1766833.74,121.78,39.24,52,178,0.004617,0.002623,0.98,Attack,DOS_FLOOD,1,57407,3,2
FLW-0000717,VPN-SES-00132,0x9b20ce3e,160.97,19900,26799615,166488.26,1331906.07,1331906.07,1345.92,188.84,941,1500,0.034453,0.028536,0.079,Video_Streaming,BENIGN,0,27927,0,1
FLW-0000718,VPN-SES-00132,0x9b20ce3e,186.07,14959,18443263,99120.02,792960.2,792960.2,1322.24,246.99,822,1500,0.031073,0.020589,0.068,Video_Streaming,BENIGN,0,21416,0,1
FLW-0000719,VPN-SES-00132,0x9b20ce3e,32.01,2331,3097652,96771.38,774171.07,774171.07,1241.43,276.47,882,1500,0.106154,0.10619,0.147,Video_Streaming,BENIGN,0,4086,1,0
FLW-0000720,VPN-SES-00133,0xf860bcb1,11.29,63,8303,735.43,5883.44,5883.44,125.09,24.45,94,178,2.858747,0.767464,0.417,ICMP,BENIGN,0,37,0,1
FLW-0000721,VPN-SES-00133,0xf860bcb1,193.33,367,98015,506.98,4055.86,4055.86,250.12,76.56,132,345,3.143957,1.688188,0.645,Attack,C2_BEACONING,1,416,0,0
FLW-0000722,VPN-SES-00133,0xf860bcb1,20.07,490,485715,24201.05,193608.37,193608.37,934.6,476.82,171,1500,0.277645,0.229562,0.451,Email_IMAP,BENIGN,0,372,0,0
FLW-0000723,VPN-SES-00133,0xf860bcb1,228.96,580,148976,650.66,5205.31,5205.31,256.54,79.08,149,423,2.020195,0.87045,0.582,Attack,C2_BEACONING,1,753,0,1
FLW-0000724,VPN-SES-00133,0xf860bcb1,192.67,580,292907,1520.25,12162.02,12162.02,497.48,262.69,40,828,0.699696,0.567675,0.431,WhatsApp,BENIGN,0,670,0,2
FLW-0000725,VPN-SES-00133,0xf860bcb1,32.56,137,46730,1435.2,11481.57,11481.57,342.14,241.24,40,676,1.34444,1.252355,0.33,WhatsApp,BENIGN,0,150,0,1
FLW-0000726,VPN-SES-00133,0xf860bcb1,46.5,4390,5896718,126811.14,1014489.12,1014489.12,1232.75,205.36,967,1500,0.024336,0.013796,0.02,Video_Streaming,BENIGN,0,7355,0,1
FLW-0000727,VPN-SES-00133,0xf860bcb1,84.81,3637,563552,6644.88,53159.01,53159.01,163.34,59.56,81,237,0.064766,0.069553,0.684,VoIP,BENIGN,0,4415,0,1
FLW-0000728,VPN-SES-00134,0x64899c37,29.45,4898,6586582,223653.04,1789224.31,1789224.31,1257.35,157.89,919,1500,0.013132,0.005966,0.808,Attack,DATA_EXFILTRATION,1,14422,0,3
FLW-0000729,VPN-SES-00134,0x64899c37,67.94,3537,947527,13946.53,111572.21,111572.21,272.99,128.5,61,551,0.191886,0.087114,0.493,Attack,BRUTE_FORCE,1,8275,0,1
FLW-0000730,VPN-SES-00134,0x64899c37,32.72,717,610396,18655.13,149241.08,149241.08,778.57,466.55,40,1500,0.59178,0.688578,0.667,Email_IMAP,BENIGN,0,601,0,0
FLW-0000731,VPN-SES-00134,0x64899c37,79.96,1233,784999,9817.4,78539.17,78539.17,633.21,343.42,40,1313,0.253046,0.17452,0.373,Web_Browsing,BENIGN,0,1367,0,3
FLW-0000732,VPN-SES-00134,0x64899c37,121.04,961,277407,2291.86,18334.9,18334.9,270.09,203.53,40,644,1.34041,1.689597,0.459,WhatsApp,BENIGN,0,973,0,2
FLW-0000733,VPN-SES-00134,0x64899c37,9.53,229,159411,16727.28,133818.26,133818.26,709.93,354.44,93,1345,0.892757,0.779145,0.605,Email_IMAP,BENIGN,0,233,0,2
FLW-0000734,VPN-SES-00134,0x64899c37,48.3,547,285245,5905.69,47245.55,47245.55,528.43,357.37,40,1044,0.756411,0.827125,0.58,Email_IMAP,BENIGN,0,426,0,1
FLW-0000735,VPN-SES-00135,0xc9644e4f,171.39,11155,12666016,73901.72,591213.77,591213.77,1221.84,220.51,891,1500,0.054703,0.041582,0.184,Video_Streaming,BENIGN,0,14228,0,1
FLW-0000736,VPN-SES-00135,0xc9644e4f,6.3,173,143032,22703.49,181627.94,181627.94,837.4,244.66,536,1233,0.717914,0.619906,0.559,Email_IMAP,BENIGN,0,160,0,0
FLW-0000737,VPN-SES-00135,0xc9644e4f,26.16,915,149108,5699.85,45598.78,45598.78,177.87,46.85,117,236,0.103433,0.066168,0.708,VoIP,BENIGN,0,1075,1,0
FLW-0000738,VPN-SES-00135,0xc9644e4f,44.85,1149,817203,18220.8,145766.42,145766.42,729.2,446.81,40,1497,0.73053,0.751272,0.505,Email_IMAP,BENIGN,0,1299,0,0
FLW-0000739,VPN-SES-00135,0xc9644e4f,18.65,98,10870,582.84,4662.73,4662.73,110.42,28.52,67,152,2.300596,1.755714,0.516,ICMP,BENIGN,0,62,1,0
FLW-0000740,VPN-SES-00135,0xc9644e4f,18.7,62,6545,350.0,2800.0,2800.0,117.07,22.12,69,158,0.682355,0.219874,0.598,ICMP,BENIGN,0,26,0,1
FLW-0000741,VPN-SES-00135,0xc9644e4f,53.34,772,239652,4492.91,35943.31,35943.31,316.43,253.14,40,787,1.064755,0.818068,0.52,WhatsApp,BENIGN,0,909,0,0
FLW-0000742,VPN-SES-00135,0xc9644e4f,21.48,76,7997,372.3,2978.4,2978.4,104.46,27.96,43,149,1.935129,0.835876,0.455,ICMP,BENIGN,0,45,0,2
FLW-0000743,VPN-SES-00136,0x512817eb,5.71,94,75263,13180.91,105447.29,105447.29,776.91,545.23,40,1500,0.392197,0.300473,0.543,Email_IMAP,BENIGN,0,94,0,0
FLW-0000744,VPN-SES-00136,0x512817eb,48.0,788,363869,7580.6,60644.83,60644.83,455.54,346.8,40,968,0.336594,0.358796,0.307,Web_Browsing,BENIGN,0,820,0,1
FLW-0000745,VPN-SES-00136,0x512817eb,18.84,419,315893,16767.14,134137.15,134137.15,715.53,353.95,63,1168,0.946236,0.762874,0.505,Email_IMAP,BENIGN,0,513,1,0
FLW-0000746,VPN-SES-00136,0x512817eb,49.31,2030,2258558,45803.24,366425.96,366425.96,1066.94,708.9,40,1500,0.285769,0.348898,0.424,Web_Browsing,BENIGN,0,2182,0,1
FLW-0000747,VPN-SES-00136,0x512817eb,111.73,16896,20815450,186301.35,1490410.81,1490410.81,1246.43,253.83,713,1500,0.039282,0.022485,0.105,Video_Streaming,BENIGN,0,18767,0,0
FLW-0000748,VPN-SES-00136,0x512817eb,56.11,2032,1560392,27809.52,222476.14,222476.14,754.78,527.76,40,1500,0.599768,0.459402,0.299,Web_Browsing,BENIGN,0,2181,0,3
FLW-0000749,VPN-SES-00136,0x512817eb,22.31,460,338840,15187.81,121502.47,121502.47,674.62,517.05,40,1469,0.644001,0.57513,0.509,Email_IMAP,BENIGN,0,481,0,0
FLW-0000750,VPN-SES-00137,0xcc5c3cd8,24.51,54,5267,214.89,1719.14,1719.14,98.51,22.95,59,146,0.798095,0.337488,0.42,ICMP,BENIGN,0,35,0,1
FLW-0000751,VPN-SES-00137,0xcc5c3cd8,123.31,5002,901840,7313.6,58508.8,58508.8,170.17,30.15,130,209,0.054075,0.025786,0.375,VoIP,BENIGN,0,5231,0,2
FLW-0000752,VPN-SES-00137,0xcc5c3cd8,36.56,212,187259,5121.96,40975.71,40975.71,848.82,510.67,218,1500,0.51918,0.442885,0.589,Email_IMAP,BENIGN,0,251,0,0
FLW-0000753,VPN-SES-00137,0xcc5c3cd8,9.19,2776,166551,18123.07,144984.55,144984.55,60.78,39.75,40,130,0.045591,0.035481,0.846,Attack,PORT_SCAN,1,8885,0,4
FLW-0000754,VPN-SES-00137,0xcc5c3cd8,92.52,1592,464907,5024.94,40199.48,40199.48,307.31,274.83,40,811,1.477049,1.707121,0.341,WhatsApp,BENIGN,0,1451,1,1
FLW-0000755,VPN-SES-00137,0xcc5c3cd8,8.63,244,194887,22582.5,180660.02,180660.02,765.1,429.96,135,1500,0.322024,0.249629,0.586,Email_IMAP,BENIGN,0,292,0,1
FLW-0000756,VPN-SES-00137,0xcc5c3cd8,168.55,94,18796,111.52,892.13,892.13,202.43,45.0,104,262,1.813339,0.671906,0.557,Attack,C2_BEACONING,1,139,0,0
FLW-0000757,VPN-SES-00138,0xb829907c,2.94,8,766,260.54,2084.35,2084.35,95.9,31.54,45,135,0.336891,0.076709,0.464,ICMP,BENIGN,0,8,0,1
FLW-0000758,VPN-SES-00138,0xb829907c,60.72,771,222598,3665.97,29327.8,29327.8,264.94,222.2,40,670,1.322664,1.023629,0.368,WhatsApp,BENIGN,0,791,0,1
FLW-0000759,VPN-SES-00138,0xb829907c,4.62,97,76951,16656.06,133248.48,133248.48,810.83,244.64,399,1174,0.291844,0.381433,0.535,Email_IMAP,BENIGN,0,121,0,0
FLW-0000760,VPN-SES-00139,0xfb4f3638,77.4,820,219250,2832.69,22661.5,22661.5,268.64,150.05,69,590,2.29027,2.061716,0.396,WhatsApp,BENIGN,0,589,0,3
FLW-0000761,VPN-SES-00139,0xfb4f3638,54.25,2093,384153,7081.16,56649.29,56649.29,196.99,40.91,144,247,0.074331,0.053816,0.507,VoIP,BENIGN,0,2624,0,0
FLW-0000762,VPN-SES-00139,0xfb4f3638,91.89,5123,654148,7118.82,56950.53,56950.53,130.59,33.35,86,194,0.045443,0.024081,0.623,VoIP,BENIGN,0,4621,0,0
FLW-0000763,VPN-SES-00139,0xfb4f3638,14.46,229,165358,11435.55,91484.37,91484.37,771.71,422.38,40,1500,0.592577,0.572246,0.382,Email_IMAP,BENIGN,0,177,0,0
FLW-0000764,VPN-SES-00140,0x70885550,9.62,2380,263068,27345.95,218767.57,218767.57,115.76,27.84,72,153,0.034879,0.015097,0.808,Attack,PORT_SCAN,1,5790,2,2
FLW-0000765,VPN-SES-00140,0x70885550,27.3,27948,4091396,149867.99,1198943.88,1198943.88,133.56,49.51,57,220,0.003446,0.001128,0.89,Attack,DOS_FLOOD,1,105885,3,6
FLW-0000766,VPN-SES-00140,0x70885550,3.49,94,94764,27153.01,217224.07,217224.07,949.15,494.66,40,1500,0.679136,0.846019,0.549,Email_IMAP,BENIGN,0,113,0,1
FLW-0000767,VPN-SES-00140,0x70885550,9.91,2710,212790,21472.25,171778.0,171778.0,80.11,9.79,60,98,0.014223,0.008471,0.906,Attack,PORT_SCAN,1,5454,1,1
FLW-0000768,VPN-SES-00140,0x70885550,58.57,1166,951750,16249.79,129998.29,129998.29,792.63,254.55,309,1248,0.554869,0.545108,0.403,Email_IMAP,BENIGN,0,1303,0,0
FLW-0000769,VPN-SES-00140,0x70885550,24.03,778,596725,24832.5,198660.01,198660.01,742.55,419.07,66,1500,0.740111,0.638064,0.48,Email_IMAP,BENIGN,0,650,0,0
FLW-0000770,VPN-SES-00141,0xbee01ec9,4.81,503,39261,8162.37,65298.96,65298.96,85.06,29.1,40,125,0.029804,0.014427,0.874,Attack,PORT_SCAN,1,1218,0,0
FLW-0000771,VPN-SES-00141,0xbee01ec9,95.66,1320,249778,2611.1,20888.81,20888.81,183.5,129.6,40,405,1.089165,1.868783,0.355,WhatsApp,BENIGN,0,1313,0,2
FLW-0000772,VPN-SES-00141,0xbee01ec9,111.82,4344,536030,4793.69,38349.49,38349.49,136.64,43.97,64,227,0.038348,0.018128,0.366,VoIP,BENIGN,0,5346,0,1
FLW-0000773,VPN-SES-00141,0xbee01ec9,48.07,612,616707,12829.35,102634.82,102634.82,1045.22,501.87,438,1500,0.620704,0.4625,0.509,Email_IMAP,BENIGN,0,439,0,1
FLW-0000774,VPN-SES-00141,0xbee01ec9,24.92,284,302481,12138.08,97104.65,97104.65,984.59,323.35,446,1500,1.582587,1.807355,0.484,Email_IMAP,BENIGN,0,215,0,0
FLW-0000775,VPN-SES-00142,0xa3a05478,18.78,70,7256,386.37,3090.95,3090.95,105.15,25.89,52,147,0.726978,0.269787,0.416,ICMP,BENIGN,0,59,0,1
FLW-0000776,VPN-SES-00142,0xa3a05478,24.05,10696,1441533,59939.0,479512.02,479512.02,145.53,47.9,61,223,0.003116,0.002138,0.938,Attack,DOS_FLOOD,1,40194,5,3
FLW-0000777,VPN-SES-00142,0xa3a05478,15.49,228,192931,12455.2,99641.58,99641.58,808.78,348.86,57,1266,0.950666,1.099936,0.295,Web_Browsing,BENIGN,0,235,0,1
FLW-0000778,VPN-SES-00142,0xa3a05478,26.65,264,238057,8932.72,71461.76,71461.76,884.74,330.19,468,1452,0.566404,0.368309,0.545,Email_IMAP,BENIGN,0,216,0,0
FLW-0000779,VPN-SES-00142,0xa3a05478,91.96,1211,282562,3072.66,24581.3,24581.3,250.03,203.53,40,585,1.471974,2.276703,0.512,WhatsApp,BENIGN,0,953,0,1
FLW-0000780,VPN-SES-00142,0xa3a05478,55.97,1660,1566386,27986.17,223889.37,223889.37,902.16,598.16,40,1500,0.301571,0.283127,0.376,Web_Browsing,BENIGN,0,2243,0,3
FLW-0000781,VPN-SES-00143,0xa36db4a7,29.48,1066,192045,6514.42,52115.33,52115.33,189.04,44.26,122,252,0.084131,0.058363,0.55,VoIP,BENIGN,0,1338,0,0
FLW-0000782,VPN-SES-00143,0xa36db4a7,13.26,72,6663,502.49,4019.91,4019.91,101.02,20.43,64,139,0.470818,0.072166,0.573,ICMP,BENIGN,0,59,0,1
FLW-0000783,VPN-SES-00143,0xa36db4a7,23.28,862,412983,17739.82,141918.56,141918.56,474.09,582.3,40,1181,0.872718,0.993521,0.216,Web_Browsing,BENIGN,0,761,1,0
FLW-0000784,VPN-SES-00143,0xa36db4a7,13.09,1340,101601,7761.73,62093.81,62093.81,79.68,35.52,40,152,0.021207,0.012543,0.695,Attack,PORT_SCAN,1,2631,1,3
FLW-0000785,VPN-SES-00144,0xe0566199,6.12,1481,159720,26098.04,208784.31,208784.31,109.03,28.44,60,167,0.014219,0.007602,0.67,Attack,PORT_SCAN,1,4161,0,0
FLW-0000786,VPN-SES-00144,0xe0566199,31.25,808,692073,22146.34,177170.69,177170.69,934.0,352.53,366,1500,0.306494,0.250314,0.548,Email_IMAP,BENIGN,0,751,0,2
FLW-0000787,VPN-SES-00144,0xe0566199,24.63,1164,251501,10211.17,81689.32,81689.32,197.54,146.0,40,411,0.158266,0.116781,0.462,Attack,BRUTE_FORCE,1,2632,0,3
FLW-0000788,VPN-SES-00144,0xe0566199,17.02,22,2463,144.71,1157.7,1157.7,111.1,34.59,57,169,0.670447,0.182157,0.566,ICMP,BENIGN,0,20,0,1
FLW-0000789,VPN-SES-00144,0xe0566199,99.72,516,222029,2226.52,17812.19,17812.19,464.87,196.28,40,821,1.327335,1.845786,0.467,WhatsApp,BENIGN,0,457,2,2
FLW-0000790,VPN-SES-00145,0x3ae63af6,13.04,42,3642,279.29,2234.36,2234.36,95.32,19.27,63,122,1.151036,0.61427,0.546,ICMP,BENIGN,0,28,0,1
FLW-0000791,VPN-SES-00145,0x3ae63af6,78.55,2963,3001630,38212.99,305703.88,305703.88,1120.97,417.44,368,1500,0.341689,0.323901,0.381,Web_Browsing,BENIGN,0,4149,0,0
FLW-0000792,VPN-SES-00145,0x3ae63af6,17.09,137,17388,1017.44,8139.5,8139.5,130.92,24.61,92,166,0.491057,0.12756,0.549,ICMP,BENIGN,0,102,0,0
FLW-0000793,VPN-SES-00145,0x3ae63af6,223.97,15281,18025532,80481.9,643855.23,643855.23,1217.15,177.38,902,1473,0.047275,0.042357,0.207,Video_Streaming,BENIGN,0,23660,0,0
FLW-0000794,VPN-SES-00146,0x4c10871b,201.88,598,125072,619.54,4956.29,4956.29,202.63,109.28,40,368,5.716475,2.546923,0.552,Attack,C2_BEACONING,1,658,0,2
FLW-0000795,VPN-SES-00146,0x4c10871b,52.62,12075,15148048,287876.24,2303009.96,2303009.96,1247.3,151.59,1064,1500,0.03712,0.01268,0.883,Attack,DATA_EXFILTRATION,1,38731,0,2
FLW-0000796,VPN-SES-00146,0x4c10871b,30.21,1139,987436,32685.73,261485.87,261485.87,897.56,495.44,300,1500,0.627289,0.65006,0.38,Web_Browsing,BENIGN,0,994,0,2
FLW-0000797,VPN-SES-00147,0x8172f636,274.71,49285,54395130,198009.28,1584074.26,1584074.26,1116.92,226.17,711,1500,0.020688,0.014716,0.02,Video_Streaming,BENIGN,0,65383,2,0
FLW-0000798,VPN-SES-00147,0x8172f636,95.05,17288,22346194,235099.36,1880794.87,1880794.87,1360.42,84.66,1178,1500,0.016157,0.007457,0.849,Attack,DATA_EXFILTRATION,1,62035,1,2
FLW-0000799,VPN-SES-00147,0x8172f636,116.61,2338,750381,6434.96,51479.7,51479.7,329.0,223.88,55,767,1.083776,0.918072,0.285,WhatsApp,BENIGN,0,2731,0,0
FLW-0000800,VPN-SES-00147,0x8172f636,44.37,935,797436,17972.41,143779.31,143779.31,875.44,463.75,40,1497,0.617558,0.539254,0.328,Web_Browsing,BENIGN,0,944,0,0
FLW-0000801,VPN-SES-00147,0x8172f636,28.92,1006,265848,9192.53,73540.25,73540.25,269.72,127.57,40,451,0.08973,0.136479,0.685,Attack,BRUTE_FORCE,1,2071,0,1
FLW-0000802,VPN-SES-00148,0x5db6f475,315.56,570,125019,396.18,3169.45,3169.45,201.26,129.1,40,381,3.854152,1.441353,0.496,Attack,C2_BEACONING,1,791,0,3
FLW-0000803,VPN-SES-00148,0x5db6f475,30.47,388,241434,7923.66,63389.3,63389.3,684.82,596.19,40,1500,0.650915,0.616031,0.464,Email_IMAP,BENIGN,0,395,0,1
FLW-0000804,VPN-SES-00148,0x5db6f475,52.12,996,402086,7714.62,61716.96,61716.96,418.81,259.18,40,958,1.241477,1.446124,0.523,WhatsApp,BENIGN,0,858,1,0
FLW-0000805,VPN-SES-00148,0x5db6f475,52.05,281,120238,2310.05,18480.38,18480.38,445.72,190.69,51,832,0.603522,0.521946,0.455,WhatsApp,BENIGN,0,241,0,0
FLW-0000806,VPN-SES-00148,0x5db6f475,56.07,1592,1353133,24132.92,193063.39,193063.39,773.49,346.45,148,1481,0.556261,0.604332,0.428,Email_IMAP,BENIGN,0,1552,0,0
FLW-0000807,VPN-SES-00149,0xdebd3b2b,40.54,538,185076,4565.27,36522.15,36522.15,373.59,128.03,100,545,0.907001,0.951815,0.641,WhatsApp,BENIGN,0,521,0,1
FLW-0000808,VPN-SES-00149,0xdebd3b2b,4.01,1148,108956,27171.07,217368.58,217368.58,90.73,46.13,40,173,0.031237,0.022708,0.782,Attack,PORT_SCAN,1,3893,1,2
FLW-0000809,VPN-SES-00149,0xdebd3b2b,6.15,829,76071,12369.27,98954.15,98954.15,86.97,40.15,40,174,0.016163,0.009335,0.606,Attack,PORT_SCAN,1,1743,0,0
FLW-0000810,VPN-SES-00149,0xdebd3b2b,24.99,585,88583,3544.74,28357.9,28357.9,154.87,50.77,76,226,0.067566,0.049173,0.48,VoIP,BENIGN,0,486,2,0
FLW-0000811,VPN-SES-00149,0xdebd3b2b,36.84,1941,1450497,39372.88,314983.06,314983.06,747.07,413.97,40,1286,0.33833,0.294375,0.308,Web_Browsing,BENIGN,0,2355,0,0
FLW-0000812,VPN-SES-00149,0xdebd3b2b,49.9,2458,1712428,34317.19,274537.56,274537.56,740.84,438.55,207,1500,0.775193,1.15827,0.312,Web_Browsing,BENIGN,0,3535,0,1
FLW-0000813,VPN-SES-00149,0xdebd3b2b,35.84,5927,7454732,208000.33,1664002.68,1664002.68,1290.63,351.34,698,1500,0.06817,0.062028,0.146,Video_Streaming,BENIGN,0,8645,0,0
FLW-0000814,VPN-SES-00149,0xdebd3b2b,151.45,443,82552,545.08,4360.62,4360.62,183.4,71.86,89,330,1.857761,1.117021,0.703,Attack,C2_BEACONING,1,619,0,0
FLW-0000815,VPN-SES-00150,0x5005353d,13.74,3343,331578,24132.31,193058.52,193058.52,96.68,21.36,62,136,0.031138,0.01829,0.751,Attack,PORT_SCAN,1,7624,0,2
FLW-0000816,VPN-SES-00150,0x5005353d,23.71,155,16949,714.85,5718.77,5718.77,113.71,24.71,59,155,0.74753,0.265987,0.444,ICMP,BENIGN,0,95,0,0
FLW-0000817,VPN-SES-00150,0x5005353d,15.74,2871,258845,16445.04,131560.36,131560.36,95.78,20.21,52,122,0.022349,0.01413,0.8,Attack,PORT_SCAN,1,10049,1,3
FLW-0000818,VPN-SES-00151,0x2f44aa88,235.71,36790,44146402,187291.17,1498329.37,1498329.37,1329.7,230.11,944,1500,0.054933,0.036452,0.139,Video_Streaming,BENIGN,0,60272,2,1
FLW-0000819,VPN-SES-00151,0x2f44aa88,20.32,1291,1292892,63626.57,509012.6,509012.6,1047.44,267.21,664,1500,0.080171,0.102958,0.228,Video_Streaming,BENIGN,0,1441,0,1
FLW-0000820,VPN-SES-00151,0x2f44aa88,109.47,644,240809,2199.77,17598.17,17598.17,356.24,307.73,40,881,0.964726,1.465349,0.512,WhatsApp,BENIGN,0,501,0,1
FLW-0000821,VPN-SES-00151,0x2f44aa88,60.52,4893,6474280,106977.53,855820.22,855820.22,1279.32,187.09,944,1500,0.065007,0.05245,0.116,Video_Streaming,BENIGN,0,7968,0,2
FLW-0000822,VPN-SES-00151,0x2f44aa88,3.68,16,1611,437.77,3502.17,3502.17,104.26,23.4,66,138,1.58411,0.681272,0.466,ICMP,BENIGN,0,14,0,2
FLW-0000823,VPN-SES-00151,0x2f44aa88,187.05,22869,27195762,145393.01,1163144.06,1163144.06,1108.99,165.05,906,1342,0.020633,0.011034,0.954,Attack,DATA_EXFILTRATION,1,66279,0,4
FLW-0000824,VPN-SES-00152,0x4b90908e,49.58,1932,267654,5398.43,43187.41,43187.41,141.17,24.76,88,173,0.078042,0.04727,0.469,VoIP,BENIGN,0,2551,0,0
FLW-0000825,VPN-SES-00152,0x4b90908e,19.14,97,9281,484.9,3879.21,3879.21,101.21,24.69,51,150,1.002012,0.362682,0.53,ICMP,BENIGN,0,52,0,0
FLW-0000826,VPN-SES-00152,0x4b90908e,51.16,1068,698281,13648.96,109191.71,109191.71,616.72,672.27,40,1500,0.292714,0.331947,0.216,Web_Browsing,BENIGN,0,904,0,2
FLW-0000827,VPN-SES-00152,0x4b90908e,14.45,307,184300,12754.33,102034.6,102034.6,623.78,319.07,228,1323,0.448112,0.621998,0.572,Email_IMAP,BENIGN,0,331,0,1
FLW-0000828,VPN-SES-00153,0x830ad7de,15.92,3688,383927,24116.02,192928.14,192928.14,108.91,10.8,88,129,0.023985,0.008096,0.711,Attack,PORT_SCAN,1,10125,1,1
FLW-0000829,VPN-SES-00153,0x830ad7de,34.82,1003,972803,27938.05,223504.42,223504.42,928.71,432.2,336,1500,0.441175,0.381986,0.655,Email_IMAP,BENIGN,0,1228,0,0
FLW-0000830,VPN-SES-00153,0x830ad7de,24.54,1067,310679,12660.11,101280.85,101280.85,276.81,147.36,50,589,0.17872,0.111849,0.691,Attack,BRUTE_FORCE,1,2000,0,0
FLW-0000831,VPN-SES-00153,0x830ad7de,118.07,12163,14040442,118916.25,951330.02,951330.02,1266.99,252.94,935,1500,0.022564,0.008126,0.834,Attack,DATA_EXFILTRATION,1,45263,0,3
FLW-0000832,VPN-SES-00153,0x830ad7de,331.87,33880,44025215,132658.01,1061264.11,1061264.11,1375.42,178.48,1050,1500,0.045851,0.04131,0.02,Video_Streaming,BENIGN,0,37010,2,3
FLW-0000833,VPN-SES-00153,0x830ad7de,10.4,529,76126,7319.81,58558.46,58558.46,148.17,37.91,87,215,0.060773,0.032819,0.408,VoIP,BENIGN,0,592,1,2
FLW-0000834,VPN-SES-00153,0x830ad7de,105.12,1709,905676,8615.64,68925.11,68925.11,516.2,368.97,40,1230,1.405045,1.764791,0.403,WhatsApp,BENIGN,0,1234,0,0
FLW-0000835,VPN-SES-00154,0x5185300d,122.26,32950,44445263,363530.7,2908245.58,2908245.58,1304.07,147.43,1067,1500,0.010882,0.005722,0.757,Attack,DATA_EXFILTRATION,1,94444,0,1
FLW-0000836,VPN-SES-00154,0x5185300d,4.47,31,2839,635.12,5080.98,5080.98,93.3,18.74,53,118,1.171025,0.731004,0.453,ICMP,BENIGN,0,25,0,1
FLW-0000837,VPN-SES-00154,0x5185300d,4.66,16,1961,420.82,3366.52,3366.52,117.07,27.53,71,174,0.855886,0.221179,0.482,ICMP,BENIGN,0,18,0,2
FLW-0000838,VPN-SES-00154,0x5185300d,6.81,192,164480,24152.72,193221.73,193221.73,830.66,326.19,113,1251,0.643211,0.478217,0.669,Email_IMAP,BENIGN,0,162,0,3
FLW-0000839,VPN-SES-00154,0x5185300d,95.7,14352,17482173,182676.83,1461414.67,1461414.67,1304.98,280.58,890,1500,0.074888,0.108927,0.186,Video_Streaming,BENIGN,0,24458,0,4
FLW-0000840,VPN-SES-00154,0x5185300d,221.39,30440,38239748,172725.72,1381805.79,1381805.79,1205.96,246.62,906,1500,0.035909,0.021649,0.101,Video_Streaming,BENIGN,0,48167,1,1
FLW-0000841,VPN-SES-00154,0x5185300d,16.14,78,6761,418.9,3351.18,3351.18,95.98,24.46,58,146,0.962308,0.225529,0.522,ICMP,BENIGN,0,59,0,0
FLW-0000842,VPN-SES-00154,0x5185300d,140.54,1027,292037,2077.96,16623.71,16623.71,291.94,197.84,40,569,0.883922,0.598201,0.615,WhatsApp,BENIGN,0,1251,0,1
FLW-0000843,VPN-SES-00155,0x3e2e77a4,18.85,122,11179,593.05,4744.4,4744.4,97.84,28.82,40,160,1.545374,0.602889,0.565,ICMP,BENIGN,0,63,1,2
FLW-0000844,VPN-SES-00155,0x3e2e77a4,28.37,466,463601,16341.24,130729.93,130729.93,935.28,409.02,226,1437,0.535532,0.492054,0.689,Email_IMAP,BENIGN,0,390,0,0
FLW-0000845,VPN-SES-00155,0x3e2e77a4,11.84,94,10691,902.96,7223.65,7223.65,120.85,27.46,70,178,0.872971,0.186246,0.51,ICMP,BENIGN,0,65,0,1
FLW-0000846,VPN-SES-00155,0x3e2e77a4,10.14,32,13356,1317.16,10537.28,10537.28,391.49,220.86,40,725,1.977826,2.268755,0.42,WhatsApp,BENIGN,0,40,0,1
FLW-0000847,VPN-SES-00155,0x3e2e77a4,55.24,2280,353708,6403.11,51224.91,51224.91,159.26,62.73,40,286,0.029353,0.016592,0.417,VoIP,BENIGN,0,1753,0,1
FLW-0000848,VPN-SES-00156,0x5d457ea5,11.54,64,39499,3422.79,27382.32,27382.32,603.02,271.88,151,1028,0.597017,0.469181,0.46,Email_IMAP,BENIGN,0,55,0,1
FLW-0000849,VPN-SES-00156,0x5d457ea5,97.13,17101,21678206,223187.54,1785500.34,1785500.34,1259.46,219.9,993,1500,0.04548,0.048813,0.102,Video_Streaming,BENIGN,0,26991,1,3
FLW-0000850,VPN-SES-00156,0x5d457ea5,39.02,711,164369,4212.43,33699.44,33699.44,212.67,104.79,74,421,0.142679,0.065027,0.641,Attack,BRUTE_FORCE,1,1613,0,5
FLW-0000851,VPN-SES-00156,0x5d457ea5,185.29,33833,51862819,279900.8,2239206.39,2239206.39,1466.48,248.24,1075,1500,0.066125,0.040995,0.052,Video_Streaming,BENIGN,0,33779,0,1
FLW-0000852,VPN-SES-00156,0x5d457ea5,198.73,32987,37572537,189063.24,1512505.89,1512505.89,1178.28,437.06,351,1500,0.050903,0.040267,0.18,Video_Streaming,BENIGN,0,35198,1,1
FLW-0000853,VPN-SES-00156,0x5d457ea5,97.57,2676,498634,5110.53,40884.21,40884.21,170.35,50.97,88,239,0.045543,0.022551,0.436,VoIP,BENIGN,0,2796,0,0
FLW-0000854,VPN-SES-00156,0x5d457ea5,29.26,573,360957,12336.19,98689.54,98689.54,636.81,315.02,40,1262,0.922817,0.989153,0.523,Email_IMAP,BENIGN,0,667,0,1
FLW-0000855,VPN-SES-00157,0xfbffc53f,15.56,43,4143,266.26,2130.08,2130.08,95.36,24.6,53,137,0.732733,0.181635,0.564,ICMP,BENIGN,0,28,0,1
FLW-0000856,VPN-SES-00157,0xfbffc53f,115.62,17949,24074451,208220.47,1665763.78,1665763.78,1297.41,216.46,878,1500,0.029877,0.012965,0.968,Attack,DATA_EXFILTRATION,1,60753,1,0
FLW-0000857,VPN-SES-00157,0xfbffc53f,30.02,4931,6400642,213212.59,1705700.73,1705700.73,1251.14,213.08,941,1500,0.043245,0.043256,0.107,Video_Streaming,BENIGN,0,7814,0,1
FLW-0000858,VPN-SES-00158,0x7493f5ef,23.87,158,116264,4870.72,38965.73,38965.73,736.81,250.63,409,1155,0.535118,0.66408,0.644,Email_IMAP,BENIGN,0,141,0,2
FLW-0000859,VPN-SES-00158,0x7493f5ef,8.21,14,1541,187.7,1501.58,1501.58,113.31,30.5,61,150,0.851266,0.13421,0.497,ICMP,BENIGN,0,14,0,1
FLW-0000860,VPN-SES-00158,0x7493f5ef,70.51,1242,313077,4440.18,35521.43,35521.43,266.0,251.84,40,659,0.701148,0.713207,0.482,WhatsApp,BENIGN,0,929,1,1
FLW-0000861,VPN-SES-00158,0x7493f5ef,15.69,39,4325,275.65,2205.23,2205.23,106.97,20.58,75,140,1.425785,0.635073,0.46,ICMP,BENIGN,0,32,0,1
FLW-0000862,VPN-SES-00158,0x7493f5ef,58.34,1136,618661,10604.41,84835.24,84835.24,500.04,234.17,169,974,0.804545,0.603065,0.52,WhatsApp,BENIGN,0,1054,0,1
FLW-0000863,VPN-SES-00158,0x7493f5ef,168.96,154,27051,160.1,1280.82,1280.82,162.14,62.8,66,242,3.505228,1.221863,0.532,Attack,C2_BEACONING,1,150,0,1
FLW-0000864,VPN-SES-00158,0x7493f5ef,45.3,1084,776382,17138.68,137109.4,137109.4,794.45,299.22,349,1435,0.789532,0.893478,0.585,Email_IMAP,BENIGN,0,1108,0,0
FLW-0000865,VPN-SES-00159,0x3b54500d,16.63,296,44685,2687.01,21496.09,21496.09,148.57,65.12,40,263,0.101535,0.047833,0.563,VoIP,BENIGN,0,315,0,0
FLW-0000866,VPN-SES-00159,0x3b54500d,336.47,64743,82713828,245828.24,1966625.92,1966625.92,1365.41,186.3,1072,1500,0.037233,0.028508,0.197,Video_Streaming,BENIGN,0,96745,0,3
FLW-0000867,VPN-SES-00159,0x3b54500d,9.1,2100,172781,18986.92,151895.38,151895.38,89.83,37.21,40,163,0.02016,0.006166,0.761,Attack,PORT_SCAN,1,4413,2,5
FLW-0000868,VPN-SES-00159,0x3b54500d,12.9,25,2464,191.01,1528.06,1528.06,90.63,23.4,62,129,0.842417,0.339584,0.513,ICMP,BENIGN,0,13,0,0
FLW-0000869,VPN-SES-00160,0x95f4c0a2,8.26,6664,957277,115893.1,927144.79,927144.79,147.4,42.45,85,240,0.004361,0.002159,0.89,Attack,DOS_FLOOD,1,21226,2,3
FLW-0000870,VPN-SES-00160,0x95f4c0a2,6.99,319,303427,43408.73,347269.81,347269.81,1017.25,439.25,126,1500,0.739914,0.738878,0.281,Web_Browsing,BENIGN,0,314,0,1
FLW-0000871,VPN-SES-00160,0x95f4c0a2,361.45,654,135558,375.04,3000.32,3000.32,217.67,97.3,87,423,4.030534,1.869277,0.491,Attack,C2_BEACONING,1,855,0,6
FLW-0000872,VPN-SES-00160,0x95f4c0a2,87.48,847,415147,4745.62,37964.97,37964.97,457.34,524.56,40,1500,0.7946,1.210937,0.312,Web_Browsing,BENIGN,0,1087,0,1
FLW-0000873,VPN-SES-00160,0x95f4c0a2,14.19,125,13856,976.46,7811.7,7811.7,110.21,13.95,83,129,0.853853,0.314909,0.569,ICMP,BENIGN,0,76,0,1
FLW-0000874,VPN-SES-00160,0x95f4c0a2,4.43,11,1228,277.2,2217.61,2217.61,103.81,15.4,73,136,0.708609,0.086222,0.261,ICMP,BENIGN,0,8,0,1
FLW-0000875,VPN-SES-00160,0x95f4c0a2,8.23,73,18773,2281.04,18248.36,18248.36,272.91,477.95,40,1262,0.959484,0.748154,0.545,Email_IMAP,BENIGN,0,90,0,0
FLW-0000876,VPN-SES-00161,0x853e9662,51.13,1081,942346,18430.39,147443.14,147443.14,883.42,749.46,40,1500,0.460801,0.442985,0.309,Web_Browsing,BENIGN,0,1161,1,1
FLW-0000877,VPN-SES-00161,0x853e9662,19.35,133,82994,4289.1,34312.76,34312.76,638.4,541.54,40,1500,0.71175,0.861475,0.493,Email_IMAP,BENIGN,0,170,0,2
FLW-0000878,VPN-SES-00161,0x853e9662,173.73,4209,1674133,9636.41,77091.26,77091.26,381.57,218.7,92,668,0.706084,0.900053,0.395,WhatsApp,BENIGN,0,3946,0,0
FLW-0000879,VPN-SES-00161,0x853e9662,180.84,27050,38942104,215340.1,1722720.81,1722720.81,1317.3,252.09,977,1500,0.035826,0.029806,0.957,Attack,DATA_EXFILTRATION,1,59221,1,0
FLW-0000880,VPN-SES-00161,0x853e9662,93.84,377,162050,1726.88,13815.0,13815.0,448.83,198.02,150,729,0.658516,0.572623,0.465,WhatsApp,BENIGN,0,275,0,1
FLW-0000881,VPN-SES-00162,0x71d85365,8.13,136,149214,18353.51,146828.04,146828.04,1000.76,468.88,228,1500,0.782824,0.647846,0.52,Email_IMAP,BENIGN,0,136,0,1
FLW-0000882,VPN-SES-00162,0x71d85365,28.18,249,28328,1005.25,8042.02,8042.02,118.32,28.78,75,175,1.096366,0.258406,0.614,ICMP,BENIGN,0,167,0,1
FLW-0000883,VPN-SES-00162,0x71d85365,26.77,251,30167,1126.9,9015.17,9015.17,119.55,21.6,73,150,1.087264,0.24099,0.507,ICMP,BENIGN,0,191,0,1
FLW-0000884,VPN-SES-00162,0x71d85365,236.55,24943,37287662,157631.21,1261049.66,1261049.66,1420.59,179.93,1112,1500,0.049447,0.051682,0.204,Video_Streaming,BENIGN,0,34760,1,1
FLW-0000885,VPN-SES-00162,0x71d85365,15.38,4246,377676,24556.31,196450.46,196450.46,96.11,27.72,51,143,0.018269,0.012241,0.925,Attack,PORT_SCAN,1,12922,0,3
FLW-0000886,VPN-SES-00162,0x71d85365,51.42,1278,353597,6876.64,55013.15,55013.15,299.33,86.41,174,449,0.157212,0.112938,0.586,Attack,BRUTE_FORCE,1,2919,0,4
FLW-0000887,VPN-SES-00162,0x71d85365,61.0,2304,622160,10199.34,81594.75,81594.75,260.65,121.37,40,427,0.151646,0.09596,0.586,Attack,BRUTE_FORCE,1,4356,0,5
FLW-0000888,VPN-SES-00163,0x7947cbac,108.82,25559,31160517,286349.17,2290793.38,2290793.38,1345.93,185.4,974,1500,0.027019,0.013593,0.978,Attack,DATA_EXFILTRATION,1,82172,1,2
FLW-0000889,VPN-SES-00163,0x7947cbac,12.97,306,174501,13454.2,107633.62,107633.62,611.1,404.79,40,1361,0.479038,0.381889,0.464,Email_IMAP,BENIGN,0,235,0,1
FLW-0000890,VPN-SES-00163,0x7947cbac,20.72,53,6116,295.17,2361.39,2361.39,110.06,28.14,58,150,0.964404,0.287251,0.403,ICMP,BENIGN,0,38,0,0
FLW-0000891,VPN-SES-00163,0x7947cbac,121.72,1138,181824,1493.79,11950.31,11950.31,173.86,260.22,40,667,1.106289,1.208742,0.35,WhatsApp,BENIGN,0,810,0,2
FLW-0000892,VPN-SES-00164,0xea252795,271.16,21745,22815087,84138.84,673110.69,673110.69,1117.02,329.02,691,1500,0.027103,0.027257,0.063,Video_Streaming,BENIGN,0,31340,0,0
FLW-0000893,VPN-SES-00164,0xea252795,174.26,1803,769416,4415.33,35322.67,35322.67,416.55,281.46,40,942,0.736206,0.799471,0.53,WhatsApp,BENIGN,0,2044,0,1
FLW-0000894,VPN-SES-00164,0xea252795,206.93,2475,589298,2847.81,22782.51,22782.51,221.42,252.41,40,641,1.384355,1.621625,0.493,WhatsApp,BENIGN,0,2917,1,1
FLW-0000895,VPN-SES-00164,0xea252795,49.11,920,839975,17103.95,136831.6,136831.6,879.9,254.07,506,1355,0.922344,0.685462,0.547,Email_IMAP,BENIGN,0,874,0,0
FLW-0000896,VPN-SES-00164,0xea252795,53.01,886,632411,11930.03,95440.26,95440.26,689.6,494.37,40,1500,1.196099,1.414542,0.52,Email_IMAP,BENIGN,0,697,0,1
FLW-0000897,VPN-SES-00164,0xea252795,29.83,185,17543,588.1,4704.79,4704.79,101.46,23.95,56,135,0.809544,0.20565,0.537,ICMP,BENIGN,0,103,0,0
FLW-0000898,VPN-SES-00164,0xea252795,101.75,1675,536920,5276.86,42214.84,42214.84,307.77,190.13,40,690,1.162745,1.298037,0.576,WhatsApp,BENIGN,0,1838,0,0
FLW-0000899,VPN-SES-00164,0xea252795,190.87,23005,32848698,172099.85,1376798.78,1376798.78,1315.75,168.81,1078,1500,0.023072,0.021361,0.02,Video_Streaming,BENIGN,0,29596,2,0
FLW-0000900,VPN-SES-00165,0xcc341b4f,31.46,470,86063,2735.63,21885.06,21885.06,175.03,121.6,40,365,0.169798,0.061556,0.526,Attack,BRUTE_FORCE,1,798,0,1
FLW-0000901,VPN-SES-00165,0xcc341b4f,145.45,17615,21474366,147640.88,1181127.04,1181127.04,1327.49,235.83,855,1500,0.035676,0.046321,0.057,Video_Streaming,BENIGN,0,26532,0,0
FLW-0000902,VPN-SES-00165,0xcc341b4f,44.51,12645,16752632,376379.06,3011032.49,3011032.49,1250.8,117.76,1032,1479,0.017373,0.008015,0.79,Attack,DATA_EXFILTRATION,1,47698,0,1
FLW-0000903,VPN-SES-00165,0xcc341b4f,13.16,47,5809,441.41,3531.31,3531.31,117.48,26.64,60,156,0.711465,0.210533,0.643,ICMP,BENIGN,0,28,0,0
FLW-0000904,VPN-SES-00165,0xcc341b4f,25.46,1386,201586,7917.75,63342.03,63342.03,139.38,40.87,74,229,0.040419,0.017587,0.362,VoIP,BENIGN,0,1697,0,0
FLW-0000905,VPN-SES-00165,0xcc341b4f,209.68,15364,20949449,99911.53,799292.22,799292.22,1255.5,281.14,906,1500,0.031639,0.03151,0.059,Video_Streaming,BENIGN,0,17492,0,1
FLW-0000906,VPN-SES-00166,0x62f69081,103.8,2243,842473,8116.31,64930.48,64930.48,405.08,263.57,40,904,1.334138,1.205661,0.392,WhatsApp,BENIGN,0,1570,0,1
FLW-0000907,VPN-SES-00166,0x62f69081,135.24,19453,25313280,187173.03,1497384.21,1497384.21,1336.66,98.3,1148,1500,0.025917,0.01313,0.187,Video_Streaming,BENIGN,0,21775,1,0
FLW-0000908,VPN-SES-00166,0x62f69081,52.81,1546,1705701,32298.83,258390.61,258390.61,1005.97,453.33,65,1500,0.416569,0.339961,0.405,Web_Browsing,BENIGN,0,1857,0,2
FLW-0000909,VPN-SES-00167,0x366c47fb,27.09,5040,5734471,211682.21,1693457.66,1693457.66,1181.68,201.33,753,1500,0.034206,0.015417,0.314,Video_Streaming,BENIGN,0,8454,0,1
FLW-0000910,VPN-SES-00167,0x366c47fb,445.0,854,238127,535.12,4280.93,4280.93,255.53,105.3,40,395,3.745961,1.675423,0.465,Attack,C2_BEACONING,1,840,0,2
FLW-0000911,VPN-SES-00167,0x366c47fb,139.49,289,71672,513.81,4110.52,4110.52,229.33,69.46,97,373,3.584786,1.563641,0.646,Attack,C2_BEACONING,1,329,0,1
FLW-0000912,VPN-SES-00168,0x89c842cb,10.58,787,60864,5752.74,46021.93,46021.93,82.91,36.74,40,155,0.039842,0.024102,0.746,Attack,PORT_SCAN,1,2619,0,2
FLW-0000913,VPN-SES-00168,0x89c842cb,22.07,107,13266,601.09,4808.7,4808.7,117.05,25.69,68,166,1.682802,0.754803,0.515,ICMP,BENIGN,0,61,0,1
FLW-0000914,VPN-SES-00168,0x89c842cb,12.57,405,84523,6724.18,53793.48,53793.48,193.83,53.04,87,276,0.03693,0.01552,0.406,VoIP,BENIGN,0,444,0,2
FLW-0000915,VPN-SES-00169,0x3da1afda,18.99,477,63413,3339.28,26714.27,26714.27,147.16,28.11,93,186,0.047805,0.023414,0.478,VoIP,BENIGN,0,476,0,0
FLW-0000916,VPN-SES-00169,0x3da1afda,121.2,1918,617233,5092.68,40741.45,40741.45,300.83,187.88,40,613,1.773686,1.895721,0.44,WhatsApp,BENIGN,0,1478,0,1
FLW-0000917,VPN-SES-00169,0x3da1afda,54.04,1671,268005,4959.38,39675.06,39675.06,155.48,31.35,110,207,0.099493,0.05427,0.516,VoIP,BENIGN,0,2221,0,0
FLW-0000918,VPN-SES-00169,0x3da1afda,35.66,748,820039,22996.05,183968.37,183968.37,1052.28,285.39,667,1500,0.941467,0.999627,0.387,Web_Browsing,BENIGN,0,1063,0,1
FLW-0000919,VPN-SES-00169,0x3da1afda,31.96,14197,2406364,75292.99,602343.93,602343.93,162.44,34.3,103,207,0.011471,0.006674,0.98,Attack,DOS_FLOOD,1,45899,5,3
FLW-0000920,VPN-SES-00169,0x3da1afda,15.47,25,3168,204.78,1638.27,1638.27,120.79,29.28,81,167,0.607628,0.150784,0.54,ICMP,BENIGN,0,19,0,1
FLW-0000921,VPN-SES-00169,0x3da1afda,56.74,2260,2126844,37484.03,299872.26,299872.26,927.92,290.15,386,1436,0.613124,0.777036,0.699,Email_IMAP,BENIGN,0,2526,0,0
FLW-0000922,VPN-SES-00170,0x59851b79,241.55,26006,34432494,142548.1,1140384.81,1140384.81,1306.29,159.55,1022,1500,0.056446,0.038803,0.042,Video_Streaming,BENIGN,0,41493,1,2
FLW-0000923,VPN-SES-00170,0x59851b79,21.59,1514,2157300,99921.26,799370.08,799370.08,1309.33,221.25,929,1500,0.044139,0.053475,0.083,Video_Streaming,BENIGN,0,2577,0,1
FLW-0000924,VPN-SES-00170,0x59851b79,77.72,1928,333054,4285.31,34282.45,34282.45,176.95,46.68,113,263,0.036509,0.025266,0.586,VoIP,BENIGN,0,1615,0,2
FLW-0000925,VPN-SES-00170,0x59851b79,57.71,574,294650,5105.7,40845.61,40845.61,523.09,264.62,198,961,1.040018,0.916844,0.442,WhatsApp,BENIGN,0,643,1,0
FLW-0000926,VPN-SES-00170,0x59851b79,7.56,43,4163,550.66,4405.29,4405.29,95.33,24.33,55,140,1.146884,0.734864,0.574,ICMP,BENIGN,0,29,0,1
FLW-0000927,VPN-SES-00170,0x59851b79,80.73,2215,1658286,20541.14,164329.1,164329.1,709.4,372.49,51,1496,0.387564,0.371127,0.365,Web_Browsing,BENIGN,0,2891,1,1
FLW-0000928,VPN-SES-00170,0x59851b79,65.12,792,713368,10954.67,87637.35,87637.35,923.64,527.61,40,1500,0.866384,1.186806,0.347,Web_Browsing,BENIGN,0,1011,0,0
FLW-0000929,VPN-SES-00170,0x59851b79,96.35,1899,398182,4132.66,33061.3,33061.3,220.94,190.43,40,617,0.93297,1.199652,0.408,WhatsApp,BENIGN,0,2089,0,3
FLW-0000930,VPN-SES-00171,0x17743c94,330.78,417,85236,257.68,2061.45,2061.45,186.81,56.26,93,305,5.42418,2.700739,0.56,Attack,C2_BEACONING,1,532,0,2
FLW-0000931,VPN-SES-00171,0x17743c94,126.61,504,253799,2004.57,16036.58,16036.58,464.15,186.6,135,719,0.871266,0.826395,0.367,WhatsApp,BENIGN,0,489,0,1
FLW-0000932,VPN-SES-00171,0x17743c94,48.11,528,203916,4238.54,33908.29,33908.29,361.92,260.16,40,709,0.410118,0.494824,0.527,Email_IMAP,BENIGN,0,498,0,0
FLW-0000933,VPN-SES-00171,0x17743c94,166.76,15869,17593837,105503.94,844031.52,844031.52,1209.57,227.39,864,1500,0.048562,0.038631,0.135,Video_Streaming,BENIGN,0,23988,0,1
FLW-0000934,VPN-SES-00171,0x17743c94,10.35,147,119224,11519.23,92153.82,92153.82,766.12,306.66,235,1280,0.596338,0.615048,0.323,Web_Browsing,BENIGN,0,137,0,0
FLW-0000935,VPN-SES-00171,0x17743c94,95.54,3297,2789800,29200.33,233602.68,233602.68,797.42,531.09,40,1500,0.325118,0.378608,0.337,Web_Browsing,BENIGN,0,4420,0,0
FLW-0000936,VPN-SES-00172,0xe7a7e7b1,22.43,30933,3104140,138392.33,1107138.65,1107138.65,109.75,45.82,40,191,0.006456,0.0053,0.962,Attack,DOS_FLOOD,1,149957,4,1
FLW-0000937,VPN-SES-00172,0xe7a7e7b1,16.81,153,136538,8122.43,64979.42,64979.42,835.79,304.24,230,1349,0.838064,0.823159,0.539,Email_IMAP,BENIGN,0,181,0,1
FLW-0000938,VPN-SES-00172,0xe7a7e7b1,238.34,33562,44642406,187305.56,1498444.44,1498444.44,1301.43,175.92,979,1500,0.031511,0.027401,0.02,Video_Streaming,BENIGN,0,34498,0,2
FLW-0000939,VPN-SES-00172,0xe7a7e7b1,309.84,190,44055,142.19,1137.49,1137.49,225.18,102.82,68,428,2.381082,0.979004,0.541,Attack,C2_BEACONING,1,276,0,1
FLW-0000940,VPN-SES-00172,0xe7a7e7b1,135.35,1814,468078,3458.28,27666.23,27666.23,244.03,205.89,40,549,2.180196,2.993188,0.563,WhatsApp,BENIGN,0,1377,0,0
FLW-0000941,VPN-SES-00172,0xe7a7e7b1,178.38,13736,16708961,93670.6,749364.77,749364.77,1309.74,304.59,839,1500,0.060996,0.042212,0.244,Video_Streaming,BENIGN,0,23040,0,1
FLW-0000942,VPN-SES-00173,0x94222f58,56.58,613,365470,6459.35,51674.8,51674.8,656.72,291.91,175,1265,0.951164,0.916315,0.279,Web_Browsing,BENIGN,0,846,0,0
FLW-0000943,VPN-SES-00173,0x94222f58,19.86,18,1814,91.34,730.72,730.72,101.52,23.88,62,141,2.040159,0.92047,0.572,ICMP,BENIGN,0,17,0,0
FLW-0000944,VPN-SES-00173,0x94222f58,21.04,71,5764,273.95,2191.63,2191.63,78.16,29.0,40,129,0.818974,0.248158,0.477,ICMP,BENIGN,0,37,0,3
FLW-0000945,VPN-SES-00173,0x94222f58,26.99,1282,379028,14043.28,112346.2,112346.2,274.91,104.4,114,442,0.143711,0.083692,0.607,Attack,BRUTE_FORCE,1,1839,0,3
FLW-0000946,VPN-SES-00173,0x94222f58,15.67,265,144610,9228.46,73827.7,73827.7,556.75,454.58,40,1500,0.954974,2.160082,0.327,Web_Browsing,BENIGN,0,255,0,1
FLW-0000947,VPN-SES-00173,0x94222f58,82.31,6916,9509475,115532.44,924259.51,924259.51,1291.4,128.71,1062,1481,0.034399,0.011594,0.856,Attack,DATA_EXFILTRATION,1,24040,0,2
FLW-0000948,VPN-SES-00173,0x94222f58,25.67,153,170345,6635.96,53087.65,53087.65,1041.14,231.0,685,1408,0.681742,0.737017,0.499,Email_IMAP,BENIGN,0,184,0,0
FLW-0000949,VPN-SES-00174,0xc4508610,3.14,636,81619,25993.31,207946.5,207946.5,124.69,23.07,74,164,0.019348,0.010103,0.764,Attack,PORT_SCAN,1,1317,2,1
FLW-0000950,VPN-SES-00174,0xc4508610,43.74,1235,1075934,24598.4,196787.2,196787.2,895.12,423.82,304,1500,0.696411,0.775119,0.647,Email_IMAP,BENIGN,0,959,0,0
FLW-0000951,VPN-SES-00174,0xc4508610,37.21,1620,1195201,32120.42,256963.4,256963.4,752.56,431.75,40,1500,0.659597,0.816902,0.337,Web_Browsing,BENIGN,0,1593,0,3
FLW-0000952,VPN-SES-00175,0xc680873b,40.65,2391,541795,13328.29,106626.32,106626.32,219.42,90.77,60,383,0.120728,0.089776,0.505,Attack,BRUTE_FORCE,1,4873,0,2
FLW-0000953,VPN-SES-00175,0xc680873b,250.18,15863,21000580,83941.88,671535.05,671535.05,1341.84,241.11,889,1500,0.056087,0.041866,0.124,Video_Streaming,BENIGN,0,24353,0,2
FLW-0000954,VPN-SES-00175,0xc680873b,81.74,2039,1629901,19940.07,159520.53,159520.53,770.44,611.38,40,1500,0.566651,0.624544,0.424,Web_Browsing,BENIGN,0,1743,1,0
FLW-0000955,VPN-SES-00175,0xc680873b,12.9,116,14131,1095.43,8763.41,8763.41,123.06,23.29,73,173,1.533171,0.370243,0.415,ICMP,BENIGN,0,82,0,0
FLW-0000956,VPN-SES-00175,0xc680873b,12.08,127,35913,2972.93,23783.44,23783.44,263.57,323.59,40,811,1.558164,2.419971,0.314,WhatsApp,BENIGN,0,149,1,3
FLW-0000957,VPN-SES-00175,0xc680873b,179.76,1950,649466,3612.96,28903.69,28903.69,324.39,210.28,40,698,1.169614,1.303235,0.468,WhatsApp,BENIGN,0,1487,0,0
FLW-0000958,VPN-SES-00176,0x693edc83,21.95,381,271420,12365.38,98923.01,98923.01,786.16,502.28,104,1500,0.684424,0.517287,0.482,Email_IMAP,BENIGN,0,356,0,0
FLW-0000959,VPN-SES-00176,0x693edc83,71.11,791,237840,3344.68,26757.42,26757.42,332.65,139.5,61,611,1.050306,1.624593,0.564,WhatsApp,BENIGN,0,959,0,1
FLW-0000960,VPN-SES-00176,0x693edc83,32.34,1046,539722,16688.99,133511.94,133511.94,478.94,430.61,40,1185,0.50558,0.524698,0.408,Email_IMAP,BENIGN,0,1055,0,0
FLW-0000961,VPN-SES-00176,0x693edc83,61.11,1066,762087,12470.74,99765.93,99765.93,757.21,509.56,40,1475,0.443408,0.360864,0.331,Web_Browsing,BENIGN,0,1479,0,1
FLW-0000962,VPN-SES-00176,0x693edc83,64.75,2393,358000,5528.96,44231.66,44231.66,150.6,41.02,97,225,0.13115,0.112807,0.598,VoIP,BENIGN,0,2292,0,2
FLW-0000963,VPN-SES-00176,0x693edc83,88.06,3621,594373,6749.64,53997.09,53997.09,150.88,63.86,40,256,0.046946,0.026558,0.488,VoIP,BENIGN,0,3851,1,0
FLW-0000964,VPN-SES-00176,0x693edc83,41.46,1128,367983,8875.62,71004.92,71004.92,313.17,234.34,40,596,1.087876,1.117789,0.504,WhatsApp,BENIGN,0,807,0,2
FLW-0000965,VPN-SES-00177,0x21d1ce50,22.96,110,13993,609.45,4875.61,4875.61,120.0,14.46,101,142,0.717694,0.105892,0.394,ICMP,BENIGN,0,62,0,0
FLW-0000966,VPN-SES-00177,0x21d1ce50,128.1,1339,461236,3600.59,28804.75,28804.75,328.66,250.64,40,633,0.86218,1.119541,0.408,WhatsApp,BENIGN,0,1178,0,1
FLW-0000967,VPN-SES-00177,0x21d1ce50,85.4,15017,18801124,220153.68,1761229.41,1761229.41,1344.57,246.82,958,1500,0.048671,0.043466,0.106,Video_Streaming,BENIGN,0,23497,1,2
FLW-0000968,VPN-SES-00177,0x21d1ce50,9.74,63,6002,616.22,4929.77,4929.77,103.45,26.15,48,153,0.825752,0.314061,0.469,ICMP,BENIGN,0,56,0,1
FLW-0000969,VPN-SES-00178,0x7f4a454f,11.46,499,79459,6933.6,55468.76,55468.76,160.83,49.36,72,263,0.058493,0.049751,0.435,VoIP,BENIGN,0,604,0,2
FLW-0000970,VPN-SES-00178,0x7f4a454f,97.24,5094,620313,6379.2,51033.57,51033.57,122.1,50.91,40,218,0.085279,0.039175,0.431,VoIP,BENIGN,0,6700,0,3
FLW-0000971,VPN-SES-00178,0x7f4a454f,70.94,8489,9057145,127673.32,1021386.52,1021386.52,1141.47,199.88,778,1500,0.020721,0.01124,0.98,Attack,DATA_EXFILTRATION,1,20202,0,3
FLW-0000972,VPN-SES-00178,0x7f4a454f,61.32,362,39241,639.94,5119.5,5119.5,108.62,133.6,40,377,0.960056,1.342712,0.319,WhatsApp,BENIGN,0,408,0,0
FLW-0000973,VPN-SES-00178,0x7f4a454f,13.35,9057,1307281,97923.67,783389.36,783389.36,132.91,34.22,89,197,0.005042,0.002413,0.912,Attack,DOS_FLOOD,1,48382,2,1
FLW-0000974,VPN-SES-00179,0xfcaadafb,18.66,178,20565,1102.09,8816.72,8816.72,107.8,32.62,60,147,0.673442,0.24346,0.564,ICMP,BENIGN,0,113,0,1
FLW-0000975,VPN-SES-00179,0xfcaadafb,248.17,637,103336,416.39,3331.14,3331.14,163.17,102.19,40,310,4.435635,3.899541,0.512,Attack,C2_BEACONING,1,924,0,4
FLW-0000976,VPN-SES-00179,0xfcaadafb,96.16,1169,385335,4007.23,32057.82,32057.82,352.66,135.13,169,616,0.666956,0.974536,0.281,WhatsApp,BENIGN,0,1129,0,1
FLW-0000977,VPN-SES-00179,0xfcaadafb,84.63,817,93582,1105.78,8846.22,8846.22,107.88,221.99,40,403,0.814545,0.64306,0.49,WhatsApp,BENIGN,0,732,0,0
FLW-0000978,VPN-SES-00179,0xfcaadafb,94.5,3713,690592,7307.85,58462.81,58462.81,178.47,29.36,120,233,0.028509,0.014658,0.493,VoIP,BENIGN,0,4142,0,1
FLW-0000979,VPN-SES-00179,0xfcaadafb,51.66,12610,16637648,322060.55,2576484.4,2576484.4,1350.57,251.77,924,1500,0.032074,0.025269,0.838,Attack,DATA_EXFILTRATION,1,46685,0,1
FLW-0000980,VPN-SES-00179,0xfcaadafb,113.0,3453,585489,5181.32,41450.55,41450.55,160.83,24.12,129,200,0.090126,0.051398,0.538,VoIP,BENIGN,0,2994,0,2
FLW-0000981,VPN-SES-00179,0xfcaadafb,89.77,4838,739345,8235.99,65887.94,65887.94,150.6,43.73,96,241,0.037655,0.020809,0.42,VoIP,BENIGN,0,3800,0,2
FLW-0000982,VPN-SES-00180,0x247f0413,11.35,1974,226714,19974.8,159798.41,159798.41,113.35,30.38,71,165,0.023167,0.01874,0.805,Attack,PORT_SCAN,1,4893,3,8
FLW-0000983,VPN-SES-00180,0x247f0413,6.32,85,73377,11610.28,92882.28,92882.28,831.82,198.55,427,1104,0.606841,0.489814,0.438,Email_IMAP,BENIGN,0,104,0,3
FLW-0000984,VPN-SES-00180,0x247f0413,83.62,1478,431678,5162.38,41299.02,41299.02,274.19,201.98,40,592,0.701039,0.852783,0.517,WhatsApp,BENIGN,0,1688,0,0
FLW-0000985,VPN-SES-00181,0xa2ef63c1,22.92,419,324815,14171.68,113373.47,113373.47,817.49,328.65,181,1397,0.515377,0.340269,0.572,Email_IMAP,BENIGN,0,320,0,0
FLW-0000986,VPN-SES-00181,0xa2ef63c1,6.49,155,96289,14836.52,118692.14,118692.14,583.26,481.45,40,1204,0.644251,0.539382,0.589,Email_IMAP,BENIGN,0,147,0,0
FLW-0000987,VPN-SES-00181,0xa2ef63c1,4.12,89,72490,17594.66,140757.28,140757.28,817.1,414.11,40,1500,0.682325,0.564155,0.402,Email_IMAP,BENIGN,0,81,0,0
FLW-0000988,VPN-SES-00181,0xa2ef63c1,13.53,1998,188482,13930.67,111445.38,111445.38,89.88,28.04,55,129,0.037853,0.029027,0.841,Attack,PORT_SCAN,1,4702,1,1
FLW-0000989,VPN-SES-00181,0xa2ef63c1,23.5,490,144091,6131.53,49052.26,49052.26,306.37,92.08,138,487,0.269272,0.191786,0.773,Attack,BRUTE_FORCE,1,1062,1,2
FLW-0000990,VPN-SES-00182,0xcdce4d4d,55.08,1118,145501,2641.63,21133.04,21133.04,134.13,42.18,62,198,0.029442,0.015034,0.634,VoIP,BENIGN,0,1070,0,1
FLW-0000991,VPN-SES-00182,0xcdce4d4d,30.3,38691,3899623,128700.43,1029603.43,1029603.43,95.87,29.06,51,131,0.008744,0.004597,0.964,Attack,DOS_FLOOD,1,149035,2,4
FLW-0000992,VPN-SES-00182,0xcdce4d4d,59.09,834,301373,5100.24,40801.9,40801.9,350.61,165.71,123,686,0.690958,0.715584,0.281,WhatsApp,BENIGN,0,992,0,2
FLW-0000993,VPN-SES-00182,0xcdce4d4d,224.73,30857,40032784,178137.25,1425097.99,1425097.99,1411.75,172.58,1036,1500,0.059832,0.044211,0.105,Video_Streaming,BENIGN,0,36553,0,1
FLW-0000994,VPN-SES-00183,0x1de84b63,14.52,52,5321,366.46,2931.68,2931.68,111.58,30.17,72,155,1.54696,0.280828,0.481,ICMP,BENIGN,0,40,0,3
FLW-0000995,VPN-SES-00183,0x1de84b63,8.95,228,115775,12935.75,103486.03,103486.03,484.55,208.02,167,922,1.769491,2.051179,0.541,WhatsApp,BENIGN,0,190,0,1
FLW-0000996,VPN-SES-00183,0x1de84b63,9.62,41,4155,431.91,3455.3,3455.3,95.45,16.34,62,126,0.486804,0.210832,0.532,ICMP,BENIGN,0,26,0,1
FLW-0000997,VPN-SES-00183,0x1de84b63,102.79,4943,543669,5289.12,42312.99,42312.99,113.49,47.18,40,192,0.029776,0.022396,0.489,VoIP,BENIGN,0,6577,0,0
FLW-0000998,VPN-SES-00184,0xe82010d1,161.96,35913,50264072,310348.68,2482789.43,2482789.43,1462.37,184.13,1128,1500,0.01075,0.003367,0.896,Attack,DATA_EXFILTRATION,1,140587,0,1
FLW-0000999,VPN-SES-00184,0xe82010d1,125.7,5882,6877841,54716.32,437730.53,437730.53,1260.23,324.14,829,1500,0.073063,0.076694,0.05,Video_Streaming,BENIGN,0,9167,1,1
FLW-0001000,VPN-SES-00184,0xe82010d1,2.04,261,25640,12568.63,100549.02,100549.02,92.73,43.6,40,179,0.026931,0.012715,0.825,Attack,PORT_SCAN,1,823,0,4
FLW-0001001,VPN-SES-00184,0xe82010d1,208.45,437,95134,456.39,3651.1,3651.1,225.51,100.38,40,430,3.538369,1.917008,0.58,Attack,C2_BEACONING,1,415,0,1
FLW-0001002,VPN-SES-00184,0xe82010d1,14.64,311,33619,2296.38,18371.04,18371.04,113.73,38.86,49,180,0.079223,0.049136,0.416,VoIP,BENIGN,0,404,0,2
FLW-0001003,VPN-SES-00184,0xe82010d1,21.66,63,7510,346.72,2773.78,2773.78,115.42,40.46,44,174,1.077131,0.395301,0.4,ICMP,BENIGN,0,55,0,0
FLW-0001004,VPN-SES-00184,0xe82010d1,94.22,2272,375554,3985.93,31887.41,31887.41,175.04,68.6,40,293,0.033424,0.029897,0.445,VoIP,BENIGN,0,1782,0,2
FLW-0001005,VPN-SES-00184,0xe82010d1,95.88,15664,19410155,202442.17,1619537.34,1619537.34,1180.07,266.36,725,1500,0.054468,0.048574,0.054,Video_Streaming,BENIGN,0,18858,0,0
FLW-0001006,VPN-SES-00185,0xb5dd2836,55.01,2716,1676964,30484.71,243877.69,243877.69,574.77,606.58,40,1500,0.366062,0.41404,0.493,Web_Browsing,BENIGN,0,3371,0,1
FLW-0001007,VPN-SES-00185,0xb5dd2836,22.18,921,540389,24363.8,194910.37,194910.37,579.96,453.45,40,1406,0.25836,0.298398,0.545,Web_Browsing,BENIGN,0,984,0,2
FLW-0001008,VPN-SES-00185,0xb5dd2836,60.98,1767,255597,4191.49,33531.91,33531.91,144.13,32.87,78,201,0.078706,0.047939,0.483,VoIP,BENIGN,0,2243,0,2
FLW-0001009,VPN-SES-00185,0xb5dd2836,15.34,356,98966,6451.5,51611.99,51611.99,269.35,115.9,40,487,0.163613,0.100116,0.663,Attack,BRUTE_FORCE,1,571,0,0
FLW-0001010,VPN-SES-00185,0xb5dd2836,219.79,13961,17032874,77496.13,619969.02,619969.02,1294.65,124.83,1049,1478,0.036249,0.034371,0.088,Video_Streaming,BENIGN,0,19935,0,0
FLW-0001011,VPN-SES-00185,0xb5dd2836,155.16,13551,17482744,112675.59,901404.69,901404.69,1207.36,243.21,893,1500,0.050308,0.042744,0.02,Video_Streaming,BENIGN,0,19848,1,0
FLW-0001012,VPN-SES-00186,0xad2ce51b,107.74,5476,853878,7925.36,63402.86,63402.86,148.45,48.07,49,250,0.098226,0.038739,0.528,VoIP,BENIGN,0,4541,0,0
FLW-0001013,VPN-SES-00186,0xad2ce51b,11.02,46,3668,332.85,2662.79,2662.79,86.67,19.26,44,121,0.986849,0.481477,0.64,ICMP,BENIGN,0,41,0,0
FLW-0001014,VPN-SES-00186,0xad2ce51b,185.9,219,49841,268.11,2144.85,2144.85,242.9,80.45,66,399,4.882041,2.851296,0.567,Attack,C2_BEACONING,1,238,0,1
FLW-0001015,VPN-SES-00186,0xad2ce51b,82.75,1306,156077,1886.13,15089.02,15089.02,114.45,40.08,50,198,0.017445,0.006271,0.409,VoIP,BENIGN,0,1059,0,1
FLW-0001016,VPN-SES-00187,0xc0736dd1,158.09,22403,24310395,153775.67,1230205.33,1230205.33,1175.13,200.32,852,1500,0.012039,0.00424,0.878,Attack,DATA_EXFILTRATION,1,49963,2,0
FLW-0001017,VPN-SES-00187,0xc0736dd1,71.07,1436,850836,11971.8,95774.42,95774.42,575.87,353.15,40,1058,0.713947,0.997563,0.416,Web_Browsing,BENIGN,0,1679,0,0
FLW-0001018,VPN-SES-00187,0xc0736dd1,338.12,319,51935,153.6,1228.79,1228.79,163.23,78.14,40,276,4.106589,1.541789,0.559,Attack,C2_BEACONING,1,308,0,4
FLW-0001019,VPN-SES-00187,0xc0736dd1,78.79,2909,330577,4195.67,33565.38,33565.38,116.42,39.64,40,175,0.086765,0.059849,0.458,VoIP,BENIGN,0,2535,0,0
FLW-0001020,VPN-SES-00187,0xc0736dd1,293.36,190,38818,132.32,1058.58,1058.58,199.5,83.02,40,335,4.679742,2.592253,0.468,Attack,C2_BEACONING,1,184,0,0
FLW-0001021,VPN-SES-00187,0xc0736dd1,45.43,8144,11618604,255747.39,2045979.13,2045979.13,1335.24,311.67,686,1500,0.025957,0.006564,0.753,Attack,DATA_EXFILTRATION,1,26498,0,0
FLW-0001022,VPN-SES-00187,0xc0736dd1,12.19,68,7012,575.23,4601.8,4601.8,106.51,25.18,73,144,0.46084,0.08863,0.445,ICMP,BENIGN,0,39,0,0
FLW-0001023,VPN-SES-00187,0xc0736dd1,159.15,452,104362,655.75,5245.97,5245.97,249.86,136.58,83,457,0.506289,0.370824,0.445,WhatsApp,BENIGN,0,419,0,1
FLW-0001024,VPN-SES-00188,0x66db638a,344.3,21314,25304303,73494.93,587959.41,587959.41,1095.31,152.39,904,1313,0.037569,0.027799,0.135,Video_Streaming,BENIGN,0,22017,0,0
FLW-0001025,VPN-SES-00188,0x66db638a,7.36,2461,202326,27489.95,219919.57,219919.57,84.94,35.22,40,138,0.029987,0.011587,0.78,Attack,PORT_SCAN,1,7855,2,0
FLW-0001026,VPN-SES-00188,0x66db638a,6.95,7115,1025985,147623.74,1180989.93,1180989.93,131.18,16.47,95,161,0.009269,0.002409,0.897,Attack,DOS_FLOOD,1,40226,3,4
FLW-0001027,VPN-SES-00188,0x66db638a,72.19,1685,270013,3740.31,29922.48,29922.48,156.88,37.89,90,228,0.047056,0.020887,0.469,VoIP,BENIGN,0,1860,0,2
FLW-0001028,VPN-SES-00189,0xa74e8f83,132.31,5846,915268,6917.6,55340.82,55340.82,155.45,51.32,66,233,0.063737,0.045167,0.595,VoIP,BENIGN,0,7119,0,2
FLW-0001029,VPN-SES-00189,0xa74e8f83,28.79,36636,5615803,195060.89,1560487.11,1560487.11,162.83,43.44,76,243,0.005331,0.00323,0.882,Attack,DOS_FLOOD,1,175166,1,6
FLW-0001030,VPN-SES-00189,0xa74e8f83,38.5,2275,328883,8542.42,68339.32,68339.32,152.44,40.69,83,219,0.043232,0.020724,0.548,VoIP,BENIGN,0,1746,0,1
FLW-0001031,VPN-SES-00189,0xa74e8f83,45.53,2105,325811,7155.96,57247.7,57247.7,143.11,95.76,40,263,0.217551,0.120093,0.655,Attack,BRUTE_FORCE,1,3784,0,2
FLW-0001032,VPN-SES-00189,0xa74e8f83,29.83,1675,171780,5758.63,46069.06,46069.06,113.42,67.83,40,244,0.11392,0.081412,0.579,VoIP,BENIGN,0,1522,0,1
FLW-0001033,VPN-SES-00189,0xa74e8f83,172.3,676,117742,683.35,5466.84,5466.84,176.5,251.01,40,639,1.178878,0.984682,0.462,WhatsApp,BENIGN,0,549,0,1
FLW-0001034,VPN-SES-00189,0xa74e8f83,7.7,540,93919,12197.27,97578.18,97578.18,172.42,32.2,107,216,0.094686,0.075313,0.491,VoIP,BENIGN,0,494,1,1
FLW-0001035,VPN-SES-00189,0xa74e8f83,55.64,856,657399,11815.22,94521.78,94521.78,761.84,471.47,40,1437,0.315335,0.24861,0.49,Email_IMAP,BENIGN,0,640,0,1
FLW-0001036,VPN-SES-00190,0xdeb28a32,12.34,75,8629,699.27,5594.17,5594.17,114.63,20.62,77,151,2.642367,0.740428,0.566,ICMP,BENIGN,0,53,0,0
FLW-0001037,VPN-SES-00190,0xdeb28a32,40.21,341,238611,5934.12,47472.97,47472.97,678.18,539.55,40,1498,0.160993,0.154285,0.375,Web_Browsing,BENIGN,0,483,0,1
FLW-0001038,VPN-SES-00190,0xdeb28a32,25.07,7063,519290,20713.6,165708.82,165708.82,77.32,28.03,40,137,0.028081,0.021522,0.765,Attack,PORT_SCAN,1,17743,0,5
FLW-0001039,VPN-SES-00191,0xae719a56,107.94,712,258886,2398.43,19187.4,19187.4,352.98,261.9,40,810,1.308462,0.987994,0.324,WhatsApp,BENIGN,0,769,0,0
FLW-0001040,VPN-SES-00191,0xae719a56,91.51,2304,327277,3576.41,28611.26,28611.26,137.97,50.17,43,228,0.0424,0.018869,0.399,VoIP,BENIGN,0,2436,0,1
FLW-0001041,VPN-SES-00191,0xae719a56,67.7,2321,1278902,18890.72,151125.79,151125.79,561.17,332.0,40,1026,0.337476,0.304845,0.327,Web_Browsing,BENIGN,0,3303,1,1
FLW-0001042,VPN-SES-00191,0xae719a56,82.36,4218,710655,8628.64,69029.14,69029.14,168.14,65.0,47,280,0.036056,0.019656,0.501,VoIP,BENIGN,0,4307,0,0
FLW-0001043,VPN-SES-00191,0xae719a56,13.2,1355,141951,10753.86,86030.91,86030.91,104.6,23.34,59,142,0.018621,0.010809,0.73,Attack,PORT_SCAN,1,4693,0,3
FLW-0001044,VPN-SES-00191,0xae719a56,11.24,73,6507,578.91,4631.32,4631.32,94.35,22.81,51,142,1.006946,0.264928,0.531,ICMP,BENIGN,0,53,0,0
FLW-0001045,VPN-SES-00191,0xae719a56,23.16,70,7213,311.44,2491.54,2491.54,101.9,16.22,69,130,0.789855,0.351116,0.349,ICMP,BENIGN,0,40,0,0
FLW-0001046,VPN-SES-00191,0xae719a56,22.27,464,267730,12022.0,96176.02,96176.02,594.33,494.3,40,1500,0.385495,0.362043,0.353,Web_Browsing,BENIGN,0,562,0,0
FLW-0001047,VPN-SES-00192,0x799fdb02,181.96,19186,22623132,124330.25,994641.99,994641.99,1303.48,322.97,749,1500,0.04269,0.028725,0.176,Video_Streaming,BENIGN,0,32820,0,1
FLW-0001048,VPN-SES-00192,0x799fdb02,19.26,236,155959,8097.56,64780.48,64780.48,730.43,450.31,58,1469,1.080524,1.190074,0.357,Web_Browsing,BENIGN,0,204,0,2
FLW-0001049,VPN-SES-00192,0x799fdb02,34.99,1068,147277,4209.12,33672.94,33672.94,125.68,42.22,61,190,0.107197,0.068659,0.475,VoIP,BENIGN,0,852,0,2
FLW-0001050,VPN-SES-00192,0x799fdb02,44.42,366,95929,2159.59,17276.72,17276.72,278.3,205.41,40,630,1.33136,1.159589,0.523,WhatsApp,BENIGN,0,437,0,0
FLW-0001051,VPN-SES-00193,0xf2ebb2d2,34.75,830,616864,17751.48,142011.86,142011.86,690.62,528.69,40,1500,0.369687,0.277923,0.639,Email_IMAP,BENIGN,0,846,0,1
FLW-0001052,VPN-SES-00193,0xf2ebb2d2,54.87,877,232505,4237.38,33899.03,33899.03,277.56,184.12,40,594,0.434262,0.504266,0.363,WhatsApp,BENIGN,0,828,0,0
FLW-0001053,VPN-SES-00193,0xf2ebb2d2,74.64,10486,13758658,184333.57,1474668.6,1474668.6,1251.4,188.83,881,1500,0.053817,0.040907,0.139,Video_Streaming,BENIGN,0,13115,0,0
FLW-0001054,VPN-SES-00194,0x48efa3bc,92.94,2191,724921,7799.88,62399.05,62399.05,302.15,280.42,40,857,1.282916,1.477434,0.495,WhatsApp,BENIGN,0,2221,0,0
FLW-0001055,VPN-SES-00194,0x48efa3bc,107.43,621,231417,2154.12,17232.95,17232.95,376.93,286.51,40,748,1.235598,0.984009,0.547,WhatsApp,BENIGN,0,537,1,0
FLW-0001056,VPN-SES-00194,0x48efa3bc,19.89,195,18677,939.01,7512.12,7512.12,96.09,20.23,70,128,1.775372,0.474648,0.462,ICMP,BENIGN,0,115,0,0
FLW-0001057,VPN-SES-00195,0x31f969e9,108.54,2332,339264,3125.7,25005.64,25005.64,158.4,209.97,40,469,0.729025,0.989539,0.356,WhatsApp,BENIGN,0,1999,0,0
FLW-0001058,VPN-SES-00195,0x31f969e9,74.06,2649,2381534,32156.82,257254.55,257254.55,864.37,396.34,337,1500,0.449608,0.564453,0.314,Web_Browsing,BENIGN,0,3724,0,1
FLW-0001059,VPN-SES-00195,0x31f969e9,10.19,2823,239745,23527.48,188219.82,188219.82,88.76,27.4,52,124,0.030402,0.022736,0.856,Attack,PORT_SCAN,1,7062,0,4
FLW-0001060,VPN-SES-00196,0x97ea651b,29.85,116,12668,424.39,3395.11,3395.11,112.93,14.91,89,135,1.494265,0.605496,0.51,ICMP,BENIGN,0,95,1,1
FLW-0001061,VPN-SES-00196,0x97ea651b,90.18,1380,1172971,13007.0,104055.98,104055.98,818.49,271.5,280,1171,0.450287,0.476165,0.362,Web_Browsing,BENIGN,0,2040,0,1
FLW-0001062,VPN-SES-00196,0x97ea651b,8.15,139,92945,11404.29,91234.36,91234.36,664.26,212.86,233,1065,0.861375,0.749276,0.462,Email_IMAP,BENIGN,0,181,0,1
FLW-0001063,VPN-SES-00196,0x97ea651b,3.92,18,1590,405.61,3244.9,3244.9,93.9,17.19,68,118,1.225078,0.453094,0.632,ICMP,BENIGN,0,20,0,0
FLW-0001064,VPN-SES-00196,0x97ea651b,18.73,508,169649,9057.61,72460.86,72460.86,321.97,109.19,91,507,0.190859,0.138623,0.705,Attack,BRUTE_FORCE,1,1248,0,3
FLW-0001065,VPN-SES-00196,0x97ea651b,54.48,1318,532457,9773.44,78187.52,78187.52,410.86,382.24,40,938,0.500482,0.321389,0.474,Email_IMAP,BENIGN,0,1099,0,1
FLW-0001066,VPN-SES-00196,0x97ea651b,140.3,21093,29606067,211019.72,1688157.78,1688157.78,1353.93,195.58,976,1500,0.030292,0.019036,0.116,Video_Streaming,BENIGN,0,29053,0,0
FLW-0001067,VPN-SES-00197,0x90e9b300,147.88,2390,761461,5149.18,41193.45,41193.45,311.65,190.46,40,667,0.783854,0.647424,0.212,WhatsApp,BENIGN,0,2458,0,1
FLW-0001068,VPN-SES-00197,0x90e9b300,28.88,1630,245506,8500.9,68007.2,68007.2,141.44,38.9,70,209,0.039628,0.015705,0.553,VoIP,BENIGN,0,1503,0,2
FLW-0001069,VPN-SES-00197,0x90e9b300,290.68,220,55951,192.48,1539.87,1539.87,244.68,59.49,121,375,3.161297,1.414293,0.492,Attack,C2_BEACONING,1,248,0,3
FLW-0001070,VPN-SES-00197,0x90e9b300,26.27,796,118403,4507.16,36057.25,36057.25,162.16,25.59,129,210,0.02715,0.014033,0.681,VoIP,BENIGN,0,902,0,0
FLW-0001071,VPN-SES-00197,0x90e9b300,28.56,36777,4090414,143221.78,1145774.23,1145774.23,112.26,27.32,62,156,0.003926,0.002672,0.875,Attack,DOS_FLOOD,1,186689,1,0
FLW-0001072,VPN-SES-00197,0x90e9b300,46.78,1752,618242,13215.95,105727.58,105727.58,326.51,391.69,40,1086,0.253497,0.30107,0.37,Web_Browsing,BENIGN,0,2142,0,0
FLW-0001073,VPN-SES-00197,0x90e9b300,60.93,636,200100,3284.1,26272.77,26272.77,337.09,172.51,40,624,1.315038,1.969606,0.42,WhatsApp,BENIGN,0,469,0,1
FLW-0001074,VPN-SES-00198,0xb50a0a29,55.5,2547,2394575,43145.5,345163.96,345163.96,858.28,408.0,40,1500,0.636243,1.074783,0.324,Web_Browsing,BENIGN,0,3422,0,0
FLW-0001075,VPN-SES-00198,0xb50a0a29,24.84,282,240161,9668.32,77346.54,77346.54,851.19,456.0,40,1500,0.939544,0.708158,0.689,Email_IMAP,BENIGN,0,347,0,0
FLW-0001076,VPN-SES-00198,0xb50a0a29,19.74,592,154417,7822.54,62580.34,62580.34,250.42,77.3,153,358,0.127112,0.11877,0.513,Attack,BRUTE_FORCE,1,1429,0,1
FLW-0001077,VPN-SES-00198,0xb50a0a29,51.01,610,539769,10581.63,84653.05,84653.05,877.43,638.68,40,1500,0.738859,1.078944,0.421,Web_Browsing,BENIGN,0,668,0,0
FLW-0001078,VPN-SES-00198,0xb50a0a29,206.1,2484,883041,4284.53,34276.22,34276.22,365.45,241.44,74,721,1.275547,1.177127,0.576,WhatsApp,BENIGN,0,1894,0,2
FLW-0001079,VPN-SES-00199,0x39298691,27.01,1260,416561,15422.47,123379.79,123379.79,308.54,103.3,146,533,0.096516,0.070747,0.433,Attack,BRUTE_FORCE,1,1917,1,2
FLW-0001080,VPN-SES-00199,0x39298691,221.2,14620,18748842,84759.68,678077.47,678077.47,1195.08,359.48,763,1500,0.055827,0.049792,0.237,Video_Streaming,BENIGN,0,20136,0,0
FLW-0001081,VPN-SES-00199,0x39298691,22.47,811,656174,29202.23,233617.8,233617.8,773.97,363.48,303,1305,0.415939,0.50585,0.37,Web_Browsing,BENIGN,0,1028,0,0
FLW-0001082,VPN-SES-00200,0x399fff30,48.57,726,611621,12592.57,100740.54,100740.54,820.2,310.79,351,1283,0.548713,0.423818,0.527,Email_IMAP,BENIGN,0,542,0,1
FLW-0001083,VPN-SES-00200,0x399fff30,116.17,2307,765525,6589.7,52717.57,52717.57,361.93,291.94,40,732,1.992206,2.490561,0.396,WhatsApp,BENIGN,0,2374,0,0
FLW-0001084,VPN-SES-00200,0x399fff30,46.82,1090,630448,13465.36,107722.85,107722.85,604.3,356.56,40,1230,0.442201,0.44993,0.617,Email_IMAP,BENIGN,0,1114,0,4
FLW-0001085,VPN-SES-00201,0xca81d860,165.33,12960,18976641,114780.38,918243.08,918243.08,1500.0,137.17,1252,1500,0.057837,0.040733,0.191,Video_Streaming,BENIGN,0,17155,0,0
FLW-0001086,VPN-SES-00201,0xca81d860,32.6,23469,2885132,88500.98,708007.85,708007.85,130.35,48.28,48,231,0.007349,0.00093,0.948,Attack,DOS_FLOOD,1,78467,4,2
FLW-0001087,VPN-SES-00201,0xca81d860,27.82,425,181236,6514.59,52116.75,52116.75,473.01,628.96,40,1500,0.35738,0.43836,0.327,Web_Browsing,BENIGN,0,580,0,1
FLW-0001088,VPN-SES-00202,0xe975a562,24.51,101,11050,450.84,3606.69,3606.69,107.18,26.15,68,140,1.118249,0.487155,0.507,ICMP,BENIGN,0,74,0,2
FLW-0001089,VPN-SES-00202,0xe975a562,44.01,1068,805637,18305.77,146446.17,146446.17,732.0,458.59,177,1369,0.631003,0.748178,0.28,Web_Browsing,BENIGN,0,1222,0,2
FLW-0001090,VPN-SES-00202,0xe975a562,8.79,241,195688,22262.57,178100.57,178100.57,773.44,450.29,40,1500,0.251355,0.175251,0.56,Email_IMAP,BENIGN,0,249,0,1
FLW-0001091,VPN-SES-00202,0xe975a562,155.16,1181,426950,2751.68,22013.41,22013.41,346.0,277.49,40,943,2.408862,2.926828,0.49,WhatsApp,BENIGN,0,1022,0,0
FLW-0001092,VPN-SES-00202,0xe975a562,156.25,1297,605898,3877.75,31021.98,31021.98,460.12,182.45,218,708,0.739292,1.072403,0.573,WhatsApp,BENIGN,0,1103,0,0
FLW-0001093,VPN-SES-00203,0xe5e4157d,34.73,1678,310265,8933.63,71469.05,71469.05,184.76,107.99,40,389,0.145485,0.065252,0.589,Attack,BRUTE_FORCE,1,3390,0,0
FLW-0001094,VPN-SES-00203,0xe5e4157d,66.06,8796,12010371,181810.04,1454480.29,1454480.29,1296.73,280.1,854,1500,0.06158,0.050447,0.135,Video_Streaming,BENIGN,0,11740,0,1
FLW-0001095,VPN-SES-00203,0xe5e4157d,18.3,433,163948,8958.91,71671.26,71671.26,353.48,154.02,105,626,1.748459,1.838761,0.603,WhatsApp,BENIGN,0,405,0,0
FLW-0001096,VPN-SES-00204,0xe5a76023,38.31,1530,403711,10538.01,84304.05,84304.05,287.13,140.63,99,482,0.135068,0.131203,0.661,Attack,BRUTE_FORCE,1,2605,0,2
FLW-0001097,VPN-SES-00204,0xe5a76023,31.04,3910,4816616,155174.48,1241395.88,1241395.88,1342.61,188.79,983,1500,0.049991,0.035393,0.02,Video_Streaming,BENIGN,0,5392,1,3
FLW-0001098,VPN-SES-00204,0xe5a76023,65.51,1954,294451,4494.75,35957.99,35957.99,157.47,44.02,67,230,0.030073,0.024907,0.44,VoIP,BENIGN,0,1824,1,1
FLW-0001099,VPN-SES-00204,0xe5a76023,202.82,3608,745592,3676.13,29409.01,29409.01,198.78,130.93,40,452,1.42299,1.507105,0.494,WhatsApp,BENIGN,0,4360,0,1
FLW-0001100,VPN-SES-00204,0xe5a76023,28.78,136,14497,503.72,4029.74,4029.74,107.16,27.04,48,150,0.70802,0.491349,0.424,ICMP,BENIGN,0,107,0,1
FLW-0001101,VPN-SES-00204,0xe5a76023,89.43,2728,433044,4842.27,38738.14,38738.14,165.87,27.19,113,213,0.057776,0.033123,0.581,VoIP,BENIGN,0,3123,0,1
FLW-0001102,VPN-SES-00205,0x1efa8993,34.24,139,13397,391.27,3130.14,3130.14,96.83,24.84,57,137,1.489418,0.358571,0.436,ICMP,BENIGN,0,106,0,1
FLW-0001103,VPN-SES-00205,0x1efa8993,178.86,22763,31306764,175035.02,1400280.17,1400280.17,1287.37,265.55,800,1500,0.034632,0.023413,0.071,Video_Streaming,BENIGN,0,33449,0,3
FLW-0001104,VPN-SES-00205,0x1efa8993,64.7,4676,988632,15280.25,122241.98,122241.98,216.31,61.01,114,323,0.236831,0.135628,0.696,Attack,BRUTE_FORCE,1,6762,0,2
FLW-0001105,VPN-SES-00205,0x1efa8993,29.47,969,663976,22530.57,180244.59,180244.59,722.2,555.49,40,1500,0.380135,0.355914,0.418,Web_Browsing,BENIGN,0,1142,0,0
FLW-0001106,VPN-SES-00205,0x1efa8993,46.5,1570,891717,19176.71,153413.68,153413.68,571.57,385.72,40,1332,0.325199,0.182132,0.558,Email_IMAP,BENIGN,0,1295,0,0
FLW-0001107,VPN-SES-00206,0x134d42fd,40.34,976,838113,20776.23,166209.82,166209.82,797.43,565.94,40,1500,0.380084,0.353782,0.509,Email_IMAP,BENIGN,0,922,0,1
FLW-0001108,VPN-SES-00206,0x134d42fd,44.77,2391,334659,7475.07,59800.58,59800.58,142.49,44.65,71,239,0.066197,0.026714,0.506,VoIP,BENIGN,0,1925,0,1
FLW-0001109,VPN-SES-00206,0x134d42fd,34.01,31367,4767958,140192.83,1121542.61,1121542.61,157.74,45.45,64,248,0.011473,0.003273,0.98,Attack,DOS_FLOOD,1,119430,1,2
FLW-0001110,VPN-SES-00206,0x134d42fd,17.04,375,320944,18834.74,150677.93,150677.93,787.11,303.81,182,1181,0.954994,1.058983,0.347,Web_Browsing,BENIGN,0,439,0,1
FLW-0001111,VPN-SES-00206,0x134d42fd,59.81,964,532120,8896.84,71174.72,71174.72,536.84,297.01,40,1062,0.669253,0.611011,0.54,Email_IMAP,BENIGN,0,716,0,1
FLW-0001112,VPN-SES-00206,0x134d42fd,100.48,2221,301180,2997.41,23979.3,23979.3,145.96,34.86,94,219,0.06377,0.045223,0.503,VoIP,BENIGN,0,2024,1,1
FLW-0001113,VPN-SES-00206,0x134d42fd,34.99,27866,3475702,99334.15,794673.22,794673.22,125.91,33.81,75,181,0.00342,0.00162,0.834,Attack,DOS_FLOOD,1,123978,0,3
FLW-0001114,VPN-SES-00207,0x45b823e4,148.13,17995,25988975,175447.07,1403576.59,1403576.59,1409.29,176.82,1115,1500,0.019141,0.012508,0.739,Attack,DATA_EXFILTRATION,1,63039,0,1
FLW-0001115,VPN-SES-00207,0x45b823e4,16.08,714,113611,7065.36,56522.89,56522.89,165.68,50.82,98,267,0.144366,0.121237,0.479,VoIP,BENIGN,0,735,0,0
FLW-0001116,VPN-SES-00207,0x45b823e4,87.43,2790,465190,5320.71,42565.71,42565.71,157.36,51.53,77,228,0.063487,0.038889,0.616,VoIP,BENIGN,0,3576,0,0
FLW-0001117,VPN-SES-00207,0x45b823e4,165.9,11358,14125299,85143.45,681147.63,681147.63,1211.05,257.5,726,1500,0.0475,0.052567,0.191,Video_Streaming,BENIGN,0,19206,1,1
FLW-0001118,VPN-SES-00208,0x354338df,171.89,30559,39954846,232444.27,1859554.18,1859554.18,1351.21,149.28,1042,1500,0.02221,0.012561,0.847,Attack,DATA_EXFILTRATION,1,116709,0,4
FLW-0001119,VPN-SES-00208,0x354338df,25.17,1326,679813,27008.86,216070.88,216070.88,515.62,389.74,40,1233,0.243552,0.226053,0.49,Web_Browsing,BENIGN,0,1428,0,0
FLW-0001120,VPN-SES-00208,0x354338df,22.42,5494,443556,19783.94,158271.54,158271.54,86.97,29.32,40,145,0.021194,0.015364,0.863,Attack,PORT_SCAN,1,11057,1,4
FLW-0001121,VPN-SES-00209,0xe9ee9678,20.11,3362,379193,18855.94,150847.54,150847.54,120.76,35.6,62,195,0.021174,0.00887,0.835,Attack,PORT_SCAN,1,9768,2,1
FLW-0001122,VPN-SES-00209,0xe9ee9678,13.6,424,304168,22365.29,178922.35,178922.35,669.12,503.57,40,1427,0.364995,0.318385,0.637,Email_IMAP,BENIGN,0,487,0,2
FLW-0001123,VPN-SES-00209,0xe9ee9678,51.04,258,256532,5026.1,40208.78,40208.78,1048.36,468.25,401,1500,0.746692,0.807526,0.56,Email_IMAP,BENIGN,0,297,0,2
FLW-0001124,VPN-SES-00209,0xe9ee9678,48.28,860,219137,4538.88,36311.02,36311.02,271.77,248.29,40,748,1.801599,2.060894,0.334,WhatsApp,BENIGN,0,1034,0,0
FLW-0001125,VPN-SES-00209,0xe9ee9678,52.0,441,133317,2563.79,20510.31,20510.31,309.97,206.09,40,569,1.420418,2.036798,0.358,WhatsApp,BENIGN,0,400,0,0
FLW-0001126,VPN-SES-00209,0xe9ee9678,33.48,144,36430,1088.11,8704.9,8704.9,247.58,347.29,40,926,1.38277,1.480738,0.466,WhatsApp,BENIGN,0,108,0,1
FLW-0001127,VPN-SES-00209,0xe9ee9678,193.25,2258,633778,3279.58,26236.61,26236.61,263.74,241.4,40,765,1.162542,0.874962,0.493,WhatsApp,BENIGN,0,2140,0,0
FLW-0001128,VPN-SES-00210,0x1345eeda,48.36,9027,12745419,263552.92,2108423.33,2108423.33,1378.17,333.7,928,1500,0.02066,0.008573,0.152,Video_Streaming,BENIGN,0,11095,0,1
FLW-0001129,VPN-SES-00210,0x1345eeda,57.34,1050,722423,12598.94,100791.49,100791.49,737.48,395.12,110,1367,1.120087,1.230793,0.513,Email_IMAP,BENIGN,0,1104,0,0
FLW-0001130,VPN-SES-00210,0x1345eeda,368.08,445,89217,242.38,1939.08,1939.08,201.42,97.83,40,382,4.080414,1.384273,0.48,Attack,C2_BEACONING,1,381,0,2
FLW-0001131,VPN-SES-00211,0xc6a787b1,293.93,18872,26183989,89082.4,712659.18,712659.18,1339.19,251.54,865,1500,0.052295,0.023196,0.106,Video_Streaming,BENIGN,0,30311,0,0
FLW-0001132,VPN-SES-00211,0xc6a787b1,53.75,1274,562921,10472.95,83783.59,83783.59,413.95,164.49,152,715,1.174025,1.090306,0.269,WhatsApp,BENIGN,0,1157,0,1
FLW-0001133,VPN-SES-00211,0xc6a787b1,20.36,3107,343935,16892.68,135141.45,135141.45,106.22,35.6,45,149,0.016067,0.007438,0.753,Attack,PORT_SCAN,1,7712,0,3
FLW-0001134,VPN-SES-00211,0xc6a787b1,19.99,22827,3324737,166320.01,1330560.08,1330560.08,151.02,37.74,92,218,0.00528,0.001737,0.954,Attack,DOS_FLOOD,1,105313,1,0
FLW-0001135,VPN-SES-00211,0xc6a787b1,108.42,19149,22795483,210251.64,1682013.13,1682013.13,1274.23,142.74,1070,1500,0.029734,0.018587,0.922,Attack,DATA_EXFILTRATION,1,58181,1,2
FLW-0001136,VPN-SES-00211,0xc6a787b1,44.04,1343,792988,18006.09,144048.68,144048.68,592.55,303.53,126,1183,0.502044,0.399173,0.561,Email_IMAP,BENIGN,0,1035,0,0
FLW-0001137,VPN-SES-00212,0x43b1cca4,90.33,2120,1753122,19407.97,155263.77,155263.77,859.95,333.93,362,1417,0.344762,0.381467,0.331,Web_Browsing,BENIGN,0,2929,0,0
FLW-0001138,VPN-SES-00212,0x43b1cca4,33.03,52185,7291348,220749.26,1765994.07,1765994.07,148.05,36.8,80,217,0.006963,0.003081,0.916,Attack,DOS_FLOOD,1,220430,5,3
FLW-0001139,VPN-SES-00212,0x43b1cca4,6.42,19,1674,260.75,2085.98,2085.98,97.75,31.57,40,143,1.386398,0.843119,0.564,ICMP,BENIGN,0,19,0,1
FLW-0001140,VPN-SES-00213,0x5ffd5b7a,6.13,53,44516,7261.99,58095.92,58095.92,788.68,385.39,49,1390,1.119376,0.840223,0.357,Email_IMAP,BENIGN,0,61,0,2
FLW-0001141,VPN-SES-00213,0x5ffd5b7a,121.06,1250,352755,2913.89,23311.09,23311.09,280.21,211.78,40,628,0.705164,0.739318,0.433,WhatsApp,BENIGN,0,1158,0,0
FLW-0001142,VPN-SES-00213,0x5ffd5b7a,12.21,451,159171,13036.12,104288.94,104288.94,357.68,472.39,40,1007,0.740961,0.586198,0.385,Web_Browsing,BENIGN,0,516,0,0
FLW-0001143,VPN-SES-00213,0x5ffd5b7a,28.53,1188,286409,10038.87,80310.97,80310.97,247.58,116.67,83,503,0.062901,0.038713,0.648,Attack,BRUTE_FORCE,1,3035,0,3
FLW-0001144,VPN-SES-00213,0x5ffd5b7a,25.6,948,172327,6731.52,53852.19,53852.19,198.34,83.81,77,312,0.168607,0.091184,0.623,Attack,BRUTE_FORCE,1,2404,0,0
FLW-0001145,VPN-SES-00213,0x5ffd5b7a,87.05,1509,585498,6726.0,53807.97,53807.97,404.63,159.86,76,626,1.581898,1.580371,0.469,WhatsApp,BENIGN,0,1408,0,0
FLW-0001146,VPN-SES-00213,0x5ffd5b7a,35.14,1884,484460,13786.57,110292.54,110292.54,258.25,87.1,93,416,0.298642,0.219286,0.598,Attack,BRUTE_FORCE,1,4567,0,1
FLW-0001147,VPN-SES-00214,0x20c49f9e,328.99,798,142294,432.52,3460.14,3460.14,191.38,52.82,87,274,5.458311,3.039662,0.605,Attack,C2_BEACONING,1,927,0,4
FLW-0001148,VPN-SES-00214,0x20c49f9e,67.88,337,127884,1883.97,15071.77,15071.77,362.66,275.65,40,706,1.255839,1.243428,0.33,WhatsApp,BENIGN,0,296,0,0
FLW-0001149,VPN-SES-00214,0x20c49f9e,19.36,77,7593,392.2,3137.6,3137.6,93.05,33.97,40,152,0.712517,0.201788,0.506,ICMP,BENIGN,0,50,0,1
FLW-0001150,VPN-SES-00214,0x20c49f9e,8.94,54,5865,656.04,5248.32,5248.32,99.63,14.58,79,119,1.242747,0.189565,0.503,ICMP,BENIGN,0,29,0,1
FLW-0001151,VPN-SES-00214,0x20c49f9e,54.64,692,169913,3109.68,24877.45,24877.45,230.31,151.22,40,547,0.759625,0.784846,0.557,WhatsApp,BENIGN,0,515,0,0
FLW-0001152,VPN-SES-00215,0xd982a300,87.21,1980,423707,4858.47,38867.74,38867.74,195.63,48.27,100,273,0.066714,0.03625,0.513,VoIP,BENIGN,0,2492,0,1
FLW-0001153,VPN-SES-00215,0xd982a300,31.44,242,125021,3976.49,31811.96,31811.96,527.8,345.06,98,974,0.590924,0.656837,0.518,Email_IMAP,BENIGN,0,198,0,1
FLW-0001154,VPN-SES-00215,0xd982a300,31.84,158,16974,533.1,4264.82,4264.82,101.03,23.87,60,152,0.775947,0.274755,0.637,ICMP,BENIGN,0,82,0,0
FLW-0001155,VPN-SES-00215,0xd982a300,16.22,41,4017,247.66,1981.26,1981.26,92.61,17.75,62,115,0.693706,0.315976,0.468,ICMP,BENIGN,0,32,0,0
FLW-0001156,VPN-SES-00215,0xd982a300,42.21,1159,604760,14327.41,114619.28,114619.28,556.1,289.68,40,1011,0.747699,0.580696,0.407,Email_IMAP,BENIGN,0,889,0,2
FLW-0001157,VPN-SES-00215,0xd982a300,66.15,2207,289587,4377.73,35021.86,35021.86,133.53,58.46,41,206,0.165568,0.065865,0.584,VoIP,BENIGN,0,1940,1,0
FLW-0001158,VPN-SES-00215,0xd982a300,142.26,365,66369,466.53,3732.26,3732.26,187.84,57.07,69,286,4.80618,3.378539,0.552,Attack,C2_BEACONING,1,507,0,3
FLW-0001159,VPN-SES-00215,0xd982a300,38.44,755,99111,2578.33,20626.64,20626.64,136.45,204.39,40,552,0.911842,0.849252,0.361,WhatsApp,BENIGN,0,653,0,2
FLW-0001160,VPN-SES-00216,0xdf1643a0,69.62,1980,535654,7693.97,61551.74,61551.74,289.54,449.93,40,1087,0.493687,0.396521,0.539,Web_Browsing,BENIGN,0,2687,0,1
FLW-0001161,VPN-SES-00216,0xdf1643a0,62.43,2587,361394,5788.79,46310.3,46310.3,139.27,50.29,65,208,0.049358,0.024047,0.646,VoIP,BENIGN,0,3351,0,0
FLW-0001162,VPN-SES-00216,0xdf1643a0,73.98,1303,1045674,14134.55,113076.4,113076.4,820.62,609.37,40,1500,0.331241,0.288312,0.437,Web_Browsing,BENIGN,0,1410,0,0
FLW-0001163,VPN-SES-00216,0xdf1643a0,40.28,180,52542,1304.42,10435.35,10435.35,274.51,165.67,40,560,1.166993,1.194235,0.37,WhatsApp,BENIGN,0,220,0,0
FLW-0001164,VPN-SES-00216,0xdf1643a0,32.05,1390,400967,12510.67,100085.37,100085.37,304.5,40.78,243,390,0.169088,0.124742,0.564,Attack,BRUTE_FORCE,1,2609,0,2
FLW-0001165,VPN-SES-00216,0xdf1643a0,21.55,55,5112,237.22,1897.73,1897.73,86.88,21.15,55,120,0.693397,0.180543,0.426,ICMP,BENIGN,0,48,1,2
FLW-0001166,VPN-SES-00216,0xdf1643a0,49.84,2626,322733,6475.38,51803.05,51803.05,127.44,27.01,72,168,0.060106,0.047668,0.403,VoIP,BENIGN,0,3300,0,0
FLW-0001167,VPN-SES-00216,0xdf1643a0,160.44,11410,14904602,92898.29,743186.34,743186.34,1293.95,245.02,941,1500,0.06564,0.059056,0.097,Video_Streaming,BENIGN,0,16779,0,2
FLW-0001168,VPN-SES-00217,0xc8f40e5e,45.23,1985,304423,6730.55,53844.44,53844.44,163.12,41.0,83,250,0.048261,0.024634,0.41,VoIP,BENIGN,0,2405,0,1
FLW-0001169,VPN-SES-00217,0xc8f40e5e,36.85,7944,9645118,261739.97,2093919.78,2093919.78,1312.2,151.39,1051,1500,0.038192,0.024754,0.191,Video_Streaming,BENIGN,0,11763,1,2
FLW-0001170,VPN-SES-00217,0xc8f40e5e,35.98,813,738754,20532.35,164258.81,164258.81,964.51,312.72,387,1500,0.503892,0.457044,0.521,Email_IMAP,BENIGN,0,1026,0,0
FLW-0001171,VPN-SES-00217,0xc8f40e5e,23.17,588,370537,15992.1,127936.81,127936.81,622.18,445.4,40,1215,0.683602,0.560296,0.667,Email_IMAP,BENIGN,0,456,0,2
FLW-0001172,VPN-SES-00217,0xc8f40e5e,17.48,3502,293346,16781.81,134254.46,134254.46,86.05,31.73,41,136,0.020179,0.015495,0.857,Attack,PORT_SCAN,1,7345,0,4
FLW-0001173,VPN-SES-00217,0xc8f40e5e,12.3,89,8229,669.02,5352.2,5352.2,98.02,20.91,57,136,0.823486,0.238077,0.41,ICMP,BENIGN,0,68,0,0
FLW-0001174,VPN-SES-00217,0xc8f40e5e,150.98,80,16798,111.26,890.08,890.08,225.34,78.34,93,349,2.754276,1.354296,0.788,Attack,C2_BEACONING,1,93,0,3
FLW-0001175,VPN-SES-00217,0xc8f40e5e,38.64,905,241533,6250.85,50006.83,50006.83,271.0,116.73,124,465,0.450976,0.437945,0.718,Attack,BRUTE_FORCE,1,1519,0,1
FLW-0001176,VPN-SES-00218,0xa6e83922,85.99,1019,900417,10471.18,83769.46,83769.46,965.51,340.14,436,1421,0.589496,0.75309,0.339,Web_Browsing,BENIGN,0,883,0,0
FLW-0001177,VPN-SES-00218,0xa6e83922,6.96,195,212210,30489.94,243919.54,243919.54,1172.08,610.41,40,1500,0.443982,0.342767,0.49,Email_IMAP,BENIGN,0,193,0,1
FLW-0001178,VPN-SES-00218,0xa6e83922,64.82,3562,596605,9204.03,73632.21,73632.21,153.04,58.49,40,252,0.024366,0.011772,0.402,VoIP,BENIGN,0,4809,0,1
FLW-0001179,VPN-SES-00218,0xa6e83922,63.42,10942,13791037,217455.64,1739645.16,1739645.16,1332.58,263.99,927,1500,0.024249,0.005776,0.865,Attack,DATA_EXFILTRATION,1,34107,0,2
FLW-0001180,VPN-SES-00218,0xa6e83922,6.22,40,4754,764.31,6114.47,6114.47,108.12,36.18,59,161,0.327685,0.142699,0.476,ICMP,BENIGN,0,33,0,0
FLW-0001181,VPN-SES-00219,0xeb8ec35b,45.19,55227,7387611,163478.89,1307831.11,1307831.11,133.87,35.97,70,188,0.009293,0.003954,0.905,Attack,DOS_FLOOD,1,235534,0,4
FLW-0001182,VPN-SES-00219,0xeb8ec35b,10.55,15,1602,151.85,1214.79,1214.79,115.32,28.15,62,171,1.16185,0.311901,0.421,ICMP,BENIGN,0,17,0,1
FLW-0001183,VPN-SES-00219,0xeb8ec35b,77.38,1103,304442,3934.38,31475.01,31475.01,275.84,163.88,42,527,0.917252,0.725194,0.583,WhatsApp,BENIGN,0,1205,0,2
FLW-0001184,VPN-SES-00219,0xeb8ec35b,12.23,106,11179,914.06,7312.51,7312.51,99.01,22.23,69,139,2.466306,0.555535,0.473,ICMP,BENIGN,0,55,0,2
FLW-0001185,VPN-SES-00219,0xeb8ec35b,34.6,34936,5382840,155573.41,1244587.28,1244587.28,158.92,47.41,71,260,0.003847,0.002513,0.83,Attack,DOS_FLOOD,1,192920,3,3
FLW-0001186,VPN-SES-00220,0x6a1341e7,92.27,100,14017,151.91,1215.3,1215.3,146.21,114.56,40,364,3.213932,2.012424,0.426,Attack,C2_BEACONING,1,145,0,3
FLW-0001187,VPN-SES-00220,0x6a1341e7,32.79,1274,206862,6308.69,50469.53,50469.53,165.95,43.73,102,252,0.034512,0.022922,0.594,VoIP,BENIGN,0,1061,0,1
FLW-0001188,VPN-SES-00220,0x6a1341e7,21.98,185,20880,949.95,7599.64,7599.64,113.39,22.63,70,145,0.854569,0.348789,0.505,ICMP,BENIGN,0,89,0,1
FLW-0001189,VPN-SES-00220,0x6a1341e7,46.83,1858,1661819,35486.21,283889.64,283889.64,896.61,589.94,40,1500,0.458976,0.72881,0.353,Web_Browsing,BENIGN,0,2032,0,1
FLW-0001190,VPN-SES-00220,0x6a1341e7,39.86,64999,8767395,219954.72,1759637.73,1759637.73,133.35,42.83,80,226,0.004029,0.002317,0.875,Attack,DOS_FLOOD,1,338548,1,4
FLW-0001191,VPN-SES-00220,0x6a1341e7,52.65,5667,7366369,139912.04,1119296.33,1119296.33,1433.37,297.39,991,1500,0.049717,0.029543,0.067,Video_Streaming,BENIGN,0,7639,1,2
FLW-0001192,VPN-SES-00220,0x6a1341e7,217.27,5796,2059304,9478.09,75824.7,75824.7,327.59,255.64,40,786,0.538494,0.483439,0.287,WhatsApp,BENIGN,0,4254,0,1
FLW-0001193,VPN-SES-00220,0x6a1341e7,13.07,2635,325954,24939.1,199512.78,199512.78,113.08,32.69,53,155,0.019965,0.012913,0.74,Attack,PORT_SCAN,1,5438,0,3
FLW-0001194,VPN-SES-00221,0xb06aa68a,274.1,19323,21221098,77421.01,619368.06,619368.06,1081.47,179.94,852,1440,0.025044,0.021206,0.211,Video_Streaming,BENIGN,0,31023,0,2
FLW-0001195,VPN-SES-00221,0xb06aa68a,155.6,3812,1246051,8008.04,64064.32,64064.32,333.14,203.19,40,634,1.511684,1.139187,0.523,WhatsApp,BENIGN,0,4212,0,2
FLW-0001196,VPN-SES-00221,0xb06aa68a,32.74,483,149681,4571.81,36574.47,36574.47,339.08,210.2,40,713,1.745033,1.748469,0.428,WhatsApp,BENIGN,0,393,0,1
FLW-0001197,VPN-SES-00222,0x40c7809b,98.26,10696,13139263,133719.35,1069754.77,1069754.77,1344.66,221.35,883,1500,0.049213,0.042368,0.235,Video_Streaming,BENIGN,0,16442,1,1
FLW-0001198,VPN-SES-00222,0x40c7809b,62.44,2204,540174,8651.09,69208.71,69208.71,232.86,106.96,40,464,0.372487,0.242637,0.887,Attack,BRUTE_FORCE,1,3461,0,2
FLW-0001199,VPN-SES-00222,0x40c7809b,112.84,14300,16824060,149096.6,1192772.78,1192772.78,1072.6,271.84,622,1500,0.0679,0.054705,0.222,Video_Streaming,BENIGN,0,17891,0,0
FLW-0001200,VPN-SES-00222,0x40c7809b,60.82,3913,714550,11748.6,93988.82,93988.82,181.16,62.15,87,257,0.024481,0.016085,0.585,VoIP,BENIGN,0,4730,0,3
FLW-0001201,VPN-SES-00222,0x40c7809b,160.75,3537,1025310,6378.29,51026.31,51026.31,284.28,252.9,40,666,0.979153,0.932526,0.515,WhatsApp,BENIGN,0,3749,0,0
FLW-0001202,VPN-SES-00223,0xc55d2fc1,50.61,1414,667369,13186.5,105492.04,105492.04,502.99,488.26,40,1500,0.90539,0.560544,0.582,Email_IMAP,BENIGN,0,1725,0,1
FLW-0001203,VPN-SES-00223,0xc55d2fc1,144.09,16575,23212254,161095.52,1288764.19,1288764.19,1419.64,238.01,982,1500,0.027671,0.018124,0.973,Attack,DATA_EXFILTRATION,1,60315,2,4
FLW-0001204,VPN-SES-00223,0xc55d2fc1,12.06,506,365362,30295.36,242362.85,242362.85,771.95,285.15,231,1290,0.435424,0.54978,0.383,Web_Browsing,BENIGN,0,640,0,3
FLW-0001205,VPN-SES-00223,0xc55d2fc1,14.82,11194,1884513,127160.12,1017280.97,1017280.97,160.19,27.22,109,194,0.006114,0.001875,0.948,Attack,DOS_FLOOD,1,40721,1,0
FLW-0001206,VPN-SES-00223,0xc55d2fc1,35.56,338,141748,3986.16,31889.31,31889.31,424.71,202.45,173,668,0.666522,0.441502,0.449,WhatsApp,BENIGN,0,365,0,3
FLW-0001207,VPN-SES-00223,0xc55d2fc1,79.32,6281,8288297,104491.89,835935.15,835935.15,1356.6,132.4,1065,1500,0.057107,0.073911,0.055,Video_Streaming,BENIGN,0,10933,1,0
FLW-0001208,VPN-SES-00223,0xc55d2fc1,174.67,3292,621957,3560.75,28486.04,28486.04,183.62,300.12,40,674,1.07878,1.159122,0.457,WhatsApp,BENIGN,0,3310,0,0
FLW-0001209,VPN-SES-00223,0xc55d2fc1,49.26,836,268539,5451.46,43611.69,43611.69,303.37,151.91,40,605,0.766675,0.898655,0.5,WhatsApp,BENIGN,0,874,0,1
FLW-0001210,VPN-SES-00224,0xace91544,13.0,65,17859,1373.77,10990.15,10990.15,296.71,215.95,40,723,1.18845,1.403757,0.645,WhatsApp,BENIGN,0,74,0,2
FLW-0001211,VPN-SES-00224,0xace91544,8.55,1136,103692,12127.72,97021.75,97021.75,87.11,29.51,40,150,0.032038,0.023177,0.891,Attack,PORT_SCAN,1,2839,1,4
FLW-0001212,VPN-SES-00224,0xace91544,133.5,6517,1213368,9088.9,72711.19,72711.19,173.25,29.07,124,213,0.047466,0.037406,0.384,VoIP,BENIGN,0,6883,0,2
FLW-0001213,VPN-SES-00224,0xace91544,57.21,2645,696075,12167.02,97336.13,97336.13,267.33,95.84,114,404,0.169983,0.179818,0.529,Attack,BRUTE_FORCE,1,4703,0,0
FLW-0001214,VPN-SES-00224,0xace91544,87.33,3840,528518,6051.96,48415.71,48415.71,150.42,30.17,85,196,0.059505,0.045083,0.504,VoIP,BENIGN,0,5039,0,1
FLW-0001215,VPN-SES-00224,0xace91544,5.9,940,89754,15212.54,121700.34,121700.34,94.7,33.12,40,146,0.022258,0.016861,0.772,Attack,PORT_SCAN,1,2902,0,0
FLW-0001216,VPN-SES-00224,0xace91544,12.46,29,2914,233.87,1870.95,1870.95,102.58,22.88,57,146,0.8367,0.323995,0.425,ICMP,BENIGN,0,14,0,1
FLW-0001217,VPN-SES-00224,0xace91544,12.31,366,349999,28432.09,227456.7,227456.7,896.94,435.48,228,1500,0.849074,0.712562,0.546,Email_IMAP,BENIGN,0,272,0,0
FLW-0001218,VPN-SES-00225,0x110e622b,41.79,3171,519261,12425.48,99403.88,99403.88,169.44,101.63,40,323,0.052857,0.023758,0.53,Attack,BRUTE_FORCE,1,4539,0,2
FLW-0001219,VPN-SES-00225,0x110e622b,29.49,4338,5301737,179780.84,1438246.73,1438246.73,1322.61,330.74,821,1500,0.04326,0.045316,0.135,Video_Streaming,BENIGN,0,5638,0,1
FLW-0001220,VPN-SES-00225,0x110e622b,89.68,1602,316336,3527.39,28219.09,28219.09,187.2,170.81,40,402,2.187497,1.977046,0.372,WhatsApp,BENIGN,0,1225,0,0
FLW-0001221,VPN-SES-00225,0x110e622b,58.08,952,167112,2877.27,23018.18,23018.18,173.31,54.11,80,259,0.049433,0.017271,0.578,VoIP,BENIGN,0,864,0,1
FLW-0001222,VPN-SES-00225,0x110e622b,78.71,1004,365827,4647.78,37182.26,37182.26,397.84,194.51,98,665,0.856052,0.700258,0.511,WhatsApp,BENIGN,0,864,0,0
FLW-0001223,VPN-SES-00225,0x110e622b,10.47,349,180370,17227.32,137818.53,137818.53,573.7,397.26,40,1312,0.684047,0.37096,0.557,Email_IMAP,BENIGN,0,450,0,0
FLW-0001224,VPN-SES-00225,0x110e622b,36.49,421,251812,6900.85,55206.8,55206.8,606.91,437.73,40,1414,0.510232,1.006666,0.362,Web_Browsing,BENIGN,0,398,0,0
FLW-0001225,VPN-SES-00225,0x110e622b,71.39,8292,10390082,145539.74,1164317.92,1164317.92,1359.54,176.46,1024,1500,0.021241,0.008058,0.862,Attack,DATA_EXFILTRATION,1,24334,0,3
FLW-0001226,VPN-SES-00226,0x3d921dab,349.41,800,163972,469.28,3754.26,3754.26,221.04,75.93,64,374,2.970153,0.9952,0.507,Attack,C2_BEACONING,1,944,0,1
FLW-0001227,VPN-SES-00226,0x3d921dab,21.02,59,6763,321.74,2573.93,2573.93,125.08,27.6,82,169,0.68793,0.240892,0.517,ICMP,BENIGN,0,35,0,3
FLW-0001228,VPN-SES-00226,0x3d921dab,24.33,1141,242848,9981.42,79851.38,79851.38,208.83,146.4,40,437,0.198032,0.151152,0.543,Attack,BRUTE_FORCE,1,1726,0,2
FLW-0001229,VPN-SES-00226,0x3d921dab,42.05,797,427529,10167.16,81337.27,81337.27,522.12,179.08,247,910,1.140462,0.722128,0.451,WhatsApp,BENIGN,0,652,0,1
FLW-0001230,VPN-SES-00227,0x2718cfde,205.96,26060,27281999,132462.61,1059700.87,1059700.87,1130.14,168.72,842,1449,0.048353,0.041356,0.139,Video_Streaming,BENIGN,0,45133,1,1
FLW-0001231,VPN-SES-00227,0x2718cfde,33.37,1078,102472,3070.78,24566.26,24566.26,100.77,42.74,40,176,0.033208,0.019761,0.573,VoIP,BENIGN,0,1381,0,1
FLW-0001232,VPN-SES-00227,0x2718cfde,67.95,1583,603740,8885.06,71080.5,71080.5,352.07,155.49,88,544,0.828869,0.876976,0.523,WhatsApp,BENIGN,0,1682,0,1
FLW-0001233,VPN-SES-00227,0x2718cfde,78.83,2639,2263429,28712.79,229702.3,229702.3,868.29,405.65,240,1500,0.431356,0.560385,0.306,Web_Browsing,BENIGN,0,2901,0,1
FLW-0001234,VPN-SES-00227,0x2718cfde,86.67,5760,755963,8722.31,69778.52,69778.52,135.37,71.43,40,274,0.030917,0.019392,0.467,VoIP,BENIGN,0,5356,0,0
FLW-0001235,VPN-SES-00227,0x2718cfde,21.3,169,136557,6411.13,51289.01,51289.01,891.9,461.51,40,1500,0.592271,0.613773,0.531,Email_IMAP,BENIGN,0,205,0,0
FLW-0001236,VPN-SES-00227,0x2718cfde,58.68,992,895991,15269.1,122152.83,122152.83,915.88,356.87,387,1500,0.696003,0.744293,0.562,Email_IMAP,BENIGN,0,955,0,0
FLW-0001237,VPN-SES-00227,0x2718cfde,6.11,130,111204,18200.33,145602.62,145602.62,817.36,513.35,140,1500,1.170924,1.00851,0.43,Email_IMAP,BENIGN,0,127,0,0
FLW-0001238,VPN-SES-00228,0x867f3c15,29.25,1052,1080354,36935.18,295481.44,295481.44,975.32,472.33,242,1500,0.863697,1.049473,0.27,Web_Browsing,BENIGN,0,915,0,4
FLW-0001239,VPN-SES-00228,0x867f3c15,83.92,11627,16689443,198873.25,1590985.99,1590985.99,1413.6,267.29,1074,1500,0.022764,0.017291,0.168,Video_Streaming,BENIGN,0,19355,1,0
FLW-0001240,VPN-SES-00228,0x867f3c15,6.46,33,3696,572.14,4577.09,4577.09,119.94,25.14,71,151,0.879867,0.276586,0.618,ICMP,BENIGN,0,23,0,1
FLW-0001241,VPN-SES-00228,0x867f3c15,2.31,630,56303,24373.59,194988.74,194988.74,96.57,20.2,62,126,0.037087,0.021,0.713,Attack,PORT_SCAN,1,1628,0,3
FLW-0001242,VPN-SES-00228,0x867f3c15,161.2,3997,833681,5171.72,41373.75,41373.75,211.64,216.18,40,527,0.778421,0.639924,0.408,WhatsApp,BENIGN,0,4443,0,0
FLW-0001243,VPN-SES-00228,0x867f3c15,67.62,1608,420548,6219.28,49754.27,49754.27,288.53,156.86,97,573,1.050048,0.938649,0.491,WhatsApp,BENIGN,0,1799,0,1
FLW-0001244,VPN-SES-00229,0xade2fd3f,39.77,2192,321199,8076.41,64611.32,64611.32,156.3,26.12,106,194,0.032998,0.041322,0.381,VoIP,BENIGN,0,2810,0,1
FLW-0001245,VPN-SES-00229,0xade2fd3f,108.66,2131,673078,6194.35,49554.79,49554.79,328.12,218.44,40,630,1.446831,1.358313,0.598,WhatsApp,BENIGN,0,1932,0,0
FLW-0001246,VPN-SES-00229,0xade2fd3f,35.59,1246,197486,5548.92,44391.35,44391.35,159.41,34.65,113,201,0.062805,0.034014,0.581,VoIP,BENIGN,0,1044,0,2
FLW-0001247,VPN-SES-00229,0xade2fd3f,29.04,1822,300292,10340.63,82725.07,82725.07,166.14,46.25,90,241,0.070407,0.039139,0.586,VoIP,BENIGN,0,1996,0,0
FLW-0001248,VPN-SES-00229,0xade2fd3f,189.61,1783,682115,3597.46,28779.71,28779.71,398.78,282.91,40,813,1.243741,1.084638,0.589,WhatsApp,BENIGN,0,1373,0,1
FLW-0001249,VPN-SES-00229,0xade2fd3f,17.82,269,176725,9917.23,79337.82,79337.82,670.58,530.33,40,1500,0.700692,0.770265,0.491,Email_IMAP,BENIGN,0,334,0,0
FLW-0001250,VPN-SES-00229,0xade2fd3f,18.77,54,20158,1073.95,8591.58,8591.58,410.73,182.13,158,732,2.298247,5.063594,0.373,WhatsApp,BENIGN,0,65,1,0
FLW-0001251,VPN-SES-00229,0xade2fd3f,16.12,72,6823,423.26,3386.1,3386.1,89.96,22.45,57,122,0.635444,0.251186,0.491,ICMP,BENIGN,0,44,0,2
FLW-0001252,VPN-SES-00230,0x8ee667de,13.97,2003,173044,12386.83,99094.63,99094.63,95.45,30.62,40,134,0.027039,0.019105,0.78,Attack,PORT_SCAN,1,4483,1,1
FLW-0001253,VPN-SES-00230,0x8ee667de,30.53,1055,180695,5918.6,47348.84,47348.84,175.7,55.9,84,270,0.045666,0.026568,0.467,VoIP,BENIGN,0,1207,0,1
FLW-0001254,VPN-SES-00230,0x8ee667de,72.3,4134,566481,7835.15,62681.16,62681.16,128.89,26.51,71,169,0.058363,0.063912,0.309,VoIP,BENIGN,0,4480,0,2
FLW-0001255,VPN-SES-00230,0x8ee667de,18.58,40,3858,207.64,1661.14,1661.14,90.06,34.65,40,131,1.645476,0.6083,0.574,ICMP,BENIGN,0,37,0,0
FLW-0001256,VPN-SES-00230,0x8ee667de,79.55,448,137017,1722.4,13779.21,13779.21,337.87,232.51,40,840,0.917274,0.955709,0.403,WhatsApp,BENIGN,0,422,0,1
FLW-0001257,VPN-SES-00230,0x8ee667de,55.61,2596,571420,10275.49,82203.92,82203.92,203.35,172.83,40,498,0.068038,0.036466,0.513,Attack,BRUTE_FORCE,1,5675,0,2
FLW-0001258,VPN-SES-00231,0xc7174acf,145.65,16842,21028140,144374.46,1154995.67,1154995.67,1370.96,247.27,1032,1500,0.035137,0.033944,0.091,Video_Streaming,BENIGN,0,24500,0,1
FLW-0001259,VPN-SES-00231,0xc7174acf,17.53,30,2838,161.89,1295.15,1295.15,103.31,16.85,80,136,1.642955,0.423709,0.225,ICMP,BENIGN,0,32,0,0
FLW-0001260,VPN-SES-00231,0xc7174acf,71.35,86,14670,205.61,1644.85,1644.85,181.35,93.37,40,363,3.977074,2.32412,0.611,Attack,C2_BEACONING,1,112,0,1
FLW-0001261,VPN-SES-00231,0xc7174acf,29.82,872,849609,28491.25,227929.98,227929.98,969.27,497.08,239,1500,0.590934,0.614334,0.435,Web_Browsing,BENIGN,0,948,0,0
FLW-0001262,VPN-SES-00231,0xc7174acf,69.18,1257,902048,13039.14,104313.15,104313.15,730.04,377.24,40,1266,0.449792,0.613161,0.247,Web_Browsing,BENIGN,0,1164,0,1
FLW-0001263,VPN-SES-00232,0x389a5e38,63.82,3369,3665325,57432.23,459457.85,459457.85,1018.39,453.04,447,1500,0.501033,0.582533,0.205,Web_Browsing,BENIGN,0,4355,0,0
FLW-0001264,VPN-SES-00232,0x389a5e38,21.33,218,262163,12290.81,98326.49,98326.49,1271.85,352.17,618,1500,0.443264,0.359994,0.471,Email_IMAP,BENIGN,0,284,0,1
FLW-0001265,VPN-SES-00232,0x389a5e38,32.07,262,274764,8567.63,68541.07,68541.07,1108.96,381.56,300,1500,0.733742,0.459298,0.459,Email_IMAP,BENIGN,0,254,0,0
FLW-0001266,VPN-SES-00232,0x389a5e38,348.83,904,214772,615.69,4925.54,4925.54,249.03,86.45,119,378,3.407303,1.594252,0.728,Attack,C2_BEACONING,1,1151,0,4
FLW-0001267,VPN-SES-00233,0xd179c596,350.45,30450,36065649,102912.4,823299.16,823299.16,1259.47,181.96,939,1500,0.03783,0.016967,0.073,Video_Streaming,BENIGN,0,51697,0,0
FLW-0001268,VPN-SES-00233,0xd179c596,142.42,1586,747239,5246.73,41973.82,41973.82,454.86,190.35,176,814,0.811214,1.073876,0.361,WhatsApp,BENIGN,0,1774,0,0
FLW-0001269,VPN-SES-00233,0xd179c596,259.92,25414,38465256,147988.83,1183910.62,1183910.62,1445.74,240.94,966,1500,0.041392,0.036899,0.181,Video_Streaming,BENIGN,0,38847,0,1
FLW-0001270,VPN-SES-00233,0xd179c596,25.67,22594,3739725,145684.65,1165477.21,1165477.21,154.43,61.33,40,281,0.013035,0.008206,0.677,Attack,DOS_FLOOD,1,97299,6,4
FLW-0001271,VPN-SES-00234,0xd4df5b8d,79.34,8298,11302631,142458.17,1139665.34,1139665.34,1284.59,225.07,799,1500,0.028759,0.015834,0.951,Attack,DATA_EXFILTRATION,1,23389,3,3
FLW-0001272,VPN-SES-00234,0xd4df5b8d,168.34,4386,1369258,8133.88,65071.07,65071.07,303.28,220.0,40,659,0.878249,0.843945,0.392,WhatsApp,BENIGN,0,3804,0,0
FLW-0001273,VPN-SES-00234,0xd4df5b8d,51.14,822,475459,9297.2,74377.63,74377.63,638.23,416.02,40,1412,0.557343,0.499662,0.521,Email_IMAP,BENIGN,0,760,0,0
FLW-0001274,VPN-SES-00234,0xd4df5b8d,25.52,33861,4124157,161604.9,1292839.18,1292839.18,117.56,47.3,51,201,0.005188,0.003647,0.875,Attack,DOS_FLOOD,1,134256,2,2
FLW-0001275,VPN-SES-00234,0xd4df5b8d,19.81,574,72864,3678.14,29425.14,29425.14,140.22,16.0,116,163,0.039994,0.02149,0.531,VoIP,BENIGN,0,601,0,1
FLW-0001276,VPN-SES-00234,0xd4df5b8d,115.64,15502,17792473,153860.89,1230887.1,1230887.1,1049.89,266.0,539,1500,0.020896,0.009728,0.249,Video_Streaming,BENIGN,0,23958,0,4
FLW-0001277,VPN-SES-00234,0xd4df5b8d,36.55,16394,2314643,63328.13,506625.01,506625.01,152.27,46.67,80,254,0.00555,0.003204,0.98,Attack,DOS_FLOOD,1,79790,0,1
FLW-0001278,VPN-SES-00234,0xd4df5b8d,18.42,119,13957,757.71,6061.67,6061.67,116.69,5.55,105,128,1.355824,0.654272,0.539,ICMP,BENIGN,0,95,0,1
FLW-0001279,VPN-SES-00235,0x5bb49889,232.65,32805,36561511,157152.42,1257219.38,1257219.38,1202.49,225.27,909,1500,0.027048,0.023703,0.194,Video_Streaming,BENIGN,0,34932,1,2
FLW-0001280,VPN-SES-00235,0x5bb49889,113.59,28037,36860180,324501.98,2596015.85,2596015.85,1360.29,176.23,1018,1500,0.013506,0.009514,0.98,Attack,DATA_EXFILTRATION,1,88050,1,1
FLW-0001281,VPN-SES-00235,0x5bb49889,82.62,2829,2503530,30301.74,242413.94,242413.94,814.16,490.94,40,1500,0.504045,0.637689,0.371,Web_Browsing,BENIGN,0,3491,0,2
FLW-0001282,VPN-SES-00235,0x5bb49889,196.1,13614,19988170,101928.45,815427.64,815427.64,1336.65,205.1,923,1500,0.071415,0.042113,0.158,Video_Streaming,BENIGN,0,14711,0,0
FLW-0001283,VPN-SES-00235,0x5bb49889,133.85,2005,434633,3247.16,25977.32,25977.32,224.15,164.58,40,424,0.897903,0.661171,0.434,WhatsApp,BENIGN,0,1708,0,1
FLW-0001284,VPN-SES-00235,0x5bb49889,52.64,5538,7568951,143787.06,1150296.5,1150296.5,1364.66,315.24,964,1500,0.028292,0.020397,0.98,Attack,DATA_EXFILTRATION,1,20129,1,0
FLW-0001285,VPN-SES-00235,0x5bb49889,18.13,486,349778,19292.77,154342.2,154342.2,768.24,454.34,40,1478,0.647607,0.504183,0.364,Email_IMAP,BENIGN,0,522,0,0
FLW-0001286,VPN-SES-00236,0x15fef7bc,30.43,175,145982,4797.31,38378.44,38378.44,897.93,417.29,40,1399,0.461511,0.419926,0.545,Email_IMAP,BENIGN,0,200,0,1
FLW-0001287,VPN-SES-00236,0x15fef7bc,63.31,2923,364385,5755.57,46044.54,46044.54,136.61,32.62,88,177,0.063143,0.027264,0.512,VoIP,BENIGN,0,2829,0,2
FLW-0001288,VPN-SES-00236,0x15fef7bc,64.72,4162,1121488,17328.31,138626.45,138626.45,271.17,136.03,40,488,0.321338,0.336326,0.717,Attack,BRUTE_FORCE,1,10239,0,3
FLW-0001289,VPN-SES-00236,0x15fef7bc,38.88,978,559790,14397.89,115183.13,115183.13,626.48,349.28,180,1376,0.56172,0.522106,0.678,Email_IMAP,BENIGN,0,1209,0,1
FLW-0001290,VPN-SES-00236,0x15fef7bc,15.29,213,185413,12126.42,97011.38,97011.38,835.32,358.07,337,1347,0.421031,0.432202,0.542,Email_IMAP,BENIGN,0,204,0,0
FLW-0001291,VPN-SES-00237,0xbabb6cac,37.53,478,491750,13102.85,104822.81,104822.81,1091.19,373.29,613,1500,0.962847,1.174596,0.318,Web_Browsing,BENIGN,0,407,0,1
FLW-0001292,VPN-SES-00237,0xbabb6cac,22.14,106,27095,1223.8,9790.42,9790.42,252.37,179.82,40,617,0.515459,0.494502,0.505,WhatsApp,BENIGN,0,118,0,0
FLW-0001293,VPN-SES-00237,0xbabb6cac,39.91,230,120576,3021.2,24169.58,24169.58,534.17,276.66,40,1121,3.257148,5.959886,0.418,WhatsApp,BENIGN,0,252,0,3
FLW-0001294,VPN-SES-00237,0xbabb6cac,91.74,1421,606623,6612.42,52899.32,52899.32,447.85,199.0,139,721,1.051131,1.103838,0.432,WhatsApp,BENIGN,0,1408,0,0
FLW-0001295,VPN-SES-00238,0x751076d6,26.77,21652,2406768,89905.42,719243.33,719243.33,117.99,36.34,71,181,0.004934,0.001883,0.98,Attack,DOS_FLOOD,1,82251,2,2
FLW-0001296,VPN-SES-00238,0x751076d6,54.0,405,386700,7161.11,57288.89,57288.89,879.65,390.1,330,1500,0.811836,0.604301,0.56,Email_IMAP,BENIGN,0,369,0,0
FLW-0001297,VPN-SES-00238,0x751076d6,60.81,38,8847,145.49,1163.89,1163.89,249.9,75.3,144,375,3.129302,1.307026,0.616,Attack,C2_BEACONING,1,40,0,1
FLW-0001298,VPN-SES-00238,0x751076d6,77.33,3376,570149,7372.93,58983.47,58983.47,185.65,35.98,113,231,0.02702,0.012325,0.638,VoIP,BENIGN,0,3338,0,1
FLW-0001299,VPN-SES-00239,0x2ef11a27,15.69,356,142006,9050.73,72405.86,72405.86,373.57,283.63,40,776,1.217287,1.076257,0.4,WhatsApp,BENIGN,0,337,0,0
FLW-0001300,VPN-SES-00239,0x2ef11a27,69.54,13768,15498625,222873.53,1782988.21,1782988.21,1209.34,259.67,754,1500,0.036659,0.01912,0.076,Video_Streaming,BENIGN,0,23730,1,0
FLW-0001301,VPN-SES-00239,0x2ef11a27,60.2,11412,14736252,244788.24,1958305.91,1958305.91,1373.28,191.14,1136,1500,0.018619,0.009272,0.98,Attack,DATA_EXFILTRATION,1,26142,0,1
FLW-0001302,VPN-SES-00239,0x2ef11a27,23.92,437,341262,14266.81,114134.45,114134.45,746.38,538.58,40,1500,0.704803,0.646141,0.545,Email_IMAP,BENIGN,0,396,0,0
FLW-0001303,VPN-SES-00240,0x667b9583,14.78,115,12058,815.83,6526.66,6526.66,108.22,13.43,80,136,0.809607,0.218087,0.493,ICMP,BENIGN,0,86,0,0
FLW-0001304,VPN-SES-00240,0x667b9583,59.83,1216,502092,8391.98,67135.82,67135.82,401.14,177.97,102,757,0.932535,1.185368,0.535,WhatsApp,BENIGN,0,1093,0,2
FLW-0001305,VPN-SES-00240,0x667b9583,87.03,3636,460778,5294.47,42355.79,42355.79,128.07,42.62,40,190,0.064147,0.059696,0.531,VoIP,BENIGN,0,3164,0,0
FLW-0001306,VPN-SES-00240,0x667b9583,5.85,13,1708,291.97,2335.73,2335.73,119.84,18.86,88,160,1.181064,0.377245,0.411,ICMP,BENIGN,0,10,0,1
FLW-0001307,VPN-SES-00240,0x667b9583,33.59,677,173247,5157.7,41261.57,41261.57,241.8,133.04,40,405,0.105279,0.076092,0.649,Attack,BRUTE_FORCE,1,1474,0,2
FLW-0001308,VPN-SES-00240,0x667b9583,215.16,35746,43198259,200772.72,1606181.78,1606181.78,1325.45,150.37,1037,1500,0.033385,0.02235,0.174,Video_Streaming,BENIGN,0,59670,0,0
FLW-0001309,VPN-SES-00240,0x667b9583,38.13,1172,1215841,31886.73,255093.84,255093.84,1014.05,513.21,194,1500,1.790849,2.092809,0.421,Email_IMAP,BENIGN,0,1101,0,1
FLW-0001310,VPN-SES-00240,0x667b9583,20.23,1209,175957,8697.83,69582.6,69582.6,151.92,49.86,73,215,0.051074,0.027152,0.592,VoIP,BENIGN,0,1580,0,1
FLW-0001311,VPN-SES-00241,0x3e03a9cc,5.38,190,185138,34412.27,275298.14,275298.14,898.36,502.5,47,1500,0.711297,0.751872,0.415,Email_IMAP,BENIGN,0,171,0,1
FLW-0001312,VPN-SES-00241,0x3e03a9cc,110.34,29,6601,59.82,478.59,478.59,224.7,72.14,85,353,3.408301,1.728194,0.511,Attack,C2_BEACONING,1,42,0,3
FLW-0001313,VPN-SES-00241,0x3e03a9cc,37.66,172,34429,914.21,7313.65,7313.65,213.33,245.99,40,739,1.108173,1.674477,0.459,WhatsApp,BENIGN,0,190,0,0
FLW-0001314,VPN-SES-00241,0x3e03a9cc,16.07,8877,1313844,81757.56,654060.49,654060.49,158.58,38.65,92,206,0.006892,0.003585,0.942,Attack,DOS_FLOOD,1,47188,2,3
FLW-0001315,VPN-SES-00241,0x3e03a9cc,99.7,14071,19205071,192628.6,1541028.77,1541028.77,1411.81,210.48,991,1500,0.017851,0.010814,0.02,Video_Streaming,BENIGN,0,15899,0,2
FLW-0001316,VPN-SES-00241,0x3e03a9cc,146.91,17455,22387904,152391.97,1219135.74,1219135.74,1186.05,107.77,1050,1319,0.031586,0.014508,0.854,Attack,DATA_EXFILTRATION,1,61967,0,3
FLW-0001317,VPN-SES-00241,0x3e03a9cc,40.98,895,615279,15014.13,120113.03,120113.03,660.88,326.28,164,1372,0.376196,0.407259,0.45,Web_Browsing,BENIGN,0,1107,0,0
FLW-0001318,VPN-SES-00242,0x79aec17b,31.77,229,160735,5059.33,40474.66,40474.66,754.92,440.42,40,1349,0.587558,0.370008,0.56,Email_IMAP,BENIGN,0,211,0,2
FLW-0001319,VPN-SES-00242,0x79aec17b,222.75,110,21110,94.77,758.16,758.16,211.64,70.23,90,308,5.019715,2.89257,0.522,Attack,C2_BEACONING,1,115,0,4
FLW-0001320,VPN-SES-00242,0x79aec17b,30.62,13489,2332143,76164.04,609312.34,609312.34,174.68,18.7,146,202,0.010478,0.007237,0.946,Attack,DOS_FLOOD,1,70474,2,2
FLW-0001321,VPN-SES-00242,0x79aec17b,44.44,384,296304,6667.51,53340.05,53340.05,806.15,527.58,62,1500,0.361986,0.245156,0.518,Email_IMAP,BENIGN,0,423,0,1
FLW-0001322,VPN-SES-00242,0x79aec17b,77.15,7533,11839092,153455.5,1227644.02,1227644.02,1440.9,197.0,1021,1500,0.021231,0.014668,0.209,Video_Streaming,BENIGN,0,8557,0,0
FLW-0001323,VPN-SES-00242,0x79aec17b,49.98,10210,12813731,256377.17,2051017.37,2051017.37,1273.87,214.4,924,1500,0.040133,0.01995,0.98,Attack,DATA_EXFILTRATION,1,25485,1,1
FLW-0001324,VPN-SES-00243,0x6f90ee57,20.4,4401,5118604,250911.96,2007295.69,2007295.69,1240.31,189.2,893,1500,0.039399,0.028276,0.194,Video_Streaming,BENIGN,0,4528,1,0
FLW-0001325,VPN-SES-00243,0x6f90ee57,19.93,423,379773,19055.34,152442.75,152442.75,918.03,593.18,40,1500,0.455876,0.335089,0.394,Email_IMAP,BENIGN,0,499,0,1
FLW-0001326,VPN-SES-00243,0x6f90ee57,8.82,77,8847,1003.06,8024.49,8024.49,105.55,9.75,89,118,1.010476,0.553537,0.58,ICMP,BENIGN,0,60,0,1
FLW-0001327,VPN-SES-00243,0x6f90ee57,158.92,20005,26267037,165284.65,1322277.22,1322277.22,1196.7,193.21,858,1430,0.044872,0.031802,0.111,Video_Streaming,BENIGN,0,30453,3,0
FLW-0001328,VPN-SES-00243,0x6f90ee57,155.27,2778,484361,3119.48,24955.81,24955.81,176.63,307.36,40,550,2.159063,4.062083,0.152,WhatsApp,BENIGN,0,2648,0,3
FLW-0001329,VPN-SES-00243,0x6f90ee57,70.79,1524,1164006,16443.09,131544.68,131544.68,754.76,630.75,40,1500,1.222705,1.25638,0.466,Web_Browsing,BENIGN,0,1782,0,0
FLW-0001330,VPN-SES-00243,0x6f90ee57,68.63,3092,2046830,29824.13,238593.04,238593.04,720.39,518.4,40,1367,0.500028,0.40633,0.431,Web_Browsing,BENIGN,0,3455,0,0
FLW-0001331,VPN-SES-00244,0xb29a7e5f,12.37,1145,103197,8342.52,66740.18,66740.18,95.55,35.28,40,138,0.04675,0.021702,0.778,Attack,PORT_SCAN,1,3877,1,2
FLW-0001332,VPN-SES-00244,0xb29a7e5f,22.48,37135,5521909,245636.52,1965092.17,1965092.17,147.58,35.31,81,194,0.005402,0.001761,0.81,Attack,DOS_FLOOD,1,172638,1,3
FLW-0001333,VPN-SES-00244,0xb29a7e5f,107.24,1615,450337,4199.34,33594.7,33594.7,283.97,298.06,40,885,0.992428,1.00902,0.572,WhatsApp,BENIGN,0,1234,0,0
FLW-0001334,VPN-SES-00244,0xb29a7e5f,87.56,5194,850040,9708.09,77664.69,77664.69,154.67,53.69,61,245,0.055807,0.030175,0.348,VoIP,BENIGN,0,6986,0,2
FLW-0001335,VPN-SES-00244,0xb29a7e5f,102.04,926,252351,2473.06,19784.48,19784.48,302.78,278.17,40,727,1.373471,2.028009,0.411,WhatsApp,BENIGN,0,686,0,2
FLW-0001336,VPN-SES-00244,0xb29a7e5f,28.04,232,179799,6412.23,51297.86,51297.86,790.17,410.3,229,1282,0.430622,0.378249,0.523,Email_IMAP,BENIGN,0,253,0,4
FLW-0001337,VPN-SES-00244,0xb29a7e5f,36.75,68,6826,185.74,1485.93,1485.93,95.53,28.81,40,152,0.589221,0.26751,0.367,ICMP,BENIGN,0,47,0,0
FLW-0001338,VPN-SES-00244,0xb29a7e5f,148.39,16035,21699643,146233.86,1169870.91,1169870.91,1331.39,167.97,998,1500,0.052432,0.035852,0.02,Video_Streaming,BENIGN,0,22898,0,3
FLW-0001339,VPN-SES-00245,0x15106943,325.5,611,136778,420.21,3361.67,3361.67,220.42,54.14,147,287,3.612256,0.933716,0.533,Attack,C2_BEACONING,1,759,0,3
FLW-0001340,VPN-SES-00245,0x15106943,50.2,54360,6864770,136748.41,1093987.25,1093987.25,132.8,42.65,63,200,0.002689,0.000758,0.868,Attack,DOS_FLOOD,1,296190,3,3
FLW-0001341,VPN-SES-00245,0x15106943,36.26,1199,310765,8570.46,68563.71,68563.71,258.19,155.82,40,510,0.135884,0.075693,0.597,Attack,BRUTE_FORCE,1,1957,0,2
FLW-0001342,VPN-SES-00245,0x15106943,22.44,102,10589,471.88,3775.04,3775.04,97.62,21.62,52,139,1.041139,0.446606,0.448,ICMP,BENIGN,0,67,0,0
FLW-0001343,VPN-SES-00245,0x15106943,29.29,2104,2503516,85473.4,683787.23,683787.23,1128.62,284.14,648,1500,0.041355,0.039122,0.087,Video_Streaming,BENIGN,0,2338,0,1
FLW-0001344,VPN-SES-00246,0x20a71298,16.67,335,345979,20754.59,166036.71,166036.71,1102.99,416.74,379,1500,1.146157,1.786554,0.601,Email_IMAP,BENIGN,0,378,0,2
FLW-0001345,VPN-SES-00246,0x20a71298,126.95,3220,1094057,8618.01,68944.12,68944.12,342.08,199.44,40,740,3.343321,5.141188,0.533,WhatsApp,BENIGN,0,2383,0,1
FLW-0001346,VPN-SES-00246,0x20a71298,36.45,3140,1099463,30163.59,241308.75,241308.75,357.27,124.86,187,546,0.213065,0.145987,0.578,Attack,BRUTE_FORCE,1,5605,0,0
FLW-0001347,VPN-SES-00246,0x20a71298,14.62,56,6221,425.51,3404.1,3404.1,120.26,24.8,89,154,1.200932,0.427812,0.486,ICMP,BENIGN,0,37,0,1
FLW-0001348,VPN-SES-00246,0x20a71298,92.63,2715,511151,5518.2,44145.61,44145.61,174.02,55.03,79,245,0.040759,0.027329,0.465,VoIP,BENIGN,0,3617,0,0
FLW-0001349,VPN-SES-00246,0x20a71298,110.81,1236,300529,2712.11,21696.89,21696.89,249.59,275.59,40,794,0.886286,1.149444,0.49,WhatsApp,BENIGN,0,1083,0,1
FLW-0001350,VPN-SES-00246,0x20a71298,8.71,257,214781,24659.13,197273.02,197273.02,761.06,632.13,40,1500,0.438851,0.481583,0.362,Web_Browsing,BENIGN,0,310,0,0
FLW-0001351,VPN-SES-00246,0x20a71298,41.69,40528,5845204,140206.38,1121651.04,1121651.04,141.61,40.75,88,206,0.007738,0.001953,0.918,Attack,DOS_FLOOD,1,211942,4,2
FLW-0001352,VPN-SES-00247,0x230e8618,57.33,4615,6021024,105023.97,840191.73,840191.73,1353.21,321.28,923,1500,0.038784,0.024104,0.238,Video_Streaming,BENIGN,0,7690,0,0
FLW-0001353,VPN-SES-00247,0x230e8618,103.52,4050,578143,5584.84,44678.75,44678.75,145.46,55.23,55,213,0.07064,0.035748,0.567,VoIP,BENIGN,0,4198,0,1
FLW-0001354,VPN-SES-00247,0x230e8618,13.66,3862,431595,31595.53,252764.28,252764.28,120.0,32.19,71,161,0.013563,0.009571,0.862,Attack,PORT_SCAN,1,8086,0,1
FLW-0001355,VPN-SES-00247,0x230e8618,15.66,32,2670,170.5,1363.98,1363.98,85.26,27.92,40,134,0.760974,0.281781,0.405,ICMP,BENIGN,0,27,0,1
FLW-0001356,VPN-SES-00247,0x230e8618,37.13,1436,186317,5017.96,40143.71,40143.71,131.8,37.07,52,199,0.049978,0.022027,0.552,VoIP,BENIGN,0,1358,0,1
FLW-0001357,VPN-SES-00248,0xc1804803,64.86,832,465222,7172.71,57381.68,57381.68,531.78,316.01,40,1089,0.537148,0.519094,0.455,WhatsApp,BENIGN,0,868,0,0
FLW-0001358,VPN-SES-00248,0xc1804803,50.62,1362,1101725,21764.62,174116.95,174116.95,854.3,572.98,57,1500,0.454825,0.388251,0.528,Email_IMAP,BENIGN,0,1474,0,0
FLW-0001359,VPN-SES-00248,0xc1804803,164.9,2867,363902,2206.8,17654.43,17654.43,121.55,295.43,40,731,0.93032,0.999351,0.386,WhatsApp,BENIGN,0,3391,0,1
FLW-0001360,VPN-SES-00249,0xae85e4d4,200.41,12685,16876315,84208.95,673671.57,673671.57,1467.33,197.67,1203,1500,0.070747,0.051579,0.02,Video_Streaming,BENIGN,0,20516,0,3
FLW-0001361,VPN-SES-00249,0xae85e4d4,51.02,1478,1917977,37592.65,300741.2,300741.2,1319.63,349.44,631,1500,0.656806,1.074837,0.319,Web_Browsing,BENIGN,0,2172,0,2
FLW-0001362,VPN-SES-00249,0xae85e4d4,47.55,2300,3332637,70087.0,560696.03,560696.03,1362.37,243.16,914,1500,0.039095,0.029299,0.05,Video_Streaming,BENIGN,0,2871,0,0
FLW-0001363,VPN-SES-00250,0x30afaf9e,29.55,1135,772825,26153.13,209225.04,209225.04,637.81,619.62,40,1500,0.281156,0.299337,0.316,Web_Browsing,BENIGN,0,1209,0,1
FLW-0001364,VPN-SES-00250,0x30afaf9e,27.0,39,4019,148.85,1190.81,1190.81,107.61,21.44,66,133,0.322156,0.134654,0.573,ICMP,BENIGN,0,26,0,1
FLW-0001365,VPN-SES-00250,0x30afaf9e,41.14,717,464667,11294.77,90358.19,90358.19,618.3,348.29,40,1295,1.62256,1.380317,0.473,Email_IMAP,BENIGN,0,559,1,2
FLW-0001366,VPN-SES-00250,0x30afaf9e,27.53,20142,3027550,109972.76,879782.06,879782.06,151.06,35.94,107,197,0.007042,0.002887,0.98,Attack,DOS_FLOOD,1,92571,2,3
FLW-0001367,VPN-SES-00250,0x30afaf9e,31.32,46136,5839264,186438.83,1491510.6,1491510.6,134.18,40.77,82,205,0.003712,0.000863,0.909,Attack,DOS_FLOOD,1,217239,3,1
FLW-0001368,VPN-SES-00250,0x30afaf9e,50.28,1161,778818,15489.62,123916.95,123916.95,647.57,609.97,40,1379,0.408911,0.382996,0.499,Email_IMAP,BENIGN,0,1386,0,2
FLW-0001369,VPN-SES-00251,0xa0ebba12,19.53,17030,1768280,90541.73,724333.85,724333.85,104.56,32.84,46,145,0.003732,0.001549,0.957,Attack,DOS_FLOOD,1,81521,5,2
FLW-0001370,VPN-SES-00251,0xa0ebba12,75.97,1911,1572118,20693.93,165551.45,165551.45,892.65,513.89,40,1500,0.757642,0.595824,0.361,Web_Browsing,BENIGN,0,2399,0,2
FLW-0001371,VPN-SES-00251,0xa0ebba12,63.63,1544,261259,4105.91,32847.27,32847.27,161.18,47.64,71,226,0.040308,0.017866,0.418,VoIP,BENIGN,0,1730,0,0
FLW-0001372,VPN-SES-00251,0xa0ebba12,4.61,1049,60962,13223.86,105790.89,105790.89,60.0,19.61,40,84,0.012728,0.0087,0.949,Attack,PORT_SCAN,1,3287,0,5
FLW-0001373,VPN-SES-00251,0xa0ebba12,9.76,113,85174,8726.84,69814.75,69814.75,772.36,488.71,40,1419,0.374408,0.355271,0.449,Web_Browsing,BENIGN,0,104,0,3
FLW-0001374,VPN-SES-00251,0xa0ebba12,10.17,5773,775666,76270.01,610160.08,610160.08,127.54,41.07,52,217,0.006815,0.003281,0.979,Attack,DOS_FLOOD,1,25699,3,2
FLW-0001375,VPN-SES-00251,0xa0ebba12,50.59,6647,9112065,180115.93,1440927.46,1440927.46,1367.68,123.55,1198,1500,0.019238,0.011197,0.897,Attack,DATA_EXFILTRATION,1,17638,0,2
FLW-0001376,VPN-SES-00251,0xa0ebba12,41.93,899,191659,4570.93,36567.42,36567.42,232.73,96.14,83,418,0.067271,0.028785,0.619,Attack,BRUTE_FORCE,1,1347,0,3
FLW-0001377,VPN-SES-00252,0xbd6d84ef,60.5,1830,1127742,18640.36,149122.91,149122.91,633.65,249.06,125,1127,0.614705,0.643298,0.399,Email_IMAP,BENIGN,0,1319,0,2
FLW-0001378,VPN-SES-00252,0xbd6d84ef,38.59,17513,2525763,65451.23,523609.85,523609.85,157.45,47.8,53,225,0.004439,0.00157,0.95,Attack,DOS_FLOOD,1,64213,2,1
FLW-0001379,VPN-SES-00252,0xbd6d84ef,81.82,15041,15979993,195306.69,1562453.48,1562453.48,1125.52,179.35,744,1393,0.018939,0.009154,0.769,Attack,DATA_EXFILTRATION,1,43611,1,2
FLW-0001380,VPN-SES-00252,0xbd6d84ef,7.68,9,968,126.04,1008.33,1008.33,98.97,24.91,61,131,0.74154,0.164868,0.538,ICMP,BENIGN,0,14,0,1
FLW-0001381,VPN-SES-00252,0xbd6d84ef,292.64,24562,24655221,84251.03,674008.23,674008.23,1099.83,226.94,688,1500,0.0469,0.034728,0.248,Video_Streaming,BENIGN,0,39095,0,1
FLW-0001382,VPN-SES-00252,0xbd6d84ef,6.42,7315,884902,137835.2,1102681.62,1102681.62,119.25,42.74,41,200,0.009533,0.004578,0.863,Attack,DOS_FLOOD,1,25564,2,0
FLW-0001383,VPN-SES-00252,0xbd6d84ef,71.09,1642,1696006,23857.17,190857.34,190857.34,1142.03,313.68,529,1500,0.442798,0.480733,0.419,Email_IMAP,BENIGN,0,1529,0,0
FLW-0001384,VPN-SES-00253,0x459097e0,37.71,692,128919,3418.7,27349.56,27349.56,191.71,297.83,40,587,1.013753,1.216829,0.552,WhatsApp,BENIGN,0,711,0,1
FLW-0001385,VPN-SES-00253,0x459097e0,108.35,1412,465461,4295.9,34367.22,34367.22,309.01,230.0,40,686,0.997037,0.830558,0.394,WhatsApp,BENIGN,0,1155,0,0
FLW-0001386,VPN-SES-00253,0x459097e0,149.62,2914,902794,6033.91,48271.3,48271.3,302.77,204.2,40,751,1.134391,1.598218,0.489,WhatsApp,BENIGN,0,2232,0,4
FLW-0001387,VPN-SES-00253,0x459097e0,86.41,8714,9638240,111540.79,892326.35,892326.35,1215.31,227.22,860,1500,0.05901,0.066413,0.02,Video_Streaming,BENIGN,0,9891,1,0
FLW-0001388,VPN-SES-00253,0x459097e0,53.62,633,200960,3747.86,29982.84,29982.84,324.23,207.05,40,769,0.673282,0.561772,0.523,WhatsApp,BENIGN,0,758,0,1
FLW-0001389,VPN-SES-00254,0x7088825e,19.06,379,235384,12349.63,98797.06,98797.06,655.88,353.39,100,1192,0.239371,0.219895,0.385,Email_IMAP,BENIGN,0,453,0,0
FLW-0001390,VPN-SES-00254,0x7088825e,70.3,1658,1405348,19990.73,159925.8,159925.8,851.18,463.11,40,1500,0.587666,0.777193,0.225,Web_Browsing,BENIGN,0,2467,0,0
FLW-0001391,VPN-SES-00254,0x7088825e,128.84,14323,19373755,150370.65,1202965.23,1202965.23,1299.91,214.13,905,1500,0.037407,0.033863,0.101,Video_Streaming,BENIGN,0,22901,1,2
FLW-0001392,VPN-SES-00255,0x236d6cce,19.26,22532,2139305,111075.03,888600.21,888600.21,91.84,54.22,40,207,0.013289,0.005856,0.855,Attack,DOS_FLOOD,1,80292,1,3
FLW-0001393,VPN-SES-00255,0x236d6cce,24.5,109,12369,504.86,4038.86,4038.86,109.82,29.48,47,171,0.417895,0.201823,0.518,ICMP,BENIGN,0,85,0,0
FLW-0001394,VPN-SES-00255,0x236d6cce,15.33,29,2945,192.11,1536.86,1536.86,104.68,32.85,43,170,0.816503,0.146621,0.571,ICMP,BENIGN,0,20,0,0
FLW-0001395,VPN-SES-00255,0x236d6cce,20.66,184,17710,857.21,6857.7,6857.7,104.4,20.75,71,146,0.860809,0.347621,0.56,ICMP,BENIGN,0,94,0,0
FLW-0001396,VPN-SES-00255,0x236d6cce,26.99,1155,372053,13784.85,110278.77,110278.77,325.01,93.22,120,455,0.143456,0.061546,0.714,Attack,BRUTE_FORCE,1,2875,0,2
FLW-0001397,VPN-SES-00256,0x77602abd,158.76,27150,32795210,206570.99,1652567.9,1652567.9,1194.3,240.49,819,1500,0.030293,0.028794,0.127,Video_Streaming,BENIGN,0,38891,0,0
FLW-0001398,VPN-SES-00256,0x77602abd,123.7,1906,398771,3223.69,25789.56,25789.56,202.62,220.57,40,511,1.043552,1.225723,0.564,WhatsApp,BENIGN,0,1977,0,0
FLW-0001399,VPN-SES-00256,0x77602abd,94.72,2240,1803914,19044.7,152357.6,152357.6,794.28,456.76,40,1377,0.826417,1.093651,0.435,Web_Browsing,BENIGN,0,3126,0,1
FLW-0001400,VPN-SES-00256,0x77602abd,44.91,409,144410,3215.54,25724.34,25724.34,389.25,270.2,40,948,2.066377,2.560901,0.596,WhatsApp,BENIGN,0,482,1,1
FLW-0001401,VPN-SES-00257,0x9ef65ee8,120.82,1998,790963,6546.62,52372.98,52372.98,379.07,195.43,131,713,0.916408,0.59112,0.373,WhatsApp,BENIGN,0,1521,0,0
FLW-0001402,VPN-SES-00257,0x9ef65ee8,4.15,123,89648,21601.93,172815.42,172815.42,754.15,247.86,303,1223,0.598351,0.421877,0.594,Email_IMAP,BENIGN,0,149,0,0
FLW-0001403,VPN-SES-00257,0x9ef65ee8,241.23,62151,63914958,264954.43,2119635.47,2119635.47,1087.06,240.32,674,1448,0.039171,0.043656,0.163,Video_Streaming,BENIGN,0,81563,1,2
FLW-0001404,VPN-SES-00257,0x9ef65ee8,54.31,846,610882,11248.06,89984.46,89984.46,765.42,335.67,63,1377,0.638116,0.533983,0.58,Email_IMAP,BENIGN,0,917,0,1
FLW-0001405,VPN-SES-00257,0x9ef65ee8,37.79,382,157902,4178.41,33427.26,33427.26,391.97,329.14,40,885,0.944119,1.274297,0.399,WhatsApp,BENIGN,0,343,0,0
FLW-0001406,VPN-SES-00257,0x9ef65ee8,113.32,13040,14470453,127695.49,1021563.93,1021563.93,1224.79,217.68,889,1500,0.06032,0.032715,0.164,Video_Streaming,BENIGN,0,19019,2,1
FLW-0001407,VPN-SES-00258,0x8397d1a1,148.43,98,14926,100.56,804.47,804.47,165.68,71.28,76,319,3.900527,2.342136,0.567,Attack,C2_BEACONING,1,140,0,2
FLW-0001408,VPN-SES-00258,0x8397d1a1,57.32,1873,225509,3934.21,31473.69,31473.69,120.08,43.74,56,212,0.032277,0.010725,0.543,VoIP,BENIGN,0,2335,0,1
FLW-0001409,VPN-SES-00258,0x8397d1a1,51.37,1872,512604,9978.66,79829.32,79829.32,256.57,87.19,142,447,0.110785,0.075026,0.623,Attack,BRUTE_FORCE,1,3779,0,4
FLW-0001410,VPN-SES-00258,0x8397d1a1,3.22,742,59356,18433.54,147468.32,147468.32,73.11,26.72,40,116,0.009892,0.004697,0.951,Attack,PORT_SCAN,1,1827,1,1
FLW-0001411,VPN-SES-00259,0xce3e9a90,13.5,299,190982,14146.81,113174.52,113174.52,644.02,553.92,40,1494,1.007653,0.855433,0.555,Email_IMAP,BENIGN,0,346,0,0
FLW-0001412,VPN-SES-00259,0xce3e9a90,28.33,1867,2537662,89575.08,716600.64,716600.64,1314.7,273.77,925,1500,0.048678,0.043263,0.151,Video_Streaming,BENIGN,0,2004,0,1
FLW-0001413,VPN-SES-00259,0xce3e9a90,272.11,197,40785,149.88,1199.07,1199.07,204.28,115.05,46,356,2.308574,0.682608,0.473,Attack,C2_BEACONING,1,208,0,2
FLW-0001414,VPN-SES-00259,0xce3e9a90,40.02,842,827082,20666.72,165333.73,165333.73,997.11,484.31,284,1500,0.491223,0.301121,0.428,Email_IMAP,BENIGN,0,921,0,0
FLW-0001415,VPN-SES-00259,0xce3e9a90,6.4,38,3785,591.41,4731.25,4731.25,100.81,34.96,40,176,0.946586,0.330283,0.606,ICMP,BENIGN,0,29,0,0
FLW-0001416,VPN-SES-00259,0xce3e9a90,79.8,3764,3621314,45379.87,363039.0,363039.0,968.09,704.53,40,1500,0.389698,0.520371,0.3,Web_Browsing,BENIGN,0,3247,0,1
FLW-0001417,VPN-SES-00259,0xce3e9a90,35.87,1215,797890,22243.94,177951.49,177951.49,713.82,296.7,313,1334,0.572559,0.556943,0.63,Email_IMAP,BENIGN,0,1097,0,2
FLW-0001418,VPN-SES-00260,0x7a40e5cc,106.2,19020,20113894,189396.37,1515170.92,1515170.92,1145.95,265.65,727,1500,0.062937,0.046678,0.189,Video_Streaming,BENIGN,0,22705,0,0
FLW-0001419,VPN-SES-00260,0x7a40e5cc,109.48,4741,620231,5665.24,45321.96,45321.96,126.64,40.48,40,215,0.056729,0.027497,0.483,VoIP,BENIGN,0,3889,0,1
FLW-0001420,VPN-SES-00260,0x7a40e5cc,218.32,370,76926,352.35,2818.83,2818.83,212.44,20.22,185,245,1.896243,0.881427,0.587,Attack,C2_BEACONING,1,323,1,3
FLW-0001421,VPN-SES-00260,0x7a40e5cc,9.73,211,57901,5950.77,47606.17,47606.17,271.15,71.42,115,360,0.197026,0.165882,0.665,Attack,BRUTE_FORCE,1,537,0,3
FLW-0001422,VPN-SES-00261,0xd43be7af,151.74,1284,526026,3466.63,27733.02,27733.02,380.41,274.8,40,737,0.615312,0.541817,0.494,WhatsApp,BENIGN,0,943,0,1
FLW-0001423,VPN-SES-00261,0xd43be7af,14.08,1523,155143,11018.68,88149.43,88149.43,107.55,20.33,80,139,0.026197,0.023767,0.738,Attack,PORT_SCAN,1,4803,1,2
FLW-0001424,VPN-SES-00261,0xd43be7af,70.08,252,76920,1097.6,8780.82,8780.82,323.8,234.12,40,742,1.190789,1.055143,0.568,WhatsApp,BENIGN,0,186,0,2
FLW-0001425,VPN-SES-00261,0xd43be7af,213.05,27858,30984064,145430.95,1163447.6,1163447.6,1069.76,183.52,737,1300,0.030265,0.028344,0.085,Video_Streaming,BENIGN,0,30629,0,1
FLW-0001426,VPN-SES-00261,0xd43be7af,87.03,1649,1680724,19312.01,154496.06,154496.06,992.86,608.39,40,1500,0.385474,0.375171,0.37,Web_Browsing,BENIGN,0,2324,0,1
FLW-0001427,VPN-SES-00261,0xd43be7af,3.86,429,40289,10437.56,83500.52,83500.52,101.86,36.37,40,150,0.035577,0.017581,0.747,Attack,PORT_SCAN,1,1466,0,3
FLW-0001428,VPN-SES-00262,0xcdcf6fd4,109.44,2424,1025610,9371.44,74971.49,74971.49,389.1,323.7,40,1034,1.38512,1.769165,0.455,WhatsApp,BENIGN,0,2707,0,1
FLW-0001429,VPN-SES-00262,0xcdcf6fd4,24.56,171,15628,636.32,5090.55,5090.55,100.65,25.06,64,144,1.712904,0.254624,0.514,ICMP,BENIGN,0,126,1,1
FLW-0001430,VPN-SES-00262,0xcdcf6fd4,37.7,2088,401359,10646.13,85169.02,85169.02,213.34,106.11,40,344,0.208786,0.156949,0.617,Attack,BRUTE_FORCE,1,5311,0,4
FLW-0001431,VPN-SES-00262,0xcdcf6fd4,292.34,753,212334,726.33,5810.6,5810.6,303.72,95.62,168,501,2.13431,1.054062,0.637,Attack,C2_BEACONING,1,626,0,0
FLW-0001432,VPN-SES-00262,0xcdcf6fd4,78.22,3226,3750805,47951.99,383615.95,383615.95,1167.28,209.0,799,1466,0.044661,0.033685,0.073,Video_Streaming,BENIGN,0,4527,0,0
FLW-0001433,VPN-SES-00262,0xcdcf6fd4,5.67,657,53788,9486.42,75891.36,75891.36,89.37,32.84,40,161,0.049362,0.047907,0.811,Attack,PORT_SCAN,1,1948,1,2
FLW-0001434,VPN-SES-00262,0xcdcf6fd4,342.63,26702,32350556,94418.34,755346.72,755346.72,1328.07,221.07,990,1500,0.030893,0.021138,0.315,Video_Streaming,BENIGN,0,37538,0,2
FLW-0001435,VPN-SES-00262,0xcdcf6fd4,6.16,13,1218,197.73,1581.82,1581.82,101.96,14.68,83,129,1.48922,0.528801,0.544,ICMP,BENIGN,0,13,0,0
FLW-0001436,VPN-SES-00263,0x7a6a0149,9.3,862,52902,5688.39,45507.1,45507.1,60.0,29.49,40,123,0.017812,0.007038,0.896,Attack,PORT_SCAN,1,1852,1,3
FLW-0001437,VPN-SES-00263,0x7a6a0149,4.45,65,48335,10861.8,86894.38,86894.38,722.74,586.83,40,1471,0.348039,0.324775,0.265,Web_Browsing,BENIGN,0,98,0,0
FLW-0001438,VPN-SES-00263,0x7a6a0149,43.21,1503,394339,9126.11,73008.84,73008.84,253.27,106.66,55,423,0.119654,0.059874,0.604,Attack,BRUTE_FORCE,1,2555,0,1
FLW-0001439,VPN-SES-00264,0x213c9f25,72.66,5104,783848,10787.89,86303.11,86303.11,147.49,46.05,71,204,0.02059,0.009831,0.473,VoIP,BENIGN,0,5631,0,1
FLW-0001440,VPN-SES-00264,0x213c9f25,21.17,160,16228,766.56,6132.45,6132.45,95.65,23.96,66,133,0.443693,0.06938,0.534,ICMP,BENIGN,0,82,0,1
FLW-0001441,VPN-SES-00264,0x213c9f25,38.69,76222,9238345,238778.62,1910229.0,1910229.0,115.68,41.78,64,201,0.008635,0.004877,0.935,Attack,DOS_FLOOD,1,415828,4,1
FLW-0001442,VPN-SES-00264,0x213c9f25,19.23,48,4665,242.59,1940.72,1940.72,107.99,30.11,66,147,1.17509,0.152294,0.413,ICMP,BENIGN,0,37,0,3
FLW-0001443,VPN-SES-00265,0xabc8d6f6,51.8,2896,337130,6508.3,52066.41,52066.41,127.81,62.26,42,221,0.072374,0.035347,0.529,VoIP,BENIGN,0,3161,0,0
FLW-0001444,VPN-SES-00265,0xabc8d6f6,6.17,44,46688,7566.94,60535.49,60535.49,1074.24,351.29,459,1500,0.356714,0.292641,0.51,Email_IMAP,BENIGN,0,43,0,3
FLW-0001445,VPN-SES-00265,0xabc8d6f6,80.2,6509,9034615,112651.06,901208.48,901208.48,1323.14,214.91,960,1500,0.022799,0.023278,0.101,Video_Streaming,BENIGN,0,8323,1,1
FLW-0001446,VPN-SES-00265,0xabc8d6f6,151.62,17833,24439027,161186.04,1289488.3,1289488.3,1291.94,215.13,982,1500,0.033002,0.019671,0.949,Attack,DATA_EXFILTRATION,1,48202,0,1
FLW-0001447,VPN-SES-00265,0xabc8d6f6,84.91,10237,14394602,169527.76,1356222.07,1356222.07,1352.85,298.31,860,1500,0.045121,0.049485,0.228,Video_Streaming,BENIGN,0,13199,0,0
FLW-0001448,VPN-SES-00265,0xabc8d6f6,41.48,669,225371,5433.24,43465.96,43465.96,347.87,369.3,40,927,0.870781,0.720207,0.497,Email_IMAP,BENIGN,0,719,0,2
FLW-0001449,VPN-SES-00265,0xabc8d6f6,41.07,2338,400577,9753.52,78028.15,78028.15,181.73,47.48,114,262,0.051317,0.014521,0.532,VoIP,BENIGN,0,1932,0,1
FLW-0001450,VPN-SES-00266,0x67bd0ca8,175.42,7957,9931904,56617.85,452942.83,452942.83,1270.73,220.53,859,1500,0.0363,0.030556,0.081,Video_Streaming,BENIGN,0,10633,0,2
FLW-0001451,VPN-SES-00266,0x67bd0ca8,81.96,1887,299086,3649.17,29193.36,29193.36,149.05,44.81,92,207,0.035924,0.022693,0.443,VoIP,BENIGN,0,2033,0,0
FLW-0001452,VPN-SES-00266,0x67bd0ca8,47.69,4099,5769163,120972.17,967777.4,967777.4,1443.42,196.36,1191,1500,0.031893,0.02107,0.115,Video_Streaming,BENIGN,0,4770,0,1
FLW-0001453,VPN-SES-00266,0x67bd0ca8,93.9,7697,11808272,125753.7,1006029.56,1006029.56,1500.0,189.97,1165,1500,0.045822,0.03599,0.02,Video_Streaming,BENIGN,0,13194,0,0
FLW-0001454,VPN-SES-00266,0x67bd0ca8,19.56,333,274919,14055.16,112441.31,112441.31,817.16,459.99,243,1463,1.266117,2.642894,0.334,Web_Browsing,BENIGN,0,383,0,1
FLW-0001455,VPN-SES-00266,0x67bd0ca8,22.91,351,373588,16306.77,130454.12,130454.12,992.05,589.66,40,1500,0.681527,0.66692,0.45,Email_IMAP,BENIGN,0,340,0,1
FLW-0001456,VPN-SES-00267,0x82c1e68e,137.0,2997,563623,4114.04,32912.29,32912.29,203.03,196.27,40,513,0.78807,0.757635,0.33,WhatsApp,BENIGN,0,2309,0,0
FLW-0001457,VPN-SES-00267,0x82c1e68e,74.72,3079,432236,5784.74,46277.94,46277.94,146.8,43.74,74,226,0.068493,0.027419,0.505,VoIP,BENIGN,0,3200,1,0
FLW-0001458,VPN-SES-00267,0x82c1e68e,28.7,839,175485,6114.46,48915.68,48915.68,227.79,109.68,40,367,0.408112,0.30317,0.578,Attack,BRUTE_FORCE,1,1780,0,4
FLW-0001459,VPN-SES-00267,0x82c1e68e,27.76,444,163335,5883.83,47070.61,47070.61,358.05,680.46,40,1246,0.191329,0.173594,0.389,Web_Browsing,BENIGN,0,551,0,0
FLW-0001460,VPN-SES-00267,0x82c1e68e,29.6,183,138715,4686.32,37490.54,37490.54,712.46,430.8,40,1415,0.764193,0.481161,0.617,Email_IMAP,BENIGN,0,187,0,1
FLW-0001461,VPN-SES-00267,0x82c1e68e,153.54,339,64026,417.0,3335.99,3335.99,187.07,111.69,40,359,3.811185,2.004814,0.793,Attack,C2_BEACONING,1,472,0,3
FLW-0001462,VPN-SES-00267,0x82c1e68e,173.68,20849,27208423,156658.35,1253266.84,1253266.84,1191.64,188.06,931,1500,0.01793,0.006184,0.909,Attack,DATA_EXFILTRATION,1,51121,0,3
FLW-0001463,VPN-SES-00268,0x7790eee0,16.94,374,341110,20136.36,161090.91,161090.91,891.52,380.97,344,1500,0.438832,0.375813,0.431,Email_IMAP,BENIGN,0,302,0,0
FLW-0001464,VPN-SES-00268,0x7790eee0,11.84,66,6154,519.76,4158.11,4158.11,92.68,23.56,63,121,1.92563,0.718604,0.53,ICMP,BENIGN,0,45,0,0
FLW-0001465,VPN-SES-00268,0x7790eee0,74.29,3541,3612079,48621.34,388970.68,388970.68,981.9,503.07,141,1500,0.29646,0.347917,0.261,Web_Browsing,BENIGN,0,4844,0,3
FLW-0001466,VPN-SES-00269,0xfd305556,100.69,23224,30757398,305466.26,2443730.1,2443730.1,1306.82,157.36,1086,1500,0.022421,0.012504,0.787,Attack,DATA_EXFILTRATION,1,53576,0,1
FLW-0001467,VPN-SES-00269,0xfd305556,34.4,811,412205,11982.7,95861.63,95861.63,541.18,373.13,40,1007,0.393008,0.28259,0.511,Email_IMAP,BENIGN,0,818,0,0
FLW-0001468,VPN-SES-00269,0xfd305556,17.48,5004,552899,31630.38,253043.02,253043.02,122.44,28.5,73,159,0.015321,0.008561,0.895,Attack,PORT_SCAN,1,9993,0,1
FLW-0001469,VPN-SES-00269,0xfd305556,158.55,3928,1260932,7952.9,63623.19,63623.19,325.95,299.81,40,697,0.884145,0.788666,0.329,WhatsApp,BENIGN,0,4135,0,2
FLW-0001470,VPN-SES-00269,0xfd305556,40.69,26553,3659293,89931.01,719448.12,719448.12,144.54,35.68,94,217,0.009507,0.004539,0.921,Attack,DOS_FLOOD,1,140115,3,4
FLW-0001471,VPN-SES-00269,0xfd305556,7.87,78,8650,1099.11,8792.88,8792.88,110.13,21.6,65,147,1.424989,0.519526,0.548,ICMP,BENIGN,0,61,0,0
FLW-0001472,VPN-SES-00269,0xfd305556,123.3,2019,777891,6308.93,50471.44,50471.44,351.54,257.43,40,723,1.264218,1.333622,0.448,WhatsApp,BENIGN,0,1904,0,3
FLW-0001473,VPN-SES-00269,0xfd305556,33.94,62,5492,161.81,1294.52,1294.52,84.17,22.2,45,111,1.180957,0.242405,0.662,ICMP,BENIGN,0,43,0,0
FLW-0001474,VPN-SES-00270,0xa296ae08,11.82,1820,149400,12639.59,101116.75,101116.75,87.47,40.13,40,137,0.025568,0.010856,0.825,Attack,PORT_SCAN,1,5610,0,1
FLW-0001475,VPN-SES-00270,0xa296ae08,87.31,1498,606854,6950.57,55604.54,55604.54,415.96,418.54,40,1081,0.437822,0.571658,0.409,Web_Browsing,BENIGN,0,2000,0,1
FLW-0001476,VPN-SES-00270,0xa296ae08,6.92,27,2662,384.68,3077.46,3077.46,94.05,20.94,58,128,0.85129,0.37201,0.617,ICMP,BENIGN,0,21,0,0
FLW-0001477,VPN-SES-00270,0xa296ae08,71.78,4457,478975,6672.82,53382.56,53382.56,108.55,47.96,40,208,0.071322,0.053425,0.5,VoIP,BENIGN,0,4684,0,0
FLW-0001478,VPN-SES-00270,0xa296ae08,17.66,4673,454743,25749.89,205999.09,205999.09,101.02,41.33,40,174,0.02294,0.015699,0.874,Attack,PORT_SCAN,1,13756,0,4
FLW-0001479,VPN-SES-00270,0xa296ae08,170.2,363,70703,415.41,3323.29,3323.29,206.3,38.04,148,261,2.984337,1.178343,0.433,Attack,C2_BEACONING,1,419,0,2
FLW-0001480,VPN-SES-00271,0x2bf43b9f,35.87,424,135103,3766.46,30131.7,30131.7,321.87,101.08,102,448,0.184257,0.122526,0.558,Attack,BRUTE_FORCE,1,1025,0,1
FLW-0001481,VPN-SES-00271,0x2bf43b9f,19.91,960,156498,7860.27,62882.17,62882.17,175.3,36.13,104,252,0.042506,0.016611,0.542,VoIP,BENIGN,0,930,0,2
FLW-0001482,VPN-SES-00271,0x2bf43b9f,97.62,18718,24802515,254072.07,2032576.52,2032576.52,1382.51,188.89,1028,1500,0.02325,0.007035,0.98,Attack,DATA_EXFILTRATION,1,51925,0,4
FLW-0001483,VPN-SES-00272,0x540dd09f,7.32,102,80171,10952.32,87618.58,87618.58,762.91,433.67,183,1500,0.443406,0.314229,0.53,Email_IMAP,BENIGN,0,95,0,0
FLW-0001484,VPN-SES-00272,0x540dd09f,7.56,322,54080,7153.44,57227.51,57227.51,162.04,49.37,86,247,0.06458,0.046386,0.645,VoIP,BENIGN,0,383,0,0
FLW-0001485,VPN-SES-00272,0x540dd09f,21.78,1813,1993743,91540.08,732320.66,732320.66,1190.85,219.38,793,1500,0.020149,0.017186,0.024,Video_Streaming,BENIGN,0,2487,0,3
FLW-0001486,VPN-SES-00272,0x540dd09f,22.51,75,8068,358.42,2867.35,2867.35,110.12,29.59,62,153,0.966984,0.432812,0.524,ICMP,BENIGN,0,58,0,0
FLW-0001487,VPN-SES-00272,0x540dd09f,19.73,84,9662,489.71,3917.69,3917.69,110.95,33.79,65,167,1.23957,0.467459,0.479,ICMP,BENIGN,0,59,1,0
FLW-0001488,VPN-SES-00272,0x540dd09f,18.03,2885,3494502,193815.97,1550527.79,1550527.79,1326.7,234.44,856,1500,0.034435,0.033058,0.163,Video_Streaming,BENIGN,0,3936,0,2
FLW-0001489,VPN-SES-00272,0x540dd09f,5.74,156,119409,20802.96,166423.69,166423.69,800.08,444.32,40,1500,0.315636,0.48361,0.322,Web_Browsing,BENIGN,0,140,0,2
FLW-0001490,VPN-SES-00272,0x540dd09f,50.35,1362,289373,5747.23,45977.84,45977.84,222.07,73.64,99,331,0.254757,0.179564,0.787,Attack,BRUTE_FORCE,1,3181,0,5
FLW-0001491,VPN-SES-00273,0x8c0a8f90,12.78,122,80466,6296.24,50369.95,50369.95,667.25,177.71,376,950,1.348332,1.001259,0.415,Email_IMAP,BENIGN,0,157,0,1
FLW-0001492,VPN-SES-00273,0x8c0a8f90,38.33,704,573822,14970.57,119764.57,119764.57,848.2,219.56,399,1170,0.397695,0.415473,0.574,Email_IMAP,BENIGN,0,847,0,2
FLW-0001493,VPN-SES-00273,0x8c0a8f90,239.66,231,38418,160.3,1282.42,1282.42,157.19,72.77,40,268,5.800234,2.030653,0.495,Attack,C2_BEACONING,1,259,0,3
FLW-0001494,VPN-SES-00273,0x8c0a8f90,51.02,898,763762,14969.85,119758.84,119758.84,910.04,360.49,301,1391,0.408391,0.274546,0.639,Email_IMAP,BENIGN,0,1112,0,3
FLW-0001495,VPN-SES-00273,0x8c0a8f90,64.41,3237,531231,8247.65,65981.18,65981.18,157.66,31.26,113,201,0.019954,0.010474,0.402,VoIP,BENIGN,0,3870,0,0
FLW-0001496,VPN-SES-00273,0x8c0a8f90,40.04,50033,8202362,204854.2,1638833.57,1638833.57,169.58,43.35,109,263,0.007199,0.004194,0.825,Attack,DOS_FLOOD,1,271160,3,6
FLW-0001497,VPN-SES-00273,0x8c0a8f90,380.46,172,26604,69.93,559.41,559.41,165.25,96.82,40,318,3.7877,1.162632,0.428,Attack,C2_BEACONING,1,246,0,3
FLW-0001498,VPN-SES-00273,0x8c0a8f90,73.05,3065,2659838,36411.2,291289.58,291289.58,902.36,430.82,40,1500,0.533619,0.785636,0.367,Web_Browsing,BENIGN,0,2789,0,2
FLW-0001499,VPN-SES-00274,0x486a9050,60.1,3294,3090110,51416.14,411329.12,411329.12,957.27,312.24,493,1472,0.644342,0.838817,0.353,Web_Browsing,BENIGN,0,3426,0,2
FLW-0001500,VPN-SES-00274,0x486a9050,9.49,161,118678,12505.58,100044.68,100044.68,714.34,296.04,257,1166,0.620617,0.460051,0.634,Email_IMAP,BENIGN,0,143,0,0
FLW-0001501,VPN-SES-00274,0x486a9050,18.01,73,7922,439.87,3518.93,3518.93,102.87,25.62,63,139,1.134112,0.358988,0.636,ICMP,BENIGN,0,56,0,1
FLW-0001502,VPN-SES-00275,0xb460cf44,57.74,1548,201621,3491.88,27935.02,27935.02,130.68,53.28,40,218,0.021813,0.007629,0.532,VoIP,BENIGN,0,1975,1,2
FLW-0001503,VPN-SES-00275,0xb460cf44,106.12,361,107957,1017.31,8138.48,8138.48,305.27,144.55,40,539,1.455317,1.726984,0.404,WhatsApp,BENIGN,0,349,0,0
FLW-0001504,VPN-SES-00275,0xb460cf44,35.97,5978,7988815,222096.61,1776772.87,1776772.87,1306.05,249.8,896,1500,0.043031,0.025006,0.785,Attack,DATA_EXFILTRATION,1,16913,0,4
FLW-0001505,VPN-SES-00275,0xb460cf44,67.34,4147,3127842,46448.5,371588.0,371588.0,725.46,605.07,40,1500,0.583086,0.516093,0.3,Web_Browsing,BENIGN,0,4013,0,0
FLW-0001506,VPN-SES-00276,0x3055adec,192.42,11100,13031084,67722.09,541776.7,541776.7,1266.54,202.0,1004,1500,0.021893,0.020072,0.02,Video_Streaming,BENIGN,0,18029,0,2
FLW-0001507,VPN-SES-00276,0x3055adec,4.2,14,1508,359.05,2872.38,2872.38,106.68,29.17,55,149,1.130332,0.279925,0.574,ICMP,BENIGN,0,14,0,0
FLW-0001508,VPN-SES-00276,0x3055adec,5.81,48,4683,806.02,6448.19,6448.19,99.0,42.35,40,179,1.680554,0.551852,0.517,ICMP,BENIGN,0,31,0,0
FLW-0001509,VPN-SES-00276,0x3055adec,98.53,683,185200,1879.63,15037.04,15037.04,272.9,169.83,40,543,0.79184,0.774308,0.486,WhatsApp,BENIGN,0,496,0,0
FLW-0001510,VPN-SES-00276,0x3055adec,14.3,287,107244,7499.58,59996.64,59996.64,394.01,207.77,40,700,1.240275,1.326228,0.481,WhatsApp,BENIGN,0,296,0,0
FLW-0001511,VPN-SES-00276,0x3055adec,41.59,55061,8537069,205267.35,1642138.78,1642138.78,152.46,42.88,90,221,0.005276,0.001565,0.973,Attack,DOS_FLOOD,1,250192,2,1
FLW-0001512,VPN-SES-00277,0x499e4d08,30.53,784,751071,24601.08,196808.65,196808.65,925.7,409.1,130,1500,0.371411,0.514264,0.323,Web_Browsing,BENIGN,0,1100,0,0
FLW-0001513,VPN-SES-00277,0x499e4d08,61.08,984,258201,4227.26,33818.07,33818.07,273.38,240.12,40,781,1.204282,1.683021,0.511,WhatsApp,BENIGN,0,946,0,0
FLW-0001514,VPN-SES-00277,0x499e4d08,34.59,268,29034,839.38,6715.0,6715.0,119.25,28.68,59,153,0.615889,0.241457,0.384,ICMP,BENIGN,0,223,0,2
FLW-0001515,VPN-SES-00278,0x9c4a62ba,150.28,116,21321,141.88,1135.0,1135.0,168.31,63.66,40,297,4.027199,1.638507,0.55,Attack,C2_BEACONING,1,150,0,1
FLW-0001516,VPN-SES-00278,0x9c4a62ba,41.17,20239,2705691,65719.97,525759.73,525759.73,128.24,28.73,75,166,0.009579,0.003763,0.669,Attack,DOS_FLOOD,1,103809,2,1
FLW-0001517,VPN-SES-00278,0x9c4a62ba,7.23,194,151761,20990.46,167923.65,167923.65,717.56,369.42,40,1164,0.479182,0.319328,0.548,Email_IMAP,BENIGN,0,215,0,1
FLW-0001518,VPN-SES-00278,0x9c4a62ba,187.62,1837,822237,4382.46,35059.67,35059.67,433.87,163.88,216,732,1.735632,2.230109,0.557,WhatsApp,BENIGN,0,1992,0,0
FLW-0001519,VPN-SES-00278,0x9c4a62ba,23.21,1581,208090,8965.53,71724.26,71724.26,120.96,55.31,40,240,0.052785,0.04278,0.46,VoIP,BENIGN,0,1880,0,1
FLW-0001520,VPN-SES-00278,0x9c4a62ba,4.48,1047,107947,24095.31,192762.5,192762.5,103.57,36.39,40,149,0.021259,0.015119,0.804,Attack,PORT_SCAN,1,3328,1,3
FLW-0001521,VPN-SES-00278,0x9c4a62ba,177.55,3204,1321700,7444.1,59552.8,59552.8,406.35,270.86,40,753,2.241756,2.553893,0.291,WhatsApp,BENIGN,0,2202,0,0
FLW-0001522,VPN-SES-00279,0x776c269f,444.18,730,132795,298.97,2391.73,2391.73,173.28,49.02,85,243,4.861546,1.522689,0.503,Attack,C2_BEACONING,1,927,0,0
FLW-0001523,VPN-SES-00279,0x776c269f,17.64,14,1254,71.09,568.71,568.71,93.51,15.86,61,121,1.521457,0.412201,0.695,ICMP,BENIGN,0,16,0,1
FLW-0001524,VPN-SES-00279,0x776c269f,12.04,2908,289222,24021.76,192174.09,192174.09,101.24,24.83,59,149,0.021873,0.010236,0.731,Attack,PORT_SCAN,1,8336,0,3
FLW-0001525,VPN-SES-00279,0x776c269f,86.8,4345,637962,7349.79,58798.34,58798.34,148.81,55.29,62,233,0.02783,0.024668,0.619,VoIP,BENIGN,0,4704,0,0
FLW-0001526,VPN-SES-00279,0x776c269f,29.91,201,20237,676.6,5412.77,5412.77,94.17,28.44,46,132,0.32122,0.111833,0.548,ICMP,BENIGN,0,146,0,0
FLW-0001527,VPN-SES-00279,0x776c269f,494.17,919,162207,328.24,2625.93,2625.93,185.76,48.15,117,261,5.994292,3.04891,0.587,Attack,C2_BEACONING,1,1319,0,3
FLW-0001528,VPN-SES-00279,0x776c269f,54.06,3774,5490455,101562.25,812497.97,812497.97,1342.61,215.04,895,1500,0.04132,0.032973,0.125,Video_Streaming,BENIGN,0,4305,1,0
FLW-0001529,VPN-SES-00279,0x776c269f,10.84,305,238445,21996.77,175974.17,175974.17,867.28,476.0,195,1500,0.522417,0.400808,0.549,Email_IMAP,BENIGN,0,321,0,1
FLW-0001530,VPN-SES-00280,0x150e1961,311.01,61092,81211316,261121.24,2088969.9,2088969.9,1277.09,183.49,901,1500,0.025554,0.021212,0.268,Video_Streaming,BENIGN,0,79220,1,0
FLW-0001531,VPN-SES-00280,0x150e1961,114.72,7087,8157535,71108.22,568865.76,568865.76,1199.87,136.46,1024,1371,0.0264,0.010284,0.81,Attack,DATA_EXFILTRATION,1,20040,0,3
FLW-0001532,VPN-SES-00280,0x150e1961,19.65,347,292708,14896.08,119168.65,119168.65,795.47,528.38,40,1500,0.734581,0.602868,0.309,Web_Browsing,BENIGN,0,466,0,1
FLW-0001533,VPN-SES-00281,0x44cb7b9a,3.3,13,1445,437.88,3503.03,3503.03,118.85,32.07,54,181,0.722748,0.276929,0.62,ICMP,BENIGN,0,11,0,0
FLW-0001534,VPN-SES-00281,0x44cb7b9a,67.74,837,512731,7569.1,60552.82,60552.82,668.92,444.66,40,1422,0.87875,0.76627,0.514,Email_IMAP,BENIGN,0,1018,0,0
FLW-0001535,VPN-SES-00281,0x44cb7b9a,217.76,37363,46386446,213016.38,1704131.01,1704131.01,1349.11,260.98,796,1500,0.077544,0.062712,0.076,Video_Streaming,BENIGN,0,60399,1,0
FLW-0001536,VPN-SES-00281,0x44cb7b9a,71.56,1797,1277391,17850.63,142805.03,142805.03,736.01,504.94,40,1500,0.405427,0.399699,0.349,Web_Browsing,BENIGN,0,1869,0,2
FLW-0001537,VPN-SES-00282,0xc01c337e,211.38,19208,26865380,127095.18,1016761.47,1016761.47,1321.66,215.81,900,1500,0.031274,0.017421,0.165,Video_Streaming,BENIGN,0,23114,0,0
FLW-0001538,VPN-SES-00282,0xc01c337e,42.17,1627,1201003,28480.03,227840.27,227840.27,806.5,455.18,40,1411,0.361777,0.305884,0.371,Web_Browsing,BENIGN,0,1461,0,1
FLW-0001539,VPN-SES-00282,0xc01c337e,129.79,7533,1020506,7862.75,62901.98,62901.98,134.13,34.06,62,186,0.044846,0.031172,0.738,VoIP,BENIGN,0,8632,0,0
FLW-0001540,VPN-SES-00282,0xc01c337e,143.8,6817,7740654,53829.3,430634.44,430634.44,1128.99,308.88,521,1500,0.064724,0.055964,0.11,Video_Streaming,BENIGN,0,11832,0,1
FLW-0001541,VPN-SES-00282,0xc01c337e,19.46,43,4326,222.3,1778.42,1778.42,101.78,36.95,40,172,0.677513,0.2866,0.609,ICMP,BENIGN,0,41,0,0
FLW-0001542,VPN-SES-00282,0xc01c337e,15.52,53,4072,262.37,2098.97,2098.97,84.03,31.2,40,126,0.734806,0.196474,0.44,ICMP,BENIGN,0,44,0,0
FLW-0001543,VPN-SES-00282,0xc01c337e,20.7,27033,4018620,194136.23,1553089.86,1553089.86,141.6,46.93,78,225,0.00348,0.001183,0.83,Attack,DOS_FLOOD,1,136263,2,2
FLW-0001544,VPN-SES-00283,0x71025637,200.73,20515,24713342,123117.33,984938.65,984938.65,1296.46,242.6,879,1500,0.044641,0.020792,0.02,Video_Streaming,BENIGN,0,31455,0,0
FLW-0001545,VPN-SES-00283,0x71025637,469.36,470,130945,278.99,2231.89,2231.89,262.61,72.55,118,379,3.2691,2.121892,0.587,Attack,C2_BEACONING,1,454,0,1
FLW-0001546,VPN-SES-00283,0x71025637,22.97,1082,160236,6975.88,55807.05,55807.05,155.54,19.21,113,184,0.046657,0.015817,0.594,VoIP,BENIGN,0,1285,0,4
FLW-0001547,VPN-SES-00283,0x71025637,24.06,204,60184,2501.41,20011.31,20011.31,306.36,164.52,40,635,1.09141,1.377052,0.529,WhatsApp,BENIGN,0,203,0,0
FLW-0001548,VPN-SES-00283,0x71025637,44.55,1508,1169763,26257.31,210058.45,210058.45,718.33,493.65,40,1438,0.244189,0.314316,0.316,Web_Browsing,BENIGN,0,1325,0,2
FLW-0001549,VPN-SES-00284,0xf585a0a5,4.76,176,144971,30456.09,243648.74,243648.74,771.33,235.49,360,1164,0.595435,0.899785,0.406,Web_Browsing,BENIGN,0,200,0,0
FLW-0001550,VPN-SES-00284,0xf585a0a5,11.77,15060,2094795,177977.49,1423819.88,1423819.88,143.0,33.06,82,188,0.009157,0.00356,0.839,Attack,DOS_FLOOD,1,75272,3,2
FLW-0001551,VPN-SES-00284,0xf585a0a5,15.14,52,5647,372.99,2983.88,2983.88,101.05,16.97,70,123,1.199184,0.636168,0.628,ICMP,BENIGN,0,44,0,0
FLW-0001552,VPN-SES-00284,0xf585a0a5,24.27,122,12459,513.35,4106.8,4106.8,97.97,21.85,59,129,1.442669,0.574129,0.47,ICMP,BENIGN,0,83,0,0
FLW-0001553,VPN-SES-00284,0xf585a0a5,40.07,1590,518462,12938.91,103511.26,103511.26,302.05,131.76,79,573,0.084677,0.090768,0.735,Attack,BRUTE_FORCE,1,3735,0,1
FLW-0001554,VPN-SES-00284,0xf585a0a5,86.95,1736,425035,4888.27,39106.15,39106.15,271.15,194.63,40,637,0.615864,0.424864,0.37,WhatsApp,BENIGN,0,1331,0,1
FLW-0001555,VPN-SES-00285,0xfc7ef0ab,20.59,610,114396,5555.9,44447.21,44447.21,185.22,48.85,103,263,0.038979,0.020535,0.419,VoIP,BENIGN,0,807,0,2
FLW-0001556,VPN-SES-00285,0xfc7ef0ab,41.32,851,707479,17121.95,136975.61,136975.61,916.87,310.91,388,1500,0.427959,0.469818,0.514,Email_IMAP,BENIGN,0,933,0,0
FLW-0001557,VPN-SES-00285,0xfc7ef0ab,235.53,581,101100,429.24,3433.96,3433.96,180.73,55.98,79,276,7.570396,3.671636,0.448,Attack,C2_BEACONING,1,495,0,2
FLW-0001558,VPN-SES-00286,0x32ecf870,22.16,84,9135,412.23,3297.83,3297.83,111.59,25.54,59,163,1.854586,0.756587,0.555,ICMP,BENIGN,0,44,1,1
FLW-0001559,VPN-SES-00286,0x32ecf870,21.59,132,15711,727.7,5821.58,5821.58,124.32,11.66,103,138,0.493812,0.275687,0.637,ICMP,BENIGN,0,65,0,0
FLW-0001560,VPN-SES-00286,0x32ecf870,31.85,188,70727,2220.63,17765.02,17765.02,374.15,503.53,40,1208,0.460233,0.510749,0.469,Email_IMAP,BENIGN,0,158,0,0
FLW-0001561,VPN-SES-00287,0x82dadc21,159.48,8660,12329412,77310.08,618480.66,618480.66,1325.09,249.62,930,1500,0.028787,0.032295,0.249,Video_Streaming,BENIGN,0,9180,0,1
FLW-0001562,VPN-SES-00287,0x82dadc21,284.41,60025,86338757,303571.45,2428571.63,2428571.63,1314.1,151.8,1041,1500,0.046164,0.048124,0.152,Video_Streaming,BENIGN,0,90411,1,0
FLW-0001563,VPN-SES-00287,0x82dadc21,35.25,672,360729,10233.45,81867.57,81867.57,537.0,545.93,40,1225,0.29172,0.26061,0.382,Web_Browsing,BENIGN,0,922,0,0
FLW-0001564,VPN-SES-00287,0x82dadc21,70.96,22409,32346378,455839.6,3646716.8,3646716.8,1370.14,242.63,887,1500,0.02169,0.01202,0.98,Attack,DATA_EXFILTRATION,1,82301,0,1
FLW-0001565,VPN-SES-00287,0x82dadc21,17.32,169,13712,791.69,6333.49,6333.49,83.97,18.02,62,107,1.162423,0.269475,0.405,ICMP,BENIGN,0,128,0,0
FLW-0001566,VPN-SES-00287,0x82dadc21,59.26,252,210151,3546.25,28370.03,28370.03,862.89,341.54,428,1275,0.424945,0.290109,0.475,Email_IMAP,BENIGN,0,229,0,2
FLW-0001567,VPN-SES-00288,0x1182144d,136.85,18745,27169472,198534.69,1588277.5,1588277.5,1392.79,258.83,939,1500,0.025946,0.013261,0.98,Attack,DATA_EXFILTRATION,1,67996,0,5
FLW-0001568,VPN-SES-00288,0x1182144d,33.65,1178,152570,4534.03,36272.21,36272.21,139.2,32.86,96,197,0.033153,0.016602,0.509,VoIP,BENIGN,0,1026,0,1
FLW-0001569,VPN-SES-00288,0x1182144d,150.71,130,28082,186.33,1490.65,1490.65,223.83,56.96,107,295,2.997957,2.786797,0.498,Attack,C2_BEACONING,1,162,0,4
FLW-0001570,VPN-SES-00288,0x1182144d,40.48,291,233554,5769.61,46156.92,46156.92,732.1,401.79,233,1355,0.569747,0.390601,0.491,Email_IMAP,BENIGN,0,302,0,0
FLW-0001571,VPN-SES-00289,0x8046425d,164.53,31872,36207684,220067.37,1760538.94,1760538.94,1216.92,269.17,646,1500,0.020061,0.012983,0.042,Video_Streaming,BENIGN,0,32513,1,0
FLW-0001572,VPN-SES-00289,0x8046425d,218.44,39530,45166925,206770.39,1654163.16,1654163.16,1198.81,235.83,826,1484,0.016626,0.020799,0.069,Video_Streaming,BENIGN,0,59857,0,0
FLW-0001573,VPN-SES-00289,0x8046425d,12.67,314,244342,19285.08,154280.66,154280.66,839.55,350.76,134,1397,0.244664,0.188401,0.449,Web_Browsing,BENIGN,0,341,0,1
FLW-0001574,VPN-SES-00289,0x8046425d,21.0,66,6794,323.52,2588.19,2588.19,100.25,21.93,72,128,0.792699,0.247723,0.283,ICMP,BENIGN,0,46,0,1
FLW-0001575,VPN-SES-00290,0xd3af3d93,24.02,4553,5795916,241295.42,1930363.36,1930363.36,1242.06,181.58,1004,1500,0.014766,0.005726,0.92,Attack,DATA_EXFILTRATION,1,11150,0,3
FLW-0001576,VPN-SES-00290,0xd3af3d93,28.68,1647,423897,14780.23,118241.84,118241.84,246.63,127.81,40,504,0.21417,0.120085,0.581,Attack,BRUTE_FORCE,1,3893,0,2
FLW-0001577,VPN-SES-00290,0xd3af3d93,132.54,222,43616,329.08,2632.62,2632.62,185.96,74.17,79,329,4.589937,2.23419,0.63,Attack,C2_BEACONING,1,219,0,3
FLW-0001578,VPN-SES-00290,0xd3af3d93,209.65,43884,53792900,256584.31,2052674.46,2052674.46,1137.67,215.33,732,1500,0.027683,0.023006,0.156,Video_Streaming,BENIGN,0,49275,0,0
FLW-0001579,VPN-SES-00291,0x3fd6129a,33.87,336,380300,11228.23,89825.8,89825.8,1188.12,185.64,903,1500,0.271669,0.248831,0.524,Email_IMAP,BENIGN,0,273,0,4
FLW-0001580,VPN-SES-00291,0x3fd6129a,20.36,47,5474,268.86,2150.88,2150.88,119.67,28.15,77,162,1.186827,0.453024,0.418,ICMP,BENIGN,0,34,0,2
FLW-0001581,VPN-SES-00291,0x3fd6129a,7.9,733,52078,6592.15,52737.22,52737.22,75.57,44.18,40,149,0.026394,0.018107,0.856,Attack,PORT_SCAN,1,1784,0,3
FLW-0001582,VPN-SES-00292,0x356df639,32.81,142,135481,4129.26,33034.07,33034.07,869.75,467.16,40,1469,0.708556,0.643089,0.605,Email_IMAP,BENIGN,0,158,0,0
FLW-0001583,VPN-SES-00292,0x356df639,23.88,1020,311894,13060.89,104487.1,104487.1,289.58,143.6,40,513,0.133887,0.080315,0.479,Attack,BRUTE_FORCE,1,2505,0,1
FLW-0001584,VPN-SES-00292,0x356df639,67.79,902,922272,13604.84,108838.71,108838.71,940.49,483.08,164,1500,0.300865,0.320686,0.466,Web_Browsing,BENIGN,0,1259,0,3
FLW-0001585,VPN-SES-00292,0x356df639,19.0,832,197910,10416.32,83330.53,83330.53,262.01,149.25,40,549,0.119688,0.075019,0.587,Attack,BRUTE_FORCE,1,1272,0,1
FLW-0001586,VPN-SES-00292,0x356df639,49.5,1099,150562,3041.66,24333.25,24333.25,146.59,33.29,73,215,0.040682,0.025797,0.766,VoIP,BENIGN,0,944,0,0
FLW-0001587,VPN-SES-00292,0x356df639,31.14,324,253747,8148.59,65188.7,65188.7,763.32,384.81,40,1419,0.448838,0.635122,0.373,Web_Browsing,BENIGN,0,452,0,2
FLW-0001588,VPN-SES-00293,0x137f5347,32.0,1080,847736,26491.75,211934.0,211934.0,792.19,511.21,118,1500,0.387942,0.351278,0.599,Email_IMAP,BENIGN,0,843,0,2
FLW-0001589,VPN-SES-00293,0x137f5347,38.84,6096,7443441,191643.69,1533149.54,1533149.54,1342.18,155.91,1073,1500,0.024292,0.016253,0.864,Attack,DATA_EXFILTRATION,1,22202,1,1
FLW-0001590,VPN-SES-00293,0x137f5347,17.98,31,3364,187.1,1496.77,1496.77,98.77,24.7,44,140,1.228146,0.272788,0.542,ICMP,BENIGN,0,23,0,0
FLW-0001591,VPN-SES-00293,0x137f5347,18.72,724,105080,5613.25,44905.98,44905.98,151.52,31.83,89,202,0.054955,0.035727,0.495,VoIP,BENIGN,0,558,1,0
FLW-0001592,VPN-SES-00293,0x137f5347,16.5,81,7676,465.21,3721.7,3721.7,98.41,26.56,57,136,1.035459,0.431207,0.552,ICMP,BENIGN,0,49,0,1
FLW-0001593,VPN-SES-00293,0x137f5347,35.93,2391,2708605,75385.61,603084.89,603084.89,1243.47,283.06,776,1500,0.045791,0.03373,0.169,Video_Streaming,BENIGN,0,3149,0,1
FLW-0001594,VPN-SES-00293,0x137f5347,67.72,2556,1924906,28424.48,227395.87,227395.87,721.13,359.33,89,1321,0.274916,0.273959,0.346,Web_Browsing,BENIGN,0,3426,1,2
FLW-0001595,VPN-SES-00293,0x137f5347,61.73,1745,1373597,22251.69,178013.54,178013.54,836.89,406.01,333,1368,0.361335,0.457128,0.464,Email_IMAP,BENIGN,0,1320,0,2
FLW-0001596,VPN-SES-00294,0x82cfbb0e,10.69,266,217407,20337.42,162699.35,162699.35,799.57,382.16,132,1500,0.25889,0.207676,0.474,Web_Browsing,BENIGN,0,377,0,1
FLW-0001597,VPN-SES-00294,0x82cfbb0e,5.88,50,5392,917.01,7336.05,7336.05,104.65,20.99,76,134,0.95954,0.337544,0.483,ICMP,BENIGN,0,34,1,1
FLW-0001598,VPN-SES-00294,0x82cfbb0e,38.13,933,479063,12563.94,100511.51,100511.51,492.28,555.7,40,1302,0.418598,0.285669,0.496,Email_IMAP,BENIGN,0,856,0,4
FLW-0001599,VPN-SES-00294,0x82cfbb0e,75.12,16961,23853959,317544.72,2540357.72,2540357.72,1280.71,164.26,1003,1485,0.031736,0.037437,0.944,Attack,DATA_EXFILTRATION,1,46692,1,0
FLW-0001600,VPN-SES-00294,0x82cfbb0e,23.5,205,159455,6785.32,54282.55,54282.55,827.14,628.72,40,1500,0.313622,0.348957,0.291,Web_Browsing,BENIGN,0,254,0,2
FLW-0001601,VPN-SES-00294,0x82cfbb0e,33.17,1112,1261614,38034.79,304278.32,304278.32,1256.37,436.93,722,1500,0.589106,1.003701,0.564,Email_IMAP,BENIGN,0,1093,0,0
FLW-0001602,VPN-SES-00294,0x82cfbb0e,121.49,2579,522611,4301.68,34413.43,34413.43,194.25,179.93,40,411,1.487683,1.217853,0.514,WhatsApp,BENIGN,0,3076,0,0
FLW-0001603,VPN-SES-00294,0x82cfbb0e,75.79,7140,8441058,111374.3,890994.38,890994.38,1193.87,264.94,646,1500,0.048203,0.036079,0.02,Video_Streaming,BENIGN,0,9400,1,0
FLW-0001604,VPN-SES-00295,0x2e7d8f7b,161.59,7809,9847244,60939.69,487517.49,487517.49,1286.32,274.28,825,1500,0.026359,0.018569,0.109,Video_Streaming,BENIGN,0,10865,0,0
FLW-0001605,VPN-SES-00295,0x2e7d8f7b,54.47,708,300264,5512.47,44099.72,44099.72,417.17,500.35,40,1397,0.592541,0.566804,0.397,Email_IMAP,BENIGN,0,745,0,0
FLW-0001606,VPN-SES-00295,0x2e7d8f7b,13.92,114,49722,3571.98,28575.86,28575.86,436.5,494.63,40,1190,0.708084,0.871551,0.575,Email_IMAP,BENIGN,0,131,0,1
FLW-0001607,VPN-SES-00295,0x2e7d8f7b,25.46,276,222101,8723.53,69788.22,69788.22,824.28,341.44,97,1360,0.438809,0.404597,0.253,Web_Browsing,BENIGN,0,274,0,0
FLW-0001608,VPN-SES-00295,0x2e7d8f7b,20.17,785,595822,29540.01,236320.08,236320.08,734.76,555.63,40,1500,0.438961,0.660134,0.173,Web_Browsing,BENIGN,0,1011,0,0
FLW-0001609,VPN-SES-00295,0x2e7d8f7b,10.7,3126,339054,31687.29,253498.32,253498.32,103.94,39.31,40,159,0.02196,0.010471,0.77,Attack,PORT_SCAN,1,8121,1,0
FLW-0001610,VPN-SES-00295,0x2e7d8f7b,10.85,302,356911,32895.02,263160.18,263160.18,1079.0,580.88,70,1500,0.379797,0.406346,0.617,Email_IMAP,BENIGN,0,258,0,1
FLW-0001611,VPN-SES-00295,0x2e7d8f7b,10.48,46,5084,485.11,3880.92,3880.92,100.64,25.46,60,146,1.25613,0.647696,0.45,ICMP,BENIGN,0,34,0,2
FLW-0001612,VPN-SES-00296,0xaab62311,17.74,422,316180,17823.0,142583.99,142583.99,821.5,294.54,203,1413,1.055983,1.199261,0.456,Web_Browsing,BENIGN,0,583,0,0
FLW-0001613,VPN-SES-00296,0xaab62311,40.02,812,243700,6089.46,48715.64,48715.64,280.02,220.3,40,743,0.991019,0.726769,0.344,WhatsApp,BENIGN,0,793,0,0
FLW-0001614,VPN-SES-00296,0xaab62311,270.51,242,51923,191.94,1535.56,1535.56,233.71,86.98,81,343,5.595754,1.436461,0.471,Attack,C2_BEACONING,1,350,0,3
FLW-0001615,VPN-SES-00296,0xaab62311,19.33,283,176624,9137.3,73098.4,73098.4,569.84,578.25,40,1500,0.448325,0.350559,0.276,Web_Browsing,BENIGN,0,308,0,1
FLW-0001616,VPN-SES-00296,0xaab62311,17.77,123,65372,3678.78,29430.28,29430.28,528.68,602.58,40,1419,0.840606,0.637188,0.598,Email_IMAP,BENIGN,0,150,0,0
FLW-0001617,VPN-SES-00296,0xaab62311,144.76,2845,647822,4475.15,35801.16,35801.16,249.88,156.96,40,529,2.074919,1.617013,0.463,WhatsApp,BENIGN,0,2532,0,0
FLW-0001618,VPN-SES-00296,0xaab62311,39.78,7157,9317425,234223.86,1873790.85,1873790.85,1257.9,220.67,881,1500,0.033877,0.028193,0.846,Attack,DATA_EXFILTRATION,1,21979,1,1
FLW-0001619,VPN-SES-00296,0xaab62311,7.28,597,59418,8161.81,65294.51,65294.51,91.26,15.13,71,112,0.014094,0.008927,0.652,Attack,PORT_SCAN,1,1447,0,3
FLW-0001620,VPN-SES-00297,0xe399956c,80.8,945,874020,10817.08,86536.63,86536.63,980.78,551.84,51,1500,0.522663,0.932283,0.425,Web_Browsing,BENIGN,0,882,0,0
FLW-0001621,VPN-SES-00297,0xe399956c,204.27,59257,81971723,401291.05,3210328.41,3210328.41,1360.64,236.62,840,1500,0.01293,0.006779,0.831,Attack,DATA_EXFILTRATION,1,202341,1,3
FLW-0001622,VPN-SES-00297,0xe399956c,28.39,126,46776,1647.62,13180.98,13180.98,381.66,291.02,40,981,1.399933,1.128343,0.382,WhatsApp,BENIGN,0,88,0,0
FLW-0001623,VPN-SES-00298,0xc1299cb7,201.49,272,53160,263.83,2110.68,2110.68,213.93,84.45,40,388,3.811966,2.153002,0.702,Attack,C2_BEACONING,1,302,0,2
FLW-0001624,VPN-SES-00298,0xc1299cb7,14.34,133,12399,864.64,6917.15,6917.15,87.18,30.94,49,139,1.037629,0.322838,0.375,ICMP,BENIGN,0,90,0,3
FLW-0001625,VPN-SES-00298,0xc1299cb7,60.33,3082,470620,7800.76,62406.1,62406.1,139.76,51.59,40,227,0.044208,0.029714,0.556,VoIP,BENIGN,0,3811,0,2
FLW-0001626,VPN-SES-00298,0xc1299cb7,22.36,1082,198603,8882.07,71056.53,71056.53,176.35,64.99,40,275,0.09397,0.0368,0.575,Attack,BRUTE_FORCE,1,2677,0,3
FLW-0001627,VPN-SES-00299,0x2e4c3fdf,8.57,48,4457,520.07,4160.56,4160.56,85.43,13.61,65,103,0.760425,0.152426,0.44,ICMP,BENIGN,0,37,0,0
FLW-0001628,VPN-SES-00299,0x2e4c3fdf,28.43,967,153081,5384.49,43075.91,43075.91,163.16,32.99,112,203,0.027422,0.009335,0.503,VoIP,BENIGN,0,879,0,0
FLW-0001629,VPN-SES-00299,0x2e4c3fdf,69.98,2179,1815344,25940.9,207527.18,207527.18,784.95,449.53,40,1428,0.273622,0.230527,0.252,Web_Browsing,BENIGN,0,2265,0,2
FLW-0001630,VPN-SES-00299,0x2e4c3fdf,15.46,4782,400037,25875.61,207004.92,207004.92,88.33,28.5,40,130,0.016828,0.009789,0.912,Attack,PORT_SCAN,1,10111,0,2
FLW-0001631,VPN-SES-00300,0xd71cdac2,17.97,408,375445,20892.88,167143.02,167143.02,854.6,417.52,132,1477,0.51074,0.79078,0.416,Web_Browsing,BENIGN,0,413,0,0
FLW-0001632,VPN-SES-00300,0xd71cdac2,129.79,212,28067,216.25,1729.99,1729.99,145.82,126.01,40,322,4.872346,3.098598,0.562,Attack,C2_BEACONING,1,244,0,4
FLW-0001633,VPN-SES-00300,0xd71cdac2,113.0,1613,373580,3306.02,26448.14,26448.14,214.55,219.93,40,501,0.780108,0.704682,0.585,WhatsApp,BENIGN,0,1125,1,2
FLW-0001634,VPN-SES-00300,0xd71cdac2,23.85,19192,2371015,99413.63,795309.01,795309.01,120.15,41.67,44,203,0.010446,0.005664,0.859,Attack,DOS_FLOOD,1,86647,1,5
FLW-0001635,VPN-SES-00300,0xd71cdac2,98.66,1967,678071,6872.81,54982.44,54982.44,341.75,185.09,40,569,0.47137,0.382019,0.505,WhatsApp,BENIGN,0,2030,0,1
FLW-0001636,VPN-SES-00300,0xd71cdac2,41.09,576,478918,11655.34,93242.74,93242.74,877.59,425.23,324,1429,0.341706,0.366246,0.574,Email_IMAP,BENIGN,0,529,0,0
FLW-0001637,VPN-SES-00301,0xd6cec51b,26.7,1945,612439,22937.79,183502.32,183502.32,289.18,145.12,46,510,0.172044,0.127367,0.453,Attack,BRUTE_FORCE,1,4638,0,4
FLW-0001638,VPN-SES-00301,0xd6cec51b,89.46,7424,10730326,119945.52,959564.14,959564.14,1343.27,347.42,804,1500,0.036775,0.018587,0.228,Video_Streaming,BENIGN,0,9363,0,1
FLW-0001639,VPN-SES-00301,0xd6cec51b,37.17,902,182005,4896.56,39172.45,39172.45,204.13,171.49,40,541,1.08455,1.28694,0.41,WhatsApp,BENIGN,0,831,0,1
FLW-0001640,VPN-SES-00302,0x1e4d364e,148.62,3538,553279,3722.78,29782.21,29782.21,153.2,275.71,40,734,1.290899,1.365267,0.417,WhatsApp,BENIGN,0,3479,0,2
FLW-0001641,VPN-SES-00302,0x1e4d364e,11.21,254,54488,4860.66,38885.28,38885.28,228.44,71.28,84,333,0.116242,0.12419,0.595,Attack,BRUTE_FORCE,1,496,0,1
FLW-0001642,VPN-SES-00302,0x1e4d364e,138.5,104,26092,188.39,1507.12,1507.12,254.4,128.72,40,466,5.772246,2.088672,0.575,Attack,C2_BEACONING,1,120,0,2
FLW-0001643,VPN-SES-00302,0x1e4d364e,14.93,101,10695,716.34,5730.74,5730.74,112.77,25.92,63,150,0.949925,0.141451,0.542,ICMP,BENIGN,0,80,0,1
FLW-0001644,VPN-SES-00302,0x1e4d364e,13.17,104,12595,956.34,7650.72,7650.72,119.8,16.38,95,142,0.954302,0.490421,0.442,ICMP,BENIGN,0,76,0,0
FLW-0001645,VPN-SES-00302,0x1e4d364e,10.3,82,67766,6579.22,52633.79,52633.79,843.43,441.12,40,1500,0.530957,0.461704,0.411,Web_Browsing,BENIGN,0,95,0,1
FLW-0001646,VPN-SES-00302,0x1e4d364e,56.09,1217,1197011,21340.9,170727.19,170727.19,1025.99,379.74,220,1500,0.414114,0.400399,0.481,Email_IMAP,BENIGN,0,1481,0,2
FLW-0001647,VPN-SES-00302,0x1e4d364e,223.73,627,159482,712.83,5702.66,5702.66,252.83,92.41,60,445,4.577664,3.518423,0.431,Attack,C2_BEACONING,1,597,0,0
FLW-0001648,VPN-SES-00303,0x9ddd2994,125.69,989,281499,2239.63,17917.03,17917.03,264.65,186.99,40,659,2.187687,2.118836,0.513,WhatsApp,BENIGN,0,1099,0,1
FLW-0001649,VPN-SES-00303,0x9ddd2994,84.33,7843,10690722,126772.47,1014179.72,1014179.72,1500.0,206.84,1164,1500,0.023499,0.018593,0.888,Attack,DATA_EXFILTRATION,1,17535,0,3
FLW-0001650,VPN-SES-00303,0x9ddd2994,64.1,1107,217325,3390.41,27123.24,27123.24,207.0,188.26,40,468,0.857481,1.025645,0.408,WhatsApp,BENIGN,0,1144,0,0
FLW-0001651,VPN-SES-00303,0x9ddd2994,27.96,3793,4985690,178315.09,1426520.74,1426520.74,1334.7,127.04,1127,1500,0.035984,0.027939,0.038,Video_Streaming,BENIGN,0,4189,2,2
FLW-0001652,VPN-SES-00304,0x7c99ce56,26.1,5027,7756261,297174.75,2377398.01,2377398.01,1406.13,236.44,1026,1500,0.018716,0.010742,0.889,Attack,DATA_EXFILTRATION,1,12083,0,1
FLW-0001653,VPN-SES-00304,0x7c99ce56,29.37,10685,1409579,47993.84,383950.7,383950.7,136.2,35.4,58,190,0.013453,0.00912,0.936,Attack,DOS_FLOOD,1,43561,5,1
FLW-0001654,VPN-SES-00304,0x7c99ce56,30.03,624,372493,12404.03,99232.23,99232.23,609.24,500.79,40,1491,0.338839,0.203993,0.414,Email_IMAP,BENIGN,0,490,0,1
FLW-0001655,VPN-SES-00305,0xda4c3b4d,223.31,14816,18585497,83227.34,665818.71,665818.71,1180.67,223.7,715,1488,0.032364,0.014748,0.203,Video_Streaming,BENIGN,0,16743,1,0
FLW-0001656,VPN-SES-00305,0xda4c3b4d,17.54,60,6280,358.04,2864.31,2864.31,97.49,32.75,45,158,1.285895,0.916357,0.585,ICMP,BENIGN,0,43,0,2
FLW-0001657,VPN-SES-00305,0xda4c3b4d,53.79,1538,220209,4093.87,32750.92,32750.92,149.36,52.53,50,245,0.048984,0.017012,0.599,VoIP,BENIGN,0,2049,0,1
FLW-0001658,VPN-SES-00305,0xda4c3b4d,37.03,768,115041,3106.7,24853.58,24853.58,161.58,22.8,120,200,0.066522,0.040341,0.566,VoIP,BENIGN,0,748,0,0
FLW-0001659,VPN-SES-00305,0xda4c3b4d,6.19,43,4301,694.83,5558.64,5558.64,97.81,23.99,59,146,0.867191,0.210477,0.37,ICMP,BENIGN,0,30,0,1
FLW-0001660,VPN-SES-00305,0xda4c3b4d,19.54,129,12024,615.35,4922.82,4922.82,100.87,29.88,53,153,0.763554,0.169205,0.513,ICMP,BENIGN,0,69,0,0
FLW-0001661,VPN-SES-00306,0x393a60be,63.91,1263,388262,6075.14,48601.1,48601.1,329.22,551.43,40,1477,0.357676,0.237602,0.619,Email_IMAP,BENIGN,0,1134,0,0
FLW-0001662,VPN-SES-00306,0x393a60be,15.64,47,4739,303.01,2424.04,2424.04,100.01,23.36,68,128,1.516991,0.545609,0.464,ICMP,BENIGN,0,47,0,0
FLW-0001663,VPN-SES-00306,0x393a60be,144.82,6102,879211,6071.06,48568.49,48568.49,138.1,53.79,44,244,0.056408,0.025814,0.581,VoIP,BENIGN,0,6088,0,0
FLW-0001664,VPN-SES-00306,0x393a60be,123.63,3709,541518,4380.15,35041.2,35041.2,136.63,43.15,44,229,0.080744,0.054264,0.587,VoIP,BENIGN,0,4476,0,0
FLW-0001665,VPN-SES-00306,0x393a60be,53.56,1349,808511,15095.43,120763.41,120763.41,639.83,507.18,40,1500,0.556779,0.482119,0.624,Email_IMAP,BENIGN,0,1493,1,1
FLW-0001666,VPN-SES-00307,0xf5278ea2,178.96,194,30198,168.74,1349.93,1349.93,146.61,90.11,40,343,4.41277,2.395878,0.563,Attack,C2_BEACONING,1,265,0,3
FLW-0001667,VPN-SES-00307,0xf5278ea2,104.62,644,271634,2596.39,20771.1,20771.1,404.39,294.17,40,995,1.443001,1.559589,0.48,WhatsApp,BENIGN,0,494,0,0
FLW-0001668,VPN-SES-00307,0xf5278ea2,121.99,15720,18517750,151797.28,1214378.23,1214378.23,1167.17,207.55,889,1500,0.042125,0.021051,0.851,Attack,DATA_EXFILTRATION,1,34321,0,2
FLW-0001669,VPN-SES-00308,0x596042b0,73.97,2903,2756376,37263.43,298107.45,298107.45,872.35,495.03,40,1500,0.324526,0.300715,0.522,Web_Browsing,BENIGN,0,4164,0,0
FLW-0001670,VPN-SES-00308,0x596042b0,19.53,2751,262872,13459.91,107679.26,107679.26,98.51,32.45,55,147,0.070991,0.098227,0.743,Attack,PORT_SCAN,1,8303,1,2
FLW-0001671,VPN-SES-00308,0x596042b0,34.69,644,90276,2602.36,20818.91,20818.91,147.98,38.81,88,201,0.052614,0.041605,0.399,VoIP,BENIGN,0,605,0,0
FLW-0001672,VPN-SES-00308,0x596042b0,20.03,158,129448,6462.71,51701.65,51701.65,820.31,525.68,118,1500,0.852847,0.595601,0.53,Email_IMAP,BENIGN,0,139,0,1
FLW-0001673,VPN-SES-00308,0x596042b0,88.45,1015,398802,4508.78,36070.28,36070.28,376.87,321.94,40,825,1.23652,1.236262,0.457,WhatsApp,BENIGN,0,727,0,1
FLW-0001674,VPN-SES-00308,0x596042b0,54.47,964,1056406,19394.27,155154.18,155154.18,1017.79,547.67,40,1500,0.48513,0.34853,0.53,Email_IMAP,BENIGN,0,1067,0,1
FLW-0001675,VPN-SES-00309,0x25f87768,102.13,110,26279,257.31,2058.47,2058.47,234.73,55.56,137,311,2.055108,0.524467,0.601,Attack,C2_BEACONING,1,118,0,5
FLW-0001676,VPN-SES-00309,0x25f87768,38.79,251,65886,1698.53,13588.24,13588.24,285.75,270.46,40,835,0.392438,0.326993,0.537,WhatsApp,BENIGN,0,183,0,1
FLW-0001677,VPN-SES-00309,0x25f87768,52.21,355,219351,4201.32,33610.57,33610.57,612.55,338.77,40,1254,0.243981,0.145989,0.523,Email_IMAP,BENIGN,0,343,0,0
FLW-0001678,VPN-SES-00309,0x25f87768,126.64,676,310088,2448.58,19588.63,19588.63,436.34,185.01,133,689,1.326899,1.277392,0.42,WhatsApp,BENIGN,0,804,0,2
FLW-0001679,VPN-SES-00309,0x25f87768,23.06,5636,448140,19433.65,155469.21,155469.21,86.57,26.81,40,140,0.020329,0.01332,0.799,Attack,PORT_SCAN,1,17023,1,3
FLW-0001680,VPN-SES-00309,0x25f87768,6.28,14,1685,268.31,2146.5,2146.5,111.34,21.6,68,137,0.440278,0.109557,0.516,ICMP,BENIGN,0,21,0,0
FLW-0001681,VPN-SES-00310,0x561ea8aa,79.76,1250,266703,3343.82,26750.55,26750.55,236.38,193.16,40,500,1.230817,1.225405,0.46,WhatsApp,BENIGN,0,1449,0,1
FLW-0001682,VPN-SES-00310,0x561ea8aa,43.68,1475,441676,10111.63,80893.04,80893.04,311.37,162.28,40,622,0.149256,0.100359,0.64,Attack,BRUTE_FORCE,1,3471,0,3
FLW-0001683,VPN-SES-00310,0x561ea8aa,252.56,37273,57991907,229616.36,1836930.85,1836930.85,1443.02,189.15,1107,1500,0.016753,0.011664,0.143,Video_Streaming,BENIGN,0,61059,0,1
FLW-0001684,VPN-SES-00311,0xf9a002a4,27.59,218,25827,936.1,7488.8,7488.8,108.21,22.11,79,137,0.56105,0.170537,0.502,ICMP,BENIGN,0,141,0,0
FLW-0001685,VPN-SES-00311,0xf9a002a4,306.93,62829,89711685,292287.12,2338296.94,2338296.94,1325.49,325.0,863,1500,0.054713,0.025413,0.02,Video_Streaming,BENIGN,0,100811,2,0
FLW-0001686,VPN-SES-00311,0xf9a002a4,16.98,800,500976,29503.89,236031.1,236031.1,633.37,509.87,40,1500,0.359796,0.23834,0.479,Web_Browsing,BENIGN,0,961,0,3
FLW-0001687,VPN-SES-00311,0xf9a002a4,38.64,1534,1128855,29214.67,233717.39,233717.39,780.41,341.69,139,1249,0.761984,0.687713,0.457,Email_IMAP,BENIGN,0,1660,0,0
FLW-0001688,VPN-SES-00312,0xe51f6de1,17.55,276,48202,2746.55,21972.42,21972.42,189.48,539.63,40,995,0.791499,1.282314,0.334,Web_Browsing,BENIGN,0,343,1,0
FLW-0001689,VPN-SES-00312,0xe51f6de1,62.63,2125,292305,4667.17,37337.38,37337.38,143.69,46.09,45,216,0.071455,0.046349,0.657,VoIP,BENIGN,0,2202,0,1
FLW-0001690,VPN-SES-00312,0xe51f6de1,34.94,1907,1244750,35625.36,285002.86,285002.86,652.13,404.28,40,1174,0.556532,0.547886,0.428,Web_Browsing,BENIGN,0,2646,0,0
FLW-0001691,VPN-SES-00312,0xe51f6de1,25.08,131,12327,491.51,3932.06,3932.06,91.15,26.55,42,143,0.634063,0.188228,0.555,ICMP,BENIGN,0,97,0,0
FLW-0001692,VPN-SES-00312,0xe51f6de1,23.08,531,342151,14824.57,118596.53,118596.53,632.38,381.52,43,1129,1.305672,1.152673,0.505,Email_IMAP,BENIGN,0,398,0,0
FLW-0001693,VPN-SES-00312,0xe51f6de1,124.53,12302,15236788,122354.36,978834.85,978834.85,1149.19,246.9,762,1466,0.028926,0.022024,0.109,Video_Streaming,BENIGN,0,17762,2,1
FLW-0001694,VPN-SES-00312,0xe51f6de1,217.79,27591,37375943,171614.6,1372916.77,1372916.77,1255.81,227.42,892,1500,0.033457,0.016452,0.108,Video_Streaming,BENIGN,0,45542,0,0
FLW-0001695,VPN-SES-00313,0xe857ec60,14.76,1999,257059,17415.92,139327.37,139327.37,119.04,23.77,75,156,0.048653,0.027748,0.694,Attack,PORT_SCAN,1,4032,0,4
FLW-0001696,VPN-SES-00313,0xe857ec60,47.04,364,330282,7021.3,56170.41,56170.41,844.96,210.15,462,1183,1.011172,0.916251,0.571,Email_IMAP,BENIGN,0,374,0,0
FLW-0001697,VPN-SES-00313,0xe857ec60,42.75,1161,744678,17419.37,139354.95,139354.95,597.11,336.44,136,1249,0.318122,0.260822,0.484,Email_IMAP,BENIGN,0,1444,0,0
FLW-0001698,VPN-SES-00314,0xea095b0c,26.19,127,16308,622.68,4981.44,4981.44,116.97,26.84,58,168,0.558249,0.275452,0.446,ICMP,BENIGN,0,88,0,0
FLW-0001699,VPN-SES-00314,0xea095b0c,51.98,2479,590491,11359.97,90879.72,90879.72,245.21,144.56,63,534,0.258021,0.151837,0.671,Attack,BRUTE_FORCE,1,5213,0,0
FLW-0001700,VPN-SES-00314,0xea095b0c,11.9,81,8085,679.41,5435.29,5435.29,110.25,22.02,65,148,1.647014,0.747073,0.447,ICMP,BENIGN,0,51,0,1
FLW-0001701,VPN-SES-00314,0xea095b0c,127.34,348,133851,1051.13,8409.05,8409.05,409.32,300.05,40,1058,1.188206,1.631772,0.427,WhatsApp,BENIGN,0,345,0,1
FLW-0001702,VPN-SES-00314,0xea095b0c,10.28,223,38677,3762.35,30098.83,30098.83,178.68,37.83,131,243,0.020159,0.010456,0.598,VoIP,BENIGN,0,275,0,0
FLW-0001703,VPN-SES-00314,0xea095b0c,39.17,789,686752,17532.6,140260.81,140260.81,886.69,483.45,47,1500,0.56582,0.490906,0.536,Email_IMAP,BENIGN,0,896,0,1
FLW-0001704,VPN-SES-00315,0x65c87441,444.15,235,52452,118.1,944.76,944.76,207.38,65.97,118,338,2.138204,0.917827,0.653,Attack,C2_BEACONING,1,346,0,2
FLW-0001705,VPN-SES-00315,0x65c87441,9.75,105,78227,8023.28,64186.26,64186.26,791.28,244.41,415,1203,0.447399,0.512584,0.497,Email_IMAP,BENIGN,0,96,0,0
FLW-0001706,VPN-SES-00315,0x65c87441,139.39,17995,22249532,159620.72,1276965.75,1276965.75,1170.47,284.71,662,1500,0.046531,0.036424,0.026,Video_Streaming,BENIGN,0,26909,0,0
FLW-0001707,VPN-SES-00315,0x65c87441,31.73,265,29407,926.79,7414.31,7414.31,116.87,34.82,71,173,0.779802,0.102912,0.386,ICMP,BENIGN,0,189,0,0
FLW-0001708,VPN-SES-00315,0x65c87441,16.57,336,94445,5699.76,45598.07,45598.07,304.55,101.81,143,443,0.180686,0.12122,0.614,Attack,BRUTE_FORCE,1,523,0,1
FLW-0001709,VPN-SES-00315,0x65c87441,26.17,49,5390,205.96,1647.69,1647.69,102.31,14.68,77,127,1.102553,0.643999,0.443,ICMP,BENIGN,0,41,1,0
FLW-0001710,VPN-SES-00316,0xae3bc735,18.13,19630,2521435,139075.29,1112602.32,1112602.32,129.76,46.27,40,223,0.005851,0.002531,0.971,Attack,DOS_FLOOD,1,83245,0,2
FLW-0001711,VPN-SES-00316,0xae3bc735,250.05,437,101705,406.74,3253.91,3253.91,232.11,83.89,57,405,6.777719,5.233259,0.421,Attack,C2_BEACONING,1,574,0,0
FLW-0001712,VPN-SES-00316,0xae3bc735,217.77,37076,46821853,215005.98,1720047.87,1720047.87,1211.0,300.33,716,1500,0.048747,0.046761,0.154,Video_Streaming,BENIGN,0,37325,0,0
FLW-0001713,VPN-SES-00316,0xae3bc735,24.97,1224,180918,7245.41,57963.32,57963.32,152.76,58.53,43,267,0.039046,0.016228,0.478,VoIP,BENIGN,0,1206,0,0
FLW-0001714,VPN-SES-00317,0x2f683d6f,181.55,652,120407,663.22,5305.73,5305.73,199.67,147.79,40,437,0.923113,0.938883,0.469,WhatsApp,BENIGN,0,597,0,0
FLW-0001715,VPN-SES-00317,0x2f683d6f,125.49,1653,267831,2134.28,17074.25,17074.25,176.37,123.39,40,447,1.022887,1.033074,0.446,WhatsApp,BENIGN,0,1238,0,1
FLW-0001716,VPN-SES-00317,0x2f683d6f,89.75,5966,8144193,90743.1,725944.78,725944.78,1241.34,242.95,939,1500,0.0338,0.023234,0.216,Video_Streaming,BENIGN,0,7691,1,1
FLW-0001717,VPN-SES-00318,0x3dbdc7cf,78.29,1161,558000,7127.35,57018.78,57018.78,506.97,491.04,40,1107,0.221803,0.303755,0.476,Web_Browsing,BENIGN,0,1525,0,1
FLW-0001718,VPN-SES-00318,0x3dbdc7cf,8.46,2241,170529,20157.09,161256.74,161256.74,69.54,24.78,40,104,0.042412,0.043287,0.828,Attack,PORT_SCAN,1,4882,0,3
FLW-0001719,VPN-SES-00318,0x3dbdc7cf,12.91,412,120980,9371.03,74968.24,74968.24,288.14,100.59,80,496,0.122885,0.081126,0.457,Attack,BRUTE_FORCE,1,608,0,3
FLW-0001720,VPN-SES-00318,0x3dbdc7cf,49.69,9734,13925988,280257.36,2242058.84,2242058.84,1348.87,303.61,896,1500,0.028872,0.020073,0.252,Video_Streaming,BENIGN,0,15024,0,1
FLW-0001721,VPN-SES-00319,0x3067902b,16.92,617,326195,19278.66,154229.31,154229.31,519.21,494.42,40,1333,0.476648,0.423589,0.36,Web_Browsing,BENIGN,0,723,0,0
FLW-0001722,VPN-SES-00319,0x3067902b,90.87,962,1024172,11270.74,90165.91,90165.91,974.14,517.17,189,1500,0.314293,0.27519,0.39,Web_Browsing,BENIGN,0,1099,0,1
FLW-0001723,VPN-SES-00319,0x3067902b,17.35,351,345986,19941.56,159532.45,159532.45,952.98,383.17,468,1500,0.530451,0.593644,0.592,Email_IMAP,BENIGN,0,306,0,1
FLW-0001724,VPN-SES-00319,0x3067902b,66.74,701,329338,4934.64,39477.14,39477.14,487.07,292.06,40,1068,1.815106,1.786946,0.391,WhatsApp,BENIGN,0,749,0,0
FLW-0001725,VPN-SES-00319,0x3067902b,64.11,2058,482780,7530.49,60243.96,60243.96,245.1,495.86,40,882,0.511358,0.542339,0.326,Web_Browsing,BENIGN,0,2923,0,1
FLW-0001726,VPN-SES-00319,0x3067902b,42.74,495,126012,2948.34,23586.71,23586.71,271.53,208.19,40,656,2.245873,2.752245,0.431,WhatsApp,BENIGN,0,424,0,0
FLW-0001727,VPN-SES-00320,0xf5dc6ce5,27.78,1536,209344,7535.78,60286.25,60286.25,136.12,42.47,80,223,0.047589,0.036992,0.506,VoIP,BENIGN,0,1740,0,1
FLW-0001728,VPN-SES-00320,0xf5dc6ce5,92.57,7406,9227923,99685.89,797487.13,797487.13,1345.2,288.5,805,1500,0.020939,0.017227,0.02,Video_Streaming,BENIGN,0,9475,0,1
FLW-0001729,VPN-SES-00320,0xf5dc6ce5,13.23,240,123482,9333.48,74667.88,74667.88,538.76,419.46,40,1394,0.241498,0.288204,0.473,Web_Browsing,BENIGN,0,213,0,1
FLW-0001730,VPN-SES-00320,0xf5dc6ce5,16.23,2081,164501,10135.61,81084.9,81084.9,87.43,22.72,43,120,0.024165,0.016694,0.759,Attack,PORT_SCAN,1,6951,1,3
FLW-0001731,VPN-SES-00320,0xf5dc6ce5,79.37,2017,1657213,20879.59,167036.71,167036.71,836.81,257.5,519,1283,0.392904,0.399644,0.484,Web_Browsing,BENIGN,0,2107,0,0
FLW-0001732,VPN-SES-00320,0xf5dc6ce5,17.25,201,134308,7785.97,62287.77,62287.77,628.43,361.37,40,1093,0.459881,0.490205,0.517,Email_IMAP,BENIGN,0,191,0,2
FLW-0001733,VPN-SES-00320,0xf5dc6ce5,13.91,112,11968,860.39,6883.11,6883.11,102.27,31.7,48,169,1.664928,0.684922,0.503,ICMP,BENIGN,0,69,0,1
FLW-0001734,VPN-SES-00321,0xec233c06,49.44,698,818741,16560.3,132482.36,132482.36,1094.27,588.28,261,1500,0.436673,0.447184,0.378,Web_Browsing,BENIGN,0,698,0,0
FLW-0001735,VPN-SES-00321,0xec233c06,45.27,1501,352764,7792.45,62339.56,62339.56,229.68,101.91,99,375,0.241324,0.076387,0.613,Attack,BRUTE_FORCE,1,3607,0,1
FLW-0001736,VPN-SES-00321,0xec233c06,16.21,3565,374766,23119.43,184955.46,184955.46,107.11,44.76,40,205,0.020867,0.010096,0.694,Attack,PORT_SCAN,1,9008,0,2
FLW-0001737,VPN-SES-00321,0xec233c06,49.21,1112,205416,4174.27,33394.19,33394.19,187.64,146.08,40,373,2.045145,2.811579,0.485,WhatsApp,BENIGN,0,761,0,0
FLW-0001738,VPN-SES-00321,0xec233c06,63.76,257,236439,3708.27,29666.12,29666.12,867.85,504.41,210,1500,0.614238,0.466283,0.581,Email_IMAP,BENIGN,0,304,0,1
FLW-0001739,VPN-SES-00321,0xec233c06,73.18,3187,668106,9129.63,73037.0,73037.0,193.08,37.66,145,254,0.057758,0.030382,0.428,VoIP,BENIGN,0,3498,0,2
FLW-0001740,VPN-SES-00322,0x7a429bd5,31.26,61,7030,224.89,1799.1,1799.1,106.05,22.52,69,155,0.907731,0.224518,0.54,ICMP,BENIGN,0,51,0,1
FLW-0001741,VPN-SES-00322,0x7a429bd5,12.32,104,54095,4390.83,35126.62,35126.62,545.8,599.84,40,1444,0.850778,0.508287,0.464,Email_IMAP,BENIGN,0,128,0,0
FLW-0001742,VPN-SES-00322,0x7a429bd5,51.92,4591,7507689,144601.1,1156808.78,1156808.78,1500.0,288.98,1009,1500,0.09582,0.081626,0.04,Video_Streaming,BENIGN,0,6446,1,0
FLW-0001743,VPN-SES-00322,0x7a429bd5,40.85,150,24404,597.41,4779.24,4779.24,170.86,235.17,40,524,0.533789,0.4998,0.471,WhatsApp,BENIGN,0,123,0,2
FLW-0001744,VPN-SES-00322,0x7a429bd5,68.97,2260,1121893,16266.39,130131.13,130131.13,514.41,405.29,40,1273,0.508171,0.591846,0.294,Web_Browsing,BENIGN,0,2568,1,0
FLW-0001745,VPN-SES-00322,0x7a429bd5,7.58,1742,123721,16322.03,130576.25,130576.25,75.54,40.81,40,153,0.037927,0.026518,0.73,Attack,PORT_SCAN,1,5283,0,3
FLW-0001746,VPN-SES-00323,0x2c5d9fe9,132.53,9139,11589092,87445.05,699560.37,699560.37,1249.08,332.31,809,1500,0.054223,0.050476,0.201,Video_Streaming,BENIGN,0,12903,0,1
FLW-0001747,VPN-SES-00323,0x2c5d9fe9,137.27,2571,1024950,7466.67,59733.37,59733.37,365.36,188.25,40,770,0.926661,0.711163,0.399,WhatsApp,BENIGN,0,2012,1,0
FLW-0001748,VPN-SES-00323,0x2c5d9fe9,138.62,20261,24607792,177519.78,1420158.25,1420158.25,1204.61,217.24,841,1500,0.03724,0.025935,0.171,Video_Streaming,BENIGN,0,25939,1,1
FLW-0001749,VPN-SES-00323,0x2c5d9fe9,77.87,2141,1778647,22841.24,182729.88,182729.88,771.64,458.98,80,1500,0.287509,0.237602,0.281,Web_Browsing,BENIGN,0,2228,0,1
FLW-0001750,VPN-SES-00323,0x2c5d9fe9,34.39,1288,368559,10717.04,85736.32,85736.32,312.84,133.92,131,561,0.277052,0.316611,0.687,Attack,BRUTE_FORCE,1,1895,0,2
FLW-0001751,VPN-SES-00323,0x2c5d9fe9,239.32,37869,51290703,214318.5,1714547.99,1714547.99,1383.72,268.34,1036,1500,0.055898,0.055491,0.117,Video_Streaming,BENIGN,0,37539,1,0
FLW-0001752,VPN-SES-00323,0x2c5d9fe9,4.18,897,69727,16681.1,133448.8,133448.8,82.88,23.67,40,123,0.037119,0.032043,0.851,Attack,PORT_SCAN,1,2888,0,1
FLW-0001753,VPN-SES-00324,0x4664cafa,8.33,37,4079,489.68,3917.41,3917.41,107.55,32.15,55,147,0.762045,0.101173,0.53,ICMP,BENIGN,0,28,0,1
FLW-0001754,VPN-SES-00324,0x4664cafa,313.15,42007,56489223,180390.3,1443122.41,1443122.41,1247.43,203.48,931,1500,0.018413,0.012635,0.042,Video_Streaming,BENIGN,0,43963,0,0
FLW-0001755,VPN-SES-00324,0x4664cafa,28.54,781,740670,25952.0,207615.98,207615.98,907.77,427.86,209,1500,0.691983,0.98827,0.474,Email_IMAP,BENIGN,0,970,1,1
FLW-0001756,VPN-SES-00324,0x4664cafa,22.05,899,230255,10442.4,83539.23,83539.23,254.58,132.31,40,466,0.154177,0.122307,0.687,Attack,BRUTE_FORCE,1,1440,0,3
FLW-0001757,VPN-SES-00324,0x4664cafa,51.01,450,408703,8012.21,64097.71,64097.71,825.71,368.54,157,1491,1.376336,1.554256,0.612,Email_IMAP,BENIGN,0,377,0,0
FLW-0001758,VPN-SES-00325,0xf04e6585,161.95,205,52943,326.91,2615.28,2615.28,263.78,80.84,88,367,4.578108,2.950164,0.523,Attack,C2_BEACONING,1,174,0,1
FLW-0001759,VPN-SES-00325,0xf04e6585,7.24,139,77042,10641.16,85129.28,85129.28,522.21,695.2,40,1500,0.592994,0.719015,0.344,Web_Browsing,BENIGN,0,176,0,1
FLW-0001760,VPN-SES-00325,0xf04e6585,400.62,561,112864,281.72,2253.79,2253.79,222.03,64.36,130,336,2.350719,0.777377,0.542,Attack,C2_BEACONING,1,754,0,3
FLW-0001761,VPN-SES-00325,0xf04e6585,29.3,187,52477,1791.02,14328.19,14328.19,300.77,133.48,133,487,1.33048,1.55156,0.361,WhatsApp,BENIGN,0,220,0,0
FLW-0001762,VPN-SES-00325,0xf04e6585,31.23,763,623478,19964.07,159712.58,159712.58,855.4,503.38,40,1500,0.671397,0.770923,0.517,Email_IMAP,BENIGN,0,697,0,1
FLW-0001763,VPN-SES-00325,0xf04e6585,37.31,1031,122540,3284.37,26274.99,26274.99,123.89,34.53,64,178,0.032164,0.020959,0.485,VoIP,BENIGN,0,1243,0,0
FLW-0001764,VPN-SES-00325,0xf04e6585,15.31,600,141539,9244.87,73958.98,73958.98,223.45,153.01,40,479,0.15935,0.098987,0.524,Attack,BRUTE_FORCE,1,900,0,0
FLW-0001765,VPN-SES-00326,0x5684833e,61.29,2976,944091,15403.67,123229.37,123229.37,311.32,356.66,40,1006,0.74794,0.699899,0.277,Web_Browsing,BENIGN,0,3398,1,2
FLW-0001766,VPN-SES-00326,0x5684833e,16.45,670,115702,7033.56,56268.45,56268.45,160.97,46.29,87,262,0.086215,0.059529,0.461,VoIP,BENIGN,0,851,0,1
FLW-0001767,VPN-SES-00326,0x5684833e,162.97,2476,485346,2978.13,23825.05,23825.05,202.97,204.55,40,455,1.676523,1.404596,0.519,WhatsApp,BENIGN,0,2748,0,0
FLW-0001768,VPN-SES-00326,0x5684833e,91.92,6967,9641899,104894.46,839155.7,839155.7,1361.5,132.62,1123,1500,0.075159,0.059285,0.112,Video_Streaming,BENIGN,0,8862,0,0
FLW-0001769,VPN-SES-00327,0x3ff5cdab,53.32,3308,466073,8741.05,69928.43,69928.43,141.81,33.23,86,205,0.035975,0.01899,0.648,VoIP,BENIGN,0,3227,0,1
FLW-0001770,VPN-SES-00327,0x3ff5cdab,174.97,2100,685852,3919.83,31358.61,31358.61,313.08,226.08,40,602,1.184402,1.338992,0.426,WhatsApp,BENIGN,0,2153,0,1
FLW-0001771,VPN-SES-00327,0x3ff5cdab,11.54,2906,358578,31072.62,248580.94,248580.94,119.1,22.11,83,147,0.019639,0.019573,0.749,Attack,PORT_SCAN,1,7870,1,1
FLW-0001772,VPN-SES-00327,0x3ff5cdab,38.14,804,718509,18838.73,150709.81,150709.81,936.03,460.54,255,1500,0.680657,0.796862,0.402,Email_IMAP,BENIGN,0,735,0,0
FLW-0001773,VPN-SES-00328,0xd67736bc,28.53,1002,271115,9502.8,76022.43,76022.43,297.81,120.28,90,510,0.173438,0.135938,0.656,Attack,BRUTE_FORCE,1,2295,1,4
FLW-0001774,VPN-SES-00328,0xd67736bc,24.95,219,26227,1051.18,8409.46,8409.46,112.17,20.47,86,144,0.516445,0.161162,0.367,ICMP,BENIGN,0,154,0,1
FLW-0001775,VPN-SES-00328,0xd67736bc,42.77,1546,246694,5767.92,46143.37,46143.37,145.96,48.27,42,251,0.033371,0.026609,0.453,VoIP,BENIGN,0,1380,0,0
FLW-0001776,VPN-SES-00328,0xd67736bc,352.45,61906,62509030,177355.74,1418845.91,1418845.91,1100.24,172.17,822,1442,0.047211,0.041941,0.223,Video_Streaming,BENIGN,0,64618,0,1
FLW-0001777,VPN-SES-00328,0xd67736bc,139.85,9985,12668281,90584.78,724678.21,724678.21,1315.08,336.55,715,1500,0.022769,0.017485,0.02,Video_Streaming,BENIGN,0,15020,1,0
FLW-0001778,VPN-SES-00328,0xd67736bc,25.28,74,7388,292.25,2337.97,2337.97,98.5,18.24,71,126,0.821759,0.281893,0.418,ICMP,BENIGN,0,45,0,0
FLW-0001779,VPN-SES-00329,0xce8eb66f,12.82,45,4400,343.21,2745.71,2745.71,102.8,31.52,40,169,0.988059,0.504726,0.618,ICMP,BENIGN,0,27,0,1
FLW-0001780,VPN-SES-00329,0xce8eb66f,25.08,276,254029,10128.75,81029.98,81029.98,972.65,541.5,101,1500,0.378797,0.477507,0.467,Web_Browsing,BENIGN,0,244,0,0
FLW-0001781,VPN-SES-00329,0xce8eb66f,71.39,1156,772853,10825.79,86606.3,86606.3,645.04,549.19,40,1500,0.532778,0.453262,0.404,Web_Browsing,BENIGN,0,1599,0,2
FLW-0001782,VPN-SES-00329,0xce8eb66f,46.47,992,968460,20840.54,166724.34,166724.34,1011.06,493.99,262,1500,0.508614,0.402288,0.446,Email_IMAP,BENIGN,0,853,0,1
FLW-0001783,VPN-SES-00330,0x59d52453,96.11,2182,384927,4005.07,32040.54,32040.54,160.65,53.81,77,257,0.043401,0.03054,0.471,VoIP,BENIGN,0,2898,0,1
FLW-0001784,VPN-SES-00330,0x59d52453,46.97,971,244808,5212.01,41696.06,41696.06,277.39,124.72,62,469,0.154533,0.090758,0.671,Attack,BRUTE_FORCE,1,1947,0,3
FLW-0001785,VPN-SES-00330,0x59d52453,65.48,3153,474127,7240.79,57926.33,57926.33,150.24,30.5,92,203,0.081908,0.057645,0.567,VoIP,BENIGN,0,4139,0,1
FLW-0001786,VPN-SES-00330,0x59d52453,13.93,765,230288,16531.8,132254.41,132254.41,303.24,85.63,157,430,0.237322,0.165466,0.855,Attack,BRUTE_FORCE,1,1466,0,2
FLW-0001787,VPN-SES-00330,0x59d52453,35.36,1029,733012,20729.98,165839.82,165839.82,657.29,240.02,131,1117,0.522114,0.5698,0.509,Email_IMAP,BENIGN,0,1245,0,2
FLW-0001788,VPN-SES-00331,0x37b0816b,289.91,37641,58710280,202512.09,1620096.72,1620096.72,1467.63,235.37,950,1500,0.055638,0.044824,0.121,Video_Streaming,BENIGN,0,39477,0,1
FLW-0001789,VPN-SES-00331,0x37b0816b,83.17,5329,686546,8254.73,66037.85,66037.85,128.73,45.0,50,189,0.047519,0.023136,0.38,VoIP,BENIGN,0,4126,0,2
FLW-0001790,VPN-SES-00331,0x37b0816b,159.93,31279,35908995,224529.45,1796235.6,1796235.6,1196.56,267.97,810,1500,0.024949,0.021358,0.222,Video_Streaming,BENIGN,0,46835,1,2
FLW-0001791,VPN-SES-00331,0x37b0816b,14.22,393,371544,26128.27,209026.16,209026.16,912.51,390.66,100,1422,0.798993,0.731085,0.396,Email_IMAP,BENIGN,0,360,1,1
FLW-0001792,VPN-SES-00331,0x37b0816b,126.63,1062,303467,2396.49,19171.89,19171.89,316.5,184.94,40,564,1.68904,1.685082,0.489,WhatsApp,BENIGN,0,787,0,0
FLW-0001793,VPN-SES-00331,0x37b0816b,135.68,19965,26843898,197847.13,1582777.0,1582777.0,1308.41,152.58,1030,1500,0.027424,0.012702,0.909,Attack,DATA_EXFILTRATION,1,68773,1,1
FLW-0001794,VPN-SES-00332,0x3ef17a90,210.02,2814,646928,3080.32,24642.53,24642.53,245.1,206.51,40,508,1.370266,1.913885,0.642,WhatsApp,BENIGN,0,2442,0,0
FLW-0001795,VPN-SES-00332,0x3ef17a90,80.9,3071,375601,4642.78,37142.25,37142.25,127.55,34.2,83,196,0.050437,0.030685,0.414,VoIP,BENIGN,0,3937,0,1
FLW-0001796,VPN-SES-00332,0x3ef17a90,47.52,1531,1522950,32048.61,256388.89,256388.89,1007.81,283.82,521,1361,0.710467,0.460821,0.367,Email_IMAP,BENIGN,0,1126,0,0
FLW-0001797,VPN-SES-00332,0x3ef17a90,15.97,565,491879,30800.19,246401.5,246401.5,897.87,530.34,65,1500,0.632854,0.556191,0.391,Web_Browsing,BENIGN,0,563,0,1
FLW-0001798,VPN-SES-00332,0x3ef17a90,7.47,298,235300,31499.33,251994.65,251994.65,719.68,461.12,40,1500,1.03004,1.246973,0.325,Web_Browsing,BENIGN,0,336,0,0
FLW-0001799,VPN-SES-00333,0x303d54c9,85.31,2729,419613,4918.68,39349.48,39349.48,144.39,61.99,40,273,0.029915,0.017007,0.492,VoIP,BENIGN,0,2475,0,1
FLW-0001800,VPN-SES-00333,0x303d54c9,24.79,803,119308,4812.75,38501.98,38501.98,146.5,33.94,73,218,0.075907,0.054906,0.544,VoIP,BENIGN,0,708,0,1
FLW-0001801,VPN-SES-00333,0x303d54c9,5.75,17,1901,330.61,2644.87,2644.87,104.04,38.86,45,156,0.6633,0.090046,0.412,ICMP,BENIGN,0,13,0,0
FLW-0001802,VPN-SES-00334,0x34e72383,35.15,288,219702,6250.41,50003.3,50003.3,826.93,403.06,290,1471,1.022954,0.925743,0.445,Email_IMAP,BENIGN,0,321,0,1
FLW-0001803,VPN-SES-00334,0x34e72383,138.55,30228,38601110,278607.8,2228862.36,2228862.36,1374.92,169.08,1037,1500,0.010011,0.003264,0.925,Attack,DATA_EXFILTRATION,1,76177,0,1
FLW-0001804,VPN-SES-00334,0x34e72383,9.08,2626,257702,28381.28,227050.22,227050.22,108.22,30.65,60,168,0.081718,0.077538,0.873,Attack,PORT_SCAN,1,7834,1,2
FLW-0001805,VPN-SES-00335,0x819deadd,14.42,73,6847,474.83,3798.61,3798.61,101.7,28.01,63,137,1.036454,0.267863,0.509,ICMP,BENIGN,0,48,0,2
FLW-0001806,VPN-SES-00335,0x819deadd,56.45,9440,12486878,221202.44,1769619.56,1769619.56,1314.76,166.68,965,1500,0.036954,0.026153,0.114,Video_Streaming,BENIGN,0,15624,0,1
FLW-0001807,VPN-SES-00335,0x819deadd,149.49,28484,38440553,257144.65,2057157.16,2057157.16,1288.88,182.39,1023,1500,0.04273,0.022052,0.81,Attack,DATA_EXFILTRATION,1,73887,1,2
FLW-0001808,VPN-SES-00335,0x819deadd,28.57,297,173970,6089.25,48714.04,48714.04,549.76,629.56,40,1500,0.537086,0.922579,0.218,Web_Browsing,BENIGN,0,297,1,1
FLW-0001809,VPN-SES-00335,0x819deadd,45.88,920,533869,11636.2,93089.63,93089.63,569.43,458.65,40,1132,0.239076,0.271765,0.501,Web_Browsing,BENIGN,0,963,0,0
FLW-0001810,VPN-SES-00335,0x819deadd,46.72,1803,297771,6373.52,50988.18,50988.18,155.39,63.23,46,279,0.039793,0.0211,0.515,VoIP,BENIGN,0,2373,0,2
FLW-0001811,VPN-SES-00335,0x819deadd,25.77,1101,263265,10215.95,81727.59,81727.59,240.81,98.61,107,367,0.159353,0.1385,0.624,Attack,BRUTE_FORCE,1,1798,0,3
FLW-0001812,VPN-SES-00335,0x819deadd,7.61,303,65345,8586.73,68693.82,68693.82,230.89,114.55,40,420,0.373565,0.350644,0.574,Attack,BRUTE_FORCE,1,675,0,2
FLW-0001813,VPN-SES-00336,0xb83db2df,11.23,279,160126,14258.77,114070.17,114070.17,596.06,532.3,40,1500,0.399883,0.298408,0.381,Email_IMAP,BENIGN,0,235,0,1
FLW-0001814,VPN-SES-00336,0xb83db2df,8.89,231,157304,17694.49,141555.91,141555.91,737.33,432.16,42,1438,0.435817,0.240167,0.467,Email_IMAP,BENIGN,0,227,0,2
FLW-0001815,VPN-SES-00336,0xb83db2df,12.85,69,8902,692.76,5542.1,5542.1,118.55,30.28,53,162,0.526406,0.080808,0.563,ICMP,BENIGN,0,42,0,0
FLW-0001816,VPN-SES-00336,0xb83db2df,92.53,15495,21076940,227784.93,1822279.48,1822279.48,1343.45,207.9,970,1500,0.025324,0.018324,0.19,Video_Streaming,BENIGN,0,22818,1,1
FLW-0001817,VPN-SES-00336,0xb83db2df,14.98,281,114524,7645.13,61161.01,61161.01,382.74,210.39,40,720,1.280086,1.517942,0.37,WhatsApp,BENIGN,0,333,0,1
FLW-0001818,VPN-SES-00337,0x8bd6b0b5,51.76,2713,717178,13855.83,110846.68,110846.68,289.47,361.7,40,931,0.73029,0.523389,0.29,Web_Browsing,BENIGN,0,2749,0,2
FLW-0001819,VPN-SES-00337,0x8bd6b0b5,14.29,1477,125235,8763.82,70110.57,70110.57,92.21,17.98,65,127,0.019442,0.009656,0.801,Attack,PORT_SCAN,1,3973,1,4
FLW-0001820,VPN-SES-00337,0x8bd6b0b5,12.3,3268,273798,22260.0,178080.0,178080.0,88.42,15.67,54,117,0.015029,0.009507,0.834,Attack,PORT_SCAN,1,11368,2,4
FLW-0001821,VPN-SES-00337,0x8bd6b0b5,221.62,36758,46673680,210602.29,1684818.34,1684818.34,1268.56,210.95,928,1500,0.048424,0.035011,0.167,Video_Streaming,BENIGN,0,37660,0,1
FLW-0001822,VPN-SES-00337,0x8bd6b0b5,61.31,10736,15021041,245001.48,1960011.87,1960011.87,1351.79,173.35,1117,1500,0.029518,0.02496,0.056,Video_Streaming,BENIGN,0,11615,0,0
FLW-0001823,VPN-SES-00337,0x8bd6b0b5,142.35,1331,331914,2331.68,18653.4,18653.4,249.56,244.68,40,668,0.51432,0.484759,0.32,WhatsApp,BENIGN,0,1143,0,0
FLW-0001824,VPN-SES-00337,0x8bd6b0b5,71.78,6752,9397482,130920.62,1047364.95,1047364.95,1357.28,137.82,1109,1500,0.025021,0.014453,0.759,Attack,DATA_EXFILTRATION,1,15070,0,3
FLW-0001825,VPN-SES-00338,0xcffbbc83,41.04,300,265563,6470.83,51766.67,51766.67,955.75,607.46,152,1500,0.791098,0.818307,0.476,Email_IMAP,BENIGN,0,238,0,0
FLW-0001826,VPN-SES-00338,0xcffbbc83,12.22,32,2650,216.86,1734.86,1734.86,82.25,25.4,40,134,0.878248,0.170611,0.493,ICMP,BENIGN,0,28,0,0
FLW-0001827,VPN-SES-00338,0xcffbbc83,163.85,21887,27975241,170736.9,1365895.2,1365895.2,1258.11,101.79,1072,1452,0.019607,0.007838,0.917,Attack,DATA_EXFILTRATION,1,52143,0,1
FLW-0001828,VPN-SES-00338,0xcffbbc83,22.04,44,4937,224.0,1792.01,1792.01,108.95,17.77,83,144,0.917984,0.264903,0.413,ICMP,BENIGN,0,44,0,1
FLW-0001829,VPN-SES-00339,0x18825d14,187.65,23667,26231144,139787.6,1118300.84,1118300.84,1153.27,140.56,884,1418,0.025092,0.017601,0.139,Video_Streaming,BENIGN,0,26112,4,1
FLW-0001830,VPN-SES-00339,0x18825d14,43.47,1648,1378364,31708.4,253667.17,253667.17,908.8,513.7,40,1500,0.376754,0.460803,0.244,Web_Browsing,BENIGN,0,1434,1,1
FLW-0001831,VPN-SES-00339,0x18825d14,74.03,3879,599286,8095.18,64761.42,64761.42,143.2,52.01,50,213,0.069198,0.0642,0.475,VoIP,BENIGN,0,3889,0,1
FLW-0001832,VPN-SES-00339,0x18825d14,10.23,254,152852,14941.54,119532.36,119532.36,656.78,441.07,40,1349,0.539134,0.415417,0.586,Email_IMAP,BENIGN,0,268,0,2
FLW-0001833,VPN-SES-00339,0x18825d14,57.4,1113,213018,3711.11,29688.92,29688.92,186.9,53.49,111,274,0.081184,0.043097,0.521,VoIP,BENIGN,0,1452,0,2
FLW-0001834,VPN-SES-00339,0x18825d14,44.32,1823,248163,5599.35,44794.77,44794.77,134.62,51.69,40,213,0.050387,0.030439,0.423,VoIP,BENIGN,0,2273,0,0
FLW-0001835,VPN-SES-00339,0x18825d14,48.39,1208,990836,20476.05,163808.39,163808.39,784.55,402.77,223,1500,0.560698,0.711245,0.373,Web_Browsing,BENIGN,0,1081,0,0
FLW-0001836,VPN-SES-00339,0x18825d14,374.25,21631,24435938,65293.09,522344.7,522344.7,1162.17,291.69,579,1500,0.032452,0.019479,0.166,Video_Streaming,BENIGN,0,26359,0,0
FLW-0001837,VPN-SES-00340,0xa34a85d9,28.77,657,203989,7090.34,56722.7,56722.7,320.29,61.55,204,438,0.149516,0.094711,0.76,Attack,BRUTE_FORCE,1,1635,0,3
FLW-0001838,VPN-SES-00340,0xa34a85d9,26.1,1171,151598,5808.35,46466.82,46466.82,122.42,30.47,82,178,0.036168,0.026249,0.4,VoIP,BENIGN,0,1440,0,2
FLW-0001839,VPN-SES-00340,0xa34a85d9,26.67,50,4279,160.44,1283.54,1283.54,88.56,24.62,57,138,1.445193,0.589307,0.57,ICMP,BENIGN,0,32,0,1
FLW-0001840,VPN-SES-00340,0xa34a85d9,67.3,1281,732486,10883.89,87071.14,87071.14,574.9,494.91,40,1321,0.999191,1.22505,0.461,Email_IMAP,BENIGN,0,1634,0,2
FLW-0001841,VPN-SES-00340,0xa34a85d9,42.55,938,150125,3528.2,28225.62,28225.62,153.09,18.73,114,183,0.036642,0.027321,0.505,VoIP,BENIGN,0,1122,0,1
FLW-0001842,VPN-SES-00340,0xa34a85d9,20.57,41,3642,177.05,1416.43,1416.43,97.06,17.86,71,123,1.56617,0.575808,0.43,ICMP,BENIGN,0,25,0,0
FLW-0001843,VPN-SES-00340,0xa34a85d9,89.54,5901,7428674,82964.86,663718.92,663718.92,1345.89,246.93,955,1500,0.029179,0.025603,0.12,Video_Streaming,BENIGN,0,9323,0,1
FLW-0001844,VPN-SES-00340,0xa34a85d9,63.84,7902,9360139,146618.72,1172949.75,1172949.75,1198.05,207.53,885,1500,0.018743,0.005954,0.829,Attack,DATA_EXFILTRATION,1,23210,0,2
FLW-0001845,VPN-SES-00341,0x8a438217,76.35,1507,212066,2777.55,22220.41,22220.41,137.32,21.42,99,183,0.037354,0.01999,0.481,VoIP,BENIGN,0,1171,0,0
FLW-0001846,VPN-SES-00341,0x8a438217,6.28,43,4351,692.83,5542.68,5542.68,98.95,24.98,56,151,1.821616,0.681641,0.528,ICMP,BENIGN,0,43,0,2
FLW-0001847,VPN-SES-00341,0x8a438217,42.81,1998,276403,6456.51,51652.04,51652.04,129.38,39.8,79,191,0.09308,0.042557,0.462,VoIP,BENIGN,0,2147,0,0
FLW-0001848,VPN-SES-00341,0x8a438217,42.13,1190,590977,14027.46,112219.7,112219.7,472.53,601.68,40,1219,0.323819,0.517461,0.36,Web_Browsing,BENIGN,0,1462,0,0
FLW-0001849,VPN-SES-00341,0x8a438217,65.04,7732,9900978,152229.06,1217832.47,1217832.47,1293.81,231.03,1004,1500,0.022335,0.010454,0.215,Video_Streaming,BENIGN,0,12219,0,0
FLW-0001850,VPN-SES-00341,0x8a438217,108.32,31316,42275481,390283.24,3122265.95,3122265.95,1368.97,169.23,1165,1500,0.057627,0.040846,0.698,Attack,DATA_EXFILTRATION,1,70926,0,1
FLW-0001851,VPN-SES-00341,0x8a438217,33.17,14976,1621431,48882.45,391059.63,391059.63,112.78,54.84,40,195,0.003359,0.002039,0.963,Attack,DOS_FLOOD,1,61510,6,3
FLW-0001852,VPN-SES-00341,0x8a438217,16.16,9542,1174264,72664.85,581318.81,581318.81,118.81,41.33,51,196,0.00967,0.004372,0.968,Attack,DOS_FLOOD,1,31625,3,3
FLW-0001853,VPN-SES-00342,0xaa37ef9d,61.25,2730,869202,14191.05,113528.42,113528.42,325.73,153.23,61,550,0.23889,0.203432,0.696,Attack,BRUTE_FORCE,1,5376,0,0
FLW-0001854,VPN-SES-00342,0xaa37ef9d,104.2,5316,4420719,42425.33,339402.61,339402.61,759.39,141.15,464,941,0.601263,0.548654,0.351,Web_Browsing,BENIGN,0,7804,0,0
FLW-0001855,VPN-SES-00342,0xaa37ef9d,9.43,58,7672,813.57,6508.59,6508.59,125.31,32.33,58,181,1.174162,0.2628,0.44,ICMP,BENIGN,0,46,0,0
FLW-0001856,VPN-SES-00342,0xaa37ef9d,35.18,223,173915,4943.58,39548.61,39548.61,821.3,446.57,40,1500,0.503156,0.342175,0.437,Email_IMAP,BENIGN,0,232,1,2
FLW-0001857,VPN-SES-00342,0xaa37ef9d,21.65,88,10053,464.34,3714.73,3714.73,119.53,26.27,81,151,1.192583,0.320954,0.404,ICMP,BENIGN,0,73,0,1
FLW-0001858,VPN-SES-00342,0xaa37ef9d,40.66,49508,7991728,196550.12,1572400.98,1572400.98,157.24,34.28,103,200,0.00847,0.003615,0.888,Attack,DOS_FLOOD,1,230380,7,0
FLW-0001859,VPN-SES-00342,0xaa37ef9d,18.21,251,184359,10124.05,80992.42,80992.42,751.11,454.34,40,1500,0.749034,0.656231,0.461,Email_IMAP,BENIGN,0,256,0,2
FLW-0001860,VPN-SES-00343,0xe0fe42af,94.66,1450,1138667,12029.02,96232.16,96232.16,797.69,677.78,40,1500,0.396178,0.458621,0.404,Web_Browsing,BENIGN,0,1351,0,0
FLW-0001861,VPN-SES-00343,0xe0fe42af,31.69,143,72369,2283.65,18269.23,18269.23,550.94,286.15,40,942,0.649666,0.532038,0.596,Email_IMAP,BENIGN,0,117,0,2
FLW-0001862,VPN-SES-00343,0xe0fe42af,16.13,146,56094,3477.62,27820.95,27820.95,424.08,225.43,40,713,1.158306,1.265864,0.478,WhatsApp,BENIGN,0,98,0,0
FLW-0001863,VPN-SES-00343,0xe0fe42af,195.85,327,64781,330.77,2646.15,2646.15,181.59,46.95,85,245,3.259111,0.59841,0.476,Attack,C2_BEACONING,1,469,1,2
FLW-0001864,VPN-SES-00343,0xe0fe42af,50.06,3648,1141464,22801.92,182415.34,182415.34,340.77,100.52,165,490,0.089237,0.070358,0.753,Attack,BRUTE_FORCE,1,7152,0,3
FLW-0001865,VPN-SES-00344,0xd125798e,28.12,180,18922,672.9,5383.21,5383.21,96.11,25.28,52,135,0.69467,0.25814,0.357,ICMP,BENIGN,0,102,0,0
FLW-0001866,VPN-SES-00344,0xd125798e,22.34,576,391250,17513.43,140107.43,140107.43,727.83,416.17,153,1402,1.258693,1.511097,0.492,Email_IMAP,BENIGN,0,598,0,0
FLW-0001867,VPN-SES-00344,0xd125798e,28.61,549,530744,18551.0,148407.97,148407.97,949.21,510.33,197,1500,1.528287,1.29565,0.45,Email_IMAP,BENIGN,0,696,1,2
FLW-0001868,VPN-SES-00344,0xd125798e,16.66,372,236765,14211.58,113692.68,113692.68,674.03,466.96,64,1500,0.340236,0.284564,0.46,Email_IMAP,BENIGN,0,395,0,1
FLW-0001869,VPN-SES-00344,0xd125798e,44.55,2183,2836525,63670.59,509364.76,509364.76,1206.29,222.89,792,1500,0.017035,0.0111,0.137,Video_Streaming,BENIGN,0,3067,0,0
FLW-0001870,VPN-SES-00344,0xd125798e,12.12,255,185303,15289.03,122312.21,122312.21,671.4,355.92,81,1181,0.313901,0.311051,0.297,Web_Browsing,BENIGN,0,261,0,0
FLW-0001871,VPN-SES-00345,0x9af53d42,8.69,30,3497,402.42,3219.33,3219.33,119.33,33.47,65,166,0.792981,0.161284,0.398,ICMP,BENIGN,0,26,0,0
FLW-0001872,VPN-SES-00345,0x9af53d42,72.46,23,6231,85.99,687.94,687.94,264.73,39.76,188,323,2.822633,1.316438,0.452,Attack,C2_BEACONING,1,27,1,0
FLW-0001873,VPN-SES-00345,0x9af53d42,42.86,3050,557421,13005.62,104044.98,104044.98,175.76,94.3,40,331,0.165341,0.072424,0.602,Attack,BRUTE_FORCE,1,4814,0,0
FLW-0001874,VPN-SES-00346,0x47c486a1,32.36,385,85900,2654.51,21236.09,21236.09,204.07,248.29,40,608,0.863097,0.741853,0.424,WhatsApp,BENIGN,0,301,0,1
FLW-0001875,VPN-SES-00346,0x47c486a1,148.42,15178,19032287,128232.63,1025861.04,1025861.04,1344.56,180.04,978,1500,0.020604,0.012275,0.881,Attack,DATA_EXFILTRATION,1,49761,2,6
FLW-0001876,VPN-SES-00346,0x47c486a1,274.84,52813,76479309,278268.48,2226147.84,2226147.84,1372.71,360.29,750,1500,0.024252,0.020663,0.252,Video_Streaming,BENIGN,0,61380,0,1
FLW-0001877,VPN-SES-00346,0x47c486a1,65.99,2433,302797,4588.53,36708.23,36708.23,122.06,52.04,40,188,0.065865,0.039377,0.705,VoIP,BENIGN,0,3195,0,2
FLW-0001878,VPN-SES-00346,0x47c486a1,94.54,957,744725,7877.35,63018.83,63018.83,807.23,756.45,40,1500,0.615583,1.225654,0.315,Web_Browsing,BENIGN,0,1347,0,1
FLW-0001879,VPN-SES-00347,0xe84d6427,28.99,1842,459996,15867.4,126939.22,126939.22,244.4,112.43,40,448,0.144782,0.078932,0.664,Attack,BRUTE_FORCE,1,3099,0,4
FLW-0001880,VPN-SES-00347,0xe84d6427,56.78,3235,426149,7505.27,60042.13,60042.13,123.55,41.67,40,203,0.04776,0.030408,0.534,VoIP,BENIGN,0,3006,1,0
FLW-0001881,VPN-SES-00347,0xe84d6427,44.18,1336,397877,9005.82,72046.54,72046.54,274.41,101.0,72,398,0.32256,0.247757,0.65,Attack,BRUTE_FORCE,1,3203,1,1
FLW-0001882,VPN-SES-00348,0x787bb3ce,32.67,33407,4170807,127664.74,1021317.91,1021317.91,118.59,51.88,56,219,0.008823,0.004186,0.806,Attack,DOS_FLOOD,1,140594,6,1
FLW-0001883,VPN-SES-00348,0x787bb3ce,36.55,973,562756,15396.88,123175.05,123175.05,589.22,144.7,309,763,0.6642,0.515925,0.679,Email_IMAP,BENIGN,0,868,0,0
FLW-0001884,VPN-SES-00348,0x787bb3ce,117.03,353,86590,739.9,5919.17,5919.17,249.31,111.46,40,420,0.846763,0.619619,0.437,WhatsApp,BENIGN,0,302,0,0
FLW-0001885,VPN-SES-00349,0xc9ec28ff,123.51,802,366373,2966.34,23730.74,23730.74,447.07,322.64,40,1040,0.941219,0.944125,0.51,WhatsApp,BENIGN,0,544,0,0
FLW-0001886,VPN-SES-00349,0xc9ec28ff,90.56,4646,837214,9244.85,73958.83,73958.83,167.07,48.65,89,242,0.027711,0.01955,0.612,VoIP,BENIGN,0,3512,0,0
FLW-0001887,VPN-SES-00349,0xc9ec28ff,29.11,1487,1403701,48220.58,385764.62,385764.62,900.79,437.02,131,1500,0.443288,0.479555,0.314,Web_Browsing,BENIGN,0,2118,0,0
FLW-0001888,VPN-SES-00349,0xc9ec28ff,107.33,23838,34916187,325316.19,2602529.54,2602529.54,1500.0,374.47,989,1500,0.024093,0.014205,0.123,Video_Streaming,BENIGN,0,27289,0,1
FLW-0001889,VPN-SES-00349,0xc9ec28ff,106.05,17298,18970001,178877.9,1431023.18,1431023.18,1211.94,127.62,931,1385,0.066934,0.051926,0.276,Video_Streaming,BENIGN,0,17965,0,2
FLW-0001890,VPN-SES-00349,0xc9ec28ff,25.7,48804,6213196,241758.6,1934068.79,1934068.79,133.66,43.02,44,208,0.005528,0.001787,0.977,Attack,DOS_FLOOD,1,271799,3,2
FLW-0001891,VPN-SES-00349,0xc9ec28ff,47.27,1582,281693,5959.23,47673.87,47673.87,167.94,40.05,119,246,0.046969,0.027507,0.641,VoIP,BENIGN,0,1571,0,1
FLW-0001892,VPN-SES-00349,0xc9ec28ff,15.86,51,5098,321.44,2571.5,2571.5,110.77,19.52,70,152,0.662367,0.114319,0.59,ICMP,BENIGN,0,34,0,1
FLW-0001893,VPN-SES-00350,0xd94b3a6f,24.28,344,370855,15274.09,122192.75,122192.75,1065.61,407.93,277,1500,1.16406,1.123722,0.354,Web_Browsing,BENIGN,0,300,0,0
FLW-0001894,VPN-SES-00350,0xd94b3a6f,51.17,751,359335,7022.38,56179.01,56179.01,525.12,389.27,40,1319,0.559335,0.382066,0.731,Email_IMAP,BENIGN,0,607,0,0
FLW-0001895,VPN-SES-00350,0xd94b3a6f,347.63,67344,89756035,258194.16,2065553.26,2065553.26,1376.14,301.13,925,1500,0.04172,0.028322,0.145,Video_Streaming,BENIGN,0,102434,1,0
FLW-0001896,VPN-SES-00350,0xd94b3a6f,8.99,2906,245474,27305.23,218441.82,218441.82,77.77,33.59,40,143,0.011962,0.005476,0.839,Attack,PORT_SCAN,1,9206,0,1
FLW-0001897,VPN-SES-00350,0xd94b3a6f,175.41,946,305616,1742.3,13938.36,13938.36,324.17,165.44,79,618,1.50166,1.631695,0.394,WhatsApp,BENIGN,0,725,0,1
FLW-0001898,VPN-SES-00350,0xd94b3a6f,77.21,62,13716,177.65,1421.16,1421.16,223.21,73.23,86,342,1.403444,0.750528,0.453,Attack,C2_BEACONING,1,77,0,3
FLW-0001899,VPN-SES-00350,0xd94b3a6f,200.28,38274,50139378,250346.41,2002771.24,2002771.24,1325.39,233.1,822,1500,0.050771,0.040251,0.903,Attack,DATA_EXFILTRATION,1,141358,2,1
FLW-0001900,VPN-SES-00351,0xf77d9bec,3.38,839,69130,20452.66,163621.3,163621.3,88.43,42.68,40,180,0.025607,0.010778,0.802,Attack,PORT_SCAN,1,1901,1,3
FLW-0001901,VPN-SES-00351,0xf77d9bec,107.48,2030,669047,6224.85,49798.81,49798.81,323.42,232.07,40,756,0.960145,0.822818,0.37,WhatsApp,BENIGN,0,1544,0,4
FLW-0001902,VPN-SES-00351,0xf77d9bec,129.0,2153,294420,2282.33,18258.6,18258.6,143.24,278.68,40,480,0.988911,2.610338,0.377,WhatsApp,BENIGN,0,1978,0,0
FLW-0001903,VPN-SES-00351,0xf77d9bec,61.62,1736,1092973,17737.31,141898.47,141898.47,677.54,447.21,40,1392,0.456797,0.399453,0.688,Email_IMAP,BENIGN,0,1565,0,0
FLW-0001904,VPN-SES-00351,0xf77d9bec,9.43,2002,215971,22902.55,183220.36,183220.36,111.62,21.61,75,143,0.023336,0.015388,0.787,Attack,PORT_SCAN,1,6450,2,0
FLW-0001905,VPN-SES-00351,0xf77d9bec,44.29,272,77867,1758.12,14064.94,14064.94,306.94,259.29,40,748,0.725877,0.884684,0.368,WhatsApp,BENIGN,0,212,0,1
FLW-0001906,VPN-SES-00351,0xf77d9bec,75.27,1107,583001,7745.46,61963.7,61963.7,486.47,458.95,40,1062,0.772135,0.832471,0.165,Web_Browsing,BENIGN,0,1089,0,1
FLW-0001907,VPN-SES-00352,0x5c1f088f,23.52,16366,1969915,83754.89,670039.12,670039.12,129.13,31.28,65,183,0.005332,0.003132,0.98,Attack,DOS_FLOOD,1,86856,1,3
FLW-0001908,VPN-SES-00352,0x5c1f088f,15.81,257,209322,13239.85,105918.79,105918.79,865.29,278.76,410,1344,0.664766,0.778905,0.34,Web_Browsing,BENIGN,0,256,0,1
FLW-0001909,VPN-SES-00352,0x5c1f088f,28.01,905,251037,8962.41,71699.25,71699.25,291.31,100.93,91,443,0.221054,0.157695,0.691,Attack,BRUTE_FORCE,1,1485,0,2
FLW-0001910,VPN-SES-00352,0x5c1f088f,73.49,3770,1017952,13851.57,110812.57,110812.57,290.69,118.78,122,491,0.159304,0.072314,0.623,Attack,BRUTE_FORCE,1,7408,0,3
FLW-0001911,VPN-SES-00353,0xfcad122d,69.85,3060,517952,7415.2,59321.63,59321.63,162.94,59.36,40,255,0.063232,0.027808,0.296,VoIP,BENIGN,0,3386,0,0
FLW-0001912,VPN-SES-00353,0xfcad122d,107.05,3451,3008495,28103.64,224829.15,224829.15,862.58,398.19,69,1500,0.402639,0.466136,0.405,Web_Browsing,BENIGN,0,4208,0,2
FLW-0001913,VPN-SES-00353,0xfcad122d,9.04,188,167745,18555.86,148446.9,148446.9,904.74,602.91,40,1500,0.540375,0.473769,0.581,Email_IMAP,BENIGN,0,149,0,0
FLW-0001914,VPN-SES-00353,0xfcad122d,26.45,220,23438,886.12,7089.0,7089.0,100.65,11.61,76,122,0.808452,0.153065,0.57,ICMP,BENIGN,0,135,0,0
FLW-0001915,VPN-SES-00353,0xfcad122d,107.47,415,162656,1513.5,12108.01,12108.01,365.4,230.97,40,676,1.161578,1.493607,0.423,WhatsApp,BENIGN,0,427,0,1
FLW-0001916,VPN-SES-00353,0xfcad122d,56.82,961,181316,3191.06,25528.48,25528.48,185.89,126.33,40,370,0.150734,0.096204,0.495,Attack,BRUTE_FORCE,1,1853,0,1
FLW-0001917,VPN-SES-00353,0xfcad122d,83.63,2127,310233,3709.59,29676.72,29676.72,155.71,43.14,66,208,0.030841,0.011715,0.655,VoIP,BENIGN,0,1646,0,0
FLW-0001918,VPN-SES-00354,0x23089f8b,26.94,66,6927,257.13,2057.02,2057.02,104.19,15.94,84,135,0.705072,0.109896,0.397,ICMP,BENIGN,0,45,0,1
FLW-0001919,VPN-SES-00354,0x23089f8b,29.57,129,15968,540.01,4320.05,4320.05,113.4,23.68,75,144,0.63077,0.099045,0.401,ICMP,BENIGN,0,71,0,2
FLW-0001920,VPN-SES-00354,0x23089f8b,3.43,8,860,250.73,2005.83,2005.83,108.51,21.21,78,154,1.326463,0.558367,0.359,ICMP,BENIGN,0,8,0,0
FLW-0001921,VPN-SES-00355,0x704f3c8d,28.31,29,3228,114.02,912.19,912.19,117.49,18.52,77,153,0.687842,0.211462,0.611,ICMP,BENIGN,0,24,0,1
FLW-0001922,VPN-SES-00355,0x704f3c8d,111.16,22796,28427335,255733.49,2045867.94,2045867.94,1143.77,195.67,758,1473,0.02603,0.012764,0.756,Attack,DATA_EXFILTRATION,1,77373,0,4
FLW-0001923,VPN-SES-00355,0x704f3c8d,44.23,2479,1030565,23300.14,186401.09,186401.09,395.46,142.67,92,676,0.166803,0.123804,0.563,Attack,BRUTE_FORCE,1,3714,0,2
FLW-0001924,VPN-SES-00356,0x4c165571,32.68,181,139632,4272.71,34181.64,34181.64,845.32,435.3,40,1500,0.442547,0.463371,0.558,Email_IMAP,BENIGN,0,154,0,0
FLW-0001925,VPN-SES-00356,0x4c165571,34.15,1599,421442,12340.91,98727.26,98727.26,242.82,109.24,96,415,0.07856,0.031868,0.669,Attack,BRUTE_FORCE,1,2651,1,1
FLW-0001926,VPN-SES-00356,0x4c165571,128.37,199,31732,247.19,1977.53,1977.53,154.07,54.66,67,269,3.317376,1.240469,0.378,Attack,C2_BEACONING,1,279,0,2
FLW-0001927,VPN-SES-00356,0x4c165571,38.33,1543,245215,6397.47,51179.75,51179.75,172.43,65.75,60,311,0.032561,0.019062,0.531,VoIP,BENIGN,0,1274,0,0
FLW-0001928,VPN-SES-00356,0x4c165571,387.97,923,262829,677.45,5419.57,5419.57,293.47,86.68,154,409,2.645731,2.401548,0.346,Attack,C2_BEACONING,1,1136,0,3
FLW-0001929,VPN-SES-00356,0x4c165571,12.1,39,3155,260.74,2085.95,2085.95,84.06,17.46,48,119,1.546125,1.096443,0.464,ICMP,BENIGN,0,22,0,1
FLW-0001930,VPN-SES-00357,0x91eab1da,34.78,1909,264331,7600.09,60800.69,60800.69,148.34,50.61,41,226,0.048949,0.037759,0.409,VoIP,BENIGN,0,1902,0,0
FLW-0001931,VPN-SES-00357,0x91eab1da,47.7,2133,273140,5726.21,45809.64,45809.64,133.62,44.32,54,208,0.056863,0.039244,0.455,VoIP,BENIGN,0,2691,0,1
FLW-0001932,VPN-SES-00357,0x91eab1da,158.87,29347,35026867,220475.02,1763800.19,1763800.19,1147.8,243.13,853,1500,0.03604,0.021282,0.215,Video_Streaming,BENIGN,0,46794,0,1
FLW-0001933,VPN-SES-00357,0x91eab1da,107.48,8038,8984897,83595.99,668767.92,668767.92,1231.3,151.91,950,1495,0.022247,0.003886,0.875,Attack,DATA_EXFILTRATION,1,21730,1,4
FLW-0001934,VPN-SES-00357,0x91eab1da,3.29,10,1088,330.7,2645.59,2645.59,109.59,17.16,77,132,1.111507,0.184973,0.423,ICMP,BENIGN,0,11,0,1
FLW-0001935,VPN-SES-00357,0x91eab1da,84.41,3837,2137356,25321.12,202568.98,202568.98,546.19,593.86,40,1335,1.040479,1.177353,0.333,Web_Browsing,BENIGN,0,4983,0,0
FLW-0001936,VPN-SES-00358,0x9d8a7957,46.06,1697,1403008,30460.44,243683.54,243683.54,751.97,353.43,164,1328,0.335224,0.321222,0.405,Web_Browsing,BENIGN,0,1728,0,0
FLW-0001937,VPN-SES-00358,0x9d8a7957,3.11,213,21898,7041.16,56329.26,56329.26,98.03,27.29,50,157,0.017742,0.011869,0.749,Attack,PORT_SCAN,1,715,1,2
FLW-0001938,VPN-SES-00358,0x9d8a7957,78.96,3609,515090,6523.43,52187.44,52187.44,152.56,52.54,75,227,0.033518,0.01124,0.484,VoIP,BENIGN,0,3765,0,2
FLW-0001939,VPN-SES-00358,0x9d8a7957,23.52,784,260516,11076.36,88610.88,88610.88,359.87,99.75,184,549,0.15467,0.126247,0.642,Attack,BRUTE_FORCE,1,1364,1,2
FLW-0001940,VPN-SES-00359,0xd5bcc4cd,111.81,30273,45445834,406455.9,3251647.19,3251647.19,1490.22,200.18,1084,1500,0.016444,0.007267,0.9,Attack,DATA_EXFILTRATION,1,70625,0,3
FLW-0001941,VPN-SES-00359,0xd5bcc4cd,105.47,3508,530542,5030.26,40242.12,40242.12,152.68,51.94,69,263,0.039094,0.021077,0.624,VoIP,BENIGN,0,4139,0,4
FLW-0001942,VPN-SES-00359,0xd5bcc4cd,68.01,3872,489173,7192.66,57541.3,57541.3,131.62,38.15,49,208,0.093946,0.043799,0.636,VoIP,BENIGN,0,3847,0,1
FLW-0001943,VPN-SES-00360,0x41bc99e6,41.95,663,353945,8437.31,67498.45,67498.45,542.89,414.59,40,1412,0.67764,0.580367,0.383,Web_Browsing,BENIGN,0,739,0,1
FLW-0001944,VPN-SES-00360,0x41bc99e6,42.01,2316,1674081,39849.58,318796.67,318796.67,752.23,658.11,40,1500,0.420457,0.403825,0.356,Web_Browsing,BENIGN,0,2341,0,0
FLW-0001945,VPN-SES-00360,0x41bc99e6,161.91,38670,38922731,240397.33,1923178.61,1923178.61,1000.98,265.54,584,1414,0.018588,0.01115,0.053,Video_Streaming,BENIGN,0,50949,0,0
FLW-0001946,VPN-SES-00360,0x41bc99e6,54.86,2693,1475211,26890.47,215123.73,215123.73,507.69,396.4,40,1319,0.311658,0.39631,0.326,Web_Browsing,BENIGN,0,2536,0,2
FLW-0001947,VPN-SES-00360,0x41bc99e6,58.84,1129,1231559,20930.64,167445.14,167445.14,1072.08,393.8,222,1500,0.377447,0.360981,0.526,Email_IMAP,BENIGN,0,1176,0,1
FLW-0001948,VPN-SES-00360,0x41bc99e6,35.04,630,136459,3894.38,31155.02,31155.02,213.66,100.24,40,339,0.197202,0.098606,0.578,Attack,BRUTE_FORCE,1,1208,0,1
FLW-0001949,VPN-SES-00360,0x41bc99e6,236.55,56496,69954453,295727.98,2365823.82,2365823.82,1303.41,386.39,606,1500,0.032814,0.038797,0.02,Video_Streaming,BENIGN,0,92064,1,0
FLW-0001950,VPN-SES-00361,0x286b6a71,168.48,156,35398,210.1,1680.82,1680.82,236.51,80.21,87,350,2.546064,1.739319,0.473,Attack,C2_BEACONING,1,155,0,0
FLW-0001951,VPN-SES-00361,0x286b6a71,21.83,2995,4350019,199267.93,1594143.47,1594143.47,1500.0,193.84,1108,1500,0.021668,0.017412,0.02,Video_Streaming,BENIGN,0,4662,0,1
FLW-0001952,VPN-SES-00361,0x286b6a71,47.99,1432,180671,3764.76,30118.11,30118.11,128.91,54.84,61,218,0.019274,0.007165,0.633,VoIP,BENIGN,0,1763,0,1
FLW-0001953,VPN-SES-00361,0x286b6a71,73.63,833,289176,3927.42,31419.37,31419.37,345.48,217.99,61,790,1.219108,1.182055,0.552,WhatsApp,BENIGN,0,776,0,0
FLW-0001954,VPN-SES-00362,0xb6ea0997,5.65,1658,167020,29561.06,236488.5,236488.5,106.97,28.21,63,153,0.018867,0.011337,0.737,Attack,PORT_SCAN,1,3913,1,1
FLW-0001955,VPN-SES-00362,0xb6ea0997,254.9,152,34591,135.7,1085.63,1085.63,226.19,48.44,137,294,1.80935,1.136123,0.492,Attack,C2_BEACONING,1,167,0,0
FLW-0001956,VPN-SES-00362,0xb6ea0997,27.91,424,202598,7258.98,58071.8,58071.8,473.1,144.32,256,650,0.875122,1.03546,0.396,WhatsApp,BENIGN,0,425,0,3
FLW-0001957,VPN-SES-00362,0xb6ea0997,23.15,87,7419,320.48,2563.8,2563.8,93.07,18.67,64,133,0.901081,0.33504,0.444,ICMP,BENIGN,0,52,0,0
FLW-0001958,VPN-SES-00362,0xb6ea0997,9.9,1705,155056,15662.22,125297.78,125297.78,90.02,17.51,66,118,0.034157,0.023713,0.819,Attack,PORT_SCAN,1,5381,2,2
FLW-0001959,VPN-SES-00362,0xb6ea0997,9.42,27,3050,323.78,2590.23,2590.23,114.05,23.05,70,157,1.210243,0.516244,0.611,ICMP,BENIGN,0,26,0,1
FLW-0001960,VPN-SES-00363,0xf3b93a34,81.03,4173,3481325,42963.41,343707.27,343707.27,812.22,530.98,40,1500,0.582213,0.692434,0.405,Web_Browsing,BENIGN,0,6072,0,2
FLW-0001961,VPN-SES-00363,0xf3b93a34,58.71,9455,12118069,206405.54,1651244.29,1651244.29,1370.27,184.14,1015,1500,0.025304,0.012027,0.194,Video_Streaming,BENIGN,0,12249,1,2
FLW-0001962,VPN-SES-00363,0xf3b93a34,41.54,770,744749,17928.48,143427.83,143427.83,972.35,416.91,337,1500,0.226721,0.301822,0.43,Web_Browsing,BENIGN,0,1041,0,0
FLW-0001963,VPN-SES-00363,0xf3b93a34,7.96,863,68159,8562.69,68501.51,68501.51,84.13,17.32,52,109,0.013167,0.007083,0.687,Attack,PORT_SCAN,1,2831,1,3
FLW-0001964,VPN-SES-00363,0xf3b93a34,23.62,179,190656,8071.8,64574.43,64574.43,1008.06,383.44,546,1500,0.722441,0.774768,0.476,Email_IMAP,BENIGN,0,228,0,2
FLW-0001965,VPN-SES-00363,0xf3b93a34,10.23,178,167700,16392.96,131143.7,131143.7,880.0,308.54,353,1366,0.529743,0.376622,0.52,Email_IMAP,BENIGN,0,131,0,1
FLW-0001966,VPN-SES-00364,0x9f24da7e,38.44,1014,864827,22498.1,179984.81,179984.81,862.11,561.03,40,1500,0.3078,0.209447,0.449,Web_Browsing,BENIGN,0,1200,0,0
FLW-0001967,VPN-SES-00364,0x9f24da7e,33.75,6932,9786597,289973.24,2319785.96,2319785.96,1327.58,135.92,1146,1500,0.051395,0.028061,0.904,Attack,DATA_EXFILTRATION,1,21939,1,1
FLW-0001968,VPN-SES-00364,0x9f24da7e,67.81,797,674720,9950.15,79601.24,79601.24,824.87,357.43,204,1416,0.354898,0.466802,0.289,Web_Browsing,BENIGN,0,1056,0,1
FLW-0001969,VPN-SES-00364,0x9f24da7e,17.34,64,5681,327.62,2620.99,2620.99,87.16,20.05,56,128,0.745329,0.359772,0.515,ICMP,BENIGN,0,33,0,0
FLW-0001970,VPN-SES-00364,0x9f24da7e,32.13,952,769393,23946.25,191570.0,191570.0,896.24,517.89,88,1500,1.028295,0.684341,0.492,Email_IMAP,BENIGN,0,723,1,0
FLW-0001971,VPN-SES-00364,0x9f24da7e,35.61,766,705532,19812.75,158501.99,158501.99,959.1,416.21,158,1500,0.295489,0.298275,0.633,Email_IMAP,BENIGN,0,688,0,0
FLW-0001972,VPN-SES-00364,0x9f24da7e,32.78,21570,2587696,78941.31,631530.45,631530.45,122.87,45.33,40,207,0.007406,0.003529,0.793,Attack,DOS_FLOOD,1,78247,3,3
FLW-0001973,VPN-SES-00365,0xdda898b5,44.26,558,415038,9377.27,75018.17,75018.17,727.59,454.23,40,1335,0.558851,0.67006,0.337,Web_Browsing,BENIGN,0,557,0,0
FLW-0001974,VPN-SES-00365,0xdda898b5,121.72,2380,642754,5280.59,42244.76,42244.76,277.46,229.13,40,706,1.073777,1.294,0.459,WhatsApp,BENIGN,0,2481,0,0
FLW-0001975,VPN-SES-00365,0xdda898b5,26.81,180,111956,4175.9,33407.24,33407.24,618.05,546.03,40,1439,1.251135,1.003412,0.392,Email_IMAP,BENIGN,0,176,0,0
FLW-0001976,VPN-SES-00365,0xdda898b5,315.19,80150,98352449,312041.78,2496334.25,2496334.25,1182.76,174.09,899,1440,0.015882,0.011133,0.024,Video_Streaming,BENIGN,0,118708,0,1
FLW-0001977,VPN-SES-00365,0xdda898b5,7.19,28,2638,366.9,2935.19,2935.19,103.02,21.53,73,139,0.698743,0.157408,0.544,ICMP,BENIGN,0,24,0,0
FLW-0001978,VPN-SES-00365,0xdda898b5,21.48,112,10868,505.96,4047.67,4047.67,105.85,14.37,77,132,0.942113,0.41868,0.363,ICMP,BENIGN,0,57,0,2
FLW-0001979,VPN-SES-00365,0xdda898b5,151.46,1241,601292,3969.97,31759.78,31759.78,459.58,251.28,45,787,0.752549,0.628195,0.453,WhatsApp,BENIGN,0,975,0,3
FLW-0001980,VPN-SES-00365,0xdda898b5,139.72,1399,303061,2169.06,17352.48,17352.48,228.15,150.74,43,462,2.179494,3.661788,0.417,WhatsApp,BENIGN,0,984,2,4
FLW-0001981,VPN-SES-00366,0x7c905f13,11.06,162,137447,12427.4,99419.17,99419.17,800.59,414.59,40,1500,0.816429,0.730244,0.493,Email_IMAP,BENIGN,0,198,0,0
FLW-0001982,VPN-SES-00366,0x7c905f13,107.64,3742,3612389,33559.91,268479.3,268479.3,891.26,626.35,40,1500,0.368559,0.517608,0.393,Web_Browsing,BENIGN,0,3450,0,1
FLW-0001983,VPN-SES-00366,0x7c905f13,6.9,265,41509,6015.8,48126.38,48126.38,153.82,131.99,40,339,0.120772,0.096168,0.58,Attack,BRUTE_FORCE,1,664,0,4
FLW-0001984,VPN-SES-00366,0x7c905f13,147.64,8490,1424734,9650.05,77200.43,77200.43,172.93,30.62,132,224,0.034686,0.024662,0.42,VoIP,BENIGN,0,7780,0,0
FLW-0001985,VPN-SES-00367,0x5630419c,21.35,154,15008,702.95,5623.61,5623.61,94.23,27.97,48,133,1.302802,0.529004,0.488,ICMP,BENIGN,0,123,0,0
FLW-0001986,VPN-SES-00367,0x5630419c,13.64,2849,271776,19924.93,159399.41,159399.41,93.96,38.27,40,164,0.030912,0.022165,0.749,Attack,PORT_SCAN,1,7972,0,5
FLW-0001987,VPN-SES-00367,0x5630419c,266.84,21337,28763428,107792.79,862342.32,862342.32,1367.59,224.36,969,1500,0.038326,0.029791,0.094,Video_Streaming,BENIGN,0,21252,0,0
FLW-0001988,VPN-SES-00367,0x5630419c,21.01,1005,176472,8399.43,67195.43,67195.43,174.23,41.74,114,261,0.064391,0.064586,0.424,VoIP,BENIGN,0,1351,0,0
FLW-0001989,VPN-SES-00368,0x1ff48fe8,195.26,23096,24643753,126209.94,1009679.52,1009679.52,1100.98,351.42,542,1500,0.047203,0.031569,0.112,Video_Streaming,BENIGN,0,29276,2,0
FLW-0001990,VPN-SES-00368,0x1ff48fe8,3.97,101,80605,20303.53,162428.21,162428.21,860.88,404.2,40,1500,1.051885,1.11365,0.376,Email_IMAP,BENIGN,0,86,0,1
FLW-0001991,VPN-SES-00368,0x1ff48fe8,14.82,20,1983,133.81,1070.45,1070.45,91.25,34.18,40,147,1.339372,0.486713,0.487,ICMP,BENIGN,0,13,0,2
FLW-0001992,VPN-SES-00368,0x1ff48fe8,12.13,164,100280,8267.11,66136.85,66136.85,667.52,459.45,40,1500,0.393308,0.27357,0.519,Email_IMAP,BENIGN,0,162,0,1
FLW-0001993,VPN-SES-00368,0x1ff48fe8,8.24,1323,121644,14762.62,118100.97,118100.97,86.42,27.25,40,136,0.027011,0.023289,0.925,Attack,PORT_SCAN,1,2914,0,0
FLW-0001994,VPN-SES-00369,0x9166356c,62.42,2701,441540,7073.69,56589.55,56589.55,160.22,56.49,50,232,0.050114,0.029115,0.575,VoIP,BENIGN,0,3382,1,0
FLW-0001995,VPN-SES-00369,0x9166356c,5.43,440,30897,5690.06,45520.44,45520.44,70.11,38.54,40,120,0.009877,0.007823,0.689,Attack,PORT_SCAN,1,1473,1,1
FLW-0001996,VPN-SES-00369,0x9166356c,29.68,226,24358,820.69,6565.5,6565.5,102.56,33.5,40,170,0.904134,0.118965,0.469,ICMP,BENIGN,0,170,0,0
FLW-0001997,VPN-SES-00369,0x9166356c,200.37,27290,35233299,175841.19,1406729.51,1406729.51,1304.6,305.72,684,1500,0.09528,0.059164,0.02,Video_Streaming,BENIGN,0,37274,0,1
FLW-0001998,VPN-SES-00369,0x9166356c,101.42,18493,20258962,199753.13,1598025.0,1598025.0,1067.37,98.54,867,1218,0.023755,0.014658,0.19,Video_Streaming,BENIGN,0,25013,0,1
FLW-0001999,VPN-SES-00369,0x9166356c,219.13,26877,30752873,140340.77,1122726.16,1122726.16,1104.1,221.73,631,1500,0.041458,0.032342,0.02,Video_Streaming,BENIGN,0,40956,0,1
FLW-0002000,VPN-SES-00369,0x9166356c,148.52,908,104553,703.97,5631.73,5631.73,111.53,202.67,40,446,1.515603,1.455349,0.471,WhatsApp,BENIGN,0,645,0,2
FLW-0002001,VPN-SES-00370,0x33f2f68f,37.71,1044,587695,15584.59,124676.74,124676.74,565.1,627.87,40,1435,0.341296,0.465719,0.437,Web_Browsing,BENIGN,0,1239,0,1
FLW-0002002,VPN-SES-00370,0x33f2f68f,16.54,34,3271,197.76,1582.1,1582.1,91.1,17.47,62,126,1.026915,0.466588,0.568,ICMP,BENIGN,0,28,2,0
FLW-0002003,VPN-SES-00370,0x33f2f68f,23.63,356,240032,10157.93,81263.48,81263.48,662.72,219.52,335,1097,0.426821,0.276591,0.53,Email_IMAP,BENIGN,0,436,0,1
FLW-0002004,VPN-SES-00370,0x33f2f68f,153.21,263,56351,367.8,2942.42,2942.42,229.29,67.72,127,351,4.743567,2.171767,0.457,Attack,C2_BEACONING,1,369,0,5
FLW-0002005,VPN-SES-00370,0x33f2f68f,86.05,15597,23768498,276217.29,2209738.34,2209738.34,1401.13,267.29,985,1500,0.037914,0.026685,0.147,Video_Streaming,BENIGN,0,17032,0,1
FLW-0002006,VPN-SES-00370,0x33f2f68f,28.82,37,4738,164.4,1315.2,1315.2,117.83,19.25,83,157,1.566109,0.609936,0.63,ICMP,BENIGN,0,30,0,0
FLW-0002007,VPN-SES-00371,0xd5fe21d6,31.84,778,460432,14460.8,115686.43,115686.43,575.13,316.14,82,962,0.716949,0.786314,0.369,Email_IMAP,BENIGN,0,985,0,1
FLW-0002008,VPN-SES-00371,0xd5fe21d6,12.47,2668,234226,18783.16,150265.28,150265.28,93.27,36.54,49,143,0.024691,0.023953,0.7,Attack,PORT_SCAN,1,6563,0,2
FLW-0002009,VPN-SES-00371,0xd5fe21d6,256.61,200,35285,137.5,1100.04,1100.04,173.07,69.0,49,297,3.250152,2.218207,0.568,Attack,C2_BEACONING,1,236,2,3
FLW-0002010,VPN-SES-00371,0xd5fe21d6,286.33,21424,33845591,118204.84,945638.7,945638.7,1463.0,187.42,1110,1500,0.079305,0.06809,0.054,Video_Streaming,BENIGN,0,33567,0,0
FLW-0002011,VPN-SES-00371,0xd5fe21d6,232.92,22885,29313770,125853.38,1006827.07,1006827.07,1361.42,143.54,1122,1500,0.068853,0.077321,0.099,Video_Streaming,BENIGN,0,35131,2,0
FLW-0002012,VPN-SES-00371,0xd5fe21d6,40.39,793,705760,17473.63,139789.06,139789.06,849.99,463.09,40,1500,0.601737,0.716292,0.387,Email_IMAP,BENIGN,0,703,1,0
FLW-0002013,VPN-SES-00371,0xd5fe21d6,87.19,10014,13192266,151304.81,1210438.44,1210438.44,1384.55,186.87,1044,1500,0.0247,0.016044,0.089,Video_Streaming,BENIGN,0,16340,1,1
FLW-0002014,VPN-SES-00372,0x667f3096,109.63,2422,1446620,13195.48,105563.81,105563.81,568.34,252.23,210,1089,0.43962,0.390803,0.452,Web_Browsing,BENIGN,0,2641,0,0
FLW-0002015,VPN-SES-00372,0x667f3096,52.22,8485,11022851,211084.85,1688678.82,1688678.82,1362.53,269.86,851,1500,0.011431,0.007709,0.764,Attack,DATA_EXFILTRATION,1,22769,0,4
FLW-0002016,VPN-SES-00372,0x667f3096,26.5,71,7632,288.0,2304.0,2304.0,102.06,26.77,61,153,0.822594,0.139374,0.457,ICMP,BENIGN,0,45,0,1
FLW-0002017,VPN-SES-00372,0x667f3096,47.3,5329,7338100,155139.53,1241116.28,1241116.28,1255.09,245.07,729,1500,0.054793,0.033836,0.097,Video_Streaming,BENIGN,0,8850,1,1
FLW-0002018,VPN-SES-00372,0x667f3096,46.94,2580,358102,7628.93,61031.44,61031.44,130.7,49.29,52,219,0.026845,0.01396,0.501,VoIP,BENIGN,0,2084,0,2
FLW-0002019,VPN-SES-00372,0x667f3096,94.15,992,420466,4465.92,35727.33,35727.33,391.63,169.9,40,688,0.710796,0.440401,0.465,WhatsApp,BENIGN,0,1003,0,0
FLW-0002020,VPN-SES-00373,0xb89a92c5,5.97,106,72284,12107.87,96862.98,96862.98,727.5,509.78,40,1475,0.562167,0.487471,0.217,Web_Browsing,BENIGN,0,161,0,1
FLW-0002021,VPN-SES-00373,0xb89a92c5,134.26,36589,48172678,358801.42,2870411.32,2870411.32,1397.23,221.35,1111,1500,0.02608,0.009364,0.95,Attack,DATA_EXFILTRATION,1,89640,1,3
FLW-0002022,VPN-SES-00373,0xb89a92c5,12.95,57,6461,498.92,3991.35,3991.35,111.35,25.81,75,149,0.957507,0.124534,0.542,ICMP,BENIGN,0,25,0,2
FLW-0002023,VPN-SES-00373,0xb89a92c5,8.73,1289,124728,14287.29,114298.28,114298.28,94.74,23.35,61,141,0.027832,0.013846,0.661,Attack,PORT_SCAN,1,3416,0,0
FLW-0002024,VPN-SES-00373,0xb89a92c5,127.73,2845,884905,6927.93,55423.47,55423.47,316.2,200.79,40,595,0.739425,0.78463,0.26,WhatsApp,BENIGN,0,3414,0,0
FLW-0002025,VPN-SES-00373,0xb89a92c5,20.07,114,10540,525.16,4201.3,4201.3,102.46,28.28,52,150,1.754102,0.954071,0.589,ICMP,BENIGN,0,82,0,0
FLW-0002026,VPN-SES-00373,0xb89a92c5,55.49,2702,2069632,37297.39,298379.1,298379.1,703.49,511.43,40,1500,0.631449,0.726393,0.176,Web_Browsing,BENIGN,0,2729,0,1
FLW-0002027,VPN-SES-00374,0xa6203553,133.5,9191,12021720,90050.34,720402.7,720402.7,1241.63,372.1,508,1500,0.063153,0.064509,0.15,Video_Streaming,BENIGN,0,13758,0,0
FLW-0002028,VPN-SES-00374,0xa6203553,40.8,1621,265619,6510.27,52082.16,52082.16,149.3,40.38,86,231,0.070932,0.044976,0.459,VoIP,BENIGN,0,2054,0,2
FLW-0002029,VPN-SES-00374,0xa6203553,37.51,1369,863614,23023.57,184188.54,184188.54,670.12,544.01,40,1500,0.433558,0.580906,0.598,Web_Browsing,BENIGN,0,1432,0,0
FLW-0002030,VPN-SES-00375,0x8b0c036b,407.29,151,24138,59.26,474.12,474.12,173.36,61.68,45,254,4.439013,2.016675,0.42,Attack,C2_BEACONING,1,206,0,2
FLW-0002031,VPN-SES-00375,0x8b0c036b,28.18,647,621320,22048.26,176386.09,176386.09,1029.92,452.08,65,1500,0.273693,0.189533,0.503,Email_IMAP,BENIGN,0,649,0,0
FLW-0002032,VPN-SES-00375,0x8b0c036b,237.53,109,27034,113.81,910.5,910.5,255.2,51.88,191,350,1.839757,0.84894,0.518,Attack,C2_BEACONING,1,140,0,3
FLW-0002033,VPN-SES-00375,0x8b0c036b,22.43,88,9897,441.24,3529.92,3529.92,122.39,15.24,98,142,0.593667,0.318844,0.491,ICMP,BENIGN,0,49,0,0
FLW-0002034,VPN-SES-00375,0x8b0c036b,109.36,1955,855720,7824.8,62598.39,62598.39,420.72,152.42,140,653,2.37479,5.703693,0.485,WhatsApp,BENIGN,0,1452,0,0
FLW-0002035,VPN-SES-00375,0x8b0c036b,56.78,355,298232,5252.41,42019.3,42019.3,773.07,425.46,40,1323,0.987029,0.721203,0.434,Email_IMAP,BENIGN,0,404,0,0
FLW-0002036,VPN-SES-00375,0x8b0c036b,249.39,338,71132,285.22,2281.79,2281.79,200.83,74.69,57,336,2.01635,1.076769,0.48,Attack,C2_BEACONING,1,430,0,4
FLW-0002037,VPN-SES-00375,0x8b0c036b,18.36,4131,5165392,281339.43,2250715.47,2250715.47,1146.02,218.63,781,1462,0.038247,0.035657,0.145,Video_Streaming,BENIGN,0,6962,0,1
FLW-0002038,VPN-SES-00376,0xc522f610,90.65,3734,565723,6240.74,49925.91,49925.91,159.52,53.57,91,248,0.031911,0.009196,0.472,VoIP,BENIGN,0,2996,0,2
FLW-0002039,VPN-SES-00376,0xc522f610,44.94,2158,1554585,34592.46,276739.65,276739.65,706.95,327.19,263,1300,0.616536,0.541614,0.303,Web_Browsing,BENIGN,0,2050,0,1
FLW-0002040,VPN-SES-00376,0xc522f610,15.5,506,112871,7282.0,58256.0,58256.0,247.47,116.8,42,490,0.098811,0.114519,0.691,Attack,BRUTE_FORCE,1,1206,1,2
FLW-0002041,VPN-SES-00376,0xc522f610,23.61,463,153841,6515.93,52127.4,52127.4,313.5,109.76,114,531,0.110648,0.08245,0.658,Attack,BRUTE_FORCE,1,923,0,1
FLW-0002042,VPN-SES-00376,0xc522f610,14.16,2204,187782,13261.44,106091.53,106091.53,94.5,22.42,66,133,0.038202,0.030717,0.819,Attack,PORT_SCAN,1,7161,0,1
FLW-0002043,VPN-SES-00376,0xc522f610,38.41,7684,10142374,264055.56,2112444.47,2112444.47,1410.72,180.17,1110,1500,0.012459,0.007323,0.899,Attack,DATA_EXFILTRATION,1,22379,0,1
FLW-0002044,VPN-SES-00377,0xb2070bf3,37.57,890,143810,3827.79,30622.31,30622.31,154.94,69.89,40,254,0.043576,0.026249,0.525,VoIP,BENIGN,0,1009,0,1
FLW-0002045,VPN-SES-00377,0xb2070bf3,21.28,148,14125,663.77,5310.15,5310.15,103.64,27.99,63,159,1.589474,0.761807,0.498,ICMP,BENIGN,0,97,1,1
FLW-0002046,VPN-SES-00377,0xb2070bf3,5.87,45,3899,664.22,5313.8,5313.8,94.32,13.37,75,119,1.138613,0.522333,0.49,ICMP,BENIGN,0,33,0,0
FLW-0002047,VPN-SES-00377,0xb2070bf3,74.58,579,81317,1090.33,8722.66,8722.66,131.66,140.09,40,324,1.216061,1.092947,0.575,WhatsApp,BENIGN,0,634,0,1
FLW-0002048,VPN-SES-00377,0xb2070bf3,17.46,168,21010,1203.32,9626.58,9626.58,115.31,23.03,76,150,1.881494,0.707266,0.476,ICMP,BENIGN,0,137,0,3
FLW-0002049,VPN-SES-00377,0xb2070bf3,129.14,3123,1356246,10502.14,84017.1,84017.1,468.64,319.5,40,977,0.935543,1.171107,0.335,WhatsApp,BENIGN,0,2876,0,1
FLW-0002050,VPN-SES-00377,0xb2070bf3,60.58,1790,1353200,22337.41,178699.24,178699.24,760.28,475.81,40,1392,0.751098,0.942224,0.413,Web_Browsing,BENIGN,0,2176,0,2
FLW-0002051,VPN-SES-00378,0xdb317618,19.86,186,150640,7585.1,60680.77,60680.77,840.2,424.42,140,1500,0.229502,0.104046,0.535,Email_IMAP,BENIGN,0,148,0,0
FLW-0002052,VPN-SES-00378,0xdb317618,63.79,1439,239037,3747.25,29977.99,29977.99,175.16,50.17,82,254,0.036457,0.025076,0.574,VoIP,BENIGN,0,1660,0,0
FLW-0002053,VPN-SES-00378,0xdb317618,78.89,9154,11973607,151775.98,1214207.83,1214207.83,1318.97,301.52,856,1500,0.030155,0.019689,0.055,Video_Streaming,BENIGN,0,10620,0,1
FLW-0002054,VPN-SES-00378,0xdb317618,9.38,21,1954,208.32,1666.52,1666.52,101.35,12.67,78,116,0.69542,0.100698,0.536,ICMP,BENIGN,0,21,0,2
FLW-0002055,VPN-SES-00378,0xdb317618,18.0,822,258656,14369.78,114958.22,114958.22,302.28,75.66,197,421,0.295409,0.2059,0.576,Attack,BRUTE_FORCE,1,1345,0,1
FLW-0002056,VPN-SES-00378,0xdb317618,50.3,1204,766627,15241.09,121928.75,121928.75,686.06,277.32,157,1080,0.976106,0.82014,0.495,Email_IMAP,BENIGN,0,1059,0,1
FLW-0002057,VPN-SES-00378,0xdb317618,63.95,2415,2696262,42162.03,337296.26,337296.26,1059.07,668.78,40,1500,0.443412,0.959474,0.179,Web_Browsing,BENIGN,0,3451,0,0
FLW-0002058,VPN-SES-00379,0x9ec29e07,69.27,2649,350611,5061.51,40492.1,40492.1,129.97,36.33,60,207,0.031588,0.020807,0.388,VoIP,BENIGN,0,3507,0,0
FLW-0002059,VPN-SES-00379,0x9ec29e07,266.78,342,63353,237.47,1899.78,1899.78,189.73,73.92,68,284,5.979333,2.399824,0.589,Attack,C2_BEACONING,1,494,0,2
FLW-0002060,VPN-SES-00379,0x9ec29e07,94.49,9166,11811526,125002.92,1000023.37,1000023.37,1214.07,193.76,956,1500,0.026259,0.015923,0.806,Attack,DATA_EXFILTRATION,1,29056,1,3
FLW-0002061,VPN-SES-00379,0x9ec29e07,16.12,39,4746,294.42,2355.33,2355.33,123.06,26.43,71,178,0.769134,0.209154,0.492,ICMP,BENIGN,0,24,0,0
FLW-0002062,VPN-SES-00379,0x9ec29e07,20.56,291,208788,10155.06,81240.47,81240.47,720.04,344.43,170,1381,1.112813,0.929464,0.631,Email_IMAP,BENIGN,0,231,0,2
FLW-0002063,VPN-SES-00379,0x9ec29e07,118.42,3559,496147,4189.72,33517.78,33517.78,145.96,38.78,78,215,0.038062,0.022947,0.443,VoIP,BENIGN,0,4274,0,0
FLW-0002064,VPN-SES-00380,0xce7a3168,206.05,43326,66304920,321790.44,2574323.51,2574323.51,1412.78,215.36,942,1500,0.030055,0.020076,0.183,Video_Streaming,BENIGN,0,65699,0,2
FLW-0002065,VPN-SES-00380,0xce7a3168,19.63,540,371094,18904.43,151235.46,151235.46,627.47,442.89,72,1474,0.801353,1.039824,0.526,Email_IMAP,BENIGN,0,677,0,1
FLW-0002066,VPN-SES-00380,0xce7a3168,23.78,631,447507,18818.63,150549.03,150549.03,786.09,429.15,40,1500,0.755278,0.772348,0.593,Email_IMAP,BENIGN,0,709,0,1
FLW-0002067,VPN-SES-00380,0xce7a3168,25.56,229,22226,869.56,6956.49,6956.49,104.39,20.5,64,142,0.669135,0.160019,0.528,ICMP,BENIGN,0,176,1,0
FLW-0002068,VPN-SES-00380,0xce7a3168,44.19,1617,1388581,31422.97,251383.75,251383.75,831.16,525.82,111,1500,0.589466,0.546543,0.337,Web_Browsing,BENIGN,0,1705,0,2
FLW-0002069,VPN-SES-00380,0xce7a3168,261.78,388,72300,276.19,2209.49,2209.49,201.5,87.72,86,387,5.14865,2.94697,0.538,Attack,C2_BEACONING,1,555,0,3
FLW-0002070,VPN-SES-00380,0xce7a3168,38.04,809,298821,7855.44,62843.53,62843.53,361.17,257.65,40,804,0.759657,1.145513,0.411,WhatsApp,BENIGN,0,605,0,0
FLW-0002071,VPN-SES-00381,0x7669f679,9.62,814,59739,6209.88,49679.0,49679.0,69.11,40.72,40,132,0.031057,0.023035,0.898,Attack,PORT_SCAN,1,1896,0,1
FLW-0002072,VPN-SES-00381,0x7669f679,83.7,4554,773618,9242.75,73941.98,73941.98,162.23,41.62,104,247,0.046931,0.020372,0.307,VoIP,BENIGN,0,5449,0,0
FLW-0002073,VPN-SES-00381,0x7669f679,63.28,1168,832599,13157.38,105259.04,105259.04,710.1,482.18,95,1385,0.314275,0.323546,0.494,Web_Browsing,BENIGN,0,984,0,2
FLW-0002074,VPN-SES-00381,0x7669f679,5.4,24,2727,505.0,4040.0,4040.0,123.44,27.41,69,169,2.138756,0.296045,0.478,ICMP,BENIGN,0,18,0,1
FLW-0002075,VPN-SES-00381,0x7669f679,11.36,51,5454,480.11,3840.85,3840.85,108.7,29.7,64,155,1.045915,0.248485,0.515,ICMP,BENIGN,0,28,0,1
FLW-0002076,VPN-SES-00381,0x7669f679,27.69,30554,4101022,148104.8,1184838.43,1184838.43,130.81,42.31,56,189,0.005879,0.003227,0.969,Attack,DOS_FLOOD,1,141850,2,1
FLW-0002077,VPN-SES-00382,0x4d43c4fe,228.33,33733,48393688,211946.25,1695570.03,1695570.03,1355.7,216.99,1064,1500,0.041963,0.043778,0.13,Video_Streaming,BENIGN,0,35571,0,0
FLW-0002078,VPN-SES-00382,0x4d43c4fe,86.0,3436,574239,6677.2,53417.58,53417.58,163.56,34.38,114,216,0.062575,0.038888,0.41,VoIP,BENIGN,0,4518,0,0
FLW-0002079,VPN-SES-00382,0x4d43c4fe,82.22,14837,18220724,221609.39,1772875.12,1772875.12,1194.57,314.96,648,1500,0.037402,0.030531,0.27,Video_Streaming,BENIGN,0,14746,0,1
FLW-0002080,VPN-SES-00382,0x4d43c4fe,11.37,2096,189518,16668.25,133346.0,133346.0,89.68,19.24,62,129,0.020348,0.01341,0.884,Attack,PORT_SCAN,1,4760,0,4
FLW-0002081,VPN-SES-00382,0x4d43c4fe,131.48,630,177948,1353.42,10827.38,10827.38,291.72,173.92,48,599,0.948569,1.080404,0.516,WhatsApp,BENIGN,0,645,0,0
FLW-0002082,VPN-SES-00382,0x4d43c4fe,60.25,2237,1771925,29409.54,235276.35,235276.35,776.27,515.15,40,1500,0.158386,0.161301,0.327,Web_Browsing,BENIGN,0,3286,0,1
FLW-0002083,VPN-SES-00382,0x4d43c4fe,50.78,1223,804546,15843.76,126750.06,126750.06,668.85,336.55,104,1176,0.818752,0.55414,0.505,Email_IMAP,BENIGN,0,1256,0,1
FLW-0002084,VPN-SES-00382,0x4d43c4fe,248.41,128,27315,109.96,879.67,879.67,224.5,101.6,91,413,3.46259,1.288103,0.546,Attack,C2_BEACONING,1,183,0,2
FLW-0002085,VPN-SES-00383,0xdfc91b52,42.81,2199,513212,11988.13,95905.07,95905.07,242.03,113.47,71,454,0.207315,0.129447,0.637,Attack,BRUTE_FORCE,1,3196,0,2
FLW-0002086,VPN-SES-00383,0xdfc91b52,6.86,32,3168,461.81,3694.46,3694.46,105.88,28.96,45,146,0.663781,0.191324,0.344,ICMP,BENIGN,0,23,0,0
FLW-0002087,VPN-SES-00383,0xdfc91b52,183.99,12887,17551638,95394.52,763156.17,763156.17,1476.07,184.78,1213,1500,0.060397,0.042989,0.07,Video_Streaming,BENIGN,0,13978,1,1
FLW-0002088,VPN-SES-00384,0x28dd3aea,129.51,1854,793377,6125.99,49007.92,49007.92,419.85,164.41,216,716,1.229213,1.451658,0.477,WhatsApp,BENIGN,0,1743,0,0
FLW-0002089,VPN-SES-00384,0x28dd3aea,45.11,4730,5979677,132557.68,1060461.45,1060461.45,1254.38,251.26,870,1500,0.031396,0.020787,0.02,Video_Streaming,BENIGN,0,6741,0,0
FLW-0002090,VPN-SES-00384,0x28dd3aea,26.82,1761,432025,16108.31,128866.52,128866.52,226.24,76.72,116,336,0.084711,0.045902,0.593,Attack,BRUTE_FORCE,1,2973,0,0
FLW-0002091,VPN-SES-00384,0x28dd3aea,9.07,56,5232,576.85,4614.77,4614.77,94.25,27.73,57,137,0.805618,0.22571,0.461,ICMP,BENIGN,0,37,0,0
FLW-0002092,VPN-SES-00384,0x28dd3aea,152.08,962,334803,2201.49,17611.94,17611.94,328.96,334.45,40,872,0.523811,0.3924,0.322,WhatsApp,BENIGN,0,1046,0,1
FLW-0002093,VPN-SES-00384,0x28dd3aea,52.94,6407,6884328,130040.2,1040321.57,1040321.57,1112.25,166.53,878,1399,0.066996,0.083794,0.214,Video_Streaming,BENIGN,0,8217,0,3
FLW-0002094,VPN-SES-00385,0x725cade5,359.31,70140,77600359,215970.5,1727763.97,1727763.97,1216.56,237.97,707,1500,0.036329,0.03649,0.127,Video_Streaming,BENIGN,0,121756,0,0
FLW-0002095,VPN-SES-00385,0x725cade5,18.67,225,117051,6269.47,50155.76,50155.76,544.01,491.71,40,1269,1.387757,1.87224,0.581,Email_IMAP,BENIGN,0,282,0,0
FLW-0002096,VPN-SES-00385,0x725cade5,135.68,3505,1051993,7753.49,62027.89,62027.89,298.21,234.5,40,774,0.937382,0.885885,0.293,WhatsApp,BENIGN,0,3424,0,1
FLW-0002097,VPN-SES-00385,0x725cade5,185.4,663,154787,834.88,6679.05,6679.05,219.68,194.62,40,459,1.405843,1.803761,0.474,WhatsApp,BENIGN,0,642,0,0
FLW-0002098,VPN-SES-00385,0x725cade5,17.46,324,100696,5767.24,46137.92,46137.92,331.07,494.11,40,994,0.856272,1.920411,0.221,Web_Browsing,BENIGN,0,324,0,0
FLW-0002099,VPN-SES-00385,0x725cade5,152.56,27581,39886404,261447.33,2091578.61,2091578.61,1376.33,158.23,1167,1500,0.048221,0.01902,0.921,Attack,DATA_EXFILTRATION,1,100868,1,2
FLW-0002100,VPN-SES-00386,0xb6662e73,73.91,1699,885388,11979.27,95834.18,95834.18,514.55,372.25,47,1193,0.791902,1.028402,0.301,Web_Browsing,BENIGN,0,2433,0,0
FLW-0002101,VPN-SES-00386,0xb6662e73,28.52,967,303211,10631.52,85052.17,85052.17,329.4,148.82,43,577,0.263084,0.162614,0.653,Attack,BRUTE_FORCE,1,2464,0,1
FLW-0002102,VPN-SES-00386,0xb6662e73,17.03,21,1882,110.51,884.09,884.09,97.79,27.08,41,131,1.276468,0.20029,0.606,ICMP,BENIGN,0,25,0,2
FLW-0002103,VPN-SES-00386,0xb6662e73,118.92,1019,118467,996.19,7969.53,7969.53,122.51,123.24,40,297,1.393294,1.804116,0.665,WhatsApp,BENIGN,0,986,0,0
FLW-0002104,VPN-SES-00387,0x518df073,70.88,2987,563641,7952.05,63616.37,63616.37,172.28,46.36,113,270,0.05386,0.030609,0.568,VoIP,BENIGN,0,3801,1,3
FLW-0002105,VPN-SES-00387,0x518df073,206.8,13606,17531862,84776.9,678215.16,678215.16,1245.77,201.11,812,1500,0.044013,0.02185,0.118,Video_Streaming,BENIGN,0,15195,0,0
FLW-0002106,VPN-SES-00387,0x518df073,152.64,27339,33582829,220013.29,1760106.34,1760106.34,1329.66,217.36,897,1500,0.02724,0.022071,0.775,Attack,DATA_EXFILTRATION,1,82846,0,5
FLW-0002107,VPN-SES-00387,0x518df073,8.66,2100,220462,25457.51,203660.05,203660.05,98.84,33.74,47,152,0.030698,0.025633,0.908,Attack,PORT_SCAN,1,6970,0,6
FLW-0002108,VPN-SES-00387,0x518df073,8.67,1657,169481,19547.98,156383.85,156383.85,94.15,22.45,46,136,0.037015,0.02707,0.866,Attack,PORT_SCAN,1,3881,0,1
FLW-0002109,VPN-SES-00388,0x299177b9,15.73,77,8103,515.13,4121.04,4121.04,99.73,22.55,52,141,1.177258,0.380707,0.649,ICMP,BENIGN,0,59,0,1
FLW-0002110,VPN-SES-00388,0x299177b9,270.09,292,53505,198.1,1584.81,1584.81,200.86,56.6,113,275,3.621415,1.756828,0.504,Attack,C2_BEACONING,1,361,0,2
FLW-0002111,VPN-SES-00388,0x299177b9,70.25,7443,9096069,129481.41,1035851.27,1035851.27,1234.97,228.09,753,1500,0.009766,0.003701,0.848,Attack,DATA_EXFILTRATION,1,26793,0,6
FLW-0002112,VPN-SES-00388,0x299177b9,58.3,1151,686863,11781.53,94252.21,94252.21,657.93,598.9,40,1500,0.339825,0.303564,0.375,Web_Browsing,BENIGN,0,1664,0,0
FLW-0002113,VPN-SES-00389,0x56794c1e,45.17,5658,6980042,154528.27,1236226.17,1236226.17,1357.52,210.1,934,1500,0.042091,0.0361,0.188,Video_Streaming,BENIGN,0,9615,0,2
FLW-0002114,VPN-SES-00389,0x56794c1e,61.62,818,228387,3706.38,29651.02,29651.02,254.7,227.16,40,528,1.151926,1.62856,0.505,WhatsApp,BENIGN,0,707,1,1
FLW-0002115,VPN-SES-00389,0x56794c1e,211.64,44093,48667523,229954.28,1839634.21,1839634.21,1193.39,170.07,834,1443,0.016371,0.011786,0.074,Video_Streaming,BENIGN,0,66645,0,0
FLW-0002116,VPN-SES-00389,0x56794c1e,51.58,13418,15311370,296847.03,2374776.27,2374776.27,1260.09,101.63,1039,1445,0.02789,0.021184,0.908,Attack,DATA_EXFILTRATION,1,46046,0,4
FLW-0002117,VPN-SES-00389,0x56794c1e,13.88,68,6653,479.32,3834.58,3834.58,106.34,17.49,77,134,0.639945,0.250279,0.507,ICMP,BENIGN,0,55,0,1
FLW-0002118,VPN-SES-00389,0x56794c1e,109.85,10184,12208311,111136.19,889089.56,889089.56,1167.67,203.77,729,1486,0.041464,0.031942,0.143,Video_Streaming,BENIGN,0,10585,0,0
FLW-0002119,VPN-SES-00390,0x756ffbd8,38.99,2319,599847,15384.64,123077.1,123077.1,239.82,90.33,77,352,0.165683,0.120755,0.642,Attack,BRUTE_FORCE,1,5175,0,2
FLW-0002120,VPN-SES-00390,0x756ffbd8,92.87,16726,19497904,209948.36,1679586.86,1679586.86,1086.9,327.8,545,1500,0.038553,0.04073,0.06,Video_Streaming,BENIGN,0,27666,0,1
FLW-0002121,VPN-SES-00390,0x756ffbd8,34.7,911,477175,13751.44,110011.53,110011.53,561.7,183.77,291,825,0.55872,0.514573,0.398,Web_Browsing,BENIGN,0,1189,0,0
FLW-0002122,VPN-SES-00390,0x756ffbd8,8.83,192,100102,11336.58,90692.64,90692.64,539.41,163.95,269,777,0.91106,0.835165,0.456,WhatsApp,BENIGN,0,210,0,0
FLW-0002123,VPN-SES-00390,0x756ffbd8,151.28,285,78012,515.68,4125.44,4125.44,257.5,79.69,120,401,1.120492,0.595096,0.499,Attack,C2_BEACONING,1,313,1,3
FLW-0002124,VPN-SES-00391,0x84f6b97e,8.21,18,2132,259.68,2077.47,2077.47,121.26,20.49,96,152,0.811739,0.274911,0.56,ICMP,BENIGN,0,17,0,1
FLW-0002125,VPN-SES-00391,0x84f6b97e,12.49,191,121743,9747.24,77977.9,77977.9,692.96,512.6,40,1500,0.457048,0.524799,0.374,Web_Browsing,BENIGN,0,187,0,0
FLW-0002126,VPN-SES-00391,0x84f6b97e,124.39,2360,605605,4868.6,38948.79,38948.79,239.64,149.19,40,483,0.736204,0.810767,0.434,WhatsApp,BENIGN,0,2725,1,1
FLW-0002127,VPN-SES-00391,0x84f6b97e,69.84,2849,493184,7061.63,56493.01,56493.01,161.42,46.67,103,245,0.090675,0.046405,0.482,VoIP,BENIGN,0,3717,0,1
FLW-0002128,VPN-SES-00391,0x84f6b97e,19.01,50,4855,255.39,2043.14,2043.14,93.28,31.36,41,137,1.43283,0.959099,0.253,ICMP,BENIGN,0,43,1,0
FLW-0002129,VPN-SES-00392,0xab510232,17.2,38,4109,238.9,1911.16,1911.16,116.31,23.33,69,148,1.202328,0.443344,0.571,ICMP,BENIGN,0,23,0,0
FLW-0002130,VPN-SES-00392,0xab510232,44.89,2107,568191,12657.41,101259.26,101259.26,266.51,148.4,40,527,0.152038,0.11397,0.616,Attack,BRUTE_FORCE,1,3535,0,6
FLW-0002131,VPN-SES-00392,0xab510232,60.48,2789,2237346,36993.15,295945.24,295945.24,740.13,390.01,88,1465,0.342964,0.355782,0.389,Web_Browsing,BENIGN,0,2456,0,1
FLW-0002132,VPN-SES-00393,0x52be7d36,76.0,8833,13923231,183200.41,1465603.26,1465603.26,1467.73,324.12,811,1500,0.051048,0.02797,0.048,Video_Streaming,BENIGN,0,13711,0,1
FLW-0002133,VPN-SES-00393,0x52be7d36,15.35,618,351517,22900.13,183201.04,183201.04,556.08,579.38,40,1472,0.570588,0.5559,0.294,Web_Browsing,BENIGN,0,548,1,0
FLW-0002134,VPN-SES-00393,0x52be7d36,52.72,210,144875,2748.01,21984.07,21984.07,669.8,459.41,99,1500,0.349363,0.251172,0.627,Email_IMAP,BENIGN,0,163,1,0
FLW-0002135,VPN-SES-00393,0x52be7d36,253.5,661,94188,371.55,2972.4,2972.4,139.72,43.04,75,229,3.205237,1.350026,0.573,Attack,C2_BEACONING,1,973,0,3
FLW-0002136,VPN-SES-00393,0x52be7d36,5.65,133,138871,24578.94,196631.5,196631.5,1052.95,332.0,551,1500,0.765156,0.744835,0.424,Email_IMAP,BENIGN,0,169,0,3
FLW-0002137,VPN-SES-00393,0x52be7d36,34.52,143,136536,3955.27,31642.18,31642.18,1013.35,445.73,474,1500,0.491388,0.473249,0.592,Email_IMAP,BENIGN,0,118,0,0
FLW-0002138,VPN-SES-00394,0x91140235,57.06,271,246024,4311.67,34493.38,34493.38,952.1,381.27,317,1424,0.433138,0.32218,0.701,Email_IMAP,BENIGN,0,276,0,1
FLW-0002139,VPN-SES-00394,0x91140235,52.4,481,347403,6629.83,53038.63,53038.63,758.07,430.76,40,1500,0.787608,0.847871,0.343,Email_IMAP,BENIGN,0,613,0,0
FLW-0002140,VPN-SES-00394,0x91140235,324.68,491,135748,418.1,3344.78,3344.78,258.93,75.62,153,417,3.219654,2.212478,0.721,Attack,C2_BEACONING,1,705,1,1
FLW-0002141,VPN-SES-00395,0xf3acd21a,6.69,358,396562,59276.83,474214.65,474214.65,1020.12,355.4,571,1500,0.425303,0.533509,0.349,Web_Browsing,BENIGN,0,452,0,0
FLW-0002142,VPN-SES-00395,0xf3acd21a,20.97,13978,2143966,102239.68,817917.41,817917.41,155.07,51.68,60,240,0.003324,0.001138,0.933,Attack,DOS_FLOOD,1,63604,0,0
FLW-0002143,VPN-SES-00395,0xf3acd21a,42.18,680,553426,13120.58,104964.63,104964.63,763.52,491.97,40,1410,0.418692,0.457755,0.494,Email_IMAP,BENIGN,0,714,0,0
FLW-0002144,VPN-SES-00396,0x852f524f,11.72,12233,1627270,138845.56,1110764.51,1110764.51,130.18,47.39,40,215,0.005085,0.001057,0.889,Attack,DOS_FLOOD,1,39774,7,3
FLW-0002145,VPN-SES-00396,0x852f524f,94.67,3900,691079,7299.87,58398.99,58398.99,186.17,43.07,102,264,0.030738,0.013211,0.597,VoIP,BENIGN,0,5075,0,1
FLW-0002146,VPN-SES-00396,0x852f524f,86.74,5142,3315193,38219.89,305759.1,305759.1,587.34,541.99,40,1500,0.663044,0.692983,0.361,Web_Browsing,BENIGN,0,5364,0,0
FLW-0002147,VPN-SES-00396,0x852f524f,121.31,17403,21144290,174299.65,1394397.16,1394397.16,1207.19,227.85,755,1500,0.018932,0.011292,0.123,Video_Streaming,BENIGN,0,22288,1,5
FLW-0002148,VPN-SES-00397,0x55655d2d,10.21,15,1342,131.44,1051.52,1051.52,99.14,26.2,60,141,1.17075,0.6152,0.557,ICMP,BENIGN,0,13,1,0
FLW-0002149,VPN-SES-00397,0x55655d2d,62.51,6608,8609655,137732.44,1101859.54,1101859.54,1390.0,247.86,1019,1500,0.017677,0.01636,0.058,Video_Streaming,BENIGN,0,7422,2,0
FLW-0002150,VPN-SES-00397,0x55655d2d,148.45,6305,854101,5753.46,46027.67,46027.67,147.12,51.16,40,222,0.0233,0.007822,0.562,VoIP,BENIGN,0,5520,0,0
FLW-0002151,VPN-SES-00397,0x55655d2d,9.77,266,193234,19778.3,158226.41,158226.41,803.61,330.69,402,1491,0.472463,0.451548,0.426,Email_IMAP,BENIGN,0,276,0,2
FLW-0002152,VPN-SES-00397,0x55655d2d,395.91,418,88677,223.98,1791.86,1791.86,232.12,62.18,97,336,2.230247,2.002251,0.653,Attack,C2_BEACONING,1,392,0,3
FLW-0002153,VPN-SES-00397,0x55655d2d,33.48,562,159958,4777.72,38221.74,38221.74,292.62,303.88,40,684,1.361006,2.247136,0.28,WhatsApp,BENIGN,0,383,0,0
FLW-0002154,VPN-SES-00398,0xdcbf1dfe,73.42,2403,1326584,18068.43,144547.43,144547.43,508.31,445.09,40,1436,0.57081,0.521904,0.42,Web_Browsing,BENIGN,0,2941,1,0
FLW-0002155,VPN-SES-00398,0xdcbf1dfe,26.36,1000,765012,29021.7,232173.6,232173.6,822.18,217.14,458,1205,0.585444,0.595009,0.366,Web_Browsing,BENIGN,0,1123,0,0
FLW-0002156,VPN-SES-00398,0xdcbf1dfe,121.21,406,132583,1093.83,8750.63,8750.63,337.04,224.44,40,700,0.647839,0.607087,0.522,WhatsApp,BENIGN,0,459,0,0
FLW-0002157,VPN-SES-00398,0xdcbf1dfe,15.33,64,6752,440.44,3523.55,3523.55,103.94,23.54,72,141,1.167191,0.280793,0.446,ICMP,BENIGN,0,38,0,0
FLW-0002158,VPN-SES-00398,0xdcbf1dfe,12.72,4371,488201,38380.58,307044.65,307044.65,106.76,44.79,40,203,0.003461,0.001495,0.875,Attack,DOS_FLOOD,1,21804,5,2
FLW-0002159,VPN-SES-00399,0x94c469b1,276.22,53836,65580558,237421.47,1899371.75,1899371.75,1165.31,247.86,758,1500,0.059736,0.070067,0.053,Video_Streaming,BENIGN,0,62177,2,0
FLW-0002160,VPN-SES-00399,0x94c469b1,9.2,71,7738,841.09,6728.7,6728.7,105.38,17.73,77,141,0.50346,0.136378,0.37,ICMP,BENIGN,0,46,0,0
FLW-0002161,VPN-SES-00399,0x94c469b1,5.41,3595,472743,87383.18,699065.43,699065.43,124.95,49.05,49,202,0.003214,0.001905,0.891,Attack,DOS_FLOOD,1,19719,5,1
FLW-0002162,VPN-SES-00399,0x94c469b1,79.63,1715,1378838,17315.56,138524.48,138524.48,863.89,297.1,263,1448,0.495304,0.639202,0.255,Web_Browsing,BENIGN,0,2119,0,0
FLW-0002163,VPN-SES-00400,0x6231d2a5,43.77,5963,8102026,185104.55,1480836.37,1480836.37,1349.51,228.05,1042,1500,0.028606,0.029627,0.024,Video_Streaming,BENIGN,0,8925,0,1
FLW-0002164,VPN-SES-00400,0x6231d2a5,382.15,229,48316,126.43,1011.46,1011.46,221.45,70.38,130,326,4.315657,1.829848,0.553,Attack,C2_BEACONING,1,330,0,0
FLW-0002165,VPN-SES-00400,0x6231d2a5,184.11,2877,649267,3526.52,28212.13,28212.13,235.96,257.65,40,702,0.739246,0.780099,0.479,WhatsApp,BENIGN,0,2499,0,2
FLW-0002166,VPN-SES-00400,0x6231d2a5,193.29,17153,24434515,126413.76,1011310.05,1011310.05,1318.69,193.54,979,1500,0.019797,0.009834,0.961,Attack,DATA_EXFILTRATION,1,45036,0,4
FLW-0002167,VPN-SES-00400,0x6231d2a5,18.64,744,573466,30765.34,246122.75,246122.75,823.48,479.89,119,1500,0.64966,0.707545,0.315,Web_Browsing,BENIGN,0,886,0,1
FLW-0002168,VPN-SES-00400,0x6231d2a5,49.7,311,199235,4008.75,32070.02,32070.02,673.27,523.96,40,1500,0.747566,1.430622,0.474,Email_IMAP,BENIGN,0,290,0,0
FLW-0002169,VPN-SES-00400,0x6231d2a5,14.29,115,58335,4082.23,32657.8,32657.8,527.72,273.27,40,1006,0.403331,0.244448,0.458,Email_IMAP,BENIGN,0,109,0,1
FLW-0002170,VPN-SES-00400,0x6231d2a5,12.28,4958,634689,51684.77,413478.18,413478.18,140.59,43.99,47,218,0.014041,0.007217,0.98,Attack,DOS_FLOOD,1,21104,2,3
FLW-0002171,VPN-SES-00401,0x28441abd,46.58,1470,1810858,38876.3,311010.39,311010.39,1130.9,445.42,592,1500,1.339776,2.192859,0.453,Email_IMAP,BENIGN,0,1613,0,1
FLW-0002172,VPN-SES-00401,0x28441abd,139.61,17055,21741879,155732.96,1245863.71,1245863.71,1258.02,285.55,642,1500,0.054425,0.035104,0.049,Video_Streaming,BENIGN,0,28055,0,0
FLW-0002173,VPN-SES-00401,0x28441abd,13.18,3656,390806,29651.44,237211.53,237211.53,101.27,35.0,40,156,0.034989,0.0249,0.835,Attack,PORT_SCAN,1,10702,0,1
FLW-0002174,VPN-SES-00401,0x28441abd,301.66,12743,16880958,55960.21,447681.71,447681.71,1445.22,153.58,1118,1500,0.020526,0.009396,0.223,Video_Streaming,BENIGN,0,20903,0,0
FLW-0002175,VPN-SES-00401,0x28441abd,84.11,9217,12688801,150859.6,1206876.8,1206876.8,1269.91,163.49,992,1500,0.036645,0.024655,0.045,Video_Streaming,BENIGN,0,10744,2,1
FLW-0002176,VPN-SES-00401,0x28441abd,164.87,1312,331521,2010.8,16086.42,16086.42,257.38,258.8,40,770,1.137424,0.860447,0.32,WhatsApp,BENIGN,0,1077,0,0
FLW-0002177,VPN-SES-00401,0x28441abd,29.22,1168,1018746,34864.68,278917.45,278917.45,840.53,616.3,40,1500,0.491375,0.299662,0.416,Email_IMAP,BENIGN,0,1272,0,0
FLW-0002178,VPN-SES-00401,0x28441abd,58.18,609,602758,10360.23,82881.82,82881.82,917.89,495.66,298,1500,0.339599,0.423319,0.435,Web_Browsing,BENIGN,0,875,0,0
FLW-0002179,VPN-SES-00402,0x57808b87,28.57,181,20769,726.95,5815.61,5815.61,111.04,26.78,69,148,1.400204,0.414953,0.491,ICMP,BENIGN,0,138,0,0
FLW-0002180,VPN-SES-00402,0x57808b87,52.58,544,445349,8469.93,67759.45,67759.45,802.89,399.92,40,1342,0.747644,0.655054,0.188,Web_Browsing,BENIGN,0,661,0,1
FLW-0002181,VPN-SES-00402,0x57808b87,37.45,1321,185103,4942.67,39541.36,39541.36,129.08,51.4,40,217,0.05378,0.029618,0.402,VoIP,BENIGN,0,1210,0,0
FLW-0002182,VPN-SES-00402,0x57808b87,154.78,19054,24679035,159445.89,1275567.13,1275567.13,1385.91,250.24,889,1500,0.022478,0.009442,0.947,Attack,DATA_EXFILTRATION,1,50769,1,2
FLW-0002183,VPN-SES-00402,0x57808b87,82.01,2103,700398,8540.4,68323.18,68323.18,341.74,250.66,40,660,0.721033,0.717543,0.31,WhatsApp,BENIGN,0,2222,0,1
FLW-0002184,VPN-SES-00402,0x57808b87,58.29,10480,14237234,244248.31,1953986.48,1953986.48,1342.5,91.02,1208,1500,0.049141,0.023471,0.86,Attack,DATA_EXFILTRATION,1,31241,0,3
FLW-0002185,VPN-SES-00403,0xf2b845b7,7.91,124,117968,14913.78,119310.24,119310.24,873.7,358.3,176,1500,0.9055,1.164234,0.548,Email_IMAP,BENIGN,0,163,0,2
FLW-0002186,VPN-SES-00403,0xf2b845b7,20.15,111,12318,611.32,4890.52,4890.52,103.41,29.28,64,145,1.559354,0.451809,0.494,ICMP,BENIGN,0,70,0,0
FLW-0002187,VPN-SES-00403,0xf2b845b7,61.94,2343,347638,5612.5,44899.97,44899.97,151.64,30.19,110,207,0.027347,0.017961,0.378,VoIP,BENIGN,0,3060,0,1
FLW-0002188,VPN-SES-00403,0xf2b845b7,192.19,30078,39124383,203571.38,1628571.02,1628571.02,1285.5,205.84,1007,1500,0.024389,0.015983,0.112,Video_Streaming,BENIGN,0,48817,1,0
FLW-0002189,VPN-SES-00403,0xf2b845b7,92.84,12380,18396648,198154.33,1585234.64,1585234.64,1381.92,128.42,1162,1500,0.020907,0.014314,0.895,Attack,DATA_EXFILTRATION,1,32386,0,1
FLW-0002190,VPN-SES-00403,0xf2b845b7,194.02,336,67884,349.88,2799.05,2799.05,220.92,97.14,42,353,2.556068,1.603985,0.582,Attack,C2_BEACONING,1,422,0,4
FLW-0002191,VPN-SES-00403,0xf2b845b7,108.69,539,161909,1489.64,11917.12,11917.12,294.48,249.42,40,687,0.910104,0.916414,0.409,WhatsApp,BENIGN,0,499,0,1
FLW-0002192,VPN-SES-00404,0x5ccc5afe,36.38,44049,5740989,157806.18,1262449.48,1262449.48,131.06,44.19,40,222,0.005634,0.001358,0.921,Attack,DOS_FLOOD,1,205334,4,1
FLW-0002193,VPN-SES-00404,0x5ccc5afe,148.57,10765,13363566,89947.94,719583.55,719583.55,1373.56,194.46,1019,1500,0.044302,0.059284,0.064,Video_Streaming,BENIGN,0,14591,1,1
FLW-0002194,VPN-SES-00404,0x5ccc5afe,11.19,238,265498,23726.36,189810.9,189810.9,1160.34,628.32,268,1500,0.514015,0.422951,0.525,Email_IMAP,BENIGN,0,283,0,0
FLW-0002195,VPN-SES-00404,0x5ccc5afe,16.74,722,192157,11478.91,91831.3,91831.3,289.24,107.35,108,424,0.162877,0.10828,0.582,Attack,BRUTE_FORCE,1,1601,0,2
FLW-0002196,VPN-SES-00405,0xc9d9c1dc,83.45,15402,20430486,244823.08,1958584.64,1958584.64,1394.0,184.94,1116,1500,0.031653,0.01479,0.766,Attack,DATA_EXFILTRATION,1,43272,0,1
FLW-0002197,VPN-SES-00405,0xc9d9c1dc,81.79,3603,525397,6423.73,51389.85,51389.85,138.49,35.81,60,211,0.056613,0.019882,0.554,VoIP,BENIGN,0,4772,0,2
FLW-0002198,VPN-SES-00405,0xc9d9c1dc,50.25,3865,1093766,21766.49,174131.9,174131.9,296.03,116.57,89,535,0.214596,0.098155,0.558,Attack,BRUTE_FORCE,1,9891,0,0
FLW-0002199,VPN-SES-00405,0xc9d9c1dc,12.0,345,97778,8148.17,65185.33,65185.33,275.57,77.6,106,413,0.100739,0.048192,0.805,Attack,BRUTE_FORCE,1,673,0,2
FLW-0002200,VPN-SES-00405,0xc9d9c1dc,19.38,134,15910,820.95,6567.6,6567.6,108.6,26.85,74,154,0.400179,0.168795,0.49,ICMP,BENIGN,0,85,0,0
FLW-0002201,VPN-SES-00405,0xc9d9c1dc,161.49,12892,14218524,88045.85,704366.78,704366.78,1150.56,137.7,941,1341,0.028097,0.019255,0.234,Video_Streaming,BENIGN,0,14360,0,2
FLW-0002202,VPN-SES-00405,0xc9d9c1dc,46.64,389,444062,9521.05,76168.44,76168.44,1158.26,400.42,591,1500,0.606646,0.685021,0.516,Email_IMAP,BENIGN,0,431,0,0
FLW-0002203,VPN-SES-00406,0xe9975545,48.19,2329,2721592,56476.28,451810.25,451810.25,1141.51,200.62,856,1499,0.705931,1.107991,0.463,Web_Browsing,BENIGN,0,2189,0,0
FLW-0002204,VPN-SES-00406,0xe9975545,9.81,353,46793,4769.93,38159.43,38159.43,138.51,27.84,99,175,0.042436,0.027242,0.465,VoIP,BENIGN,0,389,0,0
FLW-0002205,VPN-SES-00406,0xe9975545,30.55,496,357621,11706.09,93648.71,93648.71,708.6,514.71,40,1500,0.762291,0.617029,0.595,Email_IMAP,BENIGN,0,611,0,3
FLW-0002206,VPN-SES-00406,0xe9975545,138.61,9112,1316069,9494.76,75958.1,75958.1,138.51,59.22,40,257,0.049201,0.019889,0.442,VoIP,BENIGN,0,11085,0,1
FLW-0002207,VPN-SES-00406,0xe9975545,49.3,770,615565,12486.11,99888.84,99888.84,816.04,300.88,438,1437,0.686354,0.806634,0.722,Email_IMAP,BENIGN,0,859,0,0
FLW-0002208,VPN-SES-00407,0x94db01dd,32.18,159,14278,443.69,3549.53,3549.53,98.89,27.47,61,144,0.601337,0.155904,0.54,ICMP,BENIGN,0,83,0,1
FLW-0002209,VPN-SES-00407,0x94db01dd,4.01,22,2181,543.89,4351.12,4351.12,103.14,28.0,53,138,0.72811,0.255837,0.48,ICMP,BENIGN,0,20,1,0
FLW-0002210,VPN-SES-00407,0x94db01dd,81.01,1295,607761,7502.3,60018.37,60018.37,442.42,298.4,40,823,0.73171,0.581261,0.381,WhatsApp,BENIGN,0,1314,1,1
FLW-0002211,VPN-SES-00407,0x94db01dd,26.54,98,10117,381.2,3049.59,3049.59,94.47,28.75,57,144,1.00624,0.333458,0.646,ICMP,BENIGN,0,61,1,0
FLW-0002212,VPN-SES-00407,0x94db01dd,140.2,10066,11448715,81659.88,653279.03,653279.03,1221.03,303.23,715,1500,0.015399,0.009724,0.131,Video_Streaming,BENIGN,0,16602,0,0
FLW-0002213,VPN-SES-00408,0x6436deb3,68.95,9338,11945557,173249.56,1385996.46,1385996.46,1182.94,264.75,809,1500,0.045931,0.031844,0.143,Video_Streaming,BENIGN,0,14230,0,0
FLW-0002214,VPN-SES-00408,0x6436deb3,34.2,85,8332,243.63,1949.01,1949.01,96.42,18.56,63,131,0.891752,0.262438,0.446,ICMP,BENIGN,0,45,0,1
FLW-0002215,VPN-SES-00408,0x6436deb3,164.49,33209,41504493,252322.29,2018578.3,2018578.3,1260.76,222.14,845,1500,0.027991,0.018604,0.043,Video_Streaming,BENIGN,0,43364,0,2
FLW-0002216,VPN-SES-00408,0x6436deb3,13.89,63,7325,527.36,4218.86,4218.86,108.04,11.3,90,132,0.888447,0.142269,0.385,ICMP,BENIGN,0,43,0,1
FLW-0002217,VPN-SES-00408,0x6436deb3,131.93,1413,436083,3305.41,26443.3,26443.3,331.36,161.48,110,657,0.622694,0.648419,0.388,WhatsApp,BENIGN,0,1224,0,1
FLW-0002218,VPN-SES-00409,0xadcc91b0,50.49,1181,484873,9603.35,76826.78,76826.78,385.47,274.37,40,756,1.257161,1.289809,0.577,WhatsApp,BENIGN,0,1222,0,1
FLW-0002219,VPN-SES-00409,0xadcc91b0,70.59,3064,2090924,29620.68,236965.46,236965.46,687.45,245.62,334,1198,0.440182,0.675514,0.336,Web_Browsing,BENIGN,0,3877,0,0
FLW-0002220,VPN-SES-00409,0xadcc91b0,79.87,6827,7278381,91127.85,729022.76,729022.76,1156.0,270.56,647,1500,0.034934,0.017472,0.143,Video_Streaming,BENIGN,0,8946,0,1
FLW-0002221,VPN-SES-00409,0xadcc91b0,31.22,704,428310,13719.09,109752.72,109752.72,598.88,296.65,172,1139,0.93647,0.655997,0.415,Email_IMAP,BENIGN,0,673,0,2
FLW-0002222,VPN-SES-00409,0xadcc91b0,12.52,315,285639,22814.62,182516.93,182516.93,1004.22,459.14,47,1500,0.926505,0.942072,0.686,Email_IMAP,BENIGN,0,368,0,0
FLW-0002223,VPN-SES-00409,0xadcc91b0,3.52,793,67687,19229.26,153834.09,153834.09,90.79,19.35,59,114,0.013891,0.013051,0.592,Attack,PORT_SCAN,1,2394,0,4
FLW-0002224,VPN-SES-00410,0xf07eaf26,32.68,1001,165358,5059.91,40479.31,40479.31,150.71,33.3,99,207,0.028265,0.019632,0.591,VoIP,BENIGN,0,967,0,2
FLW-0002225,VPN-SES-00410,0xf07eaf26,154.88,24839,31251803,201780.75,1614246.02,1614246.02,1371.36,280.62,1014,1500,0.036023,0.033,0.091,Video_Streaming,BENIGN,0,30189,2,0
FLW-0002226,VPN-SES-00410,0xf07eaf26,48.94,821,337446,6895.1,55160.77,55160.77,391.81,125.57,131,596,1.602253,1.632241,0.502,WhatsApp,BENIGN,0,573,0,1
FLW-0002227,VPN-SES-00410,0xf07eaf26,28.31,42278,5843814,206422.25,1651378.03,1651378.03,144.23,17.99,120,166,0.005432,0.002348,0.888,Attack,DOS_FLOOD,1,136688,2,4
FLW-0002228,VPN-SES-00410,0xf07eaf26,15.69,195,34840,2220.52,17764.18,17764.18,164.34,119.66,40,382,0.069025,0.050858,0.592,Attack,BRUTE_FORCE,1,403,0,3
FLW-0002229,VPN-SES-00411,0xacba7bc6,102.09,2119,697647,6833.65,54669.17,54669.17,347.14,217.33,40,629,0.561938,0.37026,0.452,WhatsApp,BENIGN,0,1765,0,2
FLW-0002230,VPN-SES-00411,0xacba7bc6,44.39,1373,807331,18187.23,145497.81,145497.81,639.11,355.68,40,1229,0.393903,0.489537,0.241,Web_Browsing,BENIGN,0,1259,0,0
FLW-0002231,VPN-SES-00411,0xacba7bc6,87.85,8031,11075991,126078.44,1008627.52,1008627.52,1391.53,221.07,948,1500,0.026158,0.014836,0.054,Video_Streaming,BENIGN,0,13496,2,1
FLW-0002232,VPN-SES-00411,0xacba7bc6,114.32,24054,30860855,269951.5,2159611.97,2159611.97,1351.03,260.18,798,1500,0.030567,0.023027,0.159,Video_Streaming,BENIGN,0,35791,0,1
FLW-0002233,VPN-SES-00411,0xacba7bc6,41.69,341,257256,6170.69,49365.51,49365.51,743.18,458.52,40,1500,0.505137,0.406592,0.594,Email_IMAP,BENIGN,0,423,0,0
FLW-0002234,VPN-SES-00411,0xacba7bc6,44.9,1084,1286535,28653.34,229226.73,229226.73,1141.05,493.04,215,1500,0.73798,0.797044,0.442,Email_IMAP,BENIGN,0,1155,0,0
FLW-0002235,VPN-SES-00411,0xacba7bc6,54.2,6873,9531064,175849.89,1406799.11,1406799.11,1340.76,191.2,999,1500,0.030791,0.020117,0.896,Attack,DATA_EXFILTRATION,1,22125,1,6
FLW-0002236,VPN-SES-00411,0xacba7bc6,53.98,574,372668,6903.82,55230.53,55230.53,655.07,518.33,40,1500,0.901587,1.158042,0.487,Email_IMAP,BENIGN,0,513,0,1
FLW-0002237,VPN-SES-00412,0x54e5eddd,24.04,1069,241018,10025.71,80205.66,80205.66,213.37,86.33,63,342,0.260732,0.141441,0.519,Attack,BRUTE_FORCE,1,1563,0,2
FLW-0002238,VPN-SES-00412,0x54e5eddd,8.5,464,116767,13737.29,109898.35,109898.35,256.79,160.93,40,545,0.107348,0.091865,0.42,Attack,BRUTE_FORCE,1,748,0,1
FLW-0002239,VPN-SES-00412,0x54e5eddd,2.88,13,1582,549.31,4394.44,4394.44,115.29,13.29,97,132,1.018314,0.231221,0.584,ICMP,BENIGN,0,17,0,0
FLW-0002240,VPN-SES-00412,0x54e5eddd,254.57,20627,23523867,92406.28,739250.25,739250.25,1113.03,248.98,726,1434,0.032799,0.016835,0.1,Video_Streaming,BENIGN,0,23893,1,0
FLW-0002241,VPN-SES-00412,0x54e5eddd,33.36,408,439686,13180.04,105440.29,105440.29,1001.7,252.84,461,1500,0.828717,0.938362,0.467,Email_IMAP,BENIGN,0,404,1,1
FLW-0002242,VPN-SES-00412,0x54e5eddd,209.92,21347,25439540,121186.83,969494.66,969494.66,1191.75,243.38,686,1500,0.026371,0.015371,0.945,Attack,DATA_EXFILTRATION,1,78883,0,2
FLW-0002243,VPN-SES-00412,0x54e5eddd,21.49,167,17082,794.88,6359.05,6359.05,113.64,33.75,45,172,1.237234,0.434619,0.474,ICMP,BENIGN,0,113,0,0
FLW-0002244,VPN-SES-00412,0x54e5eddd,99.87,2869,365461,3659.37,29274.94,29274.94,132.67,38.48,51,192,0.051917,0.041023,0.485,VoIP,BENIGN,0,3420,0,1
FLW-0002245,VPN-SES-00413,0x2ea391e2,346.87,293,52461,151.24,1209.93,1209.93,175.98,81.94,40,337,1.9253,1.004021,0.48,Attack,C2_BEACONING,1,376,0,1
FLW-0002246,VPN-SES-00413,0x2ea391e2,216.29,678,157481,728.1,5824.81,5824.81,235.11,30.71,168,295,5.444122,2.817014,0.506,Attack,C2_BEACONING,1,965,0,3
FLW-0002247,VPN-SES-00413,0x2ea391e2,74.45,1115,247623,3326.03,26608.25,26608.25,207.21,232.94,40,550,0.654224,0.776848,0.611,WhatsApp,BENIGN,0,1061,0,0
FLW-0002248,VPN-SES-00413,0x2ea391e2,56.54,6296,9062287,160280.99,1282247.9,1282247.9,1500.0,300.81,935,1500,0.063666,0.059338,0.02,Video_Streaming,BENIGN,0,6229,1,0
FLW-0002249,VPN-SES-00414,0xc50f2f5c,91.13,1726,292727,3212.19,25697.53,25697.53,157.59,45.88,90,229,0.047344,0.040203,0.443,VoIP,BENIGN,0,1436,0,1
FLW-0002250,VPN-SES-00414,0xc50f2f5c,11.08,18,1508,136.1,1088.81,1088.81,83.75,27.79,40,117,0.979867,0.205499,0.578,ICMP,BENIGN,0,15,0,1
FLW-0002251,VPN-SES-00414,0xc50f2f5c,3.32,52,33914,10215.06,81720.48,81720.48,677.94,320.88,203,1377,0.435861,0.313026,0.565,Email_IMAP,BENIGN,0,53,1,1
FLW-0002252,VPN-SES-00415,0x5e674f72,10.3,554,158635,15401.46,123211.65,123211.65,287.38,104.84,61,435,0.317406,0.200457,0.482,Attack,BRUTE_FORCE,1,928,0,4
FLW-0002253,VPN-SES-00415,0x5e674f72,49.16,3451,585905,11918.33,95346.62,95346.62,184.61,129.1,40,362,0.133797,0.133845,0.645,Attack,BRUTE_FORCE,1,6138,0,0
FLW-0002254,VPN-SES-00415,0x5e674f72,200.82,33995,45082879,224493.97,1795951.76,1795951.76,1434.7,260.31,1075,1500,0.028484,0.021004,0.026,Video_Streaming,BENIGN,0,58700,5,1
FLW-0002255,VPN-SES-00415,0x5e674f72,7.58,145,99217,13089.31,104714.51,104714.51,630.29,434.71,43,1294,0.511827,0.263803,0.539,Email_IMAP,BENIGN,0,133,0,1
FLW-0002256,VPN-SES-00415,0x5e674f72,95.89,3434,603356,6292.17,50337.34,50337.34,161.83,49.71,75,222,0.042996,0.020495,0.499,VoIP,BENIGN,0,3173,0,0
FLW-0002257,VPN-SES-00415,0x5e674f72,73.86,3129,2369586,32082.13,256657.03,256657.03,709.06,375.79,234,1500,1.06998,1.367014,0.34,Web_Browsing,BENIGN,0,3434,0,0
FLW-0002258,VPN-SES-00415,0x5e674f72,11.34,2050,174721,15407.5,123259.96,123259.96,92.72,32.36,40,143,0.018102,0.012676,0.932,Attack,PORT_SCAN,1,6409,1,1
FLW-0002259,VPN-SES-00416,0xacfa2010,245.95,25382,33083183,134511.82,1076094.59,1076094.59,1241.83,248.11,881,1500,0.021355,0.011347,0.205,Video_Streaming,BENIGN,0,28621,0,1
FLW-0002260,VPN-SES-00416,0xacfa2010,50.6,2127,253259,5005.12,40040.95,40040.95,119.47,23.94,71,159,0.04219,0.021149,0.476,VoIP,BENIGN,0,1793,0,2
FLW-0002261,VPN-SES-00416,0xacfa2010,21.74,187,19916,916.1,7328.79,7328.79,113.68,24.54,81,157,1.304341,0.497204,0.39,ICMP,BENIGN,0,133,0,0
FLW-0002262,VPN-SES-00416,0xacfa2010,26.17,4523,5214413,199251.55,1594012.38,1594012.38,1263.09,198.07,850,1500,0.06888,0.043652,0.886,Attack,DATA_EXFILTRATION,1,11470,0,1
FLW-0002263,VPN-SES-00417,0xf9701e00,75.73,790,162430,2144.86,17158.85,17158.85,193.86,159.66,40,537,1.327033,1.476899,0.393,WhatsApp,BENIGN,0,884,1,0
FLW-0002264,VPN-SES-00417,0xf9701e00,23.48,354,105806,4506.22,36049.74,36049.74,278.31,132.46,40,465,0.635554,0.593674,0.321,WhatsApp,BENIGN,0,321,0,2
FLW-0002265,VPN-SES-00417,0xf9701e00,33.98,1711,973249,28641.82,229134.55,229134.55,593.75,496.83,40,1500,0.197741,0.199321,0.448,Web_Browsing,BENIGN,0,1883,0,2
FLW-0002266,VPN-SES-00417,0xf9701e00,16.42,70,7035,428.44,3427.53,3427.53,94.51,26.71,40,151,1.195611,0.580225,0.508,ICMP,BENIGN,0,45,0,1
FLW-0002267,VPN-SES-00417,0xf9701e00,7.86,1670,190828,24278.37,194226.97,194226.97,103.92,25.27,63,150,0.036579,0.03287,0.758,Attack,PORT_SCAN,1,5348,0,3
FLW-0002268,VPN-SES-00418,0xf67882ae,30.91,171,16884,546.23,4369.85,4369.85,98.31,16.97,73,129,1.351385,0.462765,0.449,ICMP,BENIGN,0,122,0,1
FLW-0002269,VPN-SES-00418,0xf67882ae,173.83,27547,27289062,156987.07,1255896.54,1255896.54,1068.49,237.57,640,1462,0.042399,0.030054,0.192,Video_Streaming,BENIGN,0,33227,0,0
FLW-0002270,VPN-SES-00418,0xf67882ae,7.0,14008,1922223,274603.29,2196826.29,2196826.29,148.53,54.66,54,258,0.003781,0.001996,0.876,Attack,DOS_FLOOD,1,66177,2,1
FLW-0002271,VPN-SES-00419,0xf47172b1,135.59,6982,974856,7189.73,57517.87,57517.87,152.13,58.26,66,231,0.043329,0.018538,0.628,VoIP,BENIGN,0,6881,0,0
FLW-0002272,VPN-SES-00419,0xf47172b1,111.02,4246,4138534,37277.37,298218.99,298218.99,1031.37,321.02,561,1500,0.255619,0.265068,0.376,Web_Browsing,BENIGN,0,4999,0,1
FLW-0002273,VPN-SES-00419,0xf47172b1,104.64,3241,2966452,28349.12,226792.97,226792.97,852.56,471.34,93,1500,0.439528,0.478303,0.299,Web_Browsing,BENIGN,0,3472,0,3
FLW-0002274,VPN-SES-00420,0x37eaf665,36.37,595,179564,4937.15,39497.17,39497.17,277.76,140.79,40,500,0.117351,0.065079,0.545,Attack,BRUTE_FORCE,1,1366,0,2
FLW-0002275,VPN-SES-00420,0x37eaf665,54.41,1153,236576,4348.02,34784.19,34784.19,192.47,225.54,40,587,1.524692,1.638517,0.36,WhatsApp,BENIGN,0,1171,0,0
FLW-0002276,VPN-SES-00420,0x37eaf665,55.77,223,38747,694.76,5558.11,5558.11,182.07,229.92,40,667,0.771347,0.731987,0.428,WhatsApp,BENIGN,0,239,0,0
FLW-0002277,VPN-SES-00420,0x37eaf665,107.5,3097,502912,4678.25,37426.01,37426.01,164.17,46.12,108,240,0.077963,0.031209,0.445,VoIP,BENIGN,0,2341,0,1
FLW-0002278,VPN-SES-00420,0x37eaf665,45.1,2523,3085232,68408.69,547269.53,547269.53,1326.75,212.64,940,1500,0.035375,0.029333,0.16,Video_Streaming,BENIGN,0,3659,0,2
FLW-0002279,VPN-SES-00421,0x38af3b73,95.23,1977,2081469,21857.28,174858.26,174858.26,1051.58,341.3,613,1500,0.816478,1.067047,0.509,Web_Browsing,BENIGN,0,1684,0,0
FLW-0002280,VPN-SES-00421,0x38af3b73,177.48,4491,1814151,10221.72,81773.77,81773.77,370.63,272.51,40,845,0.845567,0.665672,0.574,WhatsApp,BENIGN,0,3552,0,2
FLW-0002281,VPN-SES-00421,0x38af3b73,64.05,756,544325,8498.44,67987.51,67987.51,701.06,489.3,40,1438,0.484976,0.394118,0.543,Email_IMAP,BENIGN,0,633,0,0
FLW-0002282,VPN-SES-00421,0x38af3b73,51.53,1036,144226,2798.87,22391.0,22391.0,145.13,53.91,71,243,0.130589,0.103911,0.466,VoIP,BENIGN,0,1096,0,1
FLW-0002283,VPN-SES-00421,0x38af3b73,148.31,269,58302,393.11,3144.87,3144.87,227.65,82.83,88,408,4.473993,1.871723,0.598,Attack,C2_BEACONING,1,308,0,2
FLW-0002284,VPN-SES-00422,0xde70d3f7,12.02,74,5839,485.77,3886.19,3886.19,80.59,23.88,40,125,1.939875,0.491601,0.458,ICMP,BENIGN,0,37,0,1
FLW-0002285,VPN-SES-00422,0xde70d3f7,67.96,1162,1272173,18719.44,149755.5,149755.5,1023.34,465.07,48,1500,0.400828,0.320985,0.399,Web_Browsing,BENIGN,0,1447,0,1
FLW-0002286,VPN-SES-00422,0xde70d3f7,155.78,266,61434,394.36,3154.91,3154.91,238.99,54.55,150,336,2.646116,1.419739,0.584,Attack,C2_BEACONING,1,258,0,2
FLW-0002287,VPN-SES-00422,0xde70d3f7,268.67,27316,32205979,119871.88,958975.07,958975.07,1112.21,260.14,794,1500,0.022438,0.018885,0.184,Video_Streaming,BENIGN,0,38246,0,1
FLW-0002288,VPN-SES-00423,0x49a90a45,12.22,472,109635,8971.77,71774.14,71774.14,252.8,159.48,40,555,0.133487,0.074881,0.569,Attack,BRUTE_FORCE,1,932,0,5
FLW-0002289,VPN-SES-00423,0x49a90a45,4.71,90,32595,6920.38,55363.06,55363.06,372.48,371.51,40,951,0.613429,0.682908,0.423,Email_IMAP,BENIGN,0,90,0,2
FLW-0002290,VPN-SES-00423,0x49a90a45,33.82,424,256400,7581.31,60650.5,60650.5,614.08,466.83,40,1214,0.950101,1.042674,0.34,Web_Browsing,BENIGN,0,480,0,0
FLW-0002291,VPN-SES-00423,0x49a90a45,4.2,2281,280947,66892.14,535137.14,535137.14,119.59,34.97,57,194,0.008671,0.004807,0.915,Attack,DOS_FLOOD,1,7570,5,2
FLW-0002292,VPN-SES-00424,0x1ef473a2,51.41,1004,624782,12152.93,97223.42,97223.42,594.95,266.09,57,1150,0.257553,0.197546,0.352,Web_Browsing,BENIGN,0,1301,0,0
FLW-0002293,VPN-SES-00424,0x1ef473a2,253.11,41290,54555798,215541.85,1724334.81,1724334.81,1296.31,189.88,896,1500,0.047769,0.039617,0.033,Video_Streaming,BENIGN,0,46088,0,0
FLW-0002294,VPN-SES-00424,0x1ef473a2,18.46,136,14100,763.81,6110.51,6110.51,99.46,26.74,63,148,1.288629,0.426478,0.466,ICMP,BENIGN,0,93,0,0
FLW-0002295,VPN-SES-00424,0x1ef473a2,206.61,27914,33246392,160913.76,1287310.08,1287310.08,1268.8,166.39,989,1500,0.011385,0.004508,0.933,Attack,DATA_EXFILTRATION,1,68279,0,1
FLW-0002296,VPN-SES-00424,0x1ef473a2,9.19,90,10294,1120.13,8961.04,8961.04,109.63,26.07,69,151,1.417294,0.319949,0.555,ICMP,BENIGN,0,66,0,0
FLW-0002297,VPN-SES-00424,0x1ef473a2,105.85,4832,6095058,57582.03,460656.25,460656.25,1233.08,236.42,944,1500,0.059647,0.036255,0.233,Video_Streaming,BENIGN,0,7212,0,2
FLW-0002298,VPN-SES-00424,0x1ef473a2,25.33,3073,4331191,170990.56,1367924.52,1367924.52,1452.35,247.52,914,1500,0.024475,0.011012,0.119,Video_Streaming,BENIGN,0,3826,0,1
FLW-0002299,VPN-SES-00425,0xf13ae6f4,146.22,2089,668572,4572.37,36578.96,36578.96,296.43,263.91,40,817,1.427245,1.924291,0.424,WhatsApp,BENIGN,0,1944,0,1
FLW-0002300,VPN-SES-00425,0xf13ae6f4,17.52,128,13369,763.07,6104.57,6104.57,107.58,29.58,54,151,1.373866,0.420811,0.566,ICMP,BENIGN,0,96,0,2
FLW-0002301,VPN-SES-00425,0xf13ae6f4,39.24,32777,4522204,115244.75,921958.0,921958.0,127.05,41.14,72,196,0.006118,0.004141,0.958,Attack,DOS_FLOOD,1,170183,2,1
FLW-0002302,VPN-SES-00425,0xf13ae6f4,24.56,137,12330,502.04,4016.29,4016.29,93.54,18.53,53,116,0.667632,0.244025,0.483,ICMP,BENIGN,0,98,0,4
FLW-0002303,VPN-SES-00425,0xf13ae6f4,52.77,1354,1062470,20133.98,161071.82,161071.82,764.62,315.82,258,1232,0.522869,0.363077,0.617,Email_IMAP,BENIGN,0,1165,0,0
FLW-0002304,VPN-SES-00425,0xf13ae6f4,20.36,240,190957,9379.03,75032.22,75032.22,799.0,595.75,40,1500,0.51649,0.396579,0.511,Web_Browsing,BENIGN,0,258,0,0
FLW-0002305,VPN-SES-00426,0x2bd07f9b,12.88,47,4502,349.53,2796.27,2796.27,99.87,16.0,66,121,0.849023,0.169271,0.558,ICMP,BENIGN,0,37,0,0
FLW-0002306,VPN-SES-00426,0x2bd07f9b,66.31,44,8608,129.81,1038.52,1038.52,197.1,79.25,76,318,4.638362,4.003901,0.551,Attack,C2_BEACONING,1,61,0,1
FLW-0002307,VPN-SES-00426,0x2bd07f9b,75.65,12892,20136753,266183.12,2129464.96,2129464.96,1475.62,199.08,1129,1500,0.017637,0.010072,0.02,Video_Streaming,BENIGN,0,15532,1,0
FLW-0002308,VPN-SES-00426,0x2bd07f9b,173.69,31137,41583914,239414.55,1915316.44,1915316.44,1448.42,311.47,873,1500,0.048311,0.029078,0.159,Video_Streaming,BENIGN,0,48726,0,1
FLW-0002309,VPN-SES-00426,0x2bd07f9b,119.03,13736,20061300,168539.86,1348318.91,1348318.91,1378.4,247.83,1033,1500,0.041883,0.03592,0.052,Video_Streaming,BENIGN,0,19474,1,0
FLW-0002310,VPN-SES-00426,0x2bd07f9b,179.11,26374,33415770,186565.63,1492525.04,1492525.04,1291.49,184.96,920,1500,0.033868,0.0322,0.141,Video_Streaming,BENIGN,0,29363,1,1
FLW-0002311,VPN-SES-00426,0x2bd07f9b,30.54,608,467145,15296.17,122369.35,122369.35,726.89,306.06,65,1287,0.751263,0.700236,0.54,Email_IMAP,BENIGN,0,555,0,1
FLW-0002312,VPN-SES-00427,0x19098704,74.3,4197,4132462,55618.6,444948.8,444948.8,940.84,246.61,406,1264,0.045305,0.040146,0.152,Video_Streaming,BENIGN,0,6419,0,1
FLW-0002313,VPN-SES-00427,0x19098704,65.78,2779,1802865,27407.49,219259.96,219259.96,666.79,432.95,40,1491,0.850408,0.989434,0.306,Web_Browsing,BENIGN,0,3049,1,2
FLW-0002314,VPN-SES-00427,0x19098704,8.35,30,3147,376.89,3015.09,3015.09,110.31,28.51,73,167,0.861914,0.279853,0.446,ICMP,BENIGN,0,25,0,0
FLW-0002315,VPN-SES-00427,0x19098704,321.67,31491,44786388,139230.85,1113846.81,1113846.81,1374.39,143.32,1192,1500,0.036286,0.042253,0.078,Video_Streaming,BENIGN,0,36877,0,1
FLW-0002316,VPN-SES-00428,0x7a499f0b,194.48,12949,16967715,87246.58,697972.65,697972.65,1298.56,112.18,1135,1500,0.014579,0.008504,0.093,Video_Streaming,BENIGN,0,20227,0,1
FLW-0002317,VPN-SES-00428,0x7a499f0b,167.41,301,61842,369.4,2955.24,2955.24,225.72,65.32,140,357,5.595276,3.457755,0.649,Attack,C2_BEACONING,1,401,0,1
FLW-0002318,VPN-SES-00428,0x7a499f0b,51.65,1220,794564,15383.62,123068.96,123068.96,718.8,386.69,40,1445,1.040717,0.706149,0.458,Email_IMAP,BENIGN,0,1232,0,0
FLW-0002319,VPN-SES-00429,0xfe523a03,30.32,36963,4066785,134128.79,1073030.34,1073030.34,107.54,35.68,44,159,0.007732,0.003979,0.852,Attack,DOS_FLOOD,1,155887,2,2
FLW-0002320,VPN-SES-00429,0xfe523a03,91.22,4722,753225,8257.24,66057.88,66057.88,156.9,40.39,92,214,0.029978,0.019833,0.565,VoIP,BENIGN,0,3581,0,1
FLW-0002321,VPN-SES-00429,0xfe523a03,13.03,71,7694,590.48,4723.87,4723.87,103.48,19.93,65,134,0.413214,0.13393,0.541,ICMP,BENIGN,0,62,0,0
FLW-0002322,VPN-SES-00429,0xfe523a03,55.31,2344,330124,5968.61,47748.91,47748.91,137.23,39.05,66,190,0.048613,0.032801,0.259,VoIP,BENIGN,0,2956,0,0
FLW-0002323,VPN-SES-00429,0xfe523a03,64.63,1232,1111890,17203.93,137631.44,137631.44,931.45,259.0,454,1464,0.431767,0.573247,0.392,Email_IMAP,BENIGN,0,984,0,4
FLW-0002324,VPN-SES-00430,0x3b4786c5,9.55,48,5297,554.66,4437.28,4437.28,113.94,21.45,77,149,1.657844,0.24101,0.401,ICMP,BENIGN,0,40,0,3
FLW-0002325,VPN-SES-00430,0x3b4786c5,29.67,2123,313833,10577.45,84619.62,84619.62,156.13,23.0,113,185,0.044501,0.04152,0.487,VoIP,BENIGN,0,2833,0,0
FLW-0002326,VPN-SES-00430,0x3b4786c5,5.8,31,2493,429.83,3438.62,3438.62,87.17,25.31,56,130,0.995414,0.312387,0.467,ICMP,BENIGN,0,21,0,1
FLW-0002327,VPN-SES-00431,0x317244cf,50.59,806,314966,6225.85,49806.84,49806.84,385.52,232.6,85,764,1.673131,1.559655,0.4,WhatsApp,BENIGN,0,573,0,1
FLW-0002328,VPN-SES-00431,0x317244cf,84.36,1060,411479,4877.66,39021.24,39021.24,408.74,169.87,105,779,1.141061,1.350052,0.464,WhatsApp,BENIGN,0,925,0,2
FLW-0002329,VPN-SES-00431,0x317244cf,10.88,27,2655,244.03,1952.21,1952.21,96.38,26.03,54,136,0.785067,0.091643,0.433,ICMP,BENIGN,0,20,0,0
FLW-0002330,VPN-SES-00431,0x317244cf,99.01,5108,821346,8295.59,66364.69,66364.69,157.36,36.1,88,228,0.033843,0.024058,0.452,VoIP,BENIGN,0,5915,0,4
FLW-0002331,VPN-SES-00431,0x317244cf,60.88,3146,887838,14583.41,116667.28,116667.28,307.81,100.49,128,428,0.255264,0.194197,0.735,Attack,BRUTE_FORCE,1,6412,0,3
FLW-0002332,VPN-SES-00431,0x317244cf,39.25,23305,3714648,94640.71,757125.71,757125.71,165.36,58.03,44,250,0.006971,0.005692,0.909,Attack,DOS_FLOOD,1,129141,3,4
FLW-0002333,VPN-SES-00431,0x317244cf,10.79,491,141769,13138.92,105111.4,105111.4,309.67,135.34,40,509,0.400596,0.180975,0.477,Attack,BRUTE_FORCE,1,1227,0,2
FLW-0002334,VPN-SES-00431,0x317244cf,18.37,1639,117195,6379.7,51037.56,51037.56,66.9,36.38,40,134,0.029988,0.016952,0.727,Attack,PORT_SCAN,1,3628,0,2
FLW-0002335,VPN-SES-00432,0x137146f7,2.35,255,21864,9303.83,74430.64,74430.64,91.58,37.43,40,160,0.025446,0.01348,0.768,Attack,PORT_SCAN,1,878,0,3
FLW-0002336,VPN-SES-00432,0x137146f7,34.78,1866,288292,8289.02,66312.13,66312.13,148.63,62.29,40,230,0.017218,0.010783,0.483,VoIP,BENIGN,0,1558,0,0
FLW-0002337,VPN-SES-00432,0x137146f7,359.77,328,72841,202.47,1619.72,1619.72,238.31,58.87,125,331,12.480757,4.664747,0.568,Attack,C2_BEACONING,1,316,0,0
FLW-0002338,VPN-SES-00432,0x137146f7,6.73,1292,103832,15428.23,123425.85,123425.85,86.48,15.73,65,119,0.014795,0.006535,0.77,Attack,PORT_SCAN,1,3073,0,3
FLW-0002339,VPN-SES-00432,0x137146f7,32.35,41441,5411230,167271.41,1338171.25,1338171.25,126.47,50.83,65,235,0.009854,0.008451,0.924,Attack,DOS_FLOOD,1,215812,2,5
FLW-0002340,VPN-SES-00432,0x137146f7,50.52,839,212737,4210.95,33687.57,33687.57,275.84,211.28,40,567,1.004832,1.4474,0.367,WhatsApp,BENIGN,0,917,0,0
FLW-0002341,VPN-SES-00432,0x137146f7,55.9,2833,530742,9494.49,75955.92,75955.92,172.0,55.51,67,268,0.029688,0.020764,0.446,VoIP,BENIGN,0,3113,0,0
FLW-0002342,VPN-SES-00432,0x137146f7,12.58,14756,2314130,183953.1,1471624.8,1471624.8,160.86,47.18,79,238,0.004684,0.003292,0.75,Attack,DOS_FLOOD,1,66066,5,0
FLW-0002343,VPN-SES-00433,0xa34fa5c8,100.32,959,316667,3156.57,25252.55,25252.55,358.24,246.53,40,805,2.129348,3.623727,0.385,WhatsApp,BENIGN,0,1011,0,2
FLW-0002344,VPN-SES-00433,0xa34fa5c8,72.4,2842,2179222,30099.75,240798.01,240798.01,727.68,347.43,253,1197,0.39156,0.360464,0.347,Web_Browsing,BENIGN,0,3116,0,1
FLW-0002345,VPN-SES-00433,0xa34fa5c8,8.57,42,3844,448.54,3588.33,3588.33,94.28,15.9,60,124,1.071514,0.259441,0.517,ICMP,BENIGN,0,32,0,1
FLW-0002346,VPN-SES-00433,0xa34fa5c8,8.18,3033,213916,26151.1,209208.8,209208.8,78.2,38.35,40,138,0.092547,0.066113,0.807,Attack,PORT_SCAN,1,9215,0,0
FLW-0002347,VPN-SES-00433,0xa34fa5c8,72.5,158,34233,472.18,3777.43,3777.43,214.65,77.15,103,319,4.762226,2.704097,0.43,Attack,C2_BEACONING,1,160,0,0
FLW-0002348,VPN-SES-00433,0xa34fa5c8,104.05,4291,546406,5251.38,42011.03,42011.03,130.49,26.08,82,185,0.089856,0.04841,0.521,VoIP,BENIGN,0,5019,0,0
FLW-0002349,VPN-SES-00433,0xa34fa5c8,73.68,2513,2375315,32238.26,257906.08,257906.08,886.79,486.38,40,1500,0.608116,0.568271,0.311,Web_Browsing,BENIGN,0,2852,0,1
FLW-0002350,VPN-SES-00434,0x20dd6f06,33.5,6899,9807513,292761.58,2342092.66,2342092.66,1375.42,246.7,975,1500,0.022742,0.016448,0.907,Attack,DATA_EXFILTRATION,1,18640,0,2
FLW-0002351,VPN-SES-00434,0x20dd6f06,56.28,957,234954,4174.73,33397.87,33397.87,254.05,250.29,40,608,1.012781,1.23029,0.38,WhatsApp,BENIGN,0,797,0,1
FLW-0002352,VPN-SES-00434,0x20dd6f06,73.94,1673,826456,11177.39,89419.1,89419.1,486.0,187.83,183,875,1.498956,2.228553,0.551,WhatsApp,BENIGN,0,1708,0,1
FLW-0002353,VPN-SES-00434,0x20dd6f06,292.15,29304,45670919,156326.95,1250615.62,1250615.62,1419.18,170.47,1065,1500,0.051943,0.0476,0.13,Video_Streaming,BENIGN,0,50882,0,1
FLW-0002354,VPN-SES-00434,0x20dd6f06,261.16,36373,50314641,192658.3,1541266.38,1541266.38,1269.7,305.27,646,1500,0.039779,0.029576,0.158,Video_Streaming,BENIGN,0,43534,0,0
FLW-0002355,VPN-SES-00434,0x20dd6f06,99.2,3890,5170595,52122.93,416983.47,416983.47,1269.98,168.58,923,1500,0.052817,0.043893,0.02,Video_Streaming,BENIGN,0,6242,1,0
FLW-0002356,VPN-SES-00434,0x20dd6f06,19.62,35,3793,193.32,1546.59,1546.59,106.6,22.89,56,154,1.430674,0.482949,0.516,ICMP,BENIGN,0,29,0,2
FLW-0002357,VPN-SES-00434,0x20dd6f06,35.56,3279,4201982,118165.97,945327.78,945327.78,1194.31,186.47,881,1481,0.042561,0.048378,0.02,Video_Streaming,BENIGN,0,3322,1,0
FLW-0002358,VPN-SES-00435,0x365fd5c1,136.27,734,366880,2692.3,21538.42,21538.42,535.9,124.19,315,782,1.79297,2.017254,0.361,WhatsApp,BENIGN,0,784,0,0
FLW-0002359,VPN-SES-00435,0x365fd5c1,45.0,1372,216732,4816.27,38530.13,38530.13,162.46,49.28,64,252,0.041459,0.030245,0.565,VoIP,BENIGN,0,1060,0,1
FLW-0002360,VPN-SES-00435,0x365fd5c1,15.44,50,4137,267.94,2143.52,2143.52,82.55,20.17,50,116,0.621423,0.250442,0.466,ICMP,BENIGN,0,30,0,1
FLW-0002361,VPN-SES-00435,0x365fd5c1,318.41,337,60470,189.91,1519.3,1519.3,189.71,118.88,40,374,1.385261,0.809656,0.517,Attack,C2_BEACONING,1,399,0,1
FLW-0002362,VPN-SES-00435,0x365fd5c1,41.4,1214,318104,7683.67,61469.37,61469.37,279.42,107.24,87,488,0.145802,0.189001,0.597,Attack,BRUTE_FORCE,1,2116,0,2
FLW-0002363,VPN-SES-00435,0x365fd5c1,25.99,214,157011,6041.21,48329.67,48329.67,719.18,367.27,146,1453,0.611359,0.598335,0.509,Email_IMAP,BENIGN,0,185,0,0
FLW-0002364,VPN-SES-00435,0x365fd5c1,19.67,506,133581,6791.1,54328.83,54328.83,243.59,79.89,72,407,0.125025,0.049706,0.514,Attack,BRUTE_FORCE,1,780,0,2
FLW-0002365,VPN-SES-00435,0x365fd5c1,143.92,36230,41468933,288138.78,2305110.23,2305110.23,1177.82,313.33,561,1500,0.021683,0.015186,0.045,Video_Streaming,BENIGN,0,52972,1,0
FLW-0002366,VPN-SES-00436,0x2028f5b4,17.14,439,391692,22852.51,182820.07,182820.07,842.0,424.98,237,1416,0.559124,0.540276,0.39,Email_IMAP,BENIGN,0,395,0,1
FLW-0002367,VPN-SES-00436,0x2028f5b4,333.33,72489,81307708,243925.56,1951404.51,1951404.51,1206.46,174.1,872,1426,0.02637,0.021669,0.184,Video_Streaming,BENIGN,0,113951,0,0
FLW-0002368,VPN-SES-00436,0x2028f5b4,244.79,38310,41001531,167496.76,1339974.05,1339974.05,1106.4,256.55,571,1500,0.025541,0.013679,0.189,Video_Streaming,BENIGN,0,43162,0,0
FLW-0002369,VPN-SES-00436,0x2028f5b4,165.93,15235,22435325,135209.58,1081676.61,1081676.61,1500.0,210.98,1196,1500,0.044088,0.045822,0.146,Video_Streaming,BENIGN,0,18499,2,0
FLW-0002370,VPN-SES-00436,0x2028f5b4,193.41,26654,39616083,204829.55,1638636.39,1638636.39,1424.56,155.71,1114,1500,0.02076,0.011906,0.79,Attack,DATA_EXFILTRATION,1,78292,1,0
FLW-0002371,VPN-SES-00436,0x2028f5b4,11.1,530,119625,10777.03,86216.22,86216.22,243.91,140.71,40,421,0.264329,0.113774,0.649,Attack,BRUTE_FORCE,1,989,0,3
FLW-0002372,VPN-SES-00437,0xaa43fa95,244.63,32338,44250671,180888.16,1447105.29,1447105.29,1432.89,192.47,1074,1500,0.089136,0.070856,0.183,Video_Streaming,BENIGN,0,36093,0,1
FLW-0002373,VPN-SES-00437,0xaa43fa95,115.92,1743,582008,5020.77,40166.18,40166.18,361.28,206.17,40,636,0.675159,0.579521,0.467,WhatsApp,BENIGN,0,1942,0,0
FLW-0002374,VPN-SES-00437,0xaa43fa95,131.51,2460,808322,6146.47,49171.74,49171.74,357.1,175.47,40,641,0.831354,0.621284,0.516,WhatsApp,BENIGN,0,2308,0,2
FLW-0002375,VPN-SES-00438,0x994b9f90,31.03,563,225334,7261.81,58094.49,58094.49,387.47,686.81,40,1290,0.520475,0.586364,0.473,Web_Browsing,BENIGN,0,716,0,0
FLW-0002376,VPN-SES-00438,0x994b9f90,46.86,1317,160375,3422.43,27379.43,27379.43,131.21,48.5,53,218,0.03478,0.018074,0.506,VoIP,BENIGN,0,1127,0,1
FLW-0002377,VPN-SES-00438,0x994b9f90,86.78,5224,717478,8267.78,66142.24,66142.24,142.55,34.75,72,214,0.033023,0.024164,0.447,VoIP,BENIGN,0,5684,0,0
FLW-0002378,VPN-SES-00438,0x994b9f90,359.72,772,157948,439.09,3512.69,3512.69,203.5,97.95,40,410,2.368461,1.095356,0.688,Attack,C2_BEACONING,1,748,0,3
FLW-0002379,VPN-SES-00438,0x994b9f90,79.41,1140,347242,4372.77,34982.19,34982.19,279.6,288.99,40,709,1.009887,1.141719,0.396,WhatsApp,BENIGN,0,983,0,1
FLW-0002380,VPN-SES-00438,0x994b9f90,101.9,2817,399499,3920.5,31364.0,31364.0,135.34,25.17,93,180,0.097599,0.072018,0.636,VoIP,BENIGN,0,2296,0,0
FLW-0002381,VPN-SES-00438,0x994b9f90,112.66,8876,11943625,106014.78,848118.23,848118.23,1286.66,176.22,925,1500,0.042165,0.023224,0.908,Attack,DATA_EXFILTRATION,1,30838,0,4
FLW-0002382,VPN-SES-00439,0x30e7b6ef,35.46,764,490936,13844.78,110758.26,110758.26,703.41,499.74,40,1500,0.194782,0.318272,0.376,Web_Browsing,BENIGN,0,934,1,0
FLW-0002383,VPN-SES-00439,0x30e7b6ef,63.66,1719,308588,4847.44,38779.52,38779.52,172.78,53.5,96,246,0.056132,0.031831,0.386,VoIP,BENIGN,0,2053,0,2
FLW-0002384,VPN-SES-00439,0x30e7b6ef,107.31,2241,375182,3496.24,27969.96,27969.96,172.07,47.24,75,231,0.067333,0.067089,0.548,VoIP,BENIGN,0,2204,0,1
FLW-0002385,VPN-SES-00439,0x30e7b6ef,123.31,18578,20200413,163818.13,1310545.0,1310545.0,1020.25,337.64,362,1500,0.043389,0.052555,0.061,Video_Streaming,BENIGN,0,18736,0,1
FLW-0002386,VPN-SES-00439,0x30e7b6ef,14.17,3189,266090,18778.41,150227.24,150227.24,85.24,18.26,49,117,0.030681,0.017484,0.822,Attack,PORT_SCAN,1,10791,0,1
FLW-0002387,VPN-SES-00439,0x30e7b6ef,49.9,2103,544421,10910.24,87281.92,87281.92,281.58,128.83,40,541,0.236794,0.1396,0.67,Attack,BRUTE_FORCE,1,3008,0,1
FLW-0002388,VPN-SES-00439,0x30e7b6ef,58.06,2859,421515,7259.99,58079.92,58079.92,162.5,56.35,73,285,0.038159,0.029972,0.377,VoIP,BENIGN,0,3243,0,0
FLW-0002389,VPN-SES-00439,0x30e7b6ef,17.38,133,15949,917.66,7341.31,7341.31,111.49,16.31,87,143,1.097968,0.494353,0.428,ICMP,BENIGN,0,94,0,2
FLW-0002390,VPN-SES-00440,0x9c501e6e,19.36,9869,995488,51419.83,411358.68,411358.68,94.88,37.51,40,165,0.006937,0.003357,0.98,Attack,DOS_FLOOD,1,31353,2,2
FLW-0002391,VPN-SES-00440,0x9c501e6e,241.96,19488,23801253,98368.54,786948.36,786948.36,1321.44,240.6,802,1500,0.048943,0.033779,0.249,Video_Streaming,BENIGN,0,29520,0,1
FLW-0002392,VPN-SES-00440,0x9c501e6e,156.96,2681,784347,4997.11,39976.91,39976.91,268.45,289.29,40,807,0.806933,0.899436,0.603,WhatsApp,BENIGN,0,2497,0,1
FLW-0002393,VPN-SES-00441,0x14edf187,54.65,124,21465,392.77,3142.18,3142.18,181.25,69.99,76,321,8.369728,3.006736,0.595,Attack,C2_BEACONING,1,147,0,3
FLW-0002394,VPN-SES-00441,0x14edf187,43.77,1952,524337,11979.37,95834.96,95834.96,289.22,456.22,40,845,0.786592,1.532777,0.329,Web_Browsing,BENIGN,0,1740,0,0
FLW-0002395,VPN-SES-00441,0x14edf187,198.41,49725,61749675,311222.59,2489780.76,2489780.76,1376.21,261.12,912,1500,0.02446,0.014112,0.292,Video_Streaming,BENIGN,0,85729,1,0
FLW-0002396,VPN-SES-00441,0x14edf187,21.11,573,764656,36222.45,289779.63,289779.63,1425.61,452.29,534,1500,0.308939,0.312236,0.403,Web_Browsing,BENIGN,0,506,0,1
FLW-0002397,VPN-SES-00442,0x736f7abf,20.75,115,11985,577.59,4620.72,4620.72,95.94,22.22,55,140,1.699052,0.436543,0.581,ICMP,BENIGN,0,71,0,4
FLW-0002398,VPN-SES-00442,0x736f7abf,3.41,807,76926,22558.94,180471.55,180471.55,97.62,29.82,43,138,0.016743,0.009386,0.87,Attack,PORT_SCAN,1,2551,1,0
FLW-0002399,VPN-SES-00442,0x736f7abf,62.31,11388,13649687,219060.94,1752487.5,1752487.5,1279.88,295.53,824,1500,0.059989,0.049633,0.194,Video_Streaming,BENIGN,0,18192,1,3
FLW-0002400,VPN-SES-00442,0x736f7abf,23.64,156,16204,685.45,5483.59,5483.59,103.41,25.98,60,153,1.24116,0.875471,0.545,ICMP,BENIGN,0,89,0,0
FLW-0002401,VPN-SES-00442,0x736f7abf,55.2,1707,837682,15175.4,121403.19,121403.19,532.44,528.91,40,1500,0.336046,0.463958,0.234,Web_Browsing,BENIGN,0,1904,1,0
FLW-0002402,VPN-SES-00442,0x736f7abf,22.35,355,77774,3479.82,27838.57,27838.57,231.1,100.97,46,361,0.38913,0.180429,0.596,Attack,BRUTE_FORCE,1,581,0,1
FLW-0002403,VPN-SES-00443,0x132a0c06,14.8,510,360664,24369.19,194953.51,194953.51,765.79,508.46,40,1471,0.592156,0.652625,0.496,Email_IMAP,BENIGN,0,494,0,3
FLW-0002404,VPN-SES-00443,0x132a0c06,29.88,2273,2979458,99714.12,797712.99,797712.99,1435.1,269.23,931,1500,0.033541,0.019136,0.184,Video_Streaming,BENIGN,0,2895,0,2
FLW-0002405,VPN-SES-00443,0x132a0c06,17.0,4436,511209,30071.12,240568.94,240568.94,107.72,16.09,72,136,0.021968,0.003275,0.83,Attack,PORT_SCAN,1,10944,1,1
FLW-0002406,VPN-SES-00443,0x132a0c06,50.94,1921,259254,5089.4,40715.19,40715.19,139.37,34.02,66,183,0.043361,0.019668,0.542,VoIP,BENIGN,0,2568,0,0
FLW-0002407,VPN-SES-00443,0x132a0c06,33.65,4452,5275488,156775.27,1254202.2,1254202.2,1196.35,325.6,708,1500,0.042258,0.056884,0.23,Video_Streaming,BENIGN,0,7503,0,0
FLW-0002408,VPN-SES-00443,0x132a0c06,126.71,1180,457363,3609.53,28876.21,28876.21,372.32,210.49,40,737,0.63568,0.393929,0.497,WhatsApp,BENIGN,0,1054,0,0
FLW-0002409,VPN-SES-00444,0x57acaec9,31.07,179,19979,643.03,5144.25,5144.25,113.54,25.15,69,158,1.396571,0.553934,0.597,ICMP,BENIGN,0,107,0,0
FLW-0002410,VPN-SES-00444,0x57acaec9,36.44,182,40486,1111.03,8888.25,8888.25,219.94,264.23,40,594,0.974455,0.836159,0.35,WhatsApp,BENIGN,0,177,0,0
FLW-0002411,VPN-SES-00444,0x57acaec9,142.73,2102,798182,5592.25,44738.01,44738.01,407.81,253.02,40,822,0.619886,0.530598,0.316,WhatsApp,BENIGN,0,2427,0,0
FLW-0002412,VPN-SES-00445,0x9eb4b40e,81.78,2355,377666,4618.07,36944.58,36944.58,168.51,147.43,40,362,0.535646,0.425518,0.365,WhatsApp,BENIGN,0,2301,0,0
FLW-0002413,VPN-SES-00445,0x9eb4b40e,76.96,4766,709957,9225.01,73800.1,73800.1,146.98,56.88,40,239,0.068946,0.040526,0.515,VoIP,BENIGN,0,3693,0,0
FLW-0002414,VPN-SES-00445,0x9eb4b40e,9.11,45,4992,547.97,4383.75,4383.75,115.48,25.06,80,152,2.57284,0.558944,0.492,ICMP,BENIGN,0,26,0,0
FLW-0002415,VPN-SES-00445,0x9eb4b40e,62.65,3083,504342,8050.15,64401.21,64401.21,170.59,47.69,68,231,0.060025,0.055733,0.49,VoIP,BENIGN,0,2663,0,1
FLW-0002416,VPN-SES-00445,0x9eb4b40e,284.17,820,157782,555.24,4441.9,4441.9,181.41,70.09,63,272,2.43315,0.878388,0.633,Attack,C2_BEACONING,1,719,0,1
FLW-0002417,VPN-SES-00445,0x9eb4b40e,138.59,17226,24332155,175569.34,1404554.73,1404554.73,1347.29,215.87,915,1500,0.023597,0.012643,0.897,Attack,DATA_EXFILTRATION,1,65432,1,8
FLW-0002418,VPN-SES-00446,0xc3f45487,67.11,2431,1722125,25661.23,205289.82,205289.82,777.45,478.53,52,1456,0.38881,0.400255,0.275,Web_Browsing,BENIGN,0,2342,0,1
FLW-0002419,VPN-SES-00446,0xc3f45487,15.53,37,2924,188.28,1506.25,1506.25,79.87,33.07,40,122,0.615544,0.328853,0.545,ICMP,BENIGN,0,20,0,0
FLW-0002420,VPN-SES-00446,0xc3f45487,226.46,4302,1617749,7143.64,57149.13,57149.13,354.5,222.74,74,738,0.52305,0.516277,0.464,WhatsApp,BENIGN,0,3823,0,1
FLW-0002421,VPN-SES-00446,0xc3f45487,327.05,446,100846,308.35,2466.8,2466.8,236.43,59.62,147,354,3.537291,1.450378,0.487,Attack,C2_BEACONING,1,530,0,4
FLW-0002422,VPN-SES-00446,0xc3f45487,63.94,3336,475214,7432.19,59457.49,59457.49,139.5,28.76,89,199,0.042287,0.022804,0.423,VoIP,BENIGN,0,2755,0,1
FLW-0002423,VPN-SES-00447,0x6532a5c2,30.74,721,649443,21126.97,169015.74,169015.74,974.72,537.4,81,1500,0.732874,0.681046,0.569,Email_IMAP,BENIGN,0,734,0,1
FLW-0002424,VPN-SES-00447,0x6532a5c2,10.11,286,176889,17496.44,139971.51,139971.51,588.8,610.02,40,1500,0.491433,0.348385,0.546,Email_IMAP,BENIGN,0,276,1,1
FLW-0002425,VPN-SES-00447,0x6532a5c2,72.73,91,21674,298.01,2384.05,2384.05,233.63,81.04,105,334,2.679923,1.140583,0.536,Attack,C2_BEACONING,1,110,0,1
FLW-0002426,VPN-SES-00447,0x6532a5c2,108.35,16107,22809954,210521.03,1684168.27,1684168.27,1367.16,171.72,1063,1500,0.028895,0.013133,0.98,Attack,DATA_EXFILTRATION,1,46154,0,0
FLW-0002427,VPN-SES-00448,0xa351a5da,108.31,1954,625300,5773.24,46185.95,46185.95,319.65,248.51,40,710,0.501249,0.638364,0.525,WhatsApp,BENIGN,0,1685,0,0
FLW-0002428,VPN-SES-00448,0xa351a5da,50.27,2959,544431,10830.14,86641.1,86641.1,195.5,96.61,56,337,0.313473,0.250871,0.611,Attack,BRUTE_FORCE,1,6422,0,3
FLW-0002429,VPN-SES-00448,0xa351a5da,153.94,21883,26680964,173320.54,1386564.32,1386564.32,1207.62,365.07,716,1500,0.037482,0.034778,0.083,Video_Streaming,BENIGN,0,28882,0,0
FLW-0002430,VPN-SES-00448,0xa351a5da,212.76,47006,65406790,307420.52,2459364.17,2459364.17,1375.56,258.14,905,1500,0.04832,0.043306,0.148,Video_Streaming,BENIGN,0,55206,0,0
FLW-0002431,VPN-SES-00448,0xa351a5da,51.65,2809,538647,10428.79,83430.32,83430.32,175.57,43.6,82,270,0.037849,0.02512,0.516,VoIP,BENIGN,0,2763,0,4
FLW-0002432,VPN-SES-00449,0xc1e76ab9,4.76,1671,146376,30751.26,246010.08,246010.08,87.83,27.61,45,128,0.006942,0.002701,0.866,Attack,PORT_SCAN,1,5559,2,1
FLW-0002433,VPN-SES-00449,0xc1e76ab9,27.71,1255,186644,6735.62,53884.95,53884.95,154.92,47.16,90,253,0.057687,0.054061,0.378,VoIP,BENIGN,0,1217,0,1
FLW-0002434,VPN-SES-00449,0xc1e76ab9,47.02,455,234853,4994.75,39957.98,39957.98,568.68,480.09,40,1236,0.439422,0.588231,0.309,Web_Browsing,BENIGN,0,446,0,0
FLW-0002435,VPN-SES-00450,0xa8f9bfb4,5.62,266,227366,40456.58,323652.67,323652.67,791.94,528.86,40,1500,0.214774,0.310765,0.38,Web_Browsing,BENIGN,0,342,0,1
FLW-0002436,VPN-SES-00450,0xa8f9bfb4,160.98,3732,902274,5604.88,44839.06,44839.06,234.33,261.06,40,562,0.765226,0.84888,0.487,WhatsApp,BENIGN,0,3852,0,0
FLW-0002437,VPN-SES-00450,0xa8f9bfb4,33.43,570,301414,9016.27,72130.18,72130.18,516.18,393.07,40,1269,0.797371,0.777909,0.514,Email_IMAP,BENIGN,0,568,0,1
FLW-0002438,VPN-SES-00451,0xbf5235bc,49.98,2383,342110,6844.94,54759.5,54759.5,142.29,33.17,77,210,0.066433,0.04249,0.446,VoIP,BENIGN,0,1866,0,2
FLW-0002439,VPN-SES-00451,0xbf5235bc,82.19,61,13407,163.12,1304.98,1304.98,212.01,86.17,74,335,4.798313,1.423731,0.514,Attack,C2_BEACONING,1,95,0,3
FLW-0002440,VPN-SES-00451,0xbf5235bc,57.24,808,300868,5256.25,42050.03,42050.03,339.07,174.91,40,670,0.426012,0.329623,0.337,WhatsApp,BENIGN,0,619,0,0
FLW-0002441,VPN-SES-00451,0xbf5235bc,20.64,26601,4470066,216572.97,1732583.72,1732583.72,152.8,37.66,75,210,0.006608,0.003208,0.896,Attack,DOS_FLOOD,1,115651,3,3
FLW-0002442,VPN-SES-00451,0xbf5235bc,69.38,10609,12708140,183167.2,1465337.56,1465337.56,1187.2,227.42,869,1500,0.024169,0.012171,0.879,Attack,DATA_EXFILTRATION,1,38329,0,2
FLW-0002443,VPN-SES-00451,0xbf5235bc,19.4,151,17931,924.28,7394.23,7394.23,114.83,24.85,71,156,1.046288,0.282938,0.424,ICMP,BENIGN,0,108,0,2
FLW-0002444,VPN-SES-00451,0xbf5235bc,5.17,34,3113,602.13,4817.02,4817.02,93.35,32.07,50,160,0.884476,0.159163,0.46,ICMP,BENIGN,0,28,1,1
FLW-0002445,VPN-SES-00451,0xbf5235bc,34.41,371,155754,4526.42,36211.33,36211.33,432.22,172.14,80,676,1.054556,1.268526,0.466,WhatsApp,BENIGN,0,391,0,0
FLW-0002446,VPN-SES-00452,0xea8295a0,28.39,200,17720,624.16,4993.31,4993.31,91.32,21.6,56,133,2.370332,1.045855,0.514,ICMP,BENIGN,0,164,0,0
FLW-0002447,VPN-SES-00452,0xea8295a0,15.12,20649,1973889,130548.21,1044385.71,1044385.71,99.11,34.46,45,150,0.003793,0.001975,0.877,Attack,DOS_FLOOD,1,73449,2,1
FLW-0002448,VPN-SES-00452,0xea8295a0,45.25,669,209877,4638.17,37105.33,37105.33,327.67,314.49,40,761,1.469909,1.757361,0.531,WhatsApp,BENIGN,0,801,0,1
FLW-0002449,VPN-SES-00452,0xea8295a0,26.95,721,106821,3963.67,31709.39,31709.39,138.37,53.76,54,224,0.049548,0.023806,0.632,VoIP,BENIGN,0,968,1,0
FLW-0002450,VPN-SES-00452,0xea8295a0,37.96,624,593555,15636.33,125090.62,125090.62,889.43,582.24,40,1500,0.593339,0.493315,0.62,Email_IMAP,BENIGN,0,520,0,2
FLW-0002451,VPN-SES-00452,0xea8295a0,15.41,89,9510,617.13,4937.05,4937.05,102.2,28.12,64,159,1.121608,0.434871,0.426,ICMP,BENIGN,0,63,0,1
FLW-0002452,VPN-SES-00453,0xf5cefa0f,121.01,792,167560,1384.68,11077.43,11077.43,223.72,175.05,40,561,0.518806,0.537168,0.45,WhatsApp,BENIGN,0,766,0,0
FLW-0002453,VPN-SES-00453,0xf5cefa0f,67.89,5338,6756601,99522.77,796182.18,796182.18,1388.88,236.71,965,1500,0.047085,0.033754,0.02,Video_Streaming,BENIGN,0,7656,0,1
FLW-0002454,VPN-SES-00453,0xf5cefa0f,10.72,48,5191,484.24,3873.88,3873.88,105.81,23.1,78,148,1.221892,0.480455,0.44,ICMP,BENIGN,0,39,1,1
FLW-0002455,VPN-SES-00453,0xf5cefa0f,23.08,136,118959,5154.2,41233.62,41233.62,916.03,395.44,259,1500,0.385363,0.280634,0.597,Email_IMAP,BENIGN,0,127,0,0
FLW-0002456,VPN-SES-00453,0xf5cefa0f,173.09,9745,13323370,76973.66,615789.24,615789.24,1500.0,300.9,1016,1500,0.039406,0.029449,0.058,Video_Streaming,BENIGN,0,16484,0,0
FLW-0002457,VPN-SES-00453,0xf5cefa0f,11.58,5197,671587,57995.42,463963.39,463963.39,124.43,41.34,50,174,0.002378,0.001262,0.96,Attack,DOS_FLOOD,1,27695,5,0
FLW-0002458,VPN-SES-00453,0xf5cefa0f,50.14,1726,297956,5942.48,47539.85,47539.85,161.44,29.08,105,211,0.04392,0.022263,0.533,VoIP,BENIGN,0,2112,0,0
FLW-0002459,VPN-SES-00453,0xf5cefa0f,120.23,21499,27612176,229661.28,1837290.26,1837290.26,1260.6,222.61,808,1500,0.032831,0.011641,0.876,Attack,DATA_EXFILTRATION,1,54651,0,0
FLW-0002460,VPN-SES-00454,0x12447c10,154.89,29102,40609775,262184.61,2097476.92,2097476.92,1315.85,215.29,896,1500,0.020907,0.013024,0.915,Attack,DATA_EXFILTRATION,1,95329,0,0
FLW-0002461,VPN-SES-00454,0x12447c10,238.03,51939,68596510,288184.3,2305474.44,2305474.44,1342.3,242.0,844,1500,0.054772,0.041521,0.229,Video_Streaming,BENIGN,0,54411,1,0
FLW-0002462,VPN-SES-00454,0x12447c10,7.43,2866,227804,30660.03,245280.22,245280.22,73.28,34.25,40,119,0.016747,0.007171,0.77,Attack,PORT_SCAN,1,6935,0,3
FLW-0002463,VPN-SES-00455,0x229543a4,55.8,880,308729,5532.78,44262.22,44262.22,361.62,117.44,169,548,0.108535,0.058434,0.703,Attack,BRUTE_FORCE,1,1949,0,1
FLW-0002464,VPN-SES-00455,0x229543a4,35.3,1371,693191,19637.14,157097.11,157097.11,541.23,491.22,40,1386,0.415246,0.348898,0.44,Web_Browsing,BENIGN,0,1698,0,2
FLW-0002465,VPN-SES-00455,0x229543a4,27.6,154,17512,634.49,5075.94,5075.94,118.89,19.6,77,156,1.19799,0.296937,0.428,ICMP,BENIGN,0,121,0,0
FLW-0002466,VPN-SES-00455,0x229543a4,41.69,1168,566948,13599.14,108793.09,108793.09,526.46,447.5,40,1419,0.645117,0.499687,0.647,Email_IMAP,BENIGN,0,1448,0,0
FLW-0002467,VPN-SES-00455,0x229543a4,63.42,10058,14568597,229716.13,1837729.04,1837729.04,1323.4,348.98,888,1500,0.068156,0.050106,0.02,Video_Streaming,BENIGN,0,13392,0,0
FLW-0002468,VPN-SES-00455,0x229543a4,45.34,1135,187936,4145.04,33160.3,33160.3,171.7,54.16,99,283,0.046211,0.022946,0.522,VoIP,BENIGN,0,1099,0,0
FLW-0002469,VPN-SES-00456,0x20fb436c,34.76,1089,798476,22971.12,183768.93,183768.93,743.48,501.59,40,1487,0.941352,0.912613,0.537,Email_IMAP,BENIGN,0,889,0,0
FLW-0002470,VPN-SES-00456,0x20fb436c,84.96,803,352546,4149.55,33196.42,33196.42,468.71,253.85,154,974,0.737621,0.659586,0.395,WhatsApp,BENIGN,0,955,0,1
FLW-0002471,VPN-SES-00456,0x20fb436c,18.54,115,11608,626.11,5008.85,5008.85,102.87,11.46,82,117,1.152368,0.416799,0.534,ICMP,BENIGN,0,88,0,3
FLW-0002472,VPN-SES-00456,0x20fb436c,52.42,1287,983078,18753.87,150030.98,150030.98,711.22,378.48,40,1420,0.48367,0.403092,0.515,Email_IMAP,BENIGN,0,1172,0,0
FLW-0002473,VPN-SES-00456,0x20fb436c,81.84,4621,707431,8644.07,69152.59,69152.59,160.38,64.84,52,268,0.036927,0.027714,0.576,VoIP,BENIGN,0,3569,1,1
FLW-0002474,VPN-SES-00457,0x9861972e,81.38,1401,1081000,13283.36,106266.9,106266.9,728.93,527.01,40,1500,0.757793,1.023498,0.226,Web_Browsing,BENIGN,0,1619,0,0
FLW-0002475,VPN-SES-00457,0x9861972e,9.98,25,2141,214.53,1716.23,1716.23,94.13,24.64,62,136,0.872981,0.169575,0.347,ICMP,BENIGN,0,25,0,1
FLW-0002476,VPN-SES-00457,0x9861972e,10.06,65,8659,860.74,6885.88,6885.88,126.06,23.25,84,173,0.734186,0.346002,0.538,ICMP,BENIGN,0,56,0,1
FLW-0002477,VPN-SES-00457,0x9861972e,8.07,42,4566,565.8,4526.39,4526.39,106.31,25.99,62,138,2.451716,1.349024,0.462,ICMP,BENIGN,0,39,0,0
FLW-0002478,VPN-SES-00458,0x6c8a6866,26.64,48,5339,200.41,1603.3,1603.3,116.78,24.81,80,154,1.845489,0.864,0.35,ICMP,BENIGN,0,40,0,4
FLW-0002479,VPN-SES-00458,0x6c8a6866,77.56,1001,232168,2993.4,23947.19,23947.19,226.72,188.22,40,594,1.109498,1.012177,0.346,WhatsApp,BENIGN,0,1107,0,0
FLW-0002480,VPN-SES-00458,0x6c8a6866,27.89,383,358282,12846.25,102770.03,102770.03,1030.17,397.33,259,1500,0.465288,0.34693,0.531,Email_IMAP,BENIGN,0,395,0,0
FLW-0002481,VPN-SES-00458,0x6c8a6866,46.73,2444,336840,7208.22,57665.74,57665.74,144.01,30.17,83,189,0.044469,0.031985,0.54,VoIP,BENIGN,0,2164,0,1
FLW-0002482,VPN-SES-00459,0xe0284602,32.18,226,155632,4836.3,38690.37,38690.37,696.69,446.1,40,1500,0.952369,1.001161,0.529,Email_IMAP,BENIGN,0,225,0,1
FLW-0002483,VPN-SES-00459,0xe0284602,331.32,445,78413,236.67,1893.35,1893.35,187.48,85.33,69,309,4.16793,2.400024,0.559,Attack,C2_BEACONING,1,625,0,2
FLW-0002484,VPN-SES-00459,0xe0284602,218.26,153,38342,175.67,1405.37,1405.37,270.68,73.53,156,389,9.043531,5.619448,0.535,Attack,C2_BEACONING,1,133,0,2
FLW-0002485,VPN-SES-00459,0xe0284602,55.43,4815,1000820,18055.57,144444.52,144444.52,191.42,99.71,68,377,0.222588,0.234556,0.607,Attack,BRUTE_FORCE,1,9518,0,1
FLW-0002486,VPN-SES-00459,0xe0284602,5.95,1024,110202,18521.34,148170.76,148170.76,98.0,32.27,46,154,0.025487,0.014664,0.683,Attack,PORT_SCAN,1,3340,1,3
FLW-0002487,VPN-SES-00459,0xe0284602,103.56,5223,848789,8196.11,65568.87,65568.87,160.65,52.19,51,250,0.019079,0.008635,0.443,VoIP,BENIGN,0,5439,1,0
FLW-0002488,VPN-SES-00459,0xe0284602,26.13,2953,3993477,152831.11,1222648.91,1222648.91,1401.14,156.93,1126,1500,0.022641,0.005284,0.852,Attack,DATA_EXFILTRATION,1,10630,0,2
FLW-0002489,VPN-SES-00460,0xafd60efb,59.79,6915,9957979,166549.24,1332393.91,1332393.91,1500.0,210.13,1129,1500,0.024201,0.010527,0.691,Attack,DATA_EXFILTRATION,1,23421,0,3
FLW-0002490,VPN-SES-00460,0xafd60efb,30.67,364,98631,3215.88,25727.03,25727.03,251.45,248.64,40,665,1.054741,0.903714,0.453,WhatsApp,BENIGN,0,295,0,0
FLW-0002491,VPN-SES-00460,0xafd60efb,73.44,3063,500968,6821.46,54571.68,54571.68,153.69,34.13,94,219,0.05365,0.027561,0.556,VoIP,BENIGN,0,3027,0,1
FLW-0002492,VPN-SES-00460,0xafd60efb,32.49,232,59879,1843.0,14743.98,14743.98,234.81,241.31,40,738,1.464085,1.260177,0.408,WhatsApp,BENIGN,0,254,0,1
FLW-0002493,VPN-SES-00461,0x7809f986,42.75,264,112954,2642.2,21137.59,21137.59,435.15,265.46,40,867,0.919681,0.822684,0.451,WhatsApp,BENIGN,0,226,0,0
FLW-0002494,VPN-SES-00461,0x7809f986,200.47,377,69202,345.2,2761.59,2761.59,199.7,77.57,40,366,1.928171,0.707338,0.675,Attack,C2_BEACONING,1,490,0,1
FLW-0002495,VPN-SES-00461,0x7809f986,36.02,158,121695,3378.54,27028.32,27028.32,800.08,253.29,352,1346,0.254129,0.257964,0.406,Email_IMAP,BENIGN,0,140,0,1
FLW-0002496,VPN-SES-00461,0x7809f986,251.6,40538,55617946,221057.02,1768456.15,1768456.15,1439.45,230.85,991,1500,0.022584,0.017776,0.02,Video_Streaming,BENIGN,0,61448,0,0
FLW-0002497,VPN-SES-00461,0x7809f986,23.25,113,59163,2544.65,20357.16,20357.16,549.72,626.88,40,1500,0.381557,0.243593,0.566,Email_IMAP,BENIGN,0,94,0,3
FLW-0002498,VPN-SES-00461,0x7809f986,157.48,2574,249421,1583.83,12670.61,12670.61,102.63,135.94,40,297,0.738005,0.571403,0.541,WhatsApp,BENIGN,0,2403,0,1
FLW-0002499,VPN-SES-00461,0x7809f986,4.41,36,3069,695.92,5567.35,5567.35,91.83,17.66,69,119,0.834435,0.324999,0.539,ICMP,BENIGN,0,30,0,0
FLW-0002500,VPN-SES-00462,0xbeeb5608,23.3,56,6212,266.61,2132.88,2132.88,108.41,40.8,45,178,0.906099,0.314962,0.621,ICMP,BENIGN,0,45,0,1
FLW-0002501,VPN-SES-00462,0xbeeb5608,98.4,291,100071,1016.98,8135.85,8135.85,366.9,332.72,40,888,1.017914,1.378099,0.522,WhatsApp,BENIGN,0,235,0,0
FLW-0002502,VPN-SES-00462,0xbeeb5608,40.58,935,1047613,25815.99,206527.94,206527.94,1065.36,492.05,128,1500,0.442966,0.619544,0.373,Web_Browsing,BENIGN,0,1351,0,2
FLW-0002503,VPN-SES-00462,0xbeeb5608,23.28,180,53307,2289.82,18318.56,18318.56,304.13,140.01,134,606,0.921101,0.741579,0.474,WhatsApp,BENIGN,0,137,0,1
FLW-0002504,VPN-SES-00462,0xbeeb5608,38.89,855,160282,4121.42,32971.36,32971.36,184.68,130.64,40,358,0.156138,0.127848,0.603,Attack,BRUTE_FORCE,1,1853,0,3
FLW-0002505,VPN-SES-00462,0xbeeb5608,37.74,36884,5668552,150200.11,1201600.85,1201600.85,155.48,42.75,101,220,0.005501,0.002518,0.779,Attack,DOS_FLOOD,1,121927,2,4
FLW-0002506,VPN-SES-00463,0xa95ef5bd,12.37,579,301301,24357.4,194859.18,194859.18,576.34,574.64,40,1500,0.205655,0.227381,0.304,Web_Browsing,BENIGN,0,641,0,1
FLW-0002507,VPN-SES-00463,0xa95ef5bd,19.58,455,464774,23737.18,189897.45,189897.45,974.17,572.6,40,1500,0.309507,0.456045,0.367,Web_Browsing,BENIGN,0,603,0,0
FLW-0002508,VPN-SES-00463,0xa95ef5bd,73.66,8787,11184057,151833.52,1214668.15,1214668.15,1293.25,230.69,948,1500,0.052587,0.038154,0.106,Video_Streaming,BENIGN,0,12107,0,1
FLW-0002509,VPN-SES-00463,0xa95ef5bd,221.58,27358,31963543,144252.83,1154022.67,1154022.67,1148.38,201.18,807,1461,0.045282,0.038626,0.173,Video_Streaming,BENIGN,0,27649,0,0
FLW-0002510,VPN-SES-00463,0xa95ef5bd,9.97,62,6124,614.24,4913.94,4913.94,97.56,30.01,45,162,1.505615,0.335262,0.456,ICMP,BENIGN,0,53,0,0
FLW-0002511,VPN-SES-00463,0xa95ef5bd,71.66,14486,18359262,256199.58,2049596.65,2049596.65,1213.29,206.36,767,1500,0.021746,0.014584,0.128,Video_Streaming,BENIGN,0,21958,0,1
FLW-0002512,VPN-SES-00463,0xa95ef5bd,3.35,262,27157,8106.57,64852.54,64852.54,106.58,23.26,66,147,0.035207,0.030615,0.655,Attack,PORT_SCAN,1,605,0,5
FLW-0002513,VPN-SES-00463,0xa95ef5bd,212.09,31793,37375909,176226.64,1409813.15,1409813.15,1149.26,196.02,745,1399,0.063445,0.040587,0.11,Video_Streaming,BENIGN,0,41642,0,0
FLW-0002514,VPN-SES-00464,0x9dae27d7,29.9,211,83916,2806.56,22452.44,22452.44,386.72,264.55,40,858,0.55148,0.429901,0.622,Email_IMAP,BENIGN,0,255,0,0
FLW-0002515,VPN-SES-00464,0x9dae27d7,9.0,3033,309617,34401.89,275215.11,275215.11,101.23,26.02,60,138,0.019,0.011986,0.802,Attack,PORT_SCAN,1,7184,0,0
FLW-0002516,VPN-SES-00464,0x9dae27d7,167.36,31864,36410062,217555.34,1740442.73,1740442.73,1228.2,143.75,983,1403,0.019901,0.013643,0.921,Attack,DATA_EXFILTRATION,1,77172,0,2
FLW-0002517,VPN-SES-00464,0x9dae27d7,164.1,31929,39385519,240009.26,1920074.05,1920074.05,1302.9,264.68,729,1500,0.028824,0.017311,0.07,Video_Streaming,BENIGN,0,39709,1,0
FLW-0002518,VPN-SES-00464,0x9dae27d7,246.88,33190,38497044,155934.24,1247473.88,1247473.88,1133.39,228.55,763,1424,0.016344,0.008484,0.193,Video_Streaming,BENIGN,0,32521,0,0
FLW-0002519,VPN-SES-00464,0x9dae27d7,124.94,151,31228,249.94,1999.55,1999.55,225.91,73.48,100,367,2.533339,1.401863,0.522,Attack,C2_BEACONING,1,206,1,2
FLW-0002520,VPN-SES-00464,0x9dae27d7,157.95,1503,725373,4592.42,36739.37,36739.37,479.46,207.83,176,875,1.109195,2.712912,0.376,WhatsApp,BENIGN,0,1180,0,2
FLW-0002521,VPN-SES-00465,0x9a9db593,67.64,695,469932,6947.55,55580.37,55580.37,713.68,364.26,262,1490,0.75371,0.728024,0.432,Email_IMAP,BENIGN,0,564,0,0
FLW-0002522,VPN-SES-00465,0x9a9db593,257.2,27431,36428826,141636.18,1133089.46,1133089.46,1330.92,238.59,857,1500,0.040275,0.023609,0.158,Video_Streaming,BENIGN,0,47067,1,1
FLW-0002523,VPN-SES-00465,0x9a9db593,87.46,1501,891484,10193.05,81544.39,81544.39,619.88,559.62,40,1500,0.352178,0.265806,0.391,Web_Browsing,BENIGN,0,1915,0,0
FLW-0002524,VPN-SES-00465,0x9a9db593,82.82,1077,385901,4659.51,37276.12,37276.12,390.84,197.97,40,678,0.472686,0.372881,0.421,WhatsApp,BENIGN,0,738,0,1
FLW-0002525,VPN-SES-00465,0x9a9db593,251.41,21306,25165641,100098.01,800784.09,800784.09,1242.33,225.48,809,1500,0.019797,0.020752,0.065,Video_Streaming,BENIGN,0,31202,1,0
FLW-0002526,VPN-SES-00465,0x9a9db593,163.28,26414,36135663,221311.02,1770488.14,1770488.14,1452.47,324.4,766,1500,0.031046,0.01606,0.075,Video_Streaming,BENIGN,0,28391,0,0
FLW-0002527,VPN-SES-00466,0xd23dd884,128.1,13357,16678838,130201.7,1041613.61,1041613.61,1211.6,306.47,678,1500,0.079961,0.048612,0.208,Video_Streaming,BENIGN,0,20392,0,1
FLW-0002528,VPN-SES-00466,0xd23dd884,35.23,70116,8285064,235170.71,1881365.65,1881365.65,131.06,28.45,87,176,0.005021,0.001252,0.98,Attack,DOS_FLOOD,1,247787,6,0
FLW-0002529,VPN-SES-00466,0xd23dd884,39.93,2276,315039,7889.78,63118.26,63118.26,135.62,63.9,40,213,0.051823,0.042961,0.553,VoIP,BENIGN,0,2575,0,2
FLW-0002530,VPN-SES-00466,0xd23dd884,24.94,272,80046,3209.54,25676.34,25676.34,317.56,226.32,40,589,2.373472,2.204886,0.437,WhatsApp,BENIGN,0,192,0,1
FLW-0002531,VPN-SES-00466,0xd23dd884,23.65,577,388452,16425.03,131400.25,131400.25,644.54,638.3,40,1500,0.597708,0.460347,0.428,Email_IMAP,BENIGN,0,533,0,0
FLW-0002532,VPN-SES-00466,0xd23dd884,15.11,121,40524,2681.93,21455.46,21455.46,368.28,228.47,40,693,0.963236,0.998658,0.408,WhatsApp,BENIGN,0,96,1,0
FLW-0002533,VPN-SES-00466,0xd23dd884,15.2,594,413979,27235.46,217883.68,217883.68,651.38,467.01,40,1500,0.793449,1.231591,0.435,Email_IMAP,BENIGN,0,472,0,0
FLW-0002534,VPN-SES-00466,0xd23dd884,50.21,4464,6103009,121549.67,972397.37,972397.37,1338.54,150.32,1036,1500,0.0295,0.014603,0.955,Attack,DATA_EXFILTRATION,1,14071,0,2
FLW-0002535,VPN-SES-00467,0x47fc511b,343.53,337,69004,200.87,1606.94,1606.94,206.29,65.31,62,314,2.958632,1.62653,0.512,Attack,C2_BEACONING,1,380,1,2
FLW-0002536,VPN-SES-00467,0x47fc511b,18.41,107,11351,616.57,4932.54,4932.54,103.17,26.36,71,156,0.960862,0.192554,0.601,ICMP,BENIGN,0,55,0,0
FLW-0002537,VPN-SES-00467,0x47fc511b,111.99,2622,355565,3174.97,25399.77,25399.77,134.56,55.19,40,243,0.03743,0.012834,0.556,VoIP,BENIGN,0,2758,0,1
FLW-0002538,VPN-SES-00467,0x47fc511b,53.12,1891,1210687,22791.55,182332.38,182332.38,596.24,402.99,40,1082,0.648969,0.710958,0.36,Web_Browsing,BENIGN,0,2307,0,1
FLW-0002539,VPN-SES-00467,0x47fc511b,13.85,742,638361,46091.05,368728.38,368728.38,821.41,397.13,40,1500,0.748784,0.722441,0.436,Web_Browsing,BENIGN,0,666,0,1
FLW-0002540,VPN-SES-00467,0x47fc511b,74.81,8478,11137527,148877.52,1191020.13,1191020.13,1330.71,157.76,992,1500,0.036088,0.027876,0.867,Attack,DATA_EXFILTRATION,1,31482,0,3
FLW-0002541,VPN-SES-00467,0x47fc511b,9.28,252,69684,7509.05,60072.41,60072.41,258.63,150.23,40,536,0.235029,0.22204,0.544,Attack,BRUTE_FORCE,1,468,0,1
FLW-0002542,VPN-SES-00468,0x7b1aae6a,72.52,3707,1585208,21858.91,174871.26,174871.26,392.71,465.8,40,1074,0.820099,0.845912,0.344,Web_Browsing,BENIGN,0,3424,0,0
FLW-0002543,VPN-SES-00468,0x7b1aae6a,53.62,44462,6894149,128574.21,1028593.66,1028593.66,142.36,41.81,57,204,0.009145,0.00301,0.98,Attack,DOS_FLOOD,1,148834,2,2
FLW-0002544,VPN-SES-00468,0x7b1aae6a,399.23,556,91022,227.99,1823.95,1823.95,161.17,93.1,40,363,3.762198,1.044709,0.618,Attack,C2_BEACONING,1,493,0,1
FLW-0002545,VPN-SES-00468,0x7b1aae6a,73.46,3888,2373567,32311.01,258488.1,258488.1,644.67,382.81,40,1153,1.168562,1.552717,0.326,Web_Browsing,BENIGN,0,3286,0,1
FLW-0002546,VPN-SES-00469,0x5211c052,9.94,65,8434,848.49,6787.93,6787.93,124.72,17.33,90,149,0.974814,0.723018,0.57,ICMP,BENIGN,0,39,0,1
FLW-0002547,VPN-SES-00469,0x5211c052,236.18,29030,30470632,129014.45,1032115.57,1032115.57,981.68,189.79,753,1346,0.059375,0.047115,0.134,Video_Streaming,BENIGN,0,30731,1,0
FLW-0002548,VPN-SES-00469,0x5211c052,26.4,836,576577,21840.04,174720.3,174720.3,687.37,366.83,40,1149,1.048631,0.61991,0.436,Email_IMAP,BENIGN,0,988,0,1
FLW-0002549,VPN-SES-00469,0x5211c052,125.71,3251,489249,3891.89,31135.09,31135.09,152.31,19.55,113,180,0.027262,0.013146,0.635,VoIP,BENIGN,0,4135,0,0
FLW-0002550,VPN-SES-00469,0x5211c052,104.15,3827,522403,5015.87,40126.97,40126.97,130.45,34.76,59,198,0.02163,0.014345,0.424,VoIP,BENIGN,0,4911,0,2
FLW-0002551,VPN-SES-00469,0x5211c052,213.94,23053,30665460,143336.73,1146693.84,1146693.84,1268.11,297.68,847,1500,0.027273,0.016977,0.238,Video_Streaming,BENIGN,0,34932,2,0
FLW-0002552,VPN-SES-00469,0x5211c052,107.74,5459,605198,5617.21,44937.66,44937.66,114.42,41.37,55,174,0.04227,0.024042,0.54,VoIP,BENIGN,0,6943,1,0
FLW-0002553,VPN-SES-00469,0x5211c052,92.98,1037,280454,3016.28,24130.26,24130.26,294.43,189.9,49,685,0.503333,0.353666,0.438,WhatsApp,BENIGN,0,816,1,2
FLW-0002554,VPN-SES-00470,0x24c4e22c,489.69,383,64268,131.24,1049.94,1049.94,154.08,104.38,40,279,5.123271,1.594606,0.543,Attack,C2_BEACONING,1,489,0,2
FLW-0002555,VPN-SES-00470,0x24c4e22c,24.5,1356,959033,39144.2,313153.63,313153.63,705.19,826.58,40,1500,0.435741,0.632175,0.354,Web_Browsing,BENIGN,0,1810,0,1
FLW-0002556,VPN-SES-00470,0x24c4e22c,96.64,1204,317008,3280.3,26242.38,26242.38,282.04,250.78,40,731,1.418866,1.523984,0.346,WhatsApp,BENIGN,0,996,0,2
FLW-0002557,VPN-SES-00470,0x24c4e22c,23.46,1207,732994,31244.42,249955.33,249955.33,649.27,406.52,122,1459,0.458593,0.405746,0.374,Web_Browsing,BENIGN,0,1605,0,0
FLW-0002558,VPN-SES-00470,0x24c4e22c,20.21,294,278271,13768.98,110151.81,110151.81,1024.85,329.85,386,1500,0.634446,0.869707,0.499,Email_IMAP,BENIGN,0,290,0,0
FLW-0002559,VPN-SES-00470,0x24c4e22c,2.98,795,81720,27422.82,219382.55,219382.55,109.69,29.94,59,175,0.059575,0.04221,0.747,Attack,PORT_SCAN,1,2493,1,5
FLW-0002560,VPN-SES-00471,0x36696e53,15.02,17829,1880691,125212.45,1001699.6,1001699.6,105.65,37.64,51,168,0.004474,0.002259,0.964,Attack,DOS_FLOOD,1,88071,3,4
FLW-0002561,VPN-SES-00471,0x36696e53,12.09,49,5853,484.12,3872.95,3872.95,120.88,26.16,76,172,0.855476,0.385726,0.593,ICMP,BENIGN,0,34,0,1
FLW-0002562,VPN-SES-00471,0x36696e53,29.89,644,181388,6068.52,48548.14,48548.14,307.52,89.67,137,416,0.124046,0.04889,0.7,Attack,BRUTE_FORCE,1,1543,0,3
FLW-0002563,VPN-SES-00471,0x36696e53,99.76,4333,614885,6163.64,49309.14,49309.14,153.89,43.26,84,244,0.029483,0.014917,0.429,VoIP,BENIGN,0,4444,0,0
FLW-0002564,VPN-SES-00471,0x36696e53,45.61,84817,12282543,269294.96,2154359.66,2154359.66,140.63,28.21,81,197,0.005446,0.004143,0.854,Attack,DOS_FLOOD,1,476658,0,2
FLW-0002565,VPN-SES-00471,0x36696e53,54.25,2102,1589081,29291.82,234334.53,234334.53,706.41,636.57,40,1500,1.130477,1.247568,0.25,Web_Browsing,BENIGN,0,1835,0,0
FLW-0002566,VPN-SES-00472,0x96adab8e,7.19,464,121473,16894.71,135157.72,135157.72,249.17,135.28,40,467,0.329905,0.226216,0.637,Attack,BRUTE_FORCE,1,1022,0,1
FLW-0002567,VPN-SES-00472,0x96adab8e,15.98,64,7407,463.52,3708.14,3708.14,111.43,34.73,59,187,1.133514,0.48362,0.451,ICMP,BENIGN,0,48,0,1
FLW-0002568,VPN-SES-00472,0x96adab8e,29.11,1259,1047924,35998.76,287990.11,287990.11,875.73,446.57,147,1500,0.515537,0.718186,0.384,Web_Browsing,BENIGN,0,1231,0,1
FLW-0002569,VPN-SES-00472,0x96adab8e,313.3,67350,98719224,315094.87,2520758.99,2520758.99,1445.5,231.51,1000,1500,0.051307,0.040667,0.102,Video_Streaming,BENIGN,0,112980,1,0
FLW-0002570,VPN-SES-00472,0x96adab8e,99.62,7533,9300286,93357.62,746860.95,746860.95,1200.81,345.13,490,1500,0.067606,0.050367,0.055,Video_Streaming,BENIGN,0,10221,0,0
FLW-0002571,VPN-SES-00472,0x96adab8e,3.88,1116,124398,32061.34,256490.72,256490.72,105.71,16.13,84,131,0.048671,0.034246,0.724,Attack,PORT_SCAN,1,3785,0,3
FLW-0002572,VPN-SES-00472,0x96adab8e,97.97,186,45873,468.24,3745.88,3745.88,234.74,52.39,121,322,5.086694,3.789869,0.615,Attack,C2_BEACONING,1,223,0,2
FLW-0002573,VPN-SES-00473,0x58504c6b,96.1,2019,2487533,25884.84,207078.71,207078.71,1151.72,422.23,367,1500,0.463158,0.509062,0.383,Web_Browsing,BENIGN,0,2821,0,0
FLW-0002574,VPN-SES-00473,0x58504c6b,58.92,2340,210365,3570.35,28562.8,28562.8,87.86,32.98,40,140,0.036701,0.025319,0.529,VoIP,BENIGN,0,3099,0,2
FLW-0002575,VPN-SES-00473,0x58504c6b,17.19,1041,172826,10053.87,80430.95,80430.95,172.62,34.96,99,246,0.189676,0.111212,0.489,VoIP,BENIGN,0,1344,2,1
FLW-0002576,VPN-SES-00473,0x58504c6b,284.67,25902,25791930,90602.91,724823.27,724823.27,1079.41,314.2,528,1500,0.056836,0.039026,0.136,Video_Streaming,BENIGN,0,27496,0,1
FLW-0002577,VPN-SES-00473,0x58504c6b,30.95,100,8891,287.27,2298.16,2298.16,97.22,29.17,40,157,0.863099,0.251338,0.51,ICMP,BENIGN,0,74,0,1
FLW-0002578,VPN-SES-00473,0x58504c6b,29.29,94,9920,338.68,2709.46,2709.46,104.44,8.18,89,117,0.740078,0.1505,0.551,ICMP,BENIGN,0,51,0,1
FLW-0002579,VPN-SES-00473,0x58504c6b,52.76,402,386531,7326.21,58609.7,58609.7,962.07,444.84,167,1500,0.516525,0.433255,0.445,Email_IMAP,BENIGN,0,505,0,1
FLW-0002580,VPN-SES-00474,0xee823285,259.31,39113,39927120,153974.47,1231795.77,1231795.77,1007.76,190.05,590,1380,0.02755,0.020989,0.048,Video_Streaming,BENIGN,0,64070,0,2
FLW-0002581,VPN-SES-00474,0xee823285,11.28,28,2756,244.33,1954.61,1954.61,92.76,35.0,40,161,0.490466,0.118898,0.593,ICMP,BENIGN,0,14,0,1
FLW-0002582,VPN-SES-00474,0xee823285,6.77,257,235583,34798.08,278384.64,278384.64,937.95,314.81,324,1378,1.245055,1.793164,0.312,Web_Browsing,BENIGN,0,335,0,0
FLW-0002583,VPN-SES-00474,0xee823285,15.51,123,79150,5103.16,40825.27,40825.27,591.45,408.76,40,1171,1.043424,0.859088,0.486,Email_IMAP,BENIGN,0,104,0,0
FLW-0002584,VPN-SES-00474,0xee823285,24.36,83,10211,419.17,3353.37,3353.37,119.93,38.32,63,188,1.010824,0.276063,0.454,ICMP,BENIGN,0,62,0,1
FLW-0002585,VPN-SES-00474,0xee823285,50.99,962,439628,8621.85,68974.78,68974.78,503.63,439.3,40,1269,0.533537,0.371146,0.64,Email_IMAP,BENIGN,0,723,1,1
FLW-0002586,VPN-SES-00475,0xacbabeda,68.27,2944,426733,6250.67,50005.33,50005.33,157.73,43.6,62,217,0.037645,0.010252,0.57,VoIP,BENIGN,0,3842,0,2
FLW-0002587,VPN-SES-00475,0xacbabeda,114.46,1660,781151,6824.66,54597.31,54597.31,466.95,159.93,193,734,1.924209,2.159853,0.329,WhatsApp,BENIGN,0,1463,0,1
FLW-0002588,VPN-SES-00475,0xacbabeda,43.45,1620,1342278,30892.47,247139.79,247139.79,868.05,425.97,344,1500,0.321665,0.429797,0.562,Email_IMAP,BENIGN,0,2029,0,0
FLW-0002589,VPN-SES-00476,0xe5b5984b,13.98,122,82901,5929.97,47439.77,47439.77,659.22,569.85,40,1364,0.254489,0.179765,0.495,Email_IMAP,BENIGN,0,144,1,2
FLW-0002590,VPN-SES-00476,0xe5b5984b,142.07,15345,19553258,137631.15,1101049.23,1101049.23,1269.73,241.06,896,1500,0.052408,0.044379,0.104,Video_Streaming,BENIGN,0,23467,2,0
FLW-0002591,VPN-SES-00476,0xe5b5984b,39.09,1388,962031,24610.67,196885.34,196885.34,757.3,514.0,129,1403,0.284205,0.398718,0.432,Web_Browsing,BENIGN,0,1699,0,0
FLW-0002592,VPN-SES-00476,0xe5b5984b,78.34,4441,625395,7983.09,63864.69,63864.69,142.16,33.41,81,215,0.053939,0.013976,0.578,VoIP,BENIGN,0,5889,0,2
FLW-0002593,VPN-SES-00476,0xe5b5984b,31.07,222,18021,580.01,4640.1,4640.1,89.91,25.4,58,141,0.999993,0.398156,0.499,ICMP,BENIGN,0,123,0,2
FLW-0002594,VPN-SES-00476,0xe5b5984b,198.53,1584,513865,2588.35,20706.79,20706.79,351.79,60.57,251,431,1.102242,1.837785,0.43,WhatsApp,BENIGN,0,1386,0,1
FLW-0002595,VPN-SES-00477,0xb94a3567,61.63,85,13551,219.88,1759.01,1759.01,151.08,68.13,40,289,3.324179,1.416931,0.578,Attack,C2_BEACONING,1,97,1,4
FLW-0002596,VPN-SES-00477,0xb94a3567,19.63,1145,192903,9826.95,78615.59,78615.59,153.35,49.48,82,216,0.059183,0.037742,0.491,VoIP,BENIGN,0,1364,0,0
FLW-0002597,VPN-SES-00477,0xb94a3567,245.65,42815,56799691,231222.03,1849776.22,1849776.22,1427.82,242.79,1057,1500,0.053333,0.038836,0.257,Video_Streaming,BENIGN,0,45647,0,0
FLW-0002598,VPN-SES-00477,0xb94a3567,50.48,384,173916,3445.25,27561.97,27561.97,467.27,357.03,40,1215,0.71016,0.727707,0.407,WhatsApp,BENIGN,0,332,0,1
FLW-0002599,VPN-SES-00478,0x28fc9899,93.97,5798,959671,10212.53,81700.2,81700.2,169.59,56.49,83,291,0.031317,0.01348,0.498,VoIP,BENIGN,0,5586,0,0
FLW-0002600,VPN-SES-00478,0x28fc9899,55.76,6380,8783864,157529.84,1260238.74,1260238.74,1306.6,290.32,917,1500,0.059754,0.048775,0.177,Video_Streaming,BENIGN,0,9831,0,2
FLW-0002601,VPN-SES-00478,0x28fc9899,114.94,9253,12525633,108975.4,871803.24,871803.24,1304.76,169.23,938,1500,0.029275,0.01254,0.858,Attack,DATA_EXFILTRATION,1,35278,0,2
FLW-0002602,VPN-SES-00479,0xbb01f101,117.04,3019,434033,3708.42,29667.33,29667.33,150.65,44.49,70,225,0.092929,0.04143,0.449,VoIP,BENIGN,0,2671,0,2
FLW-0002603,VPN-SES-00479,0xbb01f101,47.28,805,635799,13447.53,107580.2,107580.2,855.23,271.54,258,1360,0.558753,0.257537,0.484,Email_IMAP,BENIGN,0,649,0,1
FLW-0002604,VPN-SES-00479,0xbb01f101,16.12,51,5474,339.58,2716.63,2716.63,104.21,31.24,40,169,1.08997,0.590247,0.497,ICMP,BENIGN,0,37,0,0
FLW-0002605,VPN-SES-00479,0xbb01f101,26.39,362,61186,2318.53,18548.24,18548.24,158.15,198.41,40,562,0.533187,0.545621,0.507,WhatsApp,BENIGN,0,318,0,1
FLW-0002606,VPN-SES-00479,0xbb01f101,61.91,7980,11993260,193720.89,1549767.08,1549767.08,1375.56,182.18,991,1500,0.034532,0.020162,0.087,Video_Streaming,BENIGN,0,8570,0,1
FLW-0002607,VPN-SES-00479,0xbb01f101,56.39,348,327425,5806.44,46451.5,46451.5,936.36,624.23,40,1500,0.482197,0.385559,0.486,Email_IMAP,BENIGN,0,440,0,2
FLW-0002608,VPN-SES-00479,0xbb01f101,239.38,39119,51439184,214885.05,1719080.42,1719080.42,1240.82,263.84,906,1500,0.024838,0.017656,0.201,Video_Streaming,BENIGN,0,43915,0,0
FLW-0002609,VPN-SES-00480,0xd7e03fad,33.11,225,22343,674.81,5398.49,5398.49,95.52,27.3,46,139,0.693981,0.345955,0.314,ICMP,BENIGN,0,181,1,0
FLW-0002610,VPN-SES-00480,0xd7e03fad,127.4,8057,1082971,8500.56,68004.46,68004.46,132.3,40.07,44,210,0.104087,0.05679,0.452,VoIP,BENIGN,0,9397,0,1
FLW-0002611,VPN-SES-00480,0xd7e03fad,14.37,2977,248087,17264.23,138113.85,138113.85,84.65,22.05,40,117,0.020856,0.010458,0.883,Attack,PORT_SCAN,1,6299,0,4
FLW-0002612,VPN-SES-00480,0xd7e03fad,17.19,20573,2866299,166742.23,1333937.87,1333937.87,137.16,48.09,52,233,0.008789,0.00312,0.947,Attack,DOS_FLOOD,1,106932,4,3
FLW-0002613,VPN-SES-00480,0xd7e03fad,13.85,702,553003,39928.01,319424.12,319424.12,811.56,411.91,205,1333,0.7422,0.866556,0.453,Web_Browsing,BENIGN,0,757,0,1
FLW-0002614,VPN-SES-00480,0xd7e03fad,11.33,29,2670,235.66,1885.26,1885.26,102.31,24.04,61,154,0.652826,0.097642,0.706,ICMP,BENIGN,0,16,0,0
FLW-0002615,VPN-SES-00480,0xd7e03fad,8.99,127,46399,5161.18,41289.43,41289.43,380.46,254.62,40,760,0.648136,1.080239,0.383,Web_Browsing,BENIGN,0,169,0,0
FLW-0002616,VPN-SES-00481,0x5cda3e1c,74.86,715,373295,4986.57,39892.6,39892.6,535.14,210.0,142,905,0.602781,0.5208,0.37,WhatsApp,BENIGN,0,736,0,0
FLW-0002617,VPN-SES-00481,0x5cda3e1c,18.02,889,247802,13751.5,110011.99,110011.99,305.37,89.87,153,438,0.166611,0.126208,0.629,Attack,BRUTE_FORCE,1,2184,0,4
FLW-0002618,VPN-SES-00481,0x5cda3e1c,42.16,1107,1038599,24634.7,197077.61,197077.61,987.25,471.24,326,1500,0.898693,1.083842,0.566,Email_IMAP,BENIGN,0,1117,0,1
FLW-0002619,VPN-SES-00481,0x5cda3e1c,143.92,6282,947499,6583.51,52668.09,52668.09,154.45,43.81,93,244,0.035576,0.02384,0.678,VoIP,BENIGN,0,7207,0,0
FLW-0002620,VPN-SES-00481,0x5cda3e1c,32.32,710,110957,3433.08,27464.6,27464.6,158.51,34.3,106,200,0.058155,0.025036,0.536,VoIP,BENIGN,0,765,0,2
FLW-0002621,VPN-SES-00481,0x5cda3e1c,23.95,1813,2025977,84591.94,676735.53,676735.53,1238.71,184.39,872,1500,0.025173,0.020419,0.203,Video_Streaming,BENIGN,0,1806,0,1
FLW-0002622,VPN-SES-00481,0x5cda3e1c,43.1,262,178530,4142.23,33137.82,33137.82,745.26,616.66,40,1500,0.395513,0.409361,0.497,Email_IMAP,BENIGN,0,212,1,2
FLW-0002623,VPN-SES-00482,0xc67af865,18.19,176,69133,3800.6,30404.84,30404.84,361.22,263.45,40,900,1.773624,1.737547,0.472,WhatsApp,BENIGN,0,135,0,0
FLW-0002624,VPN-SES-00482,0xc67af865,46.66,9711,13920479,298338.6,2386708.79,2386708.79,1449.58,239.82,1157,1500,0.037228,0.033964,0.097,Video_Streaming,BENIGN,0,10507,0,0
FLW-0002625,VPN-SES-00482,0xc67af865,97.44,1796,303221,3111.87,24894.99,24894.99,156.56,38.82,75,218,0.05831,0.02031,0.633,VoIP,BENIGN,0,2146,0,0
FLW-0002626,VPN-SES-00482,0xc67af865,74.99,707,205958,2746.47,21971.78,21971.78,315.68,282.81,40,668,1.254449,1.024608,0.439,WhatsApp,BENIGN,0,505,1,0
FLW-0002627,VPN-SES-00482,0xc67af865,53.87,592,501500,9309.45,74475.59,74475.59,822.3,719.55,40,1500,0.690134,0.602196,0.492,Email_IMAP,BENIGN,0,650,0,1
FLW-0002628,VPN-SES-00483,0x65852445,43.45,4932,6675845,153644.3,1229154.43,1229154.43,1271.67,214.51,895,1500,0.050654,0.022561,0.886,Attack,DATA_EXFILTRATION,1,19267,1,1
FLW-0002629,VPN-SES-00483,0x65852445,67.29,3018,1980645,29434.46,235475.7,235475.7,673.5,448.41,40,1425,0.528355,0.509732,0.33,Web_Browsing,BENIGN,0,3228,0,0
FLW-0002630,VPN-SES-00483,0x65852445,77.43,339,126938,1639.39,13115.12,13115.12,365.17,196.82,40,660,1.342076,1.224674,0.502,WhatsApp,BENIGN,0,318,0,1
FLW-0002631,VPN-SES-00483,0x65852445,111.33,185,40058,359.81,2878.51,2878.51,212.06,57.89,111,292,2.161688,1.016255,0.604,Attack,C2_BEACONING,1,202,0,1
FLW-0002632,VPN-SES-00484,0x6821f077,92.19,2742,321718,3489.73,27917.82,27917.82,112.94,64.7,40,235,0.069711,0.033837,0.492,VoIP,BENIGN,0,3260,0,2
FLW-0002633,VPN-SES-00484,0x6821f077,51.12,2184,471357,9220.6,73764.79,73764.79,234.77,106.19,40,427,0.134404,0.085254,0.703,Attack,BRUTE_FORCE,1,4433,0,2
FLW-0002634,VPN-SES-00484,0x6821f077,12.03,213,211510,17581.88,140655.03,140655.03,995.69,364.31,399,1500,1.075293,1.050004,0.812,Email_IMAP,BENIGN,0,247,0,0
FLW-0002635,VPN-SES-00484,0x6821f077,4.65,497,61147,13149.89,105199.14,105199.14,122.12,33.5,51,165,0.05397,0.038393,0.739,Attack,PORT_SCAN,1,1118,0,1
FLW-0002636,VPN-SES-00484,0x6821f077,13.06,1772,129008,9878.1,79024.81,79024.81,75.83,31.2,40,114,0.024173,0.014211,0.675,Attack,PORT_SCAN,1,4423,0,6
FLW-0002637,VPN-SES-00484,0x6821f077,11.3,2059,237921,21054.96,168439.65,168439.65,115.13,29.38,63,167,0.012823,0.006237,0.821,Attack,PORT_SCAN,1,7004,0,2
FLW-0002638,VPN-SES-00484,0x6821f077,2.75,8,938,341.09,2728.73,2728.73,123.24,29.81,81,176,0.774889,0.190272,0.509,ICMP,BENIGN,0,11,0,0
FLW-0002639,VPN-SES-00484,0x6821f077,12.29,14969,2168924,176478.76,1411830.11,1411830.11,136.34,47.23,40,199,0.004207,0.001948,0.825,Attack,DOS_FLOOD,1,80751,1,4
FLW-0002640,VPN-SES-00485,0x2f8cedcd,15.64,861,224361,14345.33,114762.66,114762.66,251.45,115.31,100,483,0.221473,0.169142,0.677,Attack,BRUTE_FORCE,1,1258,0,6
FLW-0002641,VPN-SES-00485,0x2f8cedcd,172.09,25065,29323315,170395.23,1363161.83,1363161.83,1241.34,228.26,828,1500,0.064435,0.036537,0.264,Video_Streaming,BENIGN,0,27876,0,0
FLW-0002642,VPN-SES-00485,0x2f8cedcd,5.75,176,78481,13648.87,109190.96,109190.96,424.04,513.35,40,1412,0.361952,0.278916,0.274,Web_Browsing,BENIGN,0,157,0,0
FLW-0002643,VPN-SES-00485,0x2f8cedcd,15.54,2311,257717,16584.11,132672.84,132672.84,114.21,30.63,72,162,0.02574,0.018099,0.792,Attack,PORT_SCAN,1,7502,0,3
FLW-0002644,VPN-SES-00486,0x442ed9b4,9.96,19,2092,210.04,1680.32,1680.32,109.68,35.16,40,181,0.552727,0.066015,0.328,ICMP,BENIGN,0,24,0,0
FLW-0002645,VPN-SES-00486,0x442ed9b4,150.08,1358,402245,2680.2,21441.63,21441.63,309.54,247.47,40,826,0.932462,0.799834,0.439,WhatsApp,BENIGN,0,1603,0,0
FLW-0002646,VPN-SES-00486,0x442ed9b4,208.49,773,197973,949.56,7596.45,7596.45,259.97,122.84,40,485,0.736044,1.117216,0.401,WhatsApp,BENIGN,0,856,0,0
FLW-0002647,VPN-SES-00486,0x442ed9b4,181.0,367,81054,447.81,3582.5,3582.5,241.98,84.56,84,414,3.180343,1.66293,0.563,Attack,C2_BEACONING,1,380,0,1
FLW-0002648,VPN-SES-00486,0x442ed9b4,34.51,67,6944,201.22,1609.74,1609.74,105.51,29.24,60,141,0.9516,0.304756,0.614,ICMP,BENIGN,0,44,0,2
FLW-0002649,VPN-SES-00486,0x442ed9b4,17.45,144,115497,6618.74,52949.91,52949.91,798.32,580.69,40,1500,0.397896,0.302126,0.593,Email_IMAP,BENIGN,0,117,0,0
FLW-0002650,VPN-SES-00487,0xecac3096,36.83,1167,990032,26881.13,215049.04,215049.04,802.03,528.84,40,1500,0.569601,0.81351,0.462,Email_IMAP,BENIGN,0,1263,0,1
FLW-0002651,VPN-SES-00487,0xecac3096,19.2,70,7813,406.93,3255.42,3255.42,108.98,19.31,71,136,0.768418,0.2961,0.486,ICMP,BENIGN,0,56,0,1
FLW-0002652,VPN-SES-00487,0xecac3096,9.6,2201,197909,20615.52,164924.17,164924.17,83.76,24.99,40,122,0.019497,0.006447,0.723,Attack,PORT_SCAN,1,7372,1,2
FLW-0002653,VPN-SES-00487,0xecac3096,21.96,309,173436,7897.81,63182.51,63182.51,520.87,459.41,40,1234,0.427988,0.317022,0.413,Email_IMAP,BENIGN,0,372,0,0
FLW-0002654,VPN-SES-00487,0xecac3096,44.03,1913,561163,12745.01,101960.12,101960.12,292.6,117.38,73,482,0.289439,0.236051,0.61,Attack,BRUTE_FORCE,1,3247,0,1
FLW-0002655,VPN-SES-00487,0xecac3096,69.07,2094,774427,11212.21,89697.64,89697.64,379.42,490.91,40,1200,0.541881,0.67629,0.469,Web_Browsing,BENIGN,0,3066,0,1
FLW-0002656,VPN-SES-00487,0xecac3096,34.0,604,338786,9964.29,79714.35,79714.35,550.6,643.54,40,1500,0.631661,0.513755,0.351,Email_IMAP,BENIGN,0,520,0,1
FLW-0002657,VPN-SES-00487,0xecac3096,15.0,184,129635,8642.33,69138.67,69138.67,671.09,273.68,136,1124,0.398196,0.300899,0.592,Email_IMAP,BENIGN,0,202,0,0
FLW-0002658,VPN-SES-00488,0x1bb9c606,166.19,7338,10623352,63922.93,511383.45,511383.45,1365.57,294.3,778,1500,0.020266,0.011602,0.127,Video_Streaming,BENIGN,0,11679,0,2
FLW-0002659,VPN-SES-00488,0x1bb9c606,56.51,359,201587,3567.28,28538.24,28538.24,540.71,320.13,40,1152,0.894627,0.938123,0.617,Email_IMAP,BENIGN,0,316,0,3
FLW-0002660,VPN-SES-00488,0x1bb9c606,36.2,349,219993,6077.15,48617.24,48617.24,670.73,347.5,217,1317,0.814339,0.523655,0.312,Email_IMAP,BENIGN,0,350,0,1
FLW-0002661,VPN-SES-00488,0x1bb9c606,145.95,6401,7769678,53235.2,425881.63,425881.63,1306.97,241.16,869,1500,0.044927,0.035046,0.199,Video_Streaming,BENIGN,0,7789,0,3
FLW-0002662,VPN-SES-00488,0x1bb9c606,81.28,23473,31644096,389322.05,3114576.38,3114576.38,1293.32,259.62,883,1500,0.031591,0.012374,0.899,Attack,DATA_EXFILTRATION,1,91678,3,3
FLW-0002663,VPN-SES-00488,0x1bb9c606,205.02,1317,279567,1363.61,10908.87,10908.87,200.73,224.02,40,576,1.634896,1.674401,0.494,WhatsApp,BENIGN,0,1594,0,1
FLW-0002664,VPN-SES-00488,0x1bb9c606,7.93,187,148551,18732.79,149862.3,149862.3,738.25,439.44,40,1433,0.325541,0.269727,0.527,Email_IMAP,BENIGN,0,192,0,2
FLW-0002665,VPN-SES-00489,0xda857fe4,165.57,1042,225809,1363.83,10910.62,10910.62,237.53,264.14,40,727,1.212719,1.72075,0.485,WhatsApp,BENIGN,0,833,0,1
FLW-0002666,VPN-SES-00489,0xda857fe4,11.64,287,246121,21144.42,169155.33,169155.33,822.7,432.29,254,1500,0.438044,0.529017,0.298,Web_Browsing,BENIGN,0,367,0,1
FLW-0002667,VPN-SES-00489,0xda857fe4,73.37,14068,15916979,216941.24,1735529.94,1735529.94,1209.97,150.48,915,1472,0.009433,0.004947,0.83,Attack,DATA_EXFILTRATION,1,32854,0,1
FLW-0002668,VPN-SES-00490,0x69555d44,293.2,57913,81323799,277366.3,2218930.4,2218930.4,1399.94,226.46,947,1500,0.040574,0.024963,0.093,Video_Streaming,BENIGN,0,75614,0,0
FLW-0002669,VPN-SES-00490,0x69555d44,15.44,14735,1799240,116531.09,932248.7,932248.7,129.43,37.19,55,193,0.003611,0.001938,0.948,Attack,DOS_FLOOD,1,52049,4,0
FLW-0002670,VPN-SES-00490,0x69555d44,123.89,59,13216,106.68,853.4,853.4,219.65,112.41,40,373,6.415276,6.388323,0.458,Attack,C2_BEACONING,1,63,0,3
FLW-0002671,VPN-SES-00490,0x69555d44,14.82,23408,3134215,211485.49,1691883.94,1691883.94,127.19,33.59,57,193,0.009806,0.005264,0.928,Attack,DOS_FLOOD,1,114653,3,5
FLW-0002672,VPN-SES-00491,0xd2d6f712,29.16,458,175118,6005.42,48043.35,48043.35,407.77,174.17,193,675,0.684648,0.766905,0.555,WhatsApp,BENIGN,0,477,0,1
FLW-0002673,VPN-SES-00491,0xd2d6f712,23.99,26960,3469990,144643.18,1157145.48,1157145.48,126.27,38.42,49,189,0.012173,0.008301,0.878,Attack,DOS_FLOOD,1,133186,3,4
FLW-0002674,VPN-SES-00491,0xd2d6f712,118.99,19593,22901549,192466.17,1539729.32,1539729.32,1218.26,162.33,948,1419,0.03839,0.049547,0.17,Video_Streaming,BENIGN,0,27461,2,0
FLW-0002675,VPN-SES-00491,0xd2d6f712,18.4,173,17162,932.72,7461.74,7461.74,96.6,28.85,53,155,1.140348,0.56252,0.51,ICMP,BENIGN,0,128,0,3
FLW-0002676,VPN-SES-00492,0xa7788819,35.65,899,199584,5598.43,44787.43,44787.43,227.63,145.94,40,464,0.680963,0.664529,0.43,WhatsApp,BENIGN,0,655,0,1
FLW-0002677,VPN-SES-00492,0xa7788819,31.52,524,410355,13018.88,104151.02,104151.02,769.12,434.23,118,1418,0.703405,0.99661,0.385,Web_Browsing,BENIGN,0,539,0,1
FLW-0002678,VPN-SES-00492,0xa7788819,26.28,661,89729,3414.35,27314.76,27314.76,129.17,43.07,47,195,0.032596,0.015162,0.571,VoIP,BENIGN,0,673,0,1
FLW-0002679,VPN-SES-00492,0xa7788819,160.24,4134,1590710,9927.05,79416.38,79416.38,397.39,200.84,88,734,0.592334,0.643849,0.38,WhatsApp,BENIGN,0,3076,0,0
FLW-0002680,VPN-SES-00493,0x2d876a3e,21.71,29,2528,116.44,931.55,931.55,88.35,26.31,53,120,1.107986,0.174516,0.516,ICMP,BENIGN,0,20,0,0
FLW-0002681,VPN-SES-00493,0x2d876a3e,37.22,30619,3950862,106148.9,849191.19,849191.19,141.72,36.4,77,195,0.007482,0.006527,0.852,Attack,DOS_FLOOD,1,105698,4,3
FLW-0002682,VPN-SES-00493,0x2d876a3e,130.34,9266,11201129,85937.77,687502.16,687502.16,1314.23,160.46,1102,1500,0.023126,0.009808,0.98,Attack,DATA_EXFILTRATION,1,23362,1,1
FLW-0002683,VPN-SES-00493,0x2d876a3e,35.13,1684,250293,7124.77,56998.12,56998.12,142.09,32.38,92,210,0.033664,0.019629,0.506,VoIP,BENIGN,0,1267,0,1
FLW-0002684,VPN-SES-00493,0x2d876a3e,43.16,2405,2185236,50631.05,405048.38,405048.38,860.52,513.48,40,1500,0.39464,0.424543,0.256,Web_Browsing,BENIGN,0,2683,0,0
FLW-0002685,VPN-SES-00493,0x2d876a3e,315.69,178,38658,122.46,979.64,979.64,238.29,74.77,114,365,4.793732,3.635688,0.537,Attack,C2_BEACONING,1,153,0,0
FLW-0002686,VPN-SES-00493,0x2d876a3e,251.62,13862,14789730,58778.04,470224.31,470224.31,1123.43,179.73,735,1430,0.078428,0.09835,0.096,Video_Streaming,BENIGN,0,17118,0,1
FLW-0002687,VPN-SES-00493,0x2d876a3e,103.0,216,40291,391.17,3129.4,3129.4,193.74,97.39,58,328,3.011274,0.927125,0.583,Attack,C2_BEACONING,1,193,0,0
FLW-0002688,VPN-SES-00494,0x9bf640ea,4.0,22,2074,518.5,4148.0,4148.0,90.6,28.93,40,137,1.810708,0.902201,0.559,ICMP,BENIGN,0,14,0,2
FLW-0002689,VPN-SES-00494,0x9bf640ea,11.8,636,150234,12731.69,101853.56,101853.56,219.22,185.87,40,549,0.085442,0.035072,0.588,Attack,BRUTE_FORCE,1,1076,0,1
FLW-0002690,VPN-SES-00494,0x9bf640ea,15.89,403,75668,4761.99,38095.91,38095.91,177.99,26.51,136,218,0.110875,0.08606,0.399,VoIP,BENIGN,0,467,1,0
FLW-0002691,VPN-SES-00495,0xde2cf16b,72.95,3060,603882,8278.03,66224.21,66224.21,188.63,47.42,131,267,0.080791,0.065432,0.424,VoIP,BENIGN,0,4025,0,1
FLW-0002692,VPN-SES-00495,0xde2cf16b,32.87,289,165558,5036.75,40294.01,40294.01,608.18,375.49,40,1066,0.968983,1.027779,0.356,Web_Browsing,BENIGN,0,325,0,0
FLW-0002693,VPN-SES-00495,0xde2cf16b,29.64,411,264581,8926.48,71411.88,71411.88,647.68,259.99,129,966,0.418509,0.332011,0.66,Email_IMAP,BENIGN,0,360,0,0
FLW-0002694,VPN-SES-00495,0xde2cf16b,43.92,222,101175,2303.62,18428.96,18428.96,455.15,429.5,40,1049,0.777549,0.587338,0.502,Email_IMAP,BENIGN,0,281,1,1
FLW-0002695,VPN-SES-00495,0xde2cf16b,39.02,1748,365070,9355.97,74847.77,74847.77,224.53,96.45,40,348,0.111406,0.100064,0.62,Attack,BRUTE_FORCE,1,3462,0,4
FLW-0002696,VPN-SES-00496,0x6069c057,69.19,1666,970972,14033.42,112267.32,112267.32,531.79,648.27,40,1500,0.480493,0.44611,0.235,Web_Browsing,BENIGN,0,1916,0,0
FLW-0002697,VPN-SES-00496,0x6069c057,250.17,268,48836,195.21,1561.69,1561.69,165.82,61.91,68,298,4.53513,3.052979,0.442,Attack,C2_BEACONING,1,296,0,2
FLW-0002698,VPN-SES-00496,0x6069c057,33.32,2787,917481,27535.44,220283.55,220283.55,306.39,114.06,132,444,0.170138,0.126199,0.586,Attack,BRUTE_FORCE,1,6025,0,2
FLW-0002699,VPN-SES-00496,0x6069c057,63.11,2967,488836,7745.78,61966.22,61966.22,174.86,51.98,75,238,0.082483,0.04941,0.441,VoIP,BENIGN,0,3272,2,0
FLW-0002700,VPN-SES-00496,0x6069c057,170.94,2191,733969,4293.72,34349.78,34349.78,358.76,177.74,86,641,1.101892,1.38045,0.272,WhatsApp,BENIGN,0,2066,0,0
FLW-0002701,VPN-SES-00496,0x6069c057,72.62,53,12641,174.07,1392.56,1392.56,242.2,110.83,40,460,5.418132,3.118493,0.554,Attack,C2_BEACONING,1,51,0,3
FLW-0002702,VPN-SES-00496,0x6069c057,31.79,718,555400,17470.9,139767.22,139767.22,714.29,585.2,40,1500,0.596507,0.669328,0.558,Email_IMAP,BENIGN,0,581,0,1
FLW-0002703,VPN-SES-00496,0x6069c057,79.41,3202,547485,6894.41,55155.27,55155.27,157.09,28.76,122,192,0.026226,0.009863,0.551,VoIP,BENIGN,0,3870,0,1
FLW-0002704,VPN-SES-00497,0xeb2d0fff,2.46,15,1632,663.41,5307.32,5307.32,115.76,25.24,84,146,0.628048,0.148212,0.435,ICMP,BENIGN,0,18,0,1
FLW-0002705,VPN-SES-00497,0xeb2d0fff,8.16,81,7797,955.51,7644.12,7644.12,98.26,24.7,61,149,1.107797,0.491984,0.433,ICMP,BENIGN,0,64,0,0
FLW-0002706,VPN-SES-00497,0xeb2d0fff,144.73,13286,18065678,124823.31,998586.5,998586.5,1407.07,401.52,759,1500,0.018055,0.010757,0.167,Video_Streaming,BENIGN,0,20399,0,0
FLW-0002707,VPN-SES-00497,0xeb2d0fff,47.12,781,730355,15499.89,123999.15,123999.15,1001.28,409.03,235,1500,0.613795,0.492479,0.569,Email_IMAP,BENIGN,0,996,0,2
FLW-0002708,VPN-SES-00497,0xeb2d0fff,5.46,984,104645,19165.75,153326.01,153326.01,114.09,37.33,59,190,0.032974,0.019092,0.818,Attack,PORT_SCAN,1,2569,0,0
FLW-0002709,VPN-SES-00497,0xeb2d0fff,9.17,51,4649,506.98,4055.83,4055.83,100.85,17.56,68,127,0.728012,0.222963,0.557,ICMP,BENIGN,0,34,0,2
FLW-0002710,VPN-SES-00497,0xeb2d0fff,11.28,45,5006,443.79,3550.35,3550.35,107.53,28.26,45,160,0.703633,0.128289,0.303,ICMP,BENIGN,0,32,0,0
FLW-0002711,VPN-SES-00498,0x154d35aa,128.36,4572,880101,6856.51,54852.04,54852.04,185.1,34.2,121,235,0.064875,0.041784,0.448,VoIP,BENIGN,0,5002,0,0
FLW-0002712,VPN-SES-00498,0x154d35aa,29.01,773,169763,5851.88,46815.03,46815.03,202.49,228.03,40,544,0.912711,1.107847,0.336,WhatsApp,BENIGN,0,817,0,0
FLW-0002713,VPN-SES-00498,0x154d35aa,59.97,629,598166,9974.42,79795.36,79795.36,954.52,589.04,92,1500,0.56165,0.457406,0.375,Web_Browsing,BENIGN,0,821,0,1
FLW-0002714,VPN-SES-00499,0x773d4de0,35.63,609,619239,17379.71,139037.66,139037.66,971.49,323.95,561,1500,0.54336,0.709712,0.365,Web_Browsing,BENIGN,0,732,0,0
FLW-0002715,VPN-SES-00499,0x773d4de0,46.34,1064,1140575,24613.19,196905.48,196905.48,1007.94,437.05,428,1500,0.727111,0.740555,0.458,Email_IMAP,BENIGN,0,1046,0,1
FLW-0002716,VPN-SES-00499,0x773d4de0,99.86,3701,580699,5815.13,46521.05,46521.05,164.13,50.36,98,226,0.068919,0.047085,0.652,VoIP,BENIGN,0,4425,0,0
FLW-0002717,VPN-SES-00500,0x6e4d9d2f,12.58,814,204009,16216.93,129735.45,129735.45,273.84,77.14,158,372,0.115983,0.05032,0.595,Attack,BRUTE_FORCE,1,1646,0,4
FLW-0002718,VPN-SES-00500,0x6e4d9d2f,24.47,1379,437656,17885.41,143083.29,143083.29,314.47,115.27,163,472,0.184609,0.181978,0.67,Attack,BRUTE_FORCE,1,2368,0,2
FLW-0002719,VPN-SES-00500,0x6e4d9d2f,19.53,684,179452,9188.53,73508.24,73508.24,253.62,61.68,178,387,0.192005,0.164791,0.535,Attack,BRUTE_FORCE,1,1566,0,1
FLW-0002720,VPN-SES-00500,0x6e4d9d2f,7.12,50,4690,658.71,5269.66,5269.66,88.24,31.54,43,156,1.498658,0.4413,0.613,ICMP,BENIGN,0,31,0,1
FLW-0002721,VPN-SES-00500,0x6e4d9d2f,23.79,1088,132830,5583.44,44667.51,44667.51,130.71,21.85,88,177,0.051828,0.044489,0.515,VoIP,BENIGN,0,912,0,1
FLW-0002722,VPN-SES-00500,0x6e4d9d2f,99.75,1637,332088,3329.2,26633.62,26633.62,216.43,150.22,40,509,0.742666,0.981694,0.442,WhatsApp,BENIGN,0,1231,0,0
FLW-0002723,VPN-SES-00500,0x6e4d9d2f,54.56,552,627470,11500.55,92004.4,92004.4,1131.83,297.53,594,1488,0.433188,0.38626,0.491,Email_IMAP,BENIGN,0,645,0,1
FLW-0002724,VPN-SES-00500,0x6e4d9d2f,29.71,18745,2662129,89603.8,716830.43,716830.43,147.93,33.88,93,198,0.005641,0.003504,0.937,Attack,DOS_FLOOD,1,92982,3,3
FLW-0002725,VPN-SES-00501,0xb4df08c5,64.92,676,634957,9780.61,78244.86,78244.86,963.89,334.59,327,1416,0.413551,0.390353,0.249,Web_Browsing,BENIGN,0,890,0,1
FLW-0002726,VPN-SES-00501,0xb4df08c5,125.4,2803,789846,6298.61,50388.9,50388.9,262.3,185.76,40,620,1.521672,1.411554,0.501,WhatsApp,BENIGN,0,2004,0,2
FLW-0002727,VPN-SES-00501,0xb4df08c5,11.46,291,46424,4050.96,32407.68,32407.68,154.32,45.16,81,220,0.034202,0.010039,0.601,VoIP,BENIGN,0,283,0,2
FLW-0002728,VPN-SES-00501,0xb4df08c5,58.23,2341,275327,4728.27,37826.14,37826.14,128.16,72.02,40,224,0.052674,0.033561,0.442,VoIP,BENIGN,0,2291,0,0
FLW-0002729,VPN-SES-00501,0xb4df08c5,10.89,263,161471,14827.46,118619.65,118619.65,559.1,448.12,40,1258,0.669747,0.432002,0.447,Email_IMAP,BENIGN,0,224,0,0
FLW-0002730,VPN-SES-00501,0xb4df08c5,186.77,20893,26956475,144329.79,1154638.33,1154638.33,1216.92,240.82,791,1500,0.043013,0.031689,0.02,Video_Streaming,BENIGN,0,31094,0,0
FLW-0002731,VPN-SES-00501,0xb4df08c5,55.64,462,83083,1493.22,11945.79,11945.79,178.78,206.5,40,453,1.988923,2.012936,0.5,WhatsApp,BENIGN,0,391,0,1
FLW-0002732,VPN-SES-00502,0xa8982e99,35.21,3111,4576818,129986.31,1039890.49,1039890.49,1359.22,103.45,1226,1500,0.018531,0.008418,0.98,Attack,DATA_EXFILTRATION,1,11979,0,2
FLW-0002733,VPN-SES-00502,0xa8982e99,23.18,503,481978,20792.84,166342.71,166342.71,949.7,332.19,398,1500,1.039514,0.643043,0.307,Email_IMAP,BENIGN,0,481,0,2
FLW-0002734,VPN-SES-00502,0xa8982e99,215.95,217,58411,270.48,2163.87,2163.87,251.93,86.06,106,438,2.851615,2.156244,0.667,Attack,C2_BEACONING,1,277,0,3
FLW-0002735,VPN-SES-00503,0x16c0965d,35.79,421,326345,9118.33,72946.63,72946.63,792.05,344.07,362,1212,0.417792,0.43063,0.223,Web_Browsing,BENIGN,0,559,0,0
FLW-0002736,VPN-SES-00503,0x16c0965d,105.18,4901,744961,7082.72,56661.8,56661.8,160.19,50.99,88,272,0.075842,0.04391,0.505,VoIP,BENIGN,0,5551,0,1
FLW-0002737,VPN-SES-00503,0x16c0965d,37.84,1370,1525201,40306.58,322452.64,322452.64,1061.52,418.7,527,1500,0.320958,0.212796,0.554,Email_IMAP,BENIGN,0,1657,0,1
FLW-0002738,VPN-SES-00503,0x16c0965d,38.0,1889,521981,13736.34,109890.74,109890.74,299.29,128.27,67,574,0.124833,0.063898,0.612,Attack,BRUTE_FORCE,1,4206,0,3
FLW-0002739,VPN-SES-00504,0x6665dd0b,112.13,7473,1076917,9604.18,76833.46,76833.46,158.2,37.24,90,227,0.046189,0.023567,0.529,VoIP,BENIGN,0,5954,0,1
FLW-0002740,VPN-SES-00504,0x6665dd0b,59.9,1317,193701,3233.74,25869.92,25869.92,134.53,56.33,40,251,0.031782,0.014242,0.363,VoIP,BENIGN,0,1300,0,0
FLW-0002741,VPN-SES-00504,0x6665dd0b,10.42,332,237342,22777.54,182220.35,182220.35,685.35,596.6,40,1447,0.748568,0.654396,0.516,Email_IMAP,BENIGN,0,296,0,0
FLW-0002742,VPN-SES-00504,0x6665dd0b,34.63,22058,3213910,92807.1,742456.83,742456.83,138.12,52.38,40,209,0.003813,0.001583,0.943,Attack,DOS_FLOOD,1,72362,3,1
FLW-0002743,VPN-SES-00505,0xcec2e40d,200.03,350,61639,308.15,2465.19,2465.19,177.14,85.34,70,310,2.338274,1.243653,0.624,Attack,C2_BEACONING,1,495,0,1
FLW-0002744,VPN-SES-00505,0xcec2e40d,15.21,318,273960,18011.83,144094.67,144094.67,849.41,479.96,40,1500,0.840864,0.824125,0.613,Email_IMAP,BENIGN,0,231,0,1
FLW-0002745,VPN-SES-00505,0xcec2e40d,35.0,64,5868,167.66,1341.26,1341.26,95.54,27.33,53,128,1.323622,0.491147,0.529,ICMP,BENIGN,0,58,0,2
FLW-0002746,VPN-SES-00505,0xcec2e40d,5.45,72,52771,9682.75,77462.02,77462.02,694.32,487.22,40,1429,0.36374,0.312159,0.658,Email_IMAP,BENIGN,0,67,0,1
FLW-0002747,VPN-SES-00505,0xcec2e40d,118.26,10440,14406829,121823.35,974586.77,974586.77,1258.08,165.8,979,1500,0.037621,0.031645,0.149,Video_Streaming,BENIGN,0,12493,0,2
FLW-0002748,VPN-SES-00505,0xcec2e40d,46.02,907,855491,18589.55,148716.38,148716.38,865.68,603.26,40,1500,1.44188,1.212934,0.423,Email_IMAP,BENIGN,0,811,0,1
FLW-0002749,VPN-SES-00505,0xcec2e40d,60.76,7439,7855584,129288.74,1034309.94,1034309.94,1078.29,270.8,552,1459,0.032149,0.026627,0.036,Video_Streaming,BENIGN,0,12937,0,0
FLW-0002750,VPN-SES-00506,0xc94eb6f8,27.93,366,229855,8229.68,65837.45,65837.45,677.09,372.79,95,1396,0.302985,0.429321,0.381,Web_Browsing,BENIGN,0,523,0,0
FLW-0002751,VPN-SES-00506,0xc94eb6f8,311.36,398,88946,285.67,2285.35,2285.35,234.33,129.81,40,404,2.510438,1.030869,0.456,Attack,C2_BEACONING,1,484,0,2
FLW-0002752,VPN-SES-00506,0xc94eb6f8,97.74,19577,25853889,264516.97,2116135.79,2116135.79,1230.53,249.64,818,1500,0.021889,0.009803,0.865,Attack,DATA_EXFILTRATION,1,61062,2,3
FLW-0002753,VPN-SES-00506,0xc94eb6f8,41.74,616,405834,9722.9,77783.23,77783.23,683.02,137.46,420,932,1.358507,1.734508,0.597,Email_IMAP,BENIGN,0,485,0,0
FLW-0002754,VPN-SES-00506,0xc94eb6f8,79.81,2107,1365056,17103.82,136830.57,136830.57,683.64,623.94,40,1500,0.333431,0.346893,0.185,Web_Browsing,BENIGN,0,2458,0,0
FLW-0002755,VPN-SES-00506,0xc94eb6f8,22.32,161,20803,932.03,7456.27,7456.27,126.57,20.23,89,164,0.654301,0.122851,0.494,ICMP,BENIGN,0,124,0,0
FLW-0002756,VPN-SES-00506,0xc94eb6f8,29.09,335,191216,6573.26,52586.04,52586.04,559.29,221.83,284,1024,1.000766,1.017901,0.458,WhatsApp,BENIGN,0,236,0,0
FLW-0002757,VPN-SES-00507,0x352a95db,44.52,1377,998845,22435.87,179486.97,179486.97,723.4,375.1,126,1375,0.449962,0.528431,0.451,Email_IMAP,BENIGN,0,1484,0,0
FLW-0002758,VPN-SES-00507,0x352a95db,49.16,23375,3360219,68352.71,546821.64,546821.64,148.68,38.44,97,223,0.005737,0.002963,0.98,Attack,DOS_FLOOD,1,74143,3,1
FLW-0002759,VPN-SES-00507,0x352a95db,119.89,9036,12421293,103605.75,828845.98,828845.98,1500.0,142.31,1192,1500,0.03231,0.033232,0.14,Video_Streaming,BENIGN,0,15444,0,0
FLW-0002760,VPN-SES-00507,0x352a95db,121.56,3394,795120,6540.97,52327.74,52327.74,257.94,187.81,40,664,0.456267,0.430852,0.585,WhatsApp,BENIGN,0,2881,0,1
FLW-0002761,VPN-SES-00507,0x352a95db,160.6,47656,60050530,373913.64,2991309.09,2991309.09,1235.44,147.89,925,1440,0.014555,0.006411,0.928,Attack,DATA_EXFILTRATION,1,166879,0,1
FLW-0002762,VPN-SES-00507,0x352a95db,123.1,1186,223669,1816.97,14535.76,14535.76,200.17,241.49,40,542,0.861395,1.34382,0.457,WhatsApp,BENIGN,0,1002,0,0
FLW-0002763,VPN-SES-00507,0x352a95db,82.72,2422,347165,4196.87,33574.95,33574.95,147.15,47.12,43,249,0.061257,0.025399,0.401,VoIP,BENIGN,0,2441,0,2
FLW-0002764,VPN-SES-00508,0x4745abe5,176.56,37618,44748297,253445.27,2027562.17,2027562.17,1229.69,172.12,996,1500,0.029745,0.017968,0.98,Attack,DATA_EXFILTRATION,1,105444,0,2
FLW-0002765,VPN-SES-00508,0x4745abe5,80.13,5348,981169,12244.71,97957.72,97957.72,201.6,46.03,115,260,0.062505,0.039856,0.496,VoIP,BENIGN,0,5892,0,0
FLW-0002766,VPN-SES-00508,0x4745abe5,134.11,8248,1269079,9462.97,75703.77,75703.77,146.19,43.25,51,214,0.085951,0.06478,0.553,VoIP,BENIGN,0,10733,0,1
FLW-0002767,VPN-SES-00508,0x4745abe5,61.39,815,266410,4339.63,34717.05,34717.05,313.12,232.04,40,715,2.968139,3.282689,0.438,WhatsApp,BENIGN,0,970,0,0
FLW-0002768,VPN-SES-00508,0x4745abe5,166.94,32959,44092378,264121.11,2112968.88,2112968.88,1282.35,264.98,725,1500,0.037348,0.027476,0.063,Video_Streaming,BENIGN,0,49019,0,0
FLW-0002769,VPN-SES-00508,0x4745abe5,148.0,10629,13182939,89073.91,712591.3,712591.3,1301.52,192.69,1028,1500,0.031174,0.026725,0.029,Video_Streaming,BENIGN,0,10990,1,1
FLW-0002770,VPN-SES-00508,0x4745abe5,137.94,1093,322232,2336.03,18688.24,18688.24,293.69,148.61,59,492,0.946108,0.630973,0.449,WhatsApp,BENIGN,0,1193,0,0
FLW-0002771,VPN-SES-00509,0xb15ecdba,108.5,5752,871849,8035.47,64283.8,64283.8,142.67,264.86,40,600,0.55454,0.765157,0.515,Web_Browsing,BENIGN,0,7487,0,0
FLW-0002772,VPN-SES-00509,0xb15ecdba,200.72,27080,38532735,191972.57,1535780.59,1535780.59,1300.92,275.08,865,1500,0.0379,0.025185,0.108,Video_Streaming,BENIGN,0,33540,0,0
FLW-0002773,VPN-SES-00509,0xb15ecdba,103.71,14736,18294021,176395.92,1411167.37,1411167.37,1327.6,205.67,926,1500,0.021759,0.009305,0.89,Attack,DATA_EXFILTRATION,1,39347,1,1
FLW-0002774,VPN-SES-00509,0xb15ecdba,24.14,149,14844,614.91,4919.3,4919.3,105.58,11.01,85,128,1.140395,0.496615,0.396,ICMP,BENIGN,0,112,0,1
FLW-0002775,VPN-SES-00509,0xb15ecdba,133.93,14407,16033033,119712.04,957696.29,957696.29,1220.82,249.14,763,1500,0.04447,0.026099,0.058,Video_Streaming,BENIGN,0,16455,0,0
FLW-0002776,VPN-SES-00509,0xb15ecdba,76.38,9114,11655482,152598.61,1220788.9,1220788.9,1227.72,198.66,972,1500,0.01946,0.005534,0.828,Attack,DATA_EXFILTRATION,1,22923,0,0
FLW-0002777,VPN-SES-00509,0xb15ecdba,100.32,1853,229430,2286.98,18295.85,18295.85,129.08,52.31,61,238,0.052121,0.021893,0.467,VoIP,BENIGN,0,1610,0,1
FLW-0002778,VPN-SES-00510,0xd3649c91,30.45,170,118504,3891.76,31134.06,31134.06,754.17,415.21,206,1398,0.860299,0.646709,0.683,Email_IMAP,BENIGN,0,189,0,0
FLW-0002779,VPN-SES-00510,0xd3649c91,126.76,5170,853496,6733.17,53865.32,53865.32,162.24,40.19,88,234,0.044623,0.019926,0.431,VoIP,BENIGN,0,5176,0,0
FLW-0002780,VPN-SES-00510,0xd3649c91,327.93,47619,71300012,217424.49,1739395.9,1739395.9,1440.55,135.56,1155,1500,0.092082,0.077511,0.118,Video_Streaming,BENIGN,0,65292,4,3
FLW-0002781,VPN-SES-00510,0xd3649c91,138.33,2698,688247,4975.4,39803.2,39803.2,280.64,190.41,40,530,1.153693,1.055911,0.453,WhatsApp,BENIGN,0,2096,0,1
FLW-0002782,VPN-SES-00510,0xd3649c91,16.61,373,107734,6486.09,51888.74,51888.74,291.05,113.69,45,511,0.114347,0.034444,0.546,Attack,BRUTE_FORCE,1,644,0,2
FLW-0002783,VPN-SES-00510,0xd3649c91,228.16,334,72730,318.77,2550.14,2550.14,199.36,80.32,88,353,3.607302,1.962534,0.615,Attack,C2_BEACONING,1,465,0,2
FLW-0002784,VPN-SES-00511,0x74076750,75.58,2674,468871,6203.64,49629.11,49629.11,166.2,45.25,74,251,0.032494,0.02306,0.559,VoIP,BENIGN,0,3170,0,0
FLW-0002785,VPN-SES-00511,0x74076750,131.29,3283,1247268,9500.1,76000.79,76000.79,364.13,213.38,40,642,0.681064,0.792191,0.306,WhatsApp,BENIGN,0,3409,0,1
FLW-0002786,VPN-SES-00511,0x74076750,46.41,890,352156,7587.93,60703.47,60703.47,412.92,462.6,40,1394,1.673938,3.832521,0.567,Email_IMAP,BENIGN,0,1019,0,1
FLW-0002787,VPN-SES-00512,0xd4e49929,45.62,34898,4780165,104782.22,838257.78,838257.78,132.3,38.28,72,202,0.008649,0.004784,0.889,Attack,DOS_FLOOD,1,169784,4,2
FLW-0002788,VPN-SES-00512,0xd4e49929,87.67,20023,24054599,274376.63,2195013.03,2195013.03,1311.47,194.93,931,1500,0.106437,0.092559,0.084,Video_Streaming,BENIGN,0,25019,1,2
FLW-0002789,VPN-SES-00512,0xd4e49929,124.93,503,113511,908.6,7268.77,7268.77,214.58,213.31,40,473,1.512221,1.300196,0.655,WhatsApp,BENIGN,0,571,1,0
FLW-0002790,VPN-SES-00512,0xd4e49929,34.61,22057,1944818,56192.37,449538.98,449538.98,92.49,32.62,40,138,0.005034,0.001266,0.839,Attack,DOS_FLOOD,1,116387,2,2
FLW-0002791,VPN-SES-00513,0x39d374d6,101.39,7975,12696613,125225.5,1001803.96,1001803.96,1500.0,264.46,1045,1500,0.0414,0.033662,0.066,Video_Streaming,BENIGN,0,9506,0,2
FLW-0002792,VPN-SES-00513,0x39d374d6,33.53,1088,1003886,29939.93,239519.48,239519.48,936.22,252.25,548,1395,0.696446,0.773273,0.315,Web_Browsing,BENIGN,0,1132,0,1
FLW-0002793,VPN-SES-00513,0x39d374d6,273.37,33598,43957336,160797.95,1286383.61,1286383.61,1193.37,167.5,943,1500,0.031387,0.023576,0.087,Video_Streaming,BENIGN,0,46749,1,1
FLW-0002794,VPN-SES-00513,0x39d374d6,158.16,83,18730,118.42,947.4,947.4,218.18,83.36,50,401,6.512697,4.857577,0.534,Attack,C2_BEACONING,1,114,0,3
FLW-0002795,VPN-SES-00513,0x39d374d6,49.07,1189,336942,6866.56,54932.46,54932.46,312.44,195.4,40,608,1.141468,1.221494,0.56,WhatsApp,BENIGN,0,853,0,0
FLW-0002796,VPN-SES-00514,0x4c8bc189,50.74,11336,15471183,304910.98,2439287.82,2439287.82,1269.63,245.28,940,1500,0.031312,0.038022,0.086,Video_Streaming,BENIGN,0,14466,0,1
FLW-0002797,VPN-SES-00514,0x4c8bc189,136.88,2172,902351,6592.28,52738.22,52738.22,438.23,144.81,184,690,0.515727,0.433794,0.387,WhatsApp,BENIGN,0,2634,1,0
FLW-0002798,VPN-SES-00514,0x4c8bc189,94.06,2406,390724,4153.99,33231.89,33231.89,177.3,50.87,75,267,0.038119,0.029144,0.457,VoIP,BENIGN,0,2855,0,1
FLW-0002799,VPN-SES-00514,0x4c8bc189,39.53,629,168777,4269.59,34156.74,34156.74,293.08,171.26,40,637,1.194619,1.14475,0.506,WhatsApp,BENIGN,0,727,0,0
FLW-0002800,VPN-SES-00514,0x4c8bc189,131.79,2522,621867,4718.62,37748.96,37748.96,232.91,290.26,40,837,0.631685,0.831165,0.415,WhatsApp,BENIGN,0,2459,0,1
FLW-0002801,VPN-SES-00514,0x4c8bc189,133.46,1119,194228,1455.33,11642.62,11642.62,161.24,199.53,40,484,1.180075,1.228452,0.395,WhatsApp,BENIGN,0,874,0,1
FLW-0002802,VPN-SES-00514,0x4c8bc189,292.21,63102,84159997,288012.04,2304096.29,2304096.29,1404.94,156.91,1086,1500,0.035996,0.032945,0.078,Video_Streaming,BENIGN,0,87522,1,1
FLW-0002803,VPN-SES-00514,0x4c8bc189,27.19,915,174675,6424.24,51393.89,51393.89,178.11,105.52,40,405,0.078115,0.04851,0.688,Attack,BRUTE_FORCE,1,2049,0,4
FLW-0002804,VPN-SES-00515,0xa28a77e5,4.64,43,4271,920.47,7363.79,7363.79,104.32,25.52,67,155,0.690282,0.13909,0.44,ICMP,BENIGN,0,38,0,1
FLW-0002805,VPN-SES-00515,0xa28a77e5,96.52,1835,778711,8067.87,64542.98,64542.98,466.8,284.18,114,993,1.561028,1.951827,0.523,WhatsApp,BENIGN,0,1791,0,1
FLW-0002806,VPN-SES-00515,0xa28a77e5,44.16,871,135906,3077.58,24620.65,24620.65,163.03,42.14,92,229,0.045199,0.020115,0.469,VoIP,BENIGN,0,916,0,0
FLW-0002807,VPN-SES-00516,0x9a661d77,43.11,1231,218780,5074.92,40599.4,40599.4,187.19,104.68,40,383,0.313376,0.170884,0.66,Attack,BRUTE_FORCE,1,2978,0,2
FLW-0002808,VPN-SES-00516,0x9a661d77,26.61,514,135807,5103.61,40828.86,40828.86,242.73,82.08,88,350,0.138968,0.090036,0.64,Attack,BRUTE_FORCE,1,1276,0,1
FLW-0002809,VPN-SES-00516,0x9a661d77,8.1,7885,747267,92255.19,738041.48,738041.48,103.4,37.02,40,162,0.010354,0.005807,0.841,Attack,DOS_FLOOD,1,39521,3,3
FLW-0002810,VPN-SES-00516,0x9a661d77,214.81,4344,1233414,5741.88,45935.07,45935.07,278.17,237.93,40,573,1.940034,1.575467,0.455,WhatsApp,BENIGN,0,3017,0,2
FLW-0002811,VPN-SES-00516,0x9a661d77,43.25,1080,725315,16770.29,134162.31,134162.31,621.81,315.16,145,1209,0.621667,0.493047,0.442,Email_IMAP,BENIGN,0,1191,0,0
FLW-0002812,VPN-SES-00517,0x54bd8fcd,40.78,546,437104,10718.59,85748.7,85748.7,856.55,372.22,51,1389,0.383866,0.303155,0.593,Email_IMAP,BENIGN,0,630,1,0
FLW-0002813,VPN-SES-00517,0x54bd8fcd,215.73,3103,679224,3148.49,25187.93,25187.93,238.07,218.91,40,694,0.874657,1.216602,0.516,WhatsApp,BENIGN,0,3205,0,1
FLW-0002814,VPN-SES-00517,0x54bd8fcd,55.24,1448,1513022,27389.97,219119.77,219119.77,1052.75,272.59,543,1500,0.616679,0.52616,0.42,Email_IMAP,BENIGN,0,1815,0,2
FLW-0002815,VPN-SES-00517,0x54bd8fcd,28.52,687,433833,15211.54,121692.29,121692.29,670.99,414.27,171,1258,0.654374,0.523925,0.666,Email_IMAP,BENIGN,0,861,0,1
FLW-0002816,VPN-SES-00517,0x54bd8fcd,3.6,8,813,225.83,1806.67,1806.67,108.1,17.01,71,141,1.319266,0.401701,0.52,ICMP,BENIGN,0,6,0,1
FLW-0002817,VPN-SES-00518,0x68c68877,78.45,9941,14267500,181867.43,1454939.45,1454939.45,1349.76,207.02,912,1500,0.034486,0.018059,0.746,Attack,DATA_EXFILTRATION,1,35279,0,0
FLW-0002818,VPN-SES-00518,0x68c68877,5.7,7436,988756,173465.96,1387727.72,1387727.72,137.63,49.92,47,214,0.00599,0.001435,0.978,Attack,DOS_FLOOD,1,39638,5,1
FLW-0002819,VPN-SES-00518,0x68c68877,126.3,2915,363774,2880.24,23041.9,23041.9,124.13,32.93,55,193,0.067245,0.028952,0.519,VoIP,BENIGN,0,2601,1,0
FLW-0002820,VPN-SES-00518,0x68c68877,81.27,975,281257,3460.77,27686.18,27686.18,274.82,175.42,40,532,0.571536,0.509761,0.514,WhatsApp,BENIGN,0,1113,0,0
FLW-0002821,VPN-SES-00519,0x726cea12,20.12,4511,371923,18485.24,147881.91,147881.91,83.92,35.02,40,158,0.029027,0.020728,0.758,Attack,PORT_SCAN,1,15196,0,1
FLW-0002822,VPN-SES-00519,0x726cea12,42.62,1356,189872,4455.0,35639.98,35639.98,129.53,55.25,40,206,0.05058,0.029973,0.528,VoIP,BENIGN,0,1611,0,0
FLW-0002823,VPN-SES-00519,0x726cea12,133.38,19708,23318232,174825.55,1398604.41,1398604.41,1281.26,281.58,869,1500,0.039292,0.034895,0.101,Video_Streaming,BENIGN,0,28310,1,2
FLW-0002824,VPN-SES-00519,0x726cea12,26.36,124,13793,523.25,4186.04,4186.04,103.9,22.56,61,136,0.798983,0.229694,0.349,ICMP,BENIGN,0,104,0,0
FLW-0002825,VPN-SES-00519,0x726cea12,124.25,1212,557335,4485.59,35884.75,35884.75,444.54,241.32,118,772,0.684919,0.5634,0.417,WhatsApp,BENIGN,0,890,0,1
FLW-0002826,VPN-SES-00519,0x726cea12,10.38,288,37810,3642.58,29140.66,29140.66,138.2,48.13,55,241,0.10278,0.045692,0.413,VoIP,BENIGN,0,276,0,2
FLW-0002827,VPN-SES-00519,0x726cea12,17.98,459,470343,26159.23,209273.86,209273.86,936.22,668.33,40,1500,0.372518,0.354228,0.6,Email_IMAP,BENIGN,0,558,0,0
FLW-0002828,VPN-SES-00520,0xea3c3beb,33.92,151,15581,459.35,3674.76,3674.76,102.39,27.6,59,136,1.277341,0.354459,0.621,ICMP,BENIGN,0,118,0,0
FLW-0002829,VPN-SES-00520,0xea3c3beb,81.11,3766,3888012,47935.05,383480.41,383480.41,954.39,498.09,189,1500,0.315668,0.362089,0.385,Web_Browsing,BENIGN,0,4481,0,2
FLW-0002830,VPN-SES-00520,0xea3c3beb,30.69,39168,4004374,130478.14,1043825.09,1043825.09,112.82,17.87,75,145,0.004866,0.002846,0.926,Attack,DOS_FLOOD,1,186834,4,2
FLW-0002831,VPN-SES-00520,0xea3c3beb,39.52,848,109784,2777.94,22223.48,22223.48,134.97,47.84,54,236,0.035107,0.016749,0.547,VoIP,BENIGN,0,942,0,1
FLW-0002832,VPN-SES-00521,0x24611ef1,56.47,17872,20356486,360483.19,2883865.56,2883865.56,1263.91,156.69,1039,1498,0.021895,0.014316,0.771,Attack,DATA_EXFILTRATION,1,61722,0,3
FLW-0002833,VPN-SES-00521,0x24611ef1,13.61,17387,1607928,118143.13,945145.04,945145.04,95.1,33.76,45,163,0.006852,0.002875,0.9,Attack,DOS_FLOOD,1,82210,2,1
FLW-0002834,VPN-SES-00521,0x24611ef1,25.42,1760,208270,8193.15,65545.24,65545.24,128.62,69.55,40,276,0.047697,0.024643,0.519,VoIP,BENIGN,0,2316,0,1
FLW-0002835,VPN-SES-00521,0x24611ef1,39.31,424,314249,7994.12,63952.99,63952.99,815.12,390.87,104,1500,0.505544,0.368351,0.538,Email_IMAP,BENIGN,0,323,0,0
FLW-0002836,VPN-SES-00521,0x24611ef1,239.9,442,75883,316.31,2530.49,2530.49,184.53,67.84,51,309,4.040775,1.715561,0.527,Attack,C2_BEACONING,1,490,0,0
FLW-0002837,VPN-SES-00521,0x24611ef1,27.13,613,622881,22959.12,183672.98,183672.98,996.89,462.89,304,1500,0.490727,0.476188,0.594,Email_IMAP,BENIGN,0,754,0,0
FLW-0002838,VPN-SES-00522,0xd1886c58,22.99,5134,674357,29332.62,234660.98,234660.98,140.69,26.31,101,181,0.014651,0.010645,0.79,Attack,PORT_SCAN,1,17946,0,2
FLW-0002839,VPN-SES-00522,0xd1886c58,26.97,37977,5650345,209504.82,1676038.56,1676038.56,155.05,39.29,73,212,0.00693,0.002066,0.94,Attack,DOS_FLOOD,1,150995,1,1
FLW-0002840,VPN-SES-00522,0xd1886c58,88.48,1192,1140410,12888.9,103111.21,103111.21,912.88,368.17,211,1411,0.357723,0.49261,0.396,Web_Browsing,BENIGN,0,1669,0,1
FLW-0002841,VPN-SES-00522,0xd1886c58,75.03,569,154868,2064.08,16512.65,16512.65,294.29,302.13,40,956,1.09034,0.780596,0.393,WhatsApp,BENIGN,0,423,0,0
FLW-0002842,VPN-SES-00522,0xd1886c58,95.24,1853,952778,10003.97,80031.75,80031.75,525.38,282.23,152,1024,0.484783,0.563281,0.335,Web_Browsing,BENIGN,0,1956,0,0
FLW-0002843,VPN-SES-00522,0xd1886c58,24.99,37436,4706635,188340.74,1506725.89,1506725.89,133.68,46.06,40,196,0.006096,0.004646,0.98,Attack,DOS_FLOOD,1,173234,5,2
FLW-0002844,VPN-SES-00522,0xd1886c58,110.7,2743,757824,6845.75,54765.96,54765.96,292.46,271.46,40,843,0.547312,0.766088,0.617,WhatsApp,BENIGN,0,2173,0,0
FLW-0002845,VPN-SES-00523,0x28edc1e6,13.23,374,57477,4344.44,34755.56,34755.56,148.95,49.07,51,227,0.070294,0.024415,0.469,VoIP,BENIGN,0,457,0,2
FLW-0002846,VPN-SES-00523,0x28edc1e6,33.62,1069,638918,19004.1,152032.84,152032.84,548.24,379.7,40,1211,1.049101,1.281965,0.574,Email_IMAP,BENIGN,0,1337,0,0
FLW-0002847,VPN-SES-00523,0x28edc1e6,39.15,170,61116,1561.07,12488.58,12488.58,345.79,281.72,40,737,0.532664,0.381034,0.491,Email_IMAP,BENIGN,0,160,0,1
FLW-0002848,VPN-SES-00524,0xcb853c91,55.42,2839,2022855,36500.45,292003.61,292003.61,745.75,518.98,40,1500,0.581083,0.828934,0.334,Web_Browsing,BENIGN,0,2867,0,0
FLW-0002849,VPN-SES-00524,0xcb853c91,23.3,275,88844,3813.05,30504.38,30504.38,327.89,199.61,40,708,0.710822,0.829518,0.459,WhatsApp,BENIGN,0,294,0,2
FLW-0002850,VPN-SES-00524,0xcb853c91,27.52,823,653670,23752.54,190020.35,190020.35,839.73,442.38,292,1500,1.021402,0.785357,0.498,Email_IMAP,BENIGN,0,661,0,0
FLW-0002851,VPN-SES-00524,0xcb853c91,23.38,326,225129,9629.13,77033.02,77033.02,659.31,654.94,40,1494,0.326646,0.402355,0.285,Web_Browsing,BENIGN,0,427,0,1
FLW-0002852,VPN-SES-00525,0x8e225d5c,64.61,3205,2220588,34369.11,274952.86,274952.86,659.37,447.36,40,1359,0.291273,0.231473,0.11,Web_Browsing,BENIGN,0,3354,0,0
FLW-0002853,VPN-SES-00525,0x8e225d5c,10.69,312,193892,18137.7,145101.59,145101.59,577.5,431.63,40,1500,0.776233,0.6059,0.424,Email_IMAP,BENIGN,0,322,0,2
FLW-0002854,VPN-SES-00525,0x8e225d5c,114.17,3337,555019,4861.34,38890.71,38890.71,151.51,45.38,53,242,0.037923,0.024478,0.312,VoIP,BENIGN,0,3562,0,1
FLW-0002855,VPN-SES-00525,0x8e225d5c,320.09,12710,15978667,49919.29,399354.36,399354.36,1352.15,224.0,959,1500,0.066296,0.059646,0.145,Video_Streaming,BENIGN,0,18147,0,1
FLW-0002856,VPN-SES-00525,0x8e225d5c,27.08,19726,2090001,77178.77,617430.13,617430.13,112.51,14.26,84,132,0.009377,0.003026,0.838,Attack,DOS_FLOOD,1,69322,1,1
FLW-0002857,VPN-SES-00526,0x4ac5524f,7.8,1673,164272,21060.51,168484.1,168484.1,91.78,21.15,66,118,0.021092,0.010425,0.666,Attack,PORT_SCAN,1,3716,0,2
FLW-0002858,VPN-SES-00526,0x4ac5524f,16.09,99,8149,506.46,4051.71,4051.71,90.02,28.19,52,144,0.633553,0.271553,0.436,ICMP,BENIGN,0,76,0,0
FLW-0002859,VPN-SES-00526,0x4ac5524f,6.91,818,67857,9820.12,78560.93,78560.93,88.66,28.69,40,138,0.028215,0.018505,0.799,Attack,PORT_SCAN,1,1832,1,0
FLW-0002860,VPN-SES-00526,0x4ac5524f,30.86,596,508068,16463.64,131709.14,131709.14,827.78,303.84,407,1337,0.560253,0.499824,0.62,Email_IMAP,BENIGN,0,654,0,1
FLW-0002861,VPN-SES-00526,0x4ac5524f,32.07,758,197378,6154.6,49236.79,49236.79,274.78,186.49,40,561,0.806814,0.619181,0.453,WhatsApp,BENIGN,0,856,1,0
FLW-0002862,VPN-SES-00527,0xc0bb79d9,63.13,4289,842445,13344.61,106756.85,106756.85,216.51,82.9,61,390,0.239115,0.140411,0.625,Attack,BRUTE_FORCE,1,10240,0,1
FLW-0002863,VPN-SES-00527,0xc0bb79d9,23.29,1024,964319,41404.85,331238.81,331238.81,889.47,511.06,226,1500,0.731907,0.767234,0.357,Web_Browsing,BENIGN,0,1220,0,2
FLW-0002864,VPN-SES-00527,0xc0bb79d9,27.31,18795,2367490,86689.49,693515.93,693515.93,115.92,26.06,76,169,0.00448,0.00112,0.87,Attack,DOS_FLOOD,1,90449,0,0
FLW-0002865,VPN-SES-00527,0xc0bb79d9,75.51,2299,261042,3457.05,27656.42,27656.42,106.53,25.74,72,156,0.062384,0.040232,0.502,VoIP,BENIGN,0,2921,0,1
FLW-0002866,VPN-SES-00527,0xc0bb79d9,23.72,42978,7383038,311257.93,2490063.41,2490063.41,157.1,52.66,57,260,0.006347,0.004098,0.961,Attack,DOS_FLOOD,1,200474,1,4
FLW-0002867,VPN-SES-00527,0xc0bb79d9,11.2,14,1787,159.55,1276.43,1276.43,118.21,21.25,88,150,0.751022,0.187535,0.613,ICMP,BENIGN,0,19,0,1
FLW-0002868,VPN-SES-00527,0xc0bb79d9,118.47,3900,687459,5802.81,46422.49,46422.49,161.64,35.43,106,212,0.041215,0.022456,0.51,VoIP,BENIGN,0,4078,0,0
FLW-0002869,VPN-SES-00527,0xc0bb79d9,31.79,608,225457,7092.07,56736.58,56736.58,373.84,256.43,40,728,0.662111,0.866534,0.579,WhatsApp,BENIGN,0,641,0,4
FLW-0002870,VPN-SES-00528,0x86935d1f,66.03,1632,1345499,20377.09,163016.69,163016.69,899.58,563.96,90,1500,0.293016,0.304925,0.204,Web_Browsing,BENIGN,0,1929,0,2
FLW-0002871,VPN-SES-00528,0x86935d1f,33.55,158,46691,1391.68,11133.47,11133.47,318.05,195.23,40,616,1.101874,0.994278,0.474,WhatsApp,BENIGN,0,192,0,2
FLW-0002872,VPN-SES-00528,0x86935d1f,37.48,1741,280633,7487.54,59900.32,59900.32,158.89,55.47,40,272,0.098744,0.073944,0.591,VoIP,BENIGN,0,1654,0,0
FLW-0002873,VPN-SES-00528,0x86935d1f,20.9,85,9641,461.29,3690.33,3690.33,107.17,31.69,41,166,0.505511,0.125964,0.37,ICMP,BENIGN,0,54,0,0
FLW-0002874,VPN-SES-00528,0x86935d1f,266.26,29299,40353108,151555.28,1212442.21,1212442.21,1334.58,205.34,1030,1500,0.032968,0.022785,0.103,Video_Streaming,BENIGN,0,41417,0,0
FLW-0002875,VPN-SES-00528,0x86935d1f,260.87,62862,74211637,284477.47,2275819.74,2275819.74,1306.21,217.13,928,1500,0.05263,0.047327,0.111,Video_Streaming,BENIGN,0,91470,2,2
FLW-0002876,VPN-SES-00529,0xb53a43d6,47.1,11325,14727303,312681.59,2501452.74,2501452.74,1212.34,260.53,758,1500,0.053298,0.032576,0.02,Video_Streaming,BENIGN,0,13592,0,0
FLW-0002877,VPN-SES-00529,0xb53a43d6,162.86,38283,45728307,280782.92,2246263.39,2246263.39,1258.84,243.5,809,1500,0.034673,0.022044,0.06,Video_Streaming,BENIGN,0,53262,0,1
FLW-0002878,VPN-SES-00529,0xb53a43d6,12.11,44,4498,371.43,2971.43,2971.43,101.07,19.97,61,127,0.685545,0.414392,0.448,ICMP,BENIGN,0,26,0,2
FLW-0002879,VPN-SES-00530,0xea970edb,19.29,404,273350,14170.55,113364.44,113364.44,734.82,314.34,152,1406,0.536865,0.377767,0.577,Email_IMAP,BENIGN,0,357,0,0
FLW-0002880,VPN-SES-00530,0xea970edb,34.03,533,275828,8105.44,64843.49,64843.49,520.93,276.32,40,1018,0.686555,0.707278,0.342,WhatsApp,BENIGN,0,537,1,0
FLW-0002881,VPN-SES-00530,0xea970edb,28.76,62,8711,302.89,2423.09,2423.09,135.92,29.14,75,194,1.725908,0.755902,0.379,ICMP,BENIGN,0,41,0,0
FLW-0002882,VPN-SES-00530,0xea970edb,25.68,287,231508,9015.11,72120.87,72120.87,880.93,311.61,436,1500,0.388017,0.627913,0.393,Web_Browsing,BENIGN,0,293,0,1
FLW-0002883,VPN-SES-00530,0xea970edb,67.8,4061,3097738,45689.35,365514.81,365514.81,829.41,340.29,135,1396,0.57511,0.455038,0.408,Web_Browsing,BENIGN,0,3789,0,1
FLW-0002884,VPN-SES-00530,0xea970edb,22.62,50,6083,268.92,2151.37,2151.37,115.84,22.65,73,165,2.026972,0.948767,0.571,ICMP,BENIGN,0,37,0,1
FLW-0002885,VPN-SES-00530,0xea970edb,35.33,247,110423,3125.47,25003.79,25003.79,419.74,569.84,40,1500,0.904442,0.553862,0.408,Email_IMAP,BENIGN,0,181,1,0
FLW-0002886,VPN-SES-00531,0x3ca0ed97,14.48,1021,190726,13171.69,105373.48,105373.48,202.76,99.39,40,403,0.124711,0.088818,0.685,Attack,BRUTE_FORCE,1,2186,0,1
FLW-0002887,VPN-SES-00531,0x3ca0ed97,19.9,133,92174,4631.86,37054.87,37054.87,659.87,381.61,171,1496,0.680354,0.499229,0.518,Email_IMAP,BENIGN,0,117,0,1
FLW-0002888,VPN-SES-00531,0x3ca0ed97,18.51,596,106055,5729.61,45836.84,45836.84,163.88,36.77,97,231,0.033974,0.012266,0.633,VoIP,BENIGN,0,803,0,0
FLW-0002889,VPN-SES-00532,0xcaad0da4,56.29,727,511238,9082.22,72657.74,72657.74,668.48,378.69,40,1300,0.662045,0.493503,0.545,Email_IMAP,BENIGN,0,574,0,1
FLW-0002890,VPN-SES-00532,0xcaad0da4,29.69,143,15353,517.11,4136.88,4136.88,99.67,20.81,69,142,0.921669,0.245662,0.478,ICMP,BENIGN,0,74,0,1
FLW-0002891,VPN-SES-00532,0xcaad0da4,29.06,348,196084,6747.56,53980.45,53980.45,557.15,471.74,40,1500,0.768536,0.566854,0.446,Email_IMAP,BENIGN,0,423,0,1
FLW-0002892,VPN-SES-00532,0xcaad0da4,101.23,6823,989320,9772.99,78183.94,78183.94,151.33,41.82,83,224,0.059057,0.052704,0.569,VoIP,BENIGN,0,8632,0,0
FLW-0002893,VPN-SES-00532,0xcaad0da4,28.68,970,103944,3624.27,28994.14,28994.14,115.71,46.09,40,179,0.042489,0.033128,0.431,VoIP,BENIGN,0,1170,0,2
FLW-0002894,VPN-SES-00532,0xcaad0da4,120.16,2927,1314423,10938.94,87511.52,87511.52,435.09,270.59,40,800,0.921832,1.237152,0.398,WhatsApp,BENIGN,0,3148,0,1
FLW-0002895,VPN-SES-00533,0xeaed71e5,21.39,121,11867,554.79,4438.34,4438.34,104.81,36.68,40,153,1.459382,0.542384,0.422,ICMP,BENIGN,0,99,0,1
FLW-0002896,VPN-SES-00533,0xeaed71e5,45.57,750,584383,12823.85,102590.83,102590.83,816.42,325.5,368,1452,0.327052,0.255126,0.335,Email_IMAP,BENIGN,0,703,0,0
FLW-0002897,VPN-SES-00533,0xeaed71e5,17.54,20182,2305901,131465.28,1051722.23,1051722.23,113.97,23.36,65,150,0.007275,0.00517,0.804,Attack,DOS_FLOOD,1,109506,4,2
FLW-0002898,VPN-SES-00534,0xcc23db22,74.23,605,574550,7740.13,61921.06,61921.06,892.74,391.45,334,1500,1.222996,1.609221,0.346,Email_IMAP,BENIGN,0,765,0,1
FLW-0002899,VPN-SES-00534,0xcc23db22,37.84,20824,2503588,66162.47,529299.79,529299.79,121.52,19.73,93,160,0.01261,0.009222,0.893,Attack,DOS_FLOOD,1,71932,3,1
FLW-0002900,VPN-SES-00534,0xcc23db22,204.43,359,30985,151.57,1212.54,1212.54,85.68,81.45,40,253,2.320598,0.983867,0.448,Attack,C2_BEACONING,1,343,0,2
FLW-0002901,VPN-SES-00534,0xcc23db22,10.89,2208,142847,13117.26,104938.11,104938.11,60.0,40.07,40,134,0.031108,0.02999,0.676,Attack,PORT_SCAN,1,4582,2,4
FLW-0002902,VPN-SES-00534,0xcc23db22,8.65,1068,100681,11639.42,93115.38,93115.38,97.03,31.72,51,164,0.016194,0.010432,0.825,Attack,PORT_SCAN,1,2778,2,2
FLW-0002903,VPN-SES-00534,0xcc23db22,21.47,1108,178532,8315.42,66523.33,66523.33,157.86,32.29,101,199,0.07006,0.046315,0.495,VoIP,BENIGN,0,1172,0,0
FLW-0002904,VPN-SES-00534,0xcc23db22,9.5,67,5652,594.95,4759.58,4759.58,92.56,27.62,40,126,0.597111,0.196465,0.398,ICMP,BENIGN,0,40,0,1
FLW-0002905,VPN-SES-00535,0x9776b75f,5.27,51,49547,9401.71,75213.66,75213.66,1034.73,361.53,338,1500,0.945663,0.71875,0.521,Email_IMAP,BENIGN,0,46,0,0
FLW-0002906,VPN-SES-00535,0x9776b75f,25.3,193,18756,741.34,5930.75,5930.75,102.12,26.71,57,149,0.657593,0.212835,0.7,ICMP,BENIGN,0,106,0,1
FLW-0002907,VPN-SES-00535,0x9776b75f,20.29,356,79575,3921.88,31375.06,31375.06,219.46,110.0,40,430,0.16173,0.086441,0.584,Attack,BRUTE_FORCE,1,845,0,4
FLW-0002908,VPN-SES-00535,0x9776b75f,164.46,35855,52288944,317943.23,2543545.86,2543545.86,1344.17,198.72,941,1500,0.024364,0.009799,0.892,Attack,DATA_EXFILTRATION,1,96372,1,3
FLW-0002909,VPN-SES-00535,0x9776b75f,44.98,2524,778321,17303.71,138429.7,138429.7,290.49,38.23,233,344,0.082608,0.047126,0.475,Attack,BRUTE_FORCE,1,6028,0,2
FLW-0002910,VPN-SES-00535,0x9776b75f,65.38,5442,6096617,93248.96,745991.68,745991.68,1181.15,254.21,661,1500,0.081059,0.049471,0.067,Video_Streaming,BENIGN,0,6186,0,2
FLW-0002911,VPN-SES-00536,0x30f985d8,78.13,2563,375179,4801.98,38415.87,38415.87,145.61,46.52,66,218,0.037787,0.028094,0.303,VoIP,BENIGN,0,2513,0,0
FLW-0002912,VPN-SES-00536,0x30f985d8,29.64,840,248951,8399.16,67193.25,67193.25,327.32,471.31,40,1083,0.538261,0.361085,0.549,Email_IMAP,BENIGN,0,974,0,1
FLW-0002913,VPN-SES-00536,0x30f985d8,76.34,2723,393539,5155.08,41240.66,41240.66,137.41,53.83,40,225,0.048498,0.028509,0.468,VoIP,BENIGN,0,2254,1,0
FLW-0002914,VPN-SES-00536,0x30f985d8,106.64,15744,20473841,191990.26,1535922.06,1535922.06,1352.16,289.75,911,1500,0.047289,0.051348,0.081,Video_Streaming,BENIGN,0,17963,0,0
FLW-0002915,VPN-SES-00536,0x30f985d8,54.89,1745,1504120,27402.44,219219.53,219219.53,924.62,541.47,273,1500,0.438669,0.621804,0.144,Web_Browsing,BENIGN,0,2470,0,1
FLW-0002916,VPN-SES-00536,0x30f985d8,59.08,3670,4545059,76930.59,615444.69,615444.69,1320.36,154.34,1134,1500,0.072505,0.04717,0.18,Video_Streaming,BENIGN,0,5496,0,0
FLW-0002917,VPN-SES-00536,0x30f985d8,21.79,33,3460,158.79,1270.31,1270.31,103.3,26.54,70,157,1.191079,0.52201,0.458,ICMP,BENIGN,0,30,0,3
FLW-0002918,VPN-SES-00536,0x30f985d8,56.49,1759,317558,5621.49,44971.92,44971.92,169.14,36.23,96,222,0.067128,0.025331,0.493,VoIP,BENIGN,0,1975,0,0
FLW-0002919,VPN-SES-00537,0x3975cef7,12.27,17242,2818076,229672.05,1837376.37,1837376.37,158.13,43.01,103,236,0.004988,0.001707,0.98,Attack,DOS_FLOOD,1,70475,4,4
FLW-0002920,VPN-SES-00537,0x3975cef7,55.34,1297,121678,2198.74,17589.88,17589.88,102.64,28.62,46,138,0.059642,0.026148,0.497,VoIP,BENIGN,0,1169,0,0
FLW-0002921,VPN-SES-00537,0x3975cef7,18.93,20,1762,93.08,744.64,744.64,90.3,24.11,40,125,1.614684,0.703216,0.471,ICMP,BENIGN,0,10,0,2
FLW-0002922,VPN-SES-00537,0x3975cef7,9.36,118,76544,8177.78,65422.22,65422.22,594.07,543.19,40,1500,0.341843,0.301783,0.241,Web_Browsing,BENIGN,0,170,0,0
FLW-0002923,VPN-SES-00537,0x3975cef7,45.07,1791,596031,13224.56,105796.49,105796.49,322.45,61.83,215,450,0.231604,0.174944,0.731,Attack,BRUTE_FORCE,1,3989,0,3
FLW-0002924,VPN-SES-00537,0x3975cef7,11.19,47,4666,416.98,3335.84,3335.84,94.17,26.09,43,128,1.982633,0.778153,0.511,ICMP,BENIGN,0,33,0,0
FLW-0002925,VPN-SES-00537,0x3975cef7,5.77,67,43876,7604.16,60833.28,60833.28,675.99,455.12,94,1337,0.462501,0.349882,0.79,Email_IMAP,BENIGN,0,66,1,0
FLW-0002926,VPN-SES-00538,0xbd545be9,23.82,788,110880,4654.91,37239.29,37239.29,136.79,40.15,87,205,0.090606,0.083215,0.416,VoIP,BENIGN,0,946,0,1
FLW-0002927,VPN-SES-00538,0xbd545be9,10.88,82,77404,7114.34,56914.71,56914.71,988.67,508.08,40,1500,0.65046,0.952225,0.43,Email_IMAP,BENIGN,0,96,0,1
FLW-0002928,VPN-SES-00538,0xbd545be9,30.3,178,21458,708.18,5665.48,5665.48,119.53,29.09,79,171,0.81131,0.226685,0.406,ICMP,BENIGN,0,104,0,3
FLW-0002929,VPN-SES-00538,0xbd545be9,178.02,535,102401,575.22,4601.78,4601.78,176.39,132.32,40,338,2.619107,1.561505,0.62,Attack,C2_BEACONING,1,744,0,2
FLW-0002930,VPN-SES-00538,0xbd545be9,68.75,892,142399,2071.26,16570.07,16570.07,169.77,198.75,40,410,0.760598,0.744434,0.579,WhatsApp,BENIGN,0,1031,0,0
FLW-0002931,VPN-SES-00539,0x94506864,33.88,5168,7446529,219791.29,1758330.34,1758330.34,1384.19,234.71,886,1500,0.023191,0.01331,0.897,Attack,DATA_EXFILTRATION,1,11715,0,3
FLW-0002932,VPN-SES-00539,0x94506864,288.68,324,60848,210.78,1686.24,1686.24,195.31,77.49,40,353,8.732792,5.7421,0.666,Attack,C2_BEACONING,1,423,0,3
FLW-0002933,VPN-SES-00539,0x94506864,35.34,932,861306,24371.99,194975.89,194975.89,903.17,341.56,287,1399,0.418739,0.334911,0.337,Web_Browsing,BENIGN,0,801,0,1
FLW-0002934,VPN-SES-00539,0x94506864,25.4,820,663247,26112.09,208896.69,208896.69,827.1,556.47,40,1500,0.612019,0.576421,0.408,Web_Browsing,BENIGN,0,1143,0,0
FLW-0002935,VPN-SES-00539,0x94506864,5.61,4584,676767,120635.83,965086.63,965086.63,149.8,46.04,65,208,0.003327,0.001081,0.948,Attack,DOS_FLOOD,1,20381,5,2
FLW-0002936,VPN-SES-00539,0x94506864,177.57,32566,44877642,252732.12,2021856.94,2021856.94,1282.26,156.49,1030,1485,0.060582,0.027732,0.98,Attack,DATA_EXFILTRATION,1,78937,0,2
FLW-0002937,VPN-SES-00540,0x8262c8cb,131.29,2885,379061,2887.2,23097.63,23097.63,142.98,266.55,40,628,1.436814,1.381083,0.501,WhatsApp,BENIGN,0,2784,0,0
FLW-0002938,VPN-SES-00540,0x8262c8cb,165.5,651,48804,294.89,2359.11,2359.11,72.24,193.3,40,314,1.999012,1.367224,0.473,WhatsApp,BENIGN,0,564,0,0
FLW-0002939,VPN-SES-00540,0x8262c8cb,19.71,126,124238,6303.3,50426.38,50426.38,955.54,451.66,168,1500,1.42317,1.482955,0.642,Email_IMAP,BENIGN,0,151,0,0
FLW-0002940,VPN-SES-00540,0x8262c8cb,12.07,664,109469,9069.51,72556.09,72556.09,162.5,42.84,101,251,0.071668,0.03943,0.402,VoIP,BENIGN,0,554,1,0
FLW-0002941,VPN-SES-00540,0x8262c8cb,20.29,415,144598,7126.56,57012.52,57012.52,318.8,144.22,79,504,1.780271,2.319322,0.489,WhatsApp,BENIGN,0,507,0,1
FLW-0002942,VPN-SES-00540,0x8262c8cb,113.44,4151,543054,4787.15,38297.18,38297.18,128.36,65.13,40,224,0.049709,0.024128,0.483,VoIP,BENIGN,0,3316,1,2
FLW-0002943,VPN-SES-00540,0x8262c8cb,80.32,15116,22938539,285589.38,2284715.04,2284715.04,1380.81,174.61,1003,1500,0.027352,0.018122,0.795,Attack,DATA_EXFILTRATION,1,48723,1,3
FLW-0002944,VPN-SES-00541,0xf9f746e7,44.84,902,348079,7762.69,62101.52,62101.52,364.37,484.65,40,1327,0.352613,0.37943,0.254,Web_Browsing,BENIGN,0,1076,0,0
FLW-0002945,VPN-SES-00541,0xf9f746e7,5.97,29,3486,583.92,4671.36,4671.36,114.8,17.93,77,138,1.077707,0.320664,0.432,ICMP,BENIGN,0,17,0,0
FLW-0002946,VPN-SES-00541,0xf9f746e7,118.3,10086,14386675,121611.79,972894.34,972894.34,1429.06,140.78,1162,1500,0.037118,0.022324,0.856,Attack,DATA_EXFILTRATION,1,21983,0,2
FLW-0002947,VPN-SES-00541,0xf9f746e7,21.08,111,10964,520.11,4160.91,4160.91,101.01,15.09,69,131,1.819335,0.413164,0.532,ICMP,BENIGN,0,63,0,1
FLW-0002948,VPN-SES-00541,0xf9f746e7,160.31,1956,886695,5531.13,44249.02,44249.02,449.02,231.48,129,783,1.110832,1.635128,0.513,WhatsApp,BENIGN,0,2164,0,1
FLW-0002949,VPN-SES-00541,0xf9f746e7,214.75,14240,18165451,84588.83,676710.63,676710.63,1301.47,248.18,793,1500,0.047804,0.033306,0.146,Video_Streaming,BENIGN,0,22929,0,1
FLW-0002950,VPN-SES-00541,0xf9f746e7,6.57,24,2506,381.43,3051.45,3051.45,108.23,33.85,42,149,0.79144,0.124242,0.426,ICMP,BENIGN,0,23,0,1
FLW-0002951,VPN-SES-00541,0xf9f746e7,10.8,34,3645,337.5,2700.0,2700.0,102.69,30.79,47,150,1.984729,0.682973,0.502,ICMP,BENIGN,0,27,0,0
FLW-0002952,VPN-SES-00542,0x71cb03f3,265.27,40988,55039686,207485.53,1659884.22,1659884.22,1316.33,253.91,810,1500,0.082058,0.051331,0.078,Video_Streaming,BENIGN,0,53421,0,0
FLW-0002953,VPN-SES-00542,0x71cb03f3,16.04,391,400243,24952.81,199622.44,199622.44,977.34,472.46,388,1500,0.428996,0.346305,0.465,Email_IMAP,BENIGN,0,431,0,1
FLW-0002954,VPN-SES-00542,0x71cb03f3,101.43,7946,10931850,107777.28,862218.28,862218.28,1324.51,148.33,999,1500,0.026294,0.012222,0.783,Attack,DATA_EXFILTRATION,1,25206,0,4
FLW-0002955,VPN-SES-00542,0x71cb03f3,13.68,370,204354,14938.16,119505.26,119505.26,583.77,478.49,40,1500,0.376922,0.364636,0.339,Web_Browsing,BENIGN,0,492,0,1
FLW-0002956,VPN-SES-00542,0x71cb03f3,5.35,12,1462,273.27,2186.17,2186.17,111.48,23.59,72,155,0.860363,0.323489,0.388,ICMP,BENIGN,0,13,0,0
FLW-0002957,VPN-SES-00543,0x1d0d13d3,11.55,75,5027,435.24,3481.9,3481.9,70.0,23.67,40,110,1.164201,0.297604,0.481,ICMP,BENIGN,0,47,0,0
FLW-0002958,VPN-SES-00543,0x1d0d13d3,52.81,1125,947030,17932.78,143462.22,143462.22,893.57,376.93,264,1428,0.674087,0.519599,0.595,Email_IMAP,BENIGN,0,1399,0,0
FLW-0002959,VPN-SES-00543,0x1d0d13d3,95.37,22355,28883103,302853.13,2422825.04,2422825.04,1190.48,144.92,984,1445,0.051376,0.007818,0.874,Attack,DATA_EXFILTRATION,1,56283,0,1
FLW-0002960,VPN-SES-00543,0x1d0d13d3,32.64,311,368678,11295.28,90362.25,90362.25,1162.11,180.81,768,1500,0.838985,0.970166,0.605,Email_IMAP,BENIGN,0,368,0,1
FLW-0002961,VPN-SES-00543,0x1d0d13d3,332.74,824,146513,440.32,3522.58,3522.58,179.93,78.51,40,331,2.974902,1.587725,0.709,Attack,C2_BEACONING,1,917,0,1
FLW-0002962,VPN-SES-00543,0x1d0d13d3,17.5,62,8074,461.37,3690.97,3690.97,118.6,35.51,57,177,1.422987,0.637783,0.525,ICMP,BENIGN,0,52,0,0
FLW-0002963,VPN-SES-00543,0x1d0d13d3,103.96,5579,762297,7332.6,58660.79,58660.79,146.81,38.95,71,219,0.044249,0.027393,0.513,VoIP,BENIGN,0,7498,0,1
FLW-0002964,VPN-SES-00543,0x1d0d13d3,114.32,1005,295095,2581.31,20650.45,20650.45,325.83,311.94,40,753,1.122219,2.030951,0.379,WhatsApp,BENIGN,0,782,0,1
FLW-0002965,VPN-SES-00544,0x3363bd37,65.06,1440,195230,3000.77,24006.15,24006.15,134.03,36.82,72,188,0.035627,0.014332,0.511,VoIP,BENIGN,0,1158,0,2
FLW-0002966,VPN-SES-00544,0x3363bd37,29.08,4488,5709876,196350.62,1570804.95,1570804.95,1373.07,178.02,1009,1500,0.033143,0.023683,0.902,Attack,DATA_EXFILTRATION,1,13423,0,5
FLW-0002967,VPN-SES-00544,0x3363bd37,72.17,2363,321899,4460.29,35682.31,35682.31,148.0,29.93,87,209,0.022492,0.01531,0.483,VoIP,BENIGN,0,2278,1,1
FLW-0002968,VPN-SES-00544,0x3363bd37,40.73,9494,11514626,282706.26,2261650.09,2261650.09,1290.8,92.39,1097,1493,0.024991,0.009722,0.73,Attack,DATA_EXFILTRATION,1,21736,1,1
FLW-0002969,VPN-SES-00544,0x3363bd37,21.89,3344,349850,15982.18,127857.47,127857.47,95.52,20.94,69,127,0.018711,0.012674,0.893,Attack,PORT_SCAN,1,10541,1,4
FLW-0002970,VPN-SES-00544,0x3363bd37,23.8,264,151101,6348.78,50790.25,50790.25,559.01,240.48,205,1080,0.962655,0.612993,0.501,Email_IMAP,BENIGN,0,227,0,0
FLW-0002971,VPN-SES-00544,0x3363bd37,39.29,394,331469,8436.47,67491.78,67491.78,859.42,457.74,40,1457,0.974889,0.846505,0.528,Email_IMAP,BENIGN,0,414,0,2
FLW-0002972,VPN-SES-00545,0xc9e89990,8.55,2909,310816,36352.75,290821.99,290821.99,98.06,21.0,61,143,0.033388,0.034929,0.778,Attack,PORT_SCAN,1,5832,0,1
FLW-0002973,VPN-SES-00545,0xc9e89990,32.84,442,75799,2308.13,18465.04,18465.04,168.86,177.61,40,486,0.67204,0.491053,0.438,WhatsApp,BENIGN,0,503,0,0
FLW-0002974,VPN-SES-00545,0xc9e89990,49.67,417,357838,7204.31,57634.47,57634.47,889.95,396.48,256,1500,0.229516,0.19519,0.53,Email_IMAP,BENIGN,0,422,1,0
FLW-0002975,VPN-SES-00545,0xc9e89990,15.85,50,5341,336.97,2695.77,2695.77,115.44,27.38,68,148,1.127373,0.704582,0.602,ICMP,BENIGN,0,33,0,3
FLW-0002976,VPN-SES-00545,0xc9e89990,16.5,653,502184,30435.39,243483.15,243483.15,737.87,581.05,40,1500,0.554622,0.49804,0.259,Web_Browsing,BENIGN,0,867,0,2
FLW-0002977,VPN-SES-00546,0xa4bea0bd,83.89,788,219920,2621.53,20972.23,20972.23,270.32,242.67,40,704,1.901318,1.733751,0.493,WhatsApp,BENIGN,0,770,0,2
FLW-0002978,VPN-SES-00546,0xa4bea0bd,30.39,435,281912,9276.47,74211.78,74211.78,672.21,324.65,67,1102,0.390507,0.199237,0.458,Email_IMAP,BENIGN,0,552,0,0
FLW-0002979,VPN-SES-00546,0xa4bea0bd,48.57,3390,3579358,73694.83,589558.66,589558.66,1042.85,311.98,608,1500,0.090534,0.04618,0.134,Video_Streaming,BENIGN,0,5350,0,0
FLW-0002980,VPN-SES-00546,0xa4bea0bd,47.31,1571,257730,5447.69,43581.48,43581.48,166.22,22.03,130,211,0.041956,0.021603,0.455,VoIP,BENIGN,0,1580,0,0
FLW-0002981,VPN-SES-00546,0xa4bea0bd,34.65,1101,604203,17437.32,139498.53,139498.53,609.68,510.84,40,1500,0.860599,0.816493,0.563,Email_IMAP,BENIGN,0,1172,0,0
FLW-0002982,VPN-SES-00547,0x7818f77e,247.41,47711,64050560,258884.28,2071074.25,2071074.25,1432.38,269.24,1080,1500,0.038975,0.040368,0.21,Video_Streaming,BENIGN,0,71512,0,0
FLW-0002983,VPN-SES-00547,0x7818f77e,24.54,429,93921,3827.26,30618.09,30618.09,233.31,150.1,40,474,0.219086,0.17989,0.616,Attack,BRUTE_FORCE,1,777,1,2
FLW-0002984,VPN-SES-00547,0x7818f77e,32.88,543,427409,12999.06,103992.46,103992.46,750.71,472.34,72,1500,1.10381,1.330645,0.5,Email_IMAP,BENIGN,0,496,0,0
FLW-0002985,VPN-SES-00547,0x7818f77e,58.05,485,265139,4567.42,36539.4,36539.4,531.48,478.92,40,1135,0.534227,0.425214,0.507,Email_IMAP,BENIGN,0,365,0,2
FLW-0002986,VPN-SES-00547,0x7818f77e,12.55,3359,290268,23128.92,185031.39,185031.39,84.39,29.43,40,125,0.029828,0.021158,0.846,Attack,PORT_SCAN,1,9805,0,3
FLW-0002987,VPN-SES-00547,0x7818f77e,77.64,3182,1735660,22355.23,178841.83,178841.83,579.3,520.83,40,1500,0.395836,0.332376,0.416,Web_Browsing,BENIGN,0,3501,1,0
FLW-0002988,VPN-SES-00547,0x7818f77e,385.12,60304,78418508,203620.97,1628967.76,1628967.76,1257.05,191.18,1018,1500,0.066822,0.044656,0.257,Video_Streaming,BENIGN,0,74322,1,0
FLW-0002989,VPN-SES-00548,0xc6f8dba9,62.27,1253,378587,6079.77,48638.12,48638.12,281.16,248.77,40,704,0.946901,1.078665,0.586,WhatsApp,BENIGN,0,1017,0,3
FLW-0002990,VPN-SES-00548,0xc6f8dba9,16.4,33126,3905883,238163.6,1905308.78,1905308.78,114.38,46.49,40,174,0.00531,0.002162,0.949,Attack,DOS_FLOOD,1,143654,1,0
FLW-0002991,VPN-SES-00548,0xc6f8dba9,33.07,210,72249,2184.73,17477.83,17477.83,344.87,174.06,40,574,1.078683,0.819681,0.479,WhatsApp,BENIGN,0,153,0,0
FLW-0002992,VPN-SES-00548,0xc6f8dba9,47.74,2351,728681,15263.53,122108.25,122108.25,289.0,153.48,40,516,0.236179,0.203892,0.609,Attack,BRUTE_FORCE,1,4039,0,4
FLW-0002993,VPN-SES-00548,0xc6f8dba9,8.87,296,154205,17385.01,139080.05,139080.05,509.16,376.17,40,1158,1.14216,1.392387,0.398,Web_Browsing,BENIGN,0,354,0,0
FLW-0002994,VPN-SES-00548,0xc6f8dba9,75.01,4377,625860,8343.69,66749.5,66749.5,150.9,68.45,49,238,0.044524,0.025611,0.553,VoIP,BENIGN,0,4861,0,1
FLW-0002995,VPN-SES-00548,0xc6f8dba9,5.23,27,3645,696.94,5575.53,5575.53,125.17,28.79,83,187,0.833883,0.270589,0.521,ICMP,BENIGN,0,21,0,0
FLW-0002996,VPN-SES-00549,0xc33ff435,33.69,2374,3084702,91561.35,732490.83,732490.83,1293.29,333.94,701,1500,0.047046,0.026502,0.023,Video_Streaming,BENIGN,0,4091,1,0
FLW-0002997,VPN-SES-00549,0xc33ff435,41.34,250,198216,4794.78,38358.2,38358.2,746.77,319.9,193,1159,0.682014,0.768671,0.524,Email_IMAP,BENIGN,0,204,0,0
FLW-0002998,VPN-SES-00549,0xc33ff435,45.99,2645,716569,15580.97,124647.79,124647.79,259.53,95.27,125,423,0.1311,0.089794,0.487,Attack,BRUTE_FORCE,1,4976,0,2
FLW-0002999,VPN-SES-00549,0xc33ff435,66.48,1939,1716964,25826.77,206614.2,206614.2,853.31,660.85,56,1500,0.455271,0.529921,0.371,Web_Browsing,BENIGN,0,1669,0,1
FLW-0003000,VPN-SES-00549,0xc33ff435,184.43,20618,26935708,146048.41,1168387.27,1168387.27,1274.63,240.55,763,1500,0.031724,0.022592,0.088,Video_Streaming,BENIGN,0,23723,2,1
FLW-0003001,VPN-SES-00549,0xc33ff435,36.0,1133,890459,24734.97,197879.78,197879.78,736.52,548.05,40,1500,0.439379,0.346835,0.508,Email_IMAP,BENIGN,0,905,0,2
FLW-0003002,VPN-SES-00550,0x7193dc3d,97.21,8489,10478018,107787.45,862299.6,862299.6,1327.47,175.78,1006,1500,0.031039,0.01172,0.98,Attack,DATA_EXFILTRATION,1,26049,1,1
FLW-0003003,VPN-SES-00550,0x7193dc3d,201.95,1997,771285,3819.19,30553.5,30553.5,397.94,208.75,70,706,0.869479,0.756892,0.397,WhatsApp,BENIGN,0,1554,0,2
FLW-0003004,VPN-SES-00550,0x7193dc3d,4.41,8,760,172.34,1378.68,1378.68,101.71,30.06,42,158,0.737442,0.196188,0.549,ICMP,BENIGN,0,8,0,0
FLW-0003005,VPN-SES-00550,0x7193dc3d,98.82,440,144079,1457.99,11663.95,11663.95,307.54,266.97,40,754,0.854744,0.804606,0.434,WhatsApp,BENIGN,0,445,0,2
FLW-0003006,VPN-SES-00550,0x7193dc3d,51.08,712,655769,12838.08,102704.62,102704.62,855.37,513.8,221,1500,0.396114,0.479824,0.488,Email_IMAP,BENIGN,0,875,0,2
FLW-0003007,VPN-SES-00550,0x7193dc3d,58.13,835,192020,3303.29,26426.29,26426.29,245.59,109.79,93,451,1.024722,0.99483,0.481,WhatsApp,BENIGN,0,873,0,1
FLW-0003008,VPN-SES-00550,0x7193dc3d,49.97,7435,9286807,185847.65,1486781.19,1486781.19,1188.46,192.6,923,1500,0.048125,0.068658,0.063,Video_Streaming,BENIGN,0,11092,1,1
FLW-0003009,VPN-SES-00551,0x63e11f55,54.76,2061,303019,5533.58,44268.66,44268.66,138.92,49.75,56,229,0.061452,0.058665,0.502,VoIP,BENIGN,0,2318,0,2
FLW-0003010,VPN-SES-00551,0x63e11f55,59.14,2229,2212368,37409.0,299271.96,299271.96,957.88,425.33,428,1500,0.60932,0.708518,0.324,Web_Browsing,BENIGN,0,2837,0,2
FLW-0003011,VPN-SES-00551,0x63e11f55,92.48,1321,427102,4618.32,36946.54,36946.54,315.61,298.87,40,864,0.456277,0.517281,0.385,WhatsApp,BENIGN,0,1534,0,0
FLW-0003012,VPN-SES-00551,0x63e11f55,51.51,185,61644,1196.74,9573.91,9573.91,310.87,227.64,40,712,1.034092,1.202707,0.527,WhatsApp,BENIGN,0,219,0,1
FLW-0003013,VPN-SES-00551,0x63e11f55,26.08,1052,378180,14500.77,116006.13,116006.13,368.62,758.7,40,1500,0.733344,0.71689,0.397,Web_Browsing,BENIGN,0,1471,0,2
FLW-0003014,VPN-SES-00551,0x63e11f55,49.56,1224,299891,6051.07,48408.56,48408.56,261.16,243.95,40,574,0.632787,0.432385,0.445,WhatsApp,BENIGN,0,1095,0,1
FLW-0003015,VPN-SES-00551,0x63e11f55,90.3,3295,2942997,32591.33,260730.63,260730.63,941.06,705.12,40,1500,0.360123,0.328103,0.227,Web_Browsing,BENIGN,0,4320,0,0
FLW-0003016,VPN-SES-00552,0x4139c12d,172.45,187,40410,234.33,1874.63,1874.63,222.33,80.84,46,356,2.518804,0.707155,0.673,Attack,C2_BEACONING,1,275,0,3
FLW-0003017,VPN-SES-00552,0x4139c12d,29.32,1009,344937,11764.56,94116.51,94116.51,326.58,105.03,138,551,0.143331,0.10263,0.591,Attack,BRUTE_FORCE,1,1902,0,1
FLW-0003018,VPN-SES-00552,0x4139c12d,64.61,2278,346395,5361.32,42890.57,42890.57,159.24,44.13,63,226,0.04644,0.021322,0.556,VoIP,BENIGN,0,2082,0,0
FLW-0003019,VPN-SES-00552,0x4139c12d,10.84,5782,844003,77860.06,622880.44,622880.44,139.7,50.05,67,203,0.004986,0.00219,0.87,Attack,DOS_FLOOD,1,29057,1,1
FLW-0003020,VPN-SES-00552,0x4139c12d,228.24,423,69952,306.48,2451.88,2451.88,172.64,78.62,40,281,4.283605,2.189486,0.524,Attack,C2_BEACONING,1,426,0,1
FLW-0003021,VPN-SES-00552,0x4139c12d,60.86,298,124430,2044.53,16356.23,16356.23,387.67,192.15,40,695,1.208626,1.250387,0.481,WhatsApp,BENIGN,0,292,0,1
FLW-0003022,VPN-SES-00552,0x4139c12d,50.94,1309,236779,4648.19,37185.55,37185.55,177.29,50.35,87,266,0.038991,0.021515,0.474,VoIP,BENIGN,0,1402,0,0
FLW-0003023,VPN-SES-00552,0x4139c12d,4.67,1380,110862,23739.19,189913.49,189913.49,79.83,14.89,56,108,0.02087,0.009498,0.732,Attack,PORT_SCAN,1,4176,1,5
FLW-0003024,VPN-SES-00553,0xea0eb3c3,61.69,1183,399568,6477.03,51816.24,51816.24,314.24,464.96,40,1329,0.393534,0.276142,0.712,Email_IMAP,BENIGN,0,850,0,0
FLW-0003025,VPN-SES-00553,0xea0eb3c3,13.26,268,158402,11945.85,95566.82,95566.82,598.48,410.8,40,1170,1.096196,0.969613,0.52,Email_IMAP,BENIGN,0,309,0,0
FLW-0003026,VPN-SES-00553,0xea0eb3c3,133.9,15220,20933908,156339.87,1250718.92,1250718.92,1320.65,175.62,941,1500,0.02778,0.020334,0.942,Attack,DATA_EXFILTRATION,1,58483,1,6
FLW-0003027,VPN-SES-00554,0xfe4401c9,18.95,1635,194509,10264.33,82114.62,82114.62,111.26,27.4,59,148,0.039569,0.031431,0.799,Attack,PORT_SCAN,1,4269,1,4
FLW-0003028,VPN-SES-00554,0xfe4401c9,271.46,55302,55288133,203669.54,1629356.31,1629356.31,1075.77,199.45,800,1327,0.02406,0.012086,0.115,Video_Streaming,BENIGN,0,90844,0,0
FLW-0003029,VPN-SES-00554,0xfe4401c9,79.71,1471,222858,2795.86,22366.88,22366.88,155.01,247.43,40,575,0.931707,0.882302,0.59,WhatsApp,BENIGN,0,1713,0,1
FLW-0003030,VPN-SES-00555,0x72c8570e,102.98,9816,12845953,124742.21,997937.7,997937.7,1327.65,194.94,1037,1500,0.027077,0.013535,0.929,Attack,DATA_EXFILTRATION,1,25596,0,1
FLW-0003031,VPN-SES-00555,0x72c8570e,29.66,1489,811724,27367.63,218941.07,218941.07,565.43,657.18,40,1500,0.350524,0.649307,0.337,Web_Browsing,BENIGN,0,1660,0,2
FLW-0003032,VPN-SES-00555,0x72c8570e,17.02,1151,181399,10657.99,85263.92,85263.92,168.49,42.2,102,239,0.094102,0.077412,0.482,VoIP,BENIGN,0,1134,1,1
FLW-0003033,VPN-SES-00555,0x72c8570e,9.86,69,6579,667.24,5337.93,5337.93,99.23,15.22,68,127,3.38938,2.174819,0.567,ICMP,BENIGN,0,54,0,2
FLW-0003034,VPN-SES-00555,0x72c8570e,292.73,48238,58669217,200420.92,1603367.39,1603367.39,1337.66,289.39,859,1500,0.014126,0.009689,0.02,Video_Streaming,BENIGN,0,51625,0,0
FLW-0003035,VPN-SES-00556,0x23a2dc03,21.52,127,15536,721.93,5775.46,5775.46,126.58,26.7,87,161,0.546597,0.203003,0.427,ICMP,BENIGN,0,83,0,0
FLW-0003036,VPN-SES-00556,0x23a2dc03,87.6,1656,645226,7365.59,58924.75,58924.75,393.64,256.71,40,900,0.87467,1.047631,0.458,WhatsApp,BENIGN,0,1941,0,1
FLW-0003037,VPN-SES-00556,0x23a2dc03,207.41,36844,40958292,197475.01,1579800.09,1579800.09,1080.64,270.54,746,1500,0.08227,0.052144,0.163,Video_Streaming,BENIGN,0,38666,0,0
FLW-0003038,VPN-SES-00556,0x23a2dc03,141.27,7144,8359316,59172.62,473380.96,473380.96,1145.19,263.44,648,1500,0.070407,0.056636,0.02,Video_Streaming,BENIGN,0,10216,0,0
FLW-0003039,VPN-SES-00556,0x23a2dc03,42.92,790,779565,18163.21,145305.68,145305.68,927.82,331.6,373,1367,0.420248,0.36887,0.441,Email_IMAP,BENIGN,0,629,0,1
FLW-0003040,VPN-SES-00556,0x23a2dc03,83.59,331,172845,2067.77,16542.17,16542.17,522.89,286.11,40,988,0.75103,0.657252,0.466,WhatsApp,BENIGN,0,296,0,2
FLW-0003041,VPN-SES-00556,0x23a2dc03,89.84,3950,406398,4523.58,36188.6,36188.6,102.69,32.39,45,162,0.072591,0.064997,0.515,VoIP,BENIGN,0,4172,1,0
FLW-0003042,VPN-SES-00556,0x23a2dc03,7.54,1959,204336,27100.27,216802.12,216802.12,96.38,27.94,44,143,0.008339,0.003984,0.849,Attack,PORT_SCAN,1,4830,1,1
FLW-0003043,VPN-SES-00557,0x41c1b3f3,5.01,257,137878,27520.56,220164.47,220164.47,563.52,453.73,40,1500,0.356918,0.378841,0.442,Web_Browsing,BENIGN,0,309,0,1
FLW-0003044,VPN-SES-00557,0x41c1b3f3,27.19,145,16409,603.49,4827.95,4827.95,104.25,34.28,45,178,2.285289,1.11655,0.289,ICMP,BENIGN,0,114,0,1
FLW-0003045,VPN-SES-00557,0x41c1b3f3,104.58,1556,559144,5346.57,42772.54,42772.54,333.26,210.8,50,638,0.722166,0.684903,0.406,WhatsApp,BENIGN,0,1734,0,2
FLW-0003046,VPN-SES-00557,0x41c1b3f3,79.85,2340,271116,3395.32,27162.53,27162.53,117.54,34.1,58,172,0.049902,0.03642,0.444,VoIP,BENIGN,0,2380,0,1
FLW-0003047,VPN-SES-00557,0x41c1b3f3,23.23,1187,261989,11278.05,90224.37,90224.37,229.76,133.23,40,450,0.243965,0.122989,0.537,Attack,BRUTE_FORCE,1,2457,0,1
FLW-0003048,VPN-SES-00558,0x6c05dcee,8.57,151,134149,15653.33,125226.6,125226.6,869.84,483.2,205,1500,0.425453,0.404704,0.575,Email_IMAP,BENIGN,0,191,0,0
FLW-0003049,VPN-SES-00558,0x6c05dcee,24.91,83,8153,327.3,2618.39,2618.39,91.25,18.77,61,116,1.74257,0.624978,0.402,ICMP,BENIGN,0,66,0,0
FLW-0003050,VPN-SES-00558,0x6c05dcee,166.49,29982,40561923,243629.79,1949038.28,1949038.28,1307.17,180.76,983,1500,0.049278,0.023755,0.164,Video_Streaming,BENIGN,0,42192,0,0
FLW-0003051,VPN-SES-00558,0x6c05dcee,98.71,3049,2791605,28280.87,226246.99,226246.99,836.32,534.74,188,1500,0.92526,1.428466,0.48,Web_Browsing,BENIGN,0,2803,0,0
FLW-0003052,VPN-SES-00558,0x6c05dcee,32.18,985,873041,27129.93,217039.4,217039.4,833.19,478.96,40,1500,0.292079,0.338969,0.431,Email_IMAP,BENIGN,0,929,0,1
FLW-0003053,VPN-SES-00558,0x6c05dcee,317.47,48988,59916660,188731.72,1509853.78,1509853.78,1161.83,274.65,617,1500,0.022168,0.013233,0.103,Video_Streaming,BENIGN,0,85675,0,0
FLW-0003054,VPN-SES-00559,0xa94e4303,95.54,3920,548434,5740.36,45922.88,45922.88,128.1,70.71,40,236,0.064053,0.021915,0.373,VoIP,BENIGN,0,4730,0,2
FLW-0003055,VPN-SES-00559,0xa94e4303,47.87,653,578370,12082.1,96656.78,96656.78,884.68,403.36,143,1500,0.334256,0.308568,0.388,Email_IMAP,BENIGN,0,807,0,0
FLW-0003056,VPN-SES-00559,0xa94e4303,14.37,266,178426,12416.56,99332.5,99332.5,665.09,402.21,60,1498,0.363836,0.267374,0.361,Web_Browsing,BENIGN,0,349,0,1
FLW-0003057,VPN-SES-00559,0xa94e4303,169.39,14159,20603901,121635.88,973087.01,973087.01,1428.49,254.38,1090,1500,0.070997,0.071978,0.182,Video_Streaming,BENIGN,0,22728,0,0
FLW-0003058,VPN-SES-00559,0xa94e4303,107.93,12916,15682553,145303.0,1162424.02,1162424.02,1256.1,201.4,884,1500,0.030551,0.010029,0.818,Attack,DATA_EXFILTRATION,1,42983,1,0
FLW-0003059,VPN-SES-00560,0x2cdbd909,14.08,93,9997,710.01,5680.11,5680.11,100.98,19.14,72,131,1.451602,0.653775,0.495,ICMP,BENIGN,0,59,0,3
FLW-0003060,VPN-SES-00560,0x2cdbd909,2.39,222,21973,9193.72,73549.79,73549.79,98.09,18.0,73,133,0.047885,0.03127,0.705,Attack,PORT_SCAN,1,689,0,6
FLW-0003061,VPN-SES-00560,0x2cdbd909,44.3,22269,3036960,68554.4,548435.21,548435.21,130.77,55.92,51,216,0.006964,0.002309,0.873,Attack,DOS_FLOOD,1,103932,2,4
FLW-0003062,VPN-SES-00560,0x2cdbd909,102.52,1206,241849,2359.04,18872.34,18872.34,195.63,241.91,40,672,2.889396,3.908904,0.499,WhatsApp,BENIGN,0,1421,0,2
FLW-0003063,VPN-SES-00560,0x2cdbd909,12.13,2639,277916,22911.46,183291.67,183291.67,107.45,17.42,70,144,0.053367,0.039057,0.765,Attack,PORT_SCAN,1,6054,2,1
FLW-0003064,VPN-SES-00560,0x2cdbd909,51.44,1008,1001697,19473.11,155784.91,155784.91,940.84,298.75,308,1463,0.581779,0.530897,0.533,Email_IMAP,BENIGN,0,766,0,0
FLW-0003065,VPN-SES-00560,0x2cdbd909,13.61,379,49684,3650.55,29204.41,29204.41,128.45,46.96,40,225,0.061457,0.035008,0.476,VoIP,BENIGN,0,330,0,3
FLW-0003066,VPN-SES-00561,0x5ba408a8,34.3,175,117085,3413.56,27308.45,27308.45,634.76,203.59,241,1050,0.435859,0.334443,0.513,Email_IMAP,BENIGN,0,176,0,1
FLW-0003067,VPN-SES-00561,0x5ba408a8,123.04,2827,631991,5136.47,41091.74,41091.74,219.41,244.81,40,559,1.102435,0.76039,0.33,WhatsApp,BENIGN,0,2191,0,0
FLW-0003068,VPN-SES-00561,0x5ba408a8,82.78,10011,15139725,182891.1,1463128.78,1463128.78,1485.02,216.75,1162,1500,0.027344,0.020899,0.233,Video_Streaming,BENIGN,0,15962,2,0
FLW-0003069,VPN-SES-00561,0x5ba408a8,15.51,304,218497,14087.49,112699.94,112699.94,665.26,419.71,81,1442,0.488704,0.428679,0.517,Email_IMAP,BENIGN,0,223,0,0
FLW-0003070,VPN-SES-00561,0x5ba408a8,5.6,1432,169943,30346.96,242775.71,242775.71,112.35,33.39,44,179,0.0171,0.008876,0.817,Attack,PORT_SCAN,1,4904,1,1
FLW-0003071,VPN-SES-00561,0x5ba408a8,449.05,112,20174,44.93,359.41,359.41,194.71,90.24,48,372,1.4405,0.648291,0.501,Attack,C2_BEACONING,1,156,1,1
FLW-0003072,VPN-SES-00561,0x5ba408a8,59.76,2810,1484408,24839.49,198715.93,198715.93,527.86,602.57,40,1500,1.077748,1.626453,0.473,Web_Browsing,BENIGN,0,2744,0,2
FLW-0003073,VPN-SES-00561,0x5ba408a8,195.46,2036,567047,2901.09,23208.72,23208.72,303.78,230.26,40,689,0.643644,0.650255,0.438,WhatsApp,BENIGN,0,1716,0,0
FLW-0003074,VPN-SES-00562,0xf7270909,81.97,2773,2016337,24598.48,196787.8,196787.8,786.33,413.97,59,1366,0.738695,1.283979,0.367,Web_Browsing,BENIGN,0,3339,0,1
FLW-0003075,VPN-SES-00562,0xf7270909,269.88,14407,17422003,64554.63,516437.02,516437.02,1284.0,331.51,774,1500,0.04513,0.031444,0.179,Video_Streaming,BENIGN,0,19081,0,1
FLW-0003076,VPN-SES-00562,0xf7270909,14.88,385,298048,20030.11,160240.86,160240.86,836.65,374.55,77,1500,0.193553,0.206353,0.378,Web_Browsing,BENIGN,0,548,0,1
FLW-0003077,VPN-SES-00562,0xf7270909,17.47,319,234861,13443.67,107549.4,107549.4,759.4,487.53,40,1500,0.736974,0.702116,0.444,Email_IMAP,BENIGN,0,301,0,0
FLW-0003078,VPN-SES-00562,0xf7270909,25.6,7166,10157027,396758.87,3174070.94,3174070.94,1341.26,235.31,1041,1500,0.042797,0.039125,0.774,Attack,DATA_EXFILTRATION,1,16833,1,2
FLW-0003079,VPN-SES-00562,0xf7270909,90.15,822,311855,3459.29,27674.32,27674.32,403.09,189.14,112,754,0.76833,0.555507,0.449,WhatsApp,BENIGN,0,887,0,0
FLW-0003080,VPN-SES-00563,0x9dd064e3,42.69,1287,824651,19317.19,154537.55,154537.55,604.74,391.42,40,1419,0.945803,0.784038,0.61,Email_IMAP,BENIGN,0,1480,0,2
FLW-0003081,VPN-SES-00563,0x9dd064e3,121.25,1985,355015,2927.96,23423.67,23423.67,193.65,201.67,40,512,0.603605,0.536439,0.402,WhatsApp,BENIGN,0,1639,1,1
FLW-0003082,VPN-SES-00563,0x9dd064e3,7.49,27,13661,1823.9,14591.19,14591.19,521.88,438.07,40,1271,0.622297,1.040649,0.423,Email_IMAP,BENIGN,0,31,0,0
FLW-0003083,VPN-SES-00563,0x9dd064e3,40.68,505,210643,5178.05,41424.39,41424.39,416.28,257.94,40,785,1.767052,1.773022,0.418,WhatsApp,BENIGN,0,363,0,1
FLW-0003084,VPN-SES-00564,0x23d94ad0,13.68,53,5568,407.02,3256.14,3256.14,102.37,27.01,63,140,0.351014,0.093791,0.456,ICMP,BENIGN,0,32,0,0
FLW-0003085,VPN-SES-00564,0x23d94ad0,9.35,242,41863,4477.33,35818.61,35818.61,180.05,311.96,40,572,0.936005,1.306009,0.461,WhatsApp,BENIGN,0,201,0,2
FLW-0003086,VPN-SES-00564,0x23d94ad0,76.34,4285,697213,9133.0,73063.98,73063.98,166.24,49.54,99,249,0.034547,0.016782,0.529,VoIP,BENIGN,0,3732,0,0
FLW-0003087,VPN-SES-00564,0x23d94ad0,229.41,34551,44458097,193793.2,1550345.56,1550345.56,1261.35,258.41,855,1500,0.018295,0.018058,0.049,Video_Streaming,BENIGN,0,48275,1,0
FLW-0003088,VPN-SES-00564,0x23d94ad0,15.9,540,400473,25186.98,201495.85,201495.85,709.02,264.4,128,1246,1.808894,2.066629,0.636,Email_IMAP,BENIGN,0,403,0,0
FLW-0003089,VPN-SES-00564,0x23d94ad0,69.26,283,114727,1656.47,13251.75,13251.75,428.52,204.54,40,747,1.559549,1.691528,0.477,WhatsApp,BENIGN,0,262,0,2
FLW-0003090,VPN-SES-00565,0xcf79dcb6,31.61,428,316282,10005.76,80046.06,80046.06,801.56,316.7,245,1266,0.748274,0.676376,0.48,Email_IMAP,BENIGN,0,530,0,2
FLW-0003091,VPN-SES-00565,0xcf79dcb6,13.97,250,59164,4235.08,33880.6,33880.6,262.66,56.59,161,357,0.197258,0.135573,0.625,Attack,BRUTE_FORCE,1,546,0,2
FLW-0003092,VPN-SES-00565,0xcf79dcb6,55.34,721,370139,6688.45,53507.63,53507.63,512.75,624.62,40,1500,0.885481,0.906129,0.221,Web_Browsing,BENIGN,0,903,0,1
FLW-0003093,VPN-SES-00565,0xcf79dcb6,36.29,1186,354197,9760.18,78081.45,78081.45,297.36,108.82,87,486,0.069619,0.031593,0.72,Attack,BRUTE_FORCE,1,2607,0,3
FLW-0003094,VPN-SES-00566,0xfa8f37c7,42.21,9615,11470441,271747.0,2173976.02,2173976.02,1236.93,176.71,906,1500,0.020994,0.013702,0.043,Video_Streaming,BENIGN,0,13524,0,2
FLW-0003095,VPN-SES-00566,0xfa8f37c7,111.74,3070,432033,3866.41,30931.3,30931.3,145.3,76.91,40,240,0.032842,0.019887,0.427,VoIP,BENIGN,0,3915,0,0
FLW-0003096,VPN-SES-00566,0xfa8f37c7,60.11,2207,333180,5542.84,44342.71,44342.71,153.31,54.64,87,239,0.062629,0.036117,0.572,VoIP,BENIGN,0,2902,0,4
FLW-0003097,VPN-SES-00567,0xc441a695,93.03,25510,35849256,385351.56,3082812.51,3082812.51,1303.69,45.11,1221,1378,0.027198,0.015422,0.931,Attack,DATA_EXFILTRATION,1,97767,0,3
FLW-0003098,VPN-SES-00567,0xc441a695,4.25,43,22128,5206.59,41652.71,41652.71,483.1,410.8,40,1028,0.515446,0.643151,0.389,Web_Browsing,BENIGN,0,43,0,1
FLW-0003099,VPN-SES-00567,0xc441a695,18.35,518,522793,28490.08,227920.65,227920.65,933.35,508.36,40,1500,0.632111,0.508865,0.597,Email_IMAP,BENIGN,0,594,0,2
FLW-0003100,VPN-SES-00567,0xc441a695,38.82,6397,7311595,188346.08,1506768.68,1506768.68,1173.63,222.29,799,1500,0.043452,0.034604,0.158,Video_Streaming,BENIGN,0,6696,0,1
FLW-0003101,VPN-SES-00567,0xc441a695,136.43,29170,40882202,299656.98,2397255.85,2397255.85,1431.05,170.2,1058,1500,0.023172,0.005248,0.81,Attack,DATA_EXFILTRATION,1,78464,1,3
FLW-0003102,VPN-SES-00567,0xc441a695,20.54,322,149558,7281.3,58250.44,58250.44,450.23,259.64,40,979,0.657323,0.60814,0.446,WhatsApp,BENIGN,0,375,0,1
FLW-0003103,VPN-SES-00567,0xc441a695,23.26,190,15475,665.31,5322.44,5322.44,89.34,31.49,40,141,0.500723,0.188327,0.408,ICMP,BENIGN,0,119,0,1
FLW-0003104,VPN-SES-00568,0x276a5eb8,26.7,170,18400,689.14,5513.11,5513.11,103.56,22.63,64,134,2.694097,0.687667,0.414,ICMP,BENIGN,0,94,0,0
FLW-0003105,VPN-SES-00568,0x276a5eb8,79.34,142,27994,352.84,2822.69,2822.69,203.47,75.98,97,305,5.789811,2.453048,0.552,Attack,C2_BEACONING,1,160,0,4
FLW-0003106,VPN-SES-00568,0x276a5eb8,10.08,2512,256219,25418.55,203348.41,203348.41,93.97,29.7,40,142,0.018028,0.01057,0.98,Attack,PORT_SCAN,1,8669,1,0
FLW-0003107,VPN-SES-00568,0x276a5eb8,3.06,24,2476,809.15,6473.2,6473.2,111.69,16.33,86,147,1.012343,0.274515,0.424,ICMP,BENIGN,0,16,0,0
FLW-0003108,VPN-SES-00569,0x51a51d1f,40.77,51713,6187859,151774.81,1214198.48,1214198.48,117.08,38.75,40,186,0.007347,0.003095,0.866,Attack,DOS_FLOOD,1,181910,3,1
FLW-0003109,VPN-SES-00569,0x51a51d1f,45.1,1591,1236891,27425.52,219404.17,219404.17,780.73,336.56,375,1482,1.122812,1.701384,0.521,Email_IMAP,BENIGN,0,1454,1,1
FLW-0003110,VPN-SES-00569,0x51a51d1f,226.26,21637,24191019,106916.91,855335.24,855335.24,1232.16,163.08,932,1490,0.065744,0.056901,0.124,Video_Streaming,BENIGN,0,37407,0,0
FLW-0003111,VPN-SES-00569,0x51a51d1f,66.66,3019,466757,7002.06,56016.44,56016.44,153.9,20.92,114,184,0.043568,0.03764,0.64,VoIP,BENIGN,0,2950,0,3
FLW-0003112,VPN-SES-00569,0x51a51d1f,12.54,25,2254,179.74,1437.96,1437.96,98.31,25.07,53,145,1.670939,0.245948,0.601,ICMP,BENIGN,0,17,0,1
FLW-0003113,VPN-SES-00570,0x8960e810,15.32,45,4299,280.61,2244.91,2244.91,95.69,20.55,57,122,1.606016,0.279188,0.495,ICMP,BENIGN,0,37,0,0
FLW-0003114,VPN-SES-00570,0x8960e810,297.73,259,60289,202.5,1619.96,1619.96,226.6,81.49,103,349,4.106446,2.090865,0.591,Attack,C2_BEACONING,1,250,0,2
FLW-0003115,VPN-SES-00570,0x8960e810,13.5,42,4938,365.78,2926.22,2926.22,114.5,31.47,50,179,2.737239,0.806491,0.451,ICMP,BENIGN,0,36,0,1
FLW-0003116,VPN-SES-00570,0x8960e810,82.63,16449,21825593,264136.43,2113091.42,2113091.42,1243.19,190.48,884,1500,0.02693,0.012802,0.03,Video_Streaming,BENIGN,0,20367,1,1
FLW-0003117,VPN-SES-00570,0x8960e810,46.16,1742,199015,4311.42,34491.33,34491.33,121.64,41.33,40,202,0.045575,0.020535,0.415,VoIP,BENIGN,0,1382,0,0
FLW-0003118,VPN-SES-00571,0x9bb107de,41.24,1489,538814,13065.32,104522.6,104522.6,391.85,95.82,193,521,0.15309,0.102869,0.559,Attack,BRUTE_FORCE,1,3093,0,7
FLW-0003119,VPN-SES-00571,0x9bb107de,28.71,477,144068,5018.04,40144.34,40144.34,292.91,109.32,118,531,0.247961,0.160696,0.683,Attack,BRUTE_FORCE,1,826,0,2
FLW-0003120,VPN-SES-00571,0x9bb107de,8.8,614,134408,15273.64,122189.09,122189.09,218.27,112.47,40,459,0.226191,0.239847,0.587,Attack,BRUTE_FORCE,1,930,0,0
FLW-0003121,VPN-SES-00571,0x9bb107de,4.01,14,1690,421.45,3371.57,3371.57,111.88,22.39,66,141,1.239486,0.396049,0.304,ICMP,BENIGN,0,13,0,0
FLW-0003122,VPN-SES-00571,0x9bb107de,14.69,708,627650,42726.34,341810.76,341810.76,875.19,503.79,264,1500,0.365765,0.348084,0.446,Web_Browsing,BENIGN,0,996,1,1
FLW-0003123,VPN-SES-00571,0x9bb107de,60.45,15271,22749921,376342.78,3010742.23,3010742.23,1379.3,190.14,1132,1500,0.029297,0.016494,0.966,Attack,DATA_EXFILTRATION,1,46651,0,2
FLW-0003124,VPN-SES-00571,0x9bb107de,71.74,2431,1995112,27810.32,222482.52,222482.52,883.33,639.67,40,1500,0.531979,0.728954,0.507,Email_IMAP,BENIGN,0,2215,0,0
FLW-0003125,VPN-SES-00572,0x6315de9a,108.84,2854,1258248,11560.53,92484.23,92484.23,482.53,20.47,455,526,1.699372,1.845993,0.325,WhatsApp,BENIGN,0,3355,0,1
FLW-0003126,VPN-SES-00572,0x6315de9a,4.88,1483,182546,37406.97,299255.74,299255.74,120.61,36.28,75,185,0.022851,0.018793,0.849,Attack,PORT_SCAN,1,5161,0,0
FLW-0003127,VPN-SES-00572,0x6315de9a,127.89,465,157494,1231.48,9851.84,9851.84,337.35,286.44,40,848,1.519877,1.29821,0.377,WhatsApp,BENIGN,0,380,0,1
FLW-0003128,VPN-SES-00573,0xc3e3f68f,5.73,8,674,117.63,941.01,941.01,86.37,23.34,40,116,0.806511,0.183847,0.615,ICMP,BENIGN,0,17,0,1
FLW-0003129,VPN-SES-00573,0xc3e3f68f,12.69,25003,3283539,258750.12,2070000.95,2070000.95,120.78,45.16,51,211,0.006286,0.002349,0.91,Attack,DOS_FLOOD,1,107088,2,0
FLW-0003130,VPN-SES-00573,0xc3e3f68f,30.96,1129,938506,30313.5,242508.01,242508.01,756.18,313.23,244,1334,0.394425,0.30618,0.513,Email_IMAP,BENIGN,0,970,0,0
FLW-0003131,VPN-SES-00573,0xc3e3f68f,358.67,582,118804,331.23,2649.88,2649.88,194.57,94.75,40,384,4.305237,1.114596,0.501,Attack,C2_BEACONING,1,712,0,1
FLW-0003132,VPN-SES-00573,0xc3e3f68f,9.74,200,44489,4567.66,36541.27,36541.27,246.95,89.04,118,434,0.157073,0.097603,0.717,Attack,BRUTE_FORCE,1,347,0,1
FLW-0003133,VPN-SES-00573,0xc3e3f68f,258.29,33243,36551654,141514.01,1132112.09,1132112.09,1183.8,155.69,846,1470,0.026337,0.025231,0.236,Video_Streaming,BENIGN,0,42957,0,0
FLW-0003134,VPN-SES-00573,0xc3e3f68f,18.46,61,6842,370.64,2965.11,2965.11,120.34,27.22,61,163,0.44348,0.221506,0.477,ICMP,BENIGN,0,43,0,0
FLW-0003135,VPN-SES-00573,0xc3e3f68f,25.98,529,460309,17717.82,141742.57,141742.57,914.73,282.88,349,1465,0.397846,0.302171,0.67,Email_IMAP,BENIGN,0,386,0,1
FLW-0003136,VPN-SES-00574,0x1b382c49,10.55,9,750,71.09,568.72,568.72,91.1,19.42,61,115,0.884241,0.234227,0.455,ICMP,BENIGN,0,11,0,0
FLW-0003137,VPN-SES-00574,0x1b382c49,3.22,839,73510,22829.19,182633.54,182633.54,93.63,47.49,40,181,0.027428,0.020331,0.77,Attack,PORT_SCAN,1,2245,2,0
FLW-0003138,VPN-SES-00574,0x1b382c49,23.33,148,12285,526.58,4212.6,4212.6,81.18,19.21,55,110,2.140256,0.876991,0.629,ICMP,BENIGN,0,110,0,0
FLW-0003139,VPN-SES-00574,0x1b382c49,27.06,1831,256583,9482.0,75856.02,75856.02,146.73,43.94,67,237,0.082387,0.049653,0.259,VoIP,BENIGN,0,1595,0,2
FLW-0003140,VPN-SES-00574,0x1b382c49,25.44,2031,541425,21282.43,170259.43,170259.43,256.7,104.57,40,407,0.159094,0.134976,0.516,Attack,BRUTE_FORCE,1,4672,0,1
FLW-0003141,VPN-SES-00574,0x1b382c49,18.43,355,83259,4517.58,36140.64,36140.64,249.33,300.47,40,768,0.656481,0.449254,0.518,WhatsApp,BENIGN,0,259,1,0
FLW-0003142,VPN-SES-00574,0x1b382c49,10.42,289,224594,21554.13,172433.01,172433.01,732.05,497.77,40,1407,0.302606,0.328787,0.327,Web_Browsing,BENIGN,0,290,0,0
FLW-0003143,VPN-SES-00574,0x1b382c49,108.49,7251,1303503,12014.96,96119.68,96119.68,167.29,61.92,40,246,0.039516,0.026572,0.543,VoIP,BENIGN,0,8434,0,0
FLW-0003144,VPN-SES-00575,0x66393a74,106.22,35,7648,72.0,576.01,576.01,211.64,74.17,119,321,8.925942,5.522452,0.534,Attack,C2_BEACONING,1,40,1,3
FLW-0003145,VPN-SES-00575,0x66393a74,50.84,274,228498,4494.45,35955.63,35955.63,880.16,443.48,40,1500,0.371337,0.422117,0.548,Email_IMAP,BENIGN,0,267,0,1
FLW-0003146,VPN-SES-00575,0x66393a74,62.02,14232,22277163,359193.21,2873545.69,2873545.69,1437.19,206.6,983,1500,0.027398,0.009346,0.918,Attack,DATA_EXFILTRATION,1,48600,0,1
FLW-0003147,VPN-SES-00575,0x66393a74,18.52,552,72279,3902.75,31222.03,31222.03,120.89,17.06,92,157,0.064207,0.044036,0.362,VoIP,BENIGN,0,452,0,0
FLW-0003148,VPN-SES-00576,0x8071878c,26.48,1205,293983,11102.08,88816.62,88816.62,248.4,160.71,40,593,0.226777,0.157317,0.421,Attack,BRUTE_FORCE,1,1918,0,1
FLW-0003149,VPN-SES-00576,0x8071878c,30.45,2974,3816997,125352.94,1002823.51,1002823.51,1392.56,217.71,979,1500,0.046339,0.036216,0.25,Video_Streaming,BENIGN,0,4325,1,1
FLW-0003150,VPN-SES-00576,0x8071878c,100.32,5337,6284840,62647.93,501183.41,501183.41,1213.53,199.9,876,1500,0.031289,0.029294,0.024,Video_Streaming,BENIGN,0,5563,0,2
FLW-0003151,VPN-SES-00576,0x8071878c,51.23,1135,327555,6393.81,51150.5,51150.5,282.9,90.69,104,479,0.168773,0.103365,0.571,Attack,BRUTE_FORCE,1,2739,0,2
FLW-0003152,VPN-SES-00576,0x8071878c,211.56,156,28871,136.47,1091.74,1091.74,176.72,40.16,107,253,2.045194,0.917697,0.447,Attack,C2_BEACONING,1,180,0,3
FLW-0003153,VPN-SES-00576,0x8071878c,14.09,575,195614,13883.18,111065.44,111065.44,377.1,519.17,40,1407,0.182332,0.19214,0.32,Web_Browsing,BENIGN,0,586,0,1
FLW-0003154,VPN-SES-00576,0x8071878c,17.22,4601,489550,28429.15,227433.22,227433.22,102.88,36.15,40,159,0.016318,0.00733,0.797,Attack,PORT_SCAN,1,10039,0,6
FLW-0003155,VPN-SES-00576,0x8071878c,97.98,7125,8456981,86313.34,690506.72,690506.72,1262.55,156.64,935,1500,0.033788,0.024494,0.077,Video_Streaming,BENIGN,0,8875,0,0
FLW-0003156,VPN-SES-00577,0x64be6170,114.02,20735,27451838,240763.36,1926106.86,1926106.86,1395.08,224.88,993,1500,0.017969,0.006353,0.934,Attack,DATA_EXFILTRATION,1,63154,0,2
FLW-0003157,VPN-SES-00577,0x64be6170,28.5,1529,314891,11048.81,88390.46,88390.46,207.62,31.83,143,268,0.051341,0.022544,0.53,VoIP,BENIGN,0,1732,0,1
FLW-0003158,VPN-SES-00577,0x64be6170,216.07,592,119112,551.27,4410.13,4410.13,198.16,84.8,43,348,3.560764,1.842792,0.491,Attack,C2_BEACONING,1,848,0,3
FLW-0003159,VPN-SES-00577,0x64be6170,51.07,2774,419735,8218.82,65750.54,65750.54,166.38,49.45,65,232,0.049876,0.019692,0.421,VoIP,BENIGN,0,3454,0,1
FLW-0003160,VPN-SES-00578,0xfc6c6fcc,139.58,21997,25097614,179808.1,1438464.77,1438464.77,1211.5,119.67,1023,1460,0.026576,0.010469,0.933,Attack,DATA_EXFILTRATION,1,68516,0,3
FLW-0003161,VPN-SES-00578,0xfc6c6fcc,292.66,25675,32763501,111950.73,895605.85,895605.85,1245.4,270.21,795,1500,0.056111,0.04654,0.23,Video_Streaming,BENIGN,0,37506,0,1
FLW-0003162,VPN-SES-00578,0xfc6c6fcc,246.28,50528,64586612,262248.71,2097989.67,2097989.67,1320.32,209.46,992,1500,0.03302,0.020175,0.084,Video_Streaming,BENIGN,0,66597,0,1
FLW-0003163,VPN-SES-00579,0x343711ee,36.31,1005,304755,8393.14,67145.14,67145.14,280.53,80.75,167,416,0.139683,0.08918,0.571,Attack,BRUTE_FORCE,1,2075,0,3
FLW-0003164,VPN-SES-00579,0x343711ee,33.52,1573,236660,7060.26,56482.1,56482.1,154.77,45.19,90,253,0.03458,0.028415,0.473,VoIP,BENIGN,0,1753,0,2
FLW-0003165,VPN-SES-00579,0x343711ee,74.28,3277,429041,5776.0,46207.97,46207.97,133.98,34.91,73,193,0.072109,0.019759,0.542,VoIP,BENIGN,0,3843,0,1
FLW-0003166,VPN-SES-00580,0xb9065b41,32.87,176,36893,1122.39,8979.13,8979.13,232.66,206.77,40,536,1.455635,1.226655,0.391,WhatsApp,BENIGN,0,148,0,3
FLW-0003167,VPN-SES-00580,0xb9065b41,27.15,663,565577,20831.57,166652.52,166652.52,800.99,639.02,40,1500,0.71794,0.887177,0.571,Email_IMAP,BENIGN,0,770,0,1
FLW-0003168,VPN-SES-00580,0xb9065b41,154.26,26217,36248949,234986.06,1879888.45,1879888.45,1482.11,188.61,1178,1500,0.031306,0.013134,0.98,Attack,DATA_EXFILTRATION,1,81395,0,2
FLW-0003169,VPN-SES-00580,0xb9065b41,47.61,672,260750,5476.79,43814.32,43814.32,384.16,269.9,40,716,1.263448,1.128072,0.351,WhatsApp,BENIGN,0,467,0,0
FLW-0003170,VPN-SES-00580,0xb9065b41,7.52,39,25407,3378.59,27028.72,27028.72,669.91,422.68,40,1380,0.533689,0.530763,0.462,Email_IMAP,BENIGN,0,48,1,0
FLW-0003171,VPN-SES-00581,0xd5eba017,50.74,1107,617751,12174.83,97398.66,97398.66,617.67,464.47,40,1500,0.803728,0.611281,0.669,Email_IMAP,BENIGN,0,889,0,2
FLW-0003172,VPN-SES-00581,0xd5eba017,58.94,11245,15082834,255901.49,2047211.94,2047211.94,1487.12,213.46,1191,1500,0.052851,0.018208,0.926,Attack,DATA_EXFILTRATION,1,40669,0,2
FLW-0003173,VPN-SES-00581,0xd5eba017,78.77,3876,666238,8458.02,67664.14,67664.14,160.25,46.28,67,246,0.067488,0.039953,0.332,VoIP,BENIGN,0,3555,0,3
FLW-0003174,VPN-SES-00581,0xd5eba017,103.88,35,8693,83.68,669.46,669.46,231.06,68.44,110,338,2.869215,1.655753,0.659,Attack,C2_BEACONING,1,50,0,3
FLW-0003175,VPN-SES-00581,0xd5eba017,19.84,163,159664,8047.58,64380.65,64380.65,965.33,513.14,110,1500,0.34416,0.31777,0.625,Email_IMAP,BENIGN,0,157,0,1
FLW-0003176,VPN-SES-00581,0xd5eba017,66.87,14953,20271191,303143.28,2425146.22,2425146.22,1482.36,203.99,1071,1500,0.031033,0.020087,0.02,Video_Streaming,BENIGN,0,17667,0,2
FLW-0003177,VPN-SES-00581,0xd5eba017,5.09,737,62541,12287.03,98296.27,98296.27,85.82,26.0,40,117,0.012207,0.006097,0.875,Attack,PORT_SCAN,1,2391,0,2
FLW-0003178,VPN-SES-00582,0x575ce39f,246.3,39799,52653171,213776.58,1710212.62,1710212.62,1384.08,193.07,1114,1500,0.042351,0.027454,0.153,Video_Streaming,BENIGN,0,42142,0,2
FLW-0003179,VPN-SES-00582,0x575ce39f,3.39,8,894,263.72,2109.73,2109.73,106.16,16.78,73,132,0.656232,0.190545,0.434,ICMP,BENIGN,0,9,0,1
FLW-0003180,VPN-SES-00582,0x575ce39f,8.65,2034,237753,27485.9,219887.17,219887.17,123.75,40.92,45,207,0.024001,0.01264,0.906,Attack,PORT_SCAN,1,4642,0,2
FLW-0003181,VPN-SES-00582,0x575ce39f,10.66,7586,1019427,95631.05,765048.41,765048.41,132.71,45.81,55,213,0.008149,0.004112,0.98,Attack,DOS_FLOOD,1,29407,5,3
FLW-0003182,VPN-SES-00582,0x575ce39f,182.55,11374,12203224,66848.67,534789.33,534789.33,1082.05,292.64,458,1500,0.030996,0.019603,0.082,Video_Streaming,BENIGN,0,18441,0,0
FLW-0003183,VPN-SES-00582,0x575ce39f,28.73,4481,5372082,186985.1,1495880.82,1495880.82,1176.14,282.7,702,1500,0.051067,0.030307,0.037,Video_Streaming,BENIGN,0,4405,0,0
FLW-0003184,VPN-SES-00582,0x575ce39f,9.27,2630,154867,16706.26,133650.05,133650.05,64.54,38.34,40,146,0.022144,0.014239,0.76,Attack,PORT_SCAN,1,7294,1,1
FLW-0003185,VPN-SES-00583,0x783b81bc,119.83,572,164458,1372.43,10979.42,10979.42,275.79,233.9,40,599,1.399114,1.434021,0.461,WhatsApp,BENIGN,0,680,1,0
FLW-0003186,VPN-SES-00583,0x783b81bc,263.99,42154,54942311,208122.7,1664981.58,1664981.58,1414.11,273.87,851,1500,0.041717,0.026949,0.02,Video_Streaming,BENIGN,0,47369,1,0
FLW-0003187,VPN-SES-00583,0x783b81bc,7.85,134,79661,10147.9,81183.18,81183.18,623.62,405.25,106,1467,1.211688,1.318043,0.578,Email_IMAP,BENIGN,0,144,0,1
FLW-0003188,VPN-SES-00583,0x783b81bc,6.49,21,1697,261.48,2091.83,2091.83,82.02,32.08,40,143,0.954729,0.30785,0.49,ICMP,BENIGN,0,15,0,1
FLW-0003189,VPN-SES-00583,0x783b81bc,133.36,2718,302107,2265.35,18122.8,18122.8,110.18,52.53,40,174,0.038098,0.012447,0.519,VoIP,BENIGN,0,3395,0,2
FLW-0003190,VPN-SES-00583,0x783b81bc,12.53,461,463240,36970.47,295763.77,295763.77,977.51,476.84,258,1500,0.551505,0.312849,0.605,Email_IMAP,BENIGN,0,416,0,1
FLW-0003191,VPN-SES-00584,0x1777cad1,267.21,30007,31334533,117265.57,938124.56,938124.56,1071.33,179.78,720,1383,0.028923,0.016212,0.211,Video_Streaming,BENIGN,0,49690,2,0
FLW-0003192,VPN-SES-00584,0x1777cad1,9.77,1969,219268,22442.99,179543.91,179543.91,113.83,37.3,40,179,0.017041,0.005983,0.764,Attack,PORT_SCAN,1,6001,2,2
FLW-0003193,VPN-SES-00584,0x1777cad1,166.45,3381,1277669,7675.99,61407.94,61407.94,350.56,204.6,86,745,1.619404,2.756807,0.516,WhatsApp,BENIGN,0,3726,0,1
FLW-0003194,VPN-SES-00585,0x85e3a0a3,55.95,13290,16054167,286937.75,2295501.98,2295501.98,1323.97,198.57,973,1500,0.018233,0.011376,0.81,Attack,DATA_EXFILTRATION,1,30128,0,3
FLW-0003195,VPN-SES-00585,0x85e3a0a3,4.22,34,3377,800.24,6401.9,6401.9,102.47,39.9,40,185,0.867158,0.400118,0.408,ICMP,BENIGN,0,24,1,0
FLW-0003196,VPN-SES-00585,0x85e3a0a3,215.9,33718,41824258,193720.51,1549764.08,1549764.08,1255.69,194.68,965,1500,0.032475,0.019613,0.035,Video_Streaming,BENIGN,0,54486,0,2
FLW-0003197,VPN-SES-00585,0x85e3a0a3,24.84,19470,2812072,113207.41,905659.26,905659.26,139.77,37.08,87,213,0.012994,0.007949,0.957,Attack,DOS_FLOOD,1,98594,2,3
FLW-0003198,VPN-SES-00585,0x85e3a0a3,24.88,443,432097,17367.24,138937.94,138937.94,1032.47,534.78,40,1500,0.924666,1.032634,0.559,Email_IMAP,BENIGN,0,528,0,0
FLW-0003199,VPN-SES-00586,0x312552fa,56.92,3063,593318,10423.72,83389.74,83389.74,204.31,103.23,40,400,0.16448,0.18031,0.705,Attack,BRUTE_FORCE,1,7860,0,0
FLW-0003200,VPN-SES-00586,0x312552fa,8.78,50,5455,621.3,4970.39,4970.39,117.71,25.01,82,156,0.91524,0.445223,0.422,ICMP,BENIGN,0,32,0,0
FLW-0003201,VPN-SES-00586,0x312552fa,32.86,45,5042,153.44,1227.51,1227.51,116.87,38.51,42,165,1.367316,0.651377,0.553,ICMP,BENIGN,0,28,0,0
FLW-0003202,VPN-SES-00586,0x312552fa,52.12,823,785811,15076.96,120615.66,120615.66,970.68,400.76,345,1500,0.351832,0.221121,0.468,Email_IMAP,BENIGN,0,808,0,0
FLW-0003203,VPN-SES-00586,0x312552fa,37.33,237,30792,824.86,6598.87,6598.87,141.15,196.18,40,400,0.989,0.652111,0.45,WhatsApp,BENIGN,0,238,0,0
FLW-0003204,VPN-SES-00586,0x312552fa,5.95,36,4228,710.59,5684.71,5684.71,112.53,15.05,93,144,0.784416,0.279349,0.399,ICMP,BENIGN,0,26,0,2
FLW-0003205,VPN-SES-00586,0x312552fa,26.51,831,391512,14768.46,118147.72,118147.72,521.84,411.58,40,1225,0.418558,0.414655,0.374,Web_Browsing,BENIGN,0,1129,0,0
FLW-0003206,VPN-SES-00586,0x312552fa,220.07,56156,63132331,286873.86,2294990.9,2294990.9,1153.83,241.27,847,1500,0.073098,0.058776,0.123,Video_Streaming,BENIGN,0,55013,1,1
FLW-0003207,VPN-SES-00587,0x581faf4b,33.6,6960,7671633,228322.41,1826579.29,1826579.29,1222.68,265.66,643,1500,0.020537,0.016186,0.099,Video_Streaming,BENIGN,0,8660,1,2
FLW-0003208,VPN-SES-00587,0x581faf4b,12.6,57,4658,369.68,2957.46,2957.46,83.37,22.88,40,112,1.115514,0.585386,0.319,ICMP,BENIGN,0,44,0,0
FLW-0003209,VPN-SES-00587,0x581faf4b,10.41,60,5861,563.02,4504.13,4504.13,104.39,24.75,59,139,0.615061,0.240343,0.452,ICMP,BENIGN,0,41,0,2
FLW-0003210,VPN-SES-00588,0xd742bbaf,10.65,23,2754,258.59,2068.73,2068.73,110.69,27.83,70,163,1.797156,0.424931,0.51,ICMP,BENIGN,0,25,0,0
FLW-0003211,VPN-SES-00588,0xd742bbaf,83.94,1167,424368,5055.61,40444.89,40444.89,367.36,244.31,40,809,0.760463,0.614773,0.37,WhatsApp,BENIGN,0,980,0,2
FLW-0003212,VPN-SES-00588,0xd742bbaf,65.36,1276,371404,5682.44,45459.49,45459.49,295.43,218.26,40,651,0.653343,0.524086,0.43,WhatsApp,BENIGN,0,934,0,2
FLW-0003213,VPN-SES-00588,0xd742bbaf,161.66,702,121089,749.04,5992.28,5992.28,189.43,234.72,40,663,1.332686,1.300219,0.459,WhatsApp,BENIGN,0,594,0,1
FLW-0003214,VPN-SES-00588,0xd742bbaf,14.89,332,85971,5773.74,46189.93,46189.93,270.55,81.35,163,413,0.142005,0.105418,0.519,Attack,BRUTE_FORCE,1,801,0,1
FLW-0003215,VPN-SES-00588,0xd742bbaf,56.15,2265,232871,4147.3,33178.41,33178.41,109.78,52.58,40,200,0.051414,0.02254,0.525,VoIP,BENIGN,0,2758,0,1
FLW-0003216,VPN-SES-00588,0xd742bbaf,55.39,776,709023,12800.56,102404.48,102404.48,924.44,371.32,438,1389,0.693949,0.532132,0.549,Email_IMAP,BENIGN,0,676,0,1
FLW-0003217,VPN-SES-00588,0xd742bbaf,12.62,527,191321,15160.14,121281.14,121281.14,370.74,114.42,199,555,0.220529,0.135194,0.595,Attack,BRUTE_FORCE,1,979,0,0
FLW-0003218,VPN-SES-00589,0x3481216b,34.56,1171,242591,7019.42,56155.32,56155.32,223.95,134.61,40,431,0.089931,0.140462,0.53,Attack,BRUTE_FORCE,1,2311,0,4
FLW-0003219,VPN-SES-00589,0x3481216b,15.86,20341,3060843,192991.36,1543930.9,1543930.9,144.83,65.52,40,237,0.006345,0.003838,0.941,Attack,DOS_FLOOD,1,89758,1,3
FLW-0003220,VPN-SES-00589,0x3481216b,20.95,142,15243,727.59,5820.72,5820.72,102.41,29.47,40,146,0.649998,0.185658,0.448,ICMP,BENIGN,0,89,0,1
FLW-0003221,VPN-SES-00589,0x3481216b,231.09,16917,24368746,105451.32,843610.58,843610.58,1465.99,230.22,1095,1500,0.047304,0.045782,0.147,Video_Streaming,BENIGN,0,22362,0,0
FLW-0003222,VPN-SES-00589,0x3481216b,42.03,1042,127761,3039.76,24318.06,24318.06,124.43,39.04,75,202,0.035556,0.018895,0.468,VoIP,BENIGN,0,907,0,1
FLW-0003223,VPN-SES-00590,0x5f171a4e,19.82,115,12143,612.66,4901.31,4901.31,109.29,26.81,64,147,1.297286,0.390233,0.42,ICMP,BENIGN,0,64,1,0
FLW-0003224,VPN-SES-00590,0x5f171a4e,67.74,1162,1190271,17571.17,140569.35,140569.35,1012.53,454.04,89,1500,0.302456,0.391889,0.345,Web_Browsing,BENIGN,0,1346,0,0
FLW-0003225,VPN-SES-00590,0x5f171a4e,38.45,1709,432412,11246.09,89968.69,89968.69,238.26,122.62,64,488,0.152461,0.13667,0.725,Attack,BRUTE_FORCE,1,3568,0,3
FLW-0003226,VPN-SES-00591,0xfa88d27d,22.89,174,16900,738.31,5906.51,5906.51,101.12,31.84,40,164,1.103338,0.4129,0.305,ICMP,BENIGN,0,123,0,1
FLW-0003227,VPN-SES-00591,0xfa88d27d,104.45,307,53333,510.61,4084.86,4084.86,186.2,86.33,40,309,7.185447,3.670895,0.673,Attack,C2_BEACONING,1,390,0,2
FLW-0003228,VPN-SES-00591,0xfa88d27d,4.42,17,1896,428.96,3431.67,3431.67,104.03,14.69,82,128,0.561951,0.185048,0.582,ICMP,BENIGN,0,16,0,0
FLW-0003229,VPN-SES-00591,0xfa88d27d,20.7,68,8082,390.43,3123.48,3123.48,114.42,27.01,70,169,0.477846,0.088419,0.444,ICMP,BENIGN,0,49,0,1
FLW-0003230,VPN-SES-00591,0xfa88d27d,39.67,407,194093,4892.69,39141.52,39141.52,504.08,286.57,40,1033,1.722626,1.798895,0.427,WhatsApp,BENIGN,0,399,1,3
FLW-0003231,VPN-SES-00591,0xfa88d27d,40.6,505,132774,3270.3,26162.36,26162.36,242.67,187.81,40,627,1.20807,1.229644,0.289,WhatsApp,BENIGN,0,580,0,1
FLW-0003232,VPN-SES-00592,0x2c89a238,22.9,771,228624,9983.58,79868.65,79868.65,312.51,98.15,135,501,0.172058,0.092229,0.549,Attack,BRUTE_FORCE,1,1425,0,1
FLW-0003233,VPN-SES-00592,0x2c89a238,10.61,268,45854,4321.77,34574.18,34574.18,172.85,40.96,98,256,0.03567,0.023499,0.528,VoIP,BENIGN,0,291,0,1
FLW-0003234,VPN-SES-00592,0x2c89a238,183.29,13084,17311387,94448.07,755584.57,755584.57,1236.65,176.89,957,1492,0.040402,0.025839,0.204,Video_Streaming,BENIGN,0,21115,0,0
FLW-0003235,VPN-SES-00592,0x2c89a238,370.49,972,200073,540.02,4320.18,4320.18,207.65,106.41,40,386,3.864157,2.056449,0.497,Attack,C2_BEACONING,1,921,0,5
FLW-0003236,VPN-SES-00592,0x2c89a238,11.97,2005,214777,17942.94,143543.53,143543.53,108.91,43.71,40,171,0.026389,0.018847,0.98,Attack,PORT_SCAN,1,6732,0,2
FLW-0003237,VPN-SES-00592,0x2c89a238,82.27,2074,336488,4090.04,32720.36,32720.36,165.11,56.23,68,248,0.019576,0.014801,0.497,VoIP,BENIGN,0,1986,0,0
FLW-0003238,VPN-SES-00592,0x2c89a238,19.16,104,10436,544.68,4357.41,4357.41,95.21,32.4,41,134,1.168084,0.602247,0.663,ICMP,BENIGN,0,84,0,2
FLW-0003239,VPN-SES-00593,0x3a1b41ed,27.19,36886,4846517,178246.3,1425970.43,1425970.43,136.21,40.15,82,214,0.008342,0.004423,0.98,Attack,DOS_FLOOD,1,136994,5,3
FLW-0003240,VPN-SES-00593,0x3a1b41ed,99.16,14999,20075593,202456.57,1619652.52,1619652.52,1397.69,282.5,893,1500,0.021649,0.016896,0.313,Video_Streaming,BENIGN,0,17414,2,3
FLW-0003241,VPN-SES-00593,0x3a1b41ed,61.25,2469,1264661,20647.53,165180.21,165180.21,559.79,457.42,40,1473,0.697345,0.787565,0.382,Web_Browsing,BENIGN,0,2565,0,3
FLW-0003242,VPN-SES-00593,0x3a1b41ed,56.55,4309,6191300,109483.64,875869.14,875869.14,1331.96,171.68,1086,1500,0.086389,0.086723,0.11,Video_Streaming,BENIGN,0,6135,0,0
FLW-0003243,VPN-SES-00593,0x3a1b41ed,47.68,724,286076,5999.92,47999.33,47999.33,369.94,228.18,40,683,0.604988,0.491551,0.443,WhatsApp,BENIGN,0,512,0,0
FLW-0003244,VPN-SES-00593,0x3a1b41ed,35.16,164,109320,3109.22,24873.72,24873.72,697.55,289.18,271,1109,0.677376,0.667456,0.562,Email_IMAP,BENIGN,0,133,0,2
FLW-0003245,VPN-SES-00593,0x3a1b41ed,124.81,2093,608323,4873.99,38991.94,38991.94,304.24,154.76,81,584,1.484343,1.525458,0.569,WhatsApp,BENIGN,0,1663,0,1
FLW-0003246,VPN-SES-00593,0x3a1b41ed,215.26,21629,27993616,130045.6,1040364.81,1040364.81,1392.42,282.65,993,1500,0.04807,0.035538,0.123,Video_Streaming,BENIGN,0,21873,1,0
FLW-0003247,VPN-SES-00594,0x4a04e4d7,145.29,777,345776,2379.9,19039.22,19039.22,443.61,181.82,128,822,1.608622,3.074907,0.321,WhatsApp,BENIGN,0,751,0,0
FLW-0003248,VPN-SES-00594,0x4a04e4d7,251.88,18941,19373385,76915.14,615321.11,615321.11,1116.57,169.46,889,1381,0.03226,0.019676,0.072,Video_Streaming,BENIGN,0,30149,0,0
FLW-0003249,VPN-SES-00594,0x4a04e4d7,10.39,1149,90882,8747.06,69976.52,69976.52,84.16,38.79,40,162,0.026651,0.013723,0.722,Attack,PORT_SCAN,1,3222,0,1
FLW-0003250,VPN-SES-00594,0x4a04e4d7,44.58,10774,15085564,338393.09,2707144.73,2707144.73,1328.74,198.65,1027,1500,0.022134,0.010701,0.808,Attack,DATA_EXFILTRATION,1,31877,0,2
FLW-0003251,VPN-SES-00595,0xbd8264e3,85.03,3160,1360036,15994.78,127958.23,127958.23,411.41,338.78,40,1087,0.769237,1.158004,0.239,Web_Browsing,BENIGN,0,3758,1,2
FLW-0003252,VPN-SES-00595,0xbd8264e3,13.68,226,176337,12890.13,103121.05,103121.05,735.05,562.91,40,1500,0.540398,0.807723,0.215,Web_Browsing,BENIGN,0,226,0,3
FLW-0003253,VPN-SES-00595,0xbd8264e3,324.62,75996,84336937,259802.04,2078416.29,2078416.29,1171.15,144.23,909,1348,0.043377,0.048175,0.103,Video_Streaming,BENIGN,0,89154,0,1
FLW-0003254,VPN-SES-00595,0xbd8264e3,52.81,67454,8475714,160494.49,1283955.92,1283955.92,119.99,47.39,40,214,0.002738,0.001552,0.947,Attack,DOS_FLOOD,1,300473,0,1
FLW-0003255,VPN-SES-00595,0xbd8264e3,21.24,508,256533,12077.82,96622.6,96622.6,503.21,407.51,40,1142,0.338244,0.316389,0.547,Email_IMAP,BENIGN,0,401,0,0
FLW-0003256,VPN-SES-00596,0x689a691e,41.22,702,183367,4448.5,35587.97,35587.97,269.47,170.42,40,601,0.826956,0.943933,0.447,WhatsApp,BENIGN,0,841,0,1
FLW-0003257,VPN-SES-00596,0x689a691e,22.02,601,280848,12754.22,102033.79,102033.79,511.1,341.54,40,1146,0.32953,0.351676,0.482,Web_Browsing,BENIGN,0,806,0,0
FLW-0003258,VPN-SES-00596,0x689a691e,185.49,26603,31803584,171457.14,1371657.08,1371657.08,1243.94,181.28,919,1500,0.028016,0.023273,0.124,Video_Streaming,BENIGN,0,35729,0,3
FLW-0003259,VPN-SES-00596,0x689a691e,46.91,7164,10070875,214685.04,1717480.28,1717480.28,1392.84,237.23,1066,1500,0.017666,0.01081,0.159,Video_Streaming,BENIGN,0,7011,0,1
FLW-0003260,VPN-SES-00596,0x689a691e,30.49,1474,1207380,39599.21,316793.7,316793.7,805.79,424.89,125,1445,0.233129,0.213936,0.345,Web_Browsing,BENIGN,0,1516,1,2
FLW-0003261,VPN-SES-00597,0x56997fc2,4.47,582,50978,11404.47,91235.79,91235.79,86.18,26.84,49,132,0.015227,0.007737,0.798,Attack,PORT_SCAN,1,1174,0,6
FLW-0003262,VPN-SES-00597,0x56997fc2,66.98,2713,424423,6336.56,50692.51,50692.51,161.27,48.14,98,228,0.044258,0.03674,0.533,VoIP,BENIGN,0,2222,0,1
FLW-0003263,VPN-SES-00597,0x56997fc2,55.81,834,790013,14155.4,113243.22,113243.22,883.83,353.1,195,1500,0.78305,0.892821,0.362,Email_IMAP,BENIGN,0,691,0,1
FLW-0003264,VPN-SES-00597,0x56997fc2,33.25,861,129601,3897.77,31182.2,31182.2,163.08,61.13,77,268,0.066967,0.0364,0.593,VoIP,BENIGN,0,726,0,1
FLW-0003265,VPN-SES-00598,0x89e49119,80.63,4022,571474,7087.61,56700.88,56700.88,134.41,51.79,44,243,0.067081,0.047184,0.57,VoIP,BENIGN,0,3178,0,0
FLW-0003266,VPN-SES-00598,0x89e49119,45.68,584,216835,4746.83,37974.61,37974.61,378.51,244.84,40,803,0.819537,1.103084,0.449,WhatsApp,BENIGN,0,465,0,0
FLW-0003267,VPN-SES-00598,0x89e49119,31.89,511,480015,15052.21,120417.69,120417.69,855.65,298.23,217,1247,0.99318,0.706587,0.517,Email_IMAP,BENIGN,0,559,0,0
FLW-0003268,VPN-SES-00598,0x89e49119,30.41,1301,329010,10819.14,86553.11,86553.11,254.35,88.62,70,365,0.178438,0.141516,0.749,Attack,BRUTE_FORCE,1,3038,1,2
FLW-0003269,VPN-SES-00598,0x89e49119,67.06,1544,209175,3119.22,24953.77,24953.77,128.87,34.68,84,179,0.105672,0.05145,0.542,VoIP,BENIGN,0,1573,0,4
FLW-0003270,VPN-SES-00598,0x89e49119,18.34,983,241694,13178.52,105428.14,105428.14,248.93,97.83,90,399,0.083799,0.064955,0.711,Attack,BRUTE_FORCE,1,1575,0,2
FLW-0003271,VPN-SES-00598,0x89e49119,83.7,4179,649543,7760.37,62082.96,62082.96,148.67,55.33,40,252,0.03385,0.022485,0.494,VoIP,BENIGN,0,3764,0,0
FLW-0003272,VPN-SES-00598,0x89e49119,5.79,433,35801,6183.25,49465.98,49465.98,88.32,37.84,40,158,0.062369,0.054794,0.787,Attack,PORT_SCAN,1,1268,1,1
FLW-0003273,VPN-SES-00599,0x43a83451,38.63,175,160814,4162.93,33303.44,33303.44,995.3,616.91,110,1500,0.753943,0.639325,0.609,Email_IMAP,BENIGN,0,214,0,4
FLW-0003274,VPN-SES-00599,0x43a83451,36.32,654,188656,5194.27,41554.19,41554.19,274.96,139.29,80,577,0.76269,0.79818,0.522,WhatsApp,BENIGN,0,699,0,2
FLW-0003275,VPN-SES-00599,0x43a83451,55.32,8868,10984125,198556.13,1588449.02,1588449.02,1336.64,237.2,1023,1500,0.077376,0.070129,0.095,Video_Streaming,BENIGN,0,14886,0,0
FLW-0003276,VPN-SES-00600,0xbcc9874d,27.44,197,21243,774.16,6193.29,6193.29,101.58,19.24,72,126,1.340741,0.333012,0.507,ICMP,BENIGN,0,125,0,0
FLW-0003277,VPN-SES-00600,0xbcc9874d,19.25,862,579808,30119.9,240959.17,240959.17,643.98,634.63,40,1450,0.597575,0.540737,0.354,Web_Browsing,BENIGN,0,780,0,1
FLW-0003278,VPN-SES-00600,0xbcc9874d,52.65,381,191457,3636.41,29091.28,29091.28,463.62,287.01,40,1033,1.082561,0.870625,0.554,WhatsApp,BENIGN,0,284,0,0
FLW-0003279,VPN-SES-00600,0xbcc9874d,21.58,102,12087,560.1,4480.82,4480.82,112.81,24.93,65,157,0.581362,0.105862,0.424,ICMP,BENIGN,0,60,0,1
FLW-0003280,VPN-SES-00600,0xbcc9874d,52.53,3679,4844978,92232.59,737860.73,737860.73,1427.04,174.13,1145,1500,0.038916,0.024741,0.251,Video_Streaming,BENIGN,0,5182,0,0
FLW-0003281,VPN-SES-00600,0xbcc9874d,9.24,927,79218,8573.38,68587.01,68587.01,89.95,29.67,40,154,0.014865,0.01039,0.792,Attack,PORT_SCAN,1,2941,0,2
FLW-0003282,VPN-SES-00600,0xbcc9874d,52.99,470,248589,4691.24,37529.95,37529.95,508.22,90.51,364,645,0.945778,0.792217,0.372,WhatsApp,BENIGN,0,323,0,1
FLW-0003283,VPN-SES-00600,0xbcc9874d,48.52,1495,447410,9221.15,73769.17,73769.17,330.18,346.49,40,966,0.699743,0.678086,0.363,Web_Browsing,BENIGN,0,1749,0,0
FLW-0003284,VPN-SES-00601,0x104e0721,87.36,785,597842,6843.43,54747.44,54747.44,768.07,393.82,241,1408,0.211451,0.415839,0.433,Web_Browsing,BENIGN,0,892,0,1
FLW-0003285,VPN-SES-00601,0x104e0721,201.73,2523,669340,3318.0,26543.99,26543.99,248.87,237.5,40,770,0.523594,0.39596,0.445,WhatsApp,BENIGN,0,2174,0,0
FLW-0003286,VPN-SES-00601,0x104e0721,68.15,622,513606,7536.4,60291.24,60291.24,765.32,578.11,40,1500,0.363052,0.404573,0.318,Web_Browsing,BENIGN,0,642,0,0
FLW-0003287,VPN-SES-00601,0x104e0721,26.03,527,355760,13667.31,109338.46,109338.46,699.71,481.01,40,1500,0.896508,0.843009,0.304,Web_Browsing,BENIGN,0,703,0,1
FLW-0003288,VPN-SES-00601,0x104e0721,178.9,42599,49220176,275126.75,2201014.02,2201014.02,1146.23,202.59,862,1500,0.025563,0.015976,0.7,Attack,DATA_EXFILTRATION,1,113663,0,6
FLW-0003289,VPN-SES-00601,0x104e0721,17.9,310,267197,14927.21,119417.65,119417.65,791.27,291.19,284,1391,0.647959,0.575564,0.511,Email_IMAP,BENIGN,0,275,0,2
FLW-0003290,VPN-SES-00601,0x104e0721,133.43,11450,15981570,119774.94,958199.51,958199.51,1435.05,111.1,1279,1500,0.022973,0.017603,0.905,Attack,DATA_EXFILTRATION,1,39297,1,4
FLW-0003291,VPN-SES-00602,0xc2297aff,10.34,36,2553,246.91,1975.24,1975.24,78.4,23.92,40,111,1.473832,0.741822,0.502,ICMP,BENIGN,0,24,0,2
FLW-0003292,VPN-SES-00602,0xc2297aff,67.83,2694,2082523,30702.09,245616.75,245616.75,720.61,386.33,40,1405,0.210817,0.245162,0.402,Web_Browsing,BENIGN,0,3893,0,0
FLW-0003293,VPN-SES-00602,0xc2297aff,55.96,1699,1059109,18926.18,151409.44,151409.44,636.79,497.82,40,1500,0.508494,0.578935,0.555,Email_IMAP,BENIGN,0,1627,1,0
FLW-0003294,VPN-SES-00602,0xc2297aff,79.56,2504,2194872,27587.63,220701.06,220701.06,846.16,533.56,40,1500,0.380293,0.620814,0.304,Web_Browsing,BENIGN,0,2074,0,1
FLW-0003295,VPN-SES-00603,0x7f438da3,46.21,1040,851176,18419.74,147357.89,147357.89,776.16,367.49,40,1435,0.353985,0.506761,0.469,Web_Browsing,BENIGN,0,1261,1,1
FLW-0003296,VPN-SES-00603,0x7f438da3,15.93,342,200243,12570.18,100561.46,100561.46,534.38,501.2,40,1154,0.495966,0.578958,0.615,Email_IMAP,BENIGN,0,302,0,0
FLW-0003297,VPN-SES-00603,0x7f438da3,36.03,1192,1117420,31013.6,248108.8,248108.8,918.76,480.55,40,1500,0.688488,0.969154,0.396,Web_Browsing,BENIGN,0,1029,0,0
FLW-0003298,VPN-SES-00603,0x7f438da3,58.83,1273,319402,5429.24,43433.89,43433.89,239.48,66.04,98,325,0.114802,0.067517,0.713,Attack,BRUTE_FORCE,1,1833,0,5
FLW-0003299,VPN-SES-00603,0x7f438da3,33.04,242,27500,832.32,6658.6,6658.6,114.97,22.41,72,149,0.6493,0.16174,0.483,ICMP,BENIGN,0,133,0,1
FLW-0003300,VPN-SES-00604,0x3bdcc3d7,37.55,1000,711296,18942.64,151541.09,151541.09,685.24,679.82,40,1500,0.414998,0.424305,0.373,Email_IMAP,BENIGN,0,900,0,2
FLW-0003301,VPN-SES-00604,0x3bdcc3d7,11.14,5473,594563,53371.9,426975.22,426975.22,102.89,39.99,40,164,0.007973,0.004495,0.947,Attack,DOS_FLOOD,1,25813,2,3
FLW-0003302,VPN-SES-00604,0x3bdcc3d7,29.58,169,177318,5994.52,47956.19,47956.19,956.7,452.71,82,1500,0.659283,0.5812,0.531,Email_IMAP,BENIGN,0,213,0,0
FLW-0003303,VPN-SES-00604,0x3bdcc3d7,250.61,310,44966,179.43,1435.41,1435.41,151.9,68.26,40,284,3.482619,1.944995,0.482,Attack,C2_BEACONING,1,287,0,1
FLW-0003304,VPN-SES-00604,0x3bdcc3d7,29.65,373,246182,8302.93,66423.47,66423.47,609.95,345.28,149,1156,1.220535,1.197627,0.521,Email_IMAP,BENIGN,0,454,0,0
FLW-0003305,VPN-SES-00604,0x3bdcc3d7,80.55,917,193986,2408.27,19266.15,19266.15,201.79,251.77,40,576,0.866189,0.852595,0.432,WhatsApp,BENIGN,0,961,0,0
FLW-0003306,VPN-SES-00604,0x3bdcc3d7,33.17,2260,2525350,76133.55,609068.44,609068.44,1238.36,329.73,682,1500,0.049747,0.034814,0.086,Video_Streaming,BENIGN,0,3968,0,0
FLW-0003307,VPN-SES-00605,0x5d40e14f,18.27,950,521575,28548.17,228385.33,228385.33,559.13,362.28,70,1343,0.479313,0.586858,0.339,Web_Browsing,BENIGN,0,1029,0,2
FLW-0003308,VPN-SES-00605,0x5d40e14f,142.3,124,30992,217.79,1742.35,1742.35,257.99,67.16,150,383,3.823776,1.182952,0.361,Attack,C2_BEACONING,1,116,0,4
FLW-0003309,VPN-SES-00605,0x5d40e14f,17.12,30,4204,245.56,1964.49,1964.49,127.5,25.58,79,180,1.564653,0.523851,0.515,ICMP,BENIGN,0,26,0,3
FLW-0003310,VPN-SES-00605,0x5d40e14f,26.98,90,8911,330.28,2642.25,2642.25,91.34,25.69,40,125,0.623682,0.181995,0.609,ICMP,BENIGN,0,51,1,2
FLW-0003311,VPN-SES-00606,0x1097d5f0,52.6,1088,936740,17808.75,142469.96,142469.96,890.71,336.01,407,1437,0.597609,0.575118,0.4,Web_Browsing,BENIGN,0,1290,0,2
FLW-0003312,VPN-SES-00606,0x1097d5f0,5.61,1082,88894,15845.63,126765.06,126765.06,82.21,40.38,40,132,0.024494,0.020285,0.97,Attack,PORT_SCAN,1,3416,1,2
FLW-0003313,VPN-SES-00606,0x1097d5f0,122.01,7865,8135802,66681.44,533451.49,533451.49,1053.78,227.04,645,1500,0.053621,0.04322,0.078,Video_Streaming,BENIGN,0,12570,0,2
FLW-0003314,VPN-SES-00606,0x1097d5f0,232.76,32587,43604487,187336.69,1498693.49,1498693.49,1348.03,300.02,901,1500,0.026125,0.014309,0.055,Video_Streaming,BENIGN,0,52052,0,1
FLW-0003315,VPN-SES-00606,0x1097d5f0,10.65,13377,1744965,163846.48,1310771.83,1310771.83,123.62,48.77,58,200,0.008066,0.004085,0.903,Attack,DOS_FLOOD,1,71698,0,5
FLW-0003316,VPN-SES-00606,0x1097d5f0,136.04,59,18343,134.84,1078.68,1078.68,316.0,88.4,208,462,3.681153,1.663603,0.536,Attack,C2_BEACONING,1,92,0,2
FLW-0003317,VPN-SES-00606,0x1097d5f0,14.55,71,7239,497.53,3980.21,3980.21,100.37,27.72,63,153,1.2098,0.795132,0.476,ICMP,BENIGN,0,46,0,0
FLW-0003318,VPN-SES-00607,0x9122a1db,200.84,23551,23765016,118328.1,946624.82,946624.82,1024.54,425.37,507,1500,0.103957,0.093838,0.114,Video_Streaming,BENIGN,0,28865,1,1
FLW-0003319,VPN-SES-00607,0x9122a1db,20.96,961,208428,9944.08,79552.67,79552.67,198.49,31.88,133,244,0.07331,0.048359,0.535,VoIP,BENIGN,0,975,0,0
FLW-0003320,VPN-SES-00607,0x9122a1db,245.05,237,58896,240.34,1922.74,1922.74,238.59,74.75,104,399,7.251805,3.673497,0.555,Attack,C2_BEACONING,1,334,0,2
FLW-0003321,VPN-SES-00607,0x9122a1db,383.91,38597,48575904,126529.41,1012235.24,1012235.24,1147.38,139.89,945,1354,0.051755,0.03004,0.235,Video_Streaming,BENIGN,0,48666,0,1
FLW-0003322,VPN-SES-00607,0x9122a1db,26.42,799,118172,4472.82,35782.59,35782.59,153.3,46.02,83,230,0.071293,0.054588,0.362,VoIP,BENIGN,0,818,0,2
FLW-0003323,VPN-SES-00608,0xda978dfa,25.45,250,31393,1233.52,9868.13,9868.13,126.17,28.35,85,187,0.402867,0.288508,0.609,ICMP,BENIGN,0,207,0,0
FLW-0003324,VPN-SES-00608,0xda978dfa,10.36,14089,1604638,154887.84,1239102.7,1239102.7,110.17,21.78,80,148,0.005082,0.001505,0.98,Attack,DOS_FLOOD,1,66393,1,2
FLW-0003325,VPN-SES-00608,0xda978dfa,27.5,1480,1978269,71937.05,575496.44,575496.44,1217.86,233.04,824,1500,0.033354,0.031393,0.288,Video_Streaming,BENIGN,0,1529,0,1
FLW-0003326,VPN-SES-00608,0xda978dfa,73.14,828,411932,5632.1,45056.82,45056.82,467.68,296.19,88,1062,0.326793,0.313409,0.578,Email_IMAP,BENIGN,0,684,1,1
FLW-0003327,VPN-SES-00608,0xda978dfa,20.77,1615,1982233,95437.31,763498.51,763498.51,1197.32,283.4,599,1500,0.020693,0.009184,0.205,Video_Streaming,BENIGN,0,2432,0,2
FLW-0003328,VPN-SES-00608,0xda978dfa,16.69,351,156490,9376.27,75010.19,75010.19,456.8,202.07,195,805,0.374009,0.348652,0.264,WhatsApp,BENIGN,0,388,0,0
FLW-0003329,VPN-SES-00609,0xbb9a9585,19.46,780,834841,42900.36,343202.88,343202.88,976.87,443.07,283,1500,0.397335,0.344867,0.308,Web_Browsing,BENIGN,0,972,0,2
FLW-0003330,VPN-SES-00609,0xbb9a9585,20.52,368,125736,6127.49,49019.88,49019.88,331.29,112.09,132,530,0.184016,0.105024,0.678,Attack,BRUTE_FORCE,1,812,0,3
FLW-0003331,VPN-SES-00609,0xbb9a9585,260.21,45758,55404263,212921.34,1703370.75,1703370.75,1219.91,112.14,997,1386,0.075827,0.080029,0.201,Video_Streaming,BENIGN,0,60667,1,0
FLW-0003332,VPN-SES-00609,0xbb9a9585,27.84,81,17177,616.99,4935.92,4935.92,227.86,166.74,40,428,1.498065,2.160166,0.369,WhatsApp,BENIGN,0,98,0,1
FLW-0003333,VPN-SES-00609,0xbb9a9585,27.37,3106,3768277,137679.1,1101432.81,1101432.81,1145.5,226.27,668,1500,0.042522,0.030092,0.146,Video_Streaming,BENIGN,0,4187,1,1
FLW-0003334,VPN-SES-00609,0xbb9a9585,59.73,1474,1266417,21202.36,169618.88,169618.88,825.21,324.2,137,1499,0.671345,0.887813,0.45,Email_IMAP,BENIGN,0,1317,0,0
FLW-0003335,VPN-SES-00609,0xbb9a9585,25.83,1466,195958,7586.45,60691.6,60691.6,131.88,47.79,44,212,0.068409,0.036788,0.374,VoIP,BENIGN,0,1294,0,1
FLW-0003336,VPN-SES-00610,0x39d5039a,104.67,4918,526007,5025.38,40203.08,40203.08,106.09,72.39,40,211,0.075228,0.032497,0.498,VoIP,BENIGN,0,4601,0,0
FLW-0003337,VPN-SES-00610,0x39d5039a,59.12,359,117166,1981.83,15854.67,15854.67,349.39,338.29,40,839,1.364145,1.016997,0.532,WhatsApp,BENIGN,0,328,0,2
FLW-0003338,VPN-SES-00610,0x39d5039a,195.26,24093,33895621,173592.24,1388737.93,1388737.93,1328.4,141.84,1082,1500,0.01782,0.007498,0.837,Attack,DATA_EXFILTRATION,1,93581,0,5
FLW-0003339,VPN-SES-00610,0x39d5039a,86.41,880,342019,3958.1,31664.76,31664.76,405.9,187.29,40,744,1.120982,0.919248,0.536,WhatsApp,BENIGN,0,805,0,0
FLW-0003340,VPN-SES-00610,0x39d5039a,41.72,531,241120,5779.48,46235.86,46235.86,494.42,238.71,143,783,0.776554,0.543537,0.393,WhatsApp,BENIGN,0,591,0,3
FLW-0003341,VPN-SES-00610,0x39d5039a,61.66,2909,1584884,25703.6,205628.8,205628.8,535.12,630.05,40,1500,1.297542,2.423882,0.315,Web_Browsing,BENIGN,0,3664,1,2
FLW-0003342,VPN-SES-00610,0x39d5039a,37.29,2069,722809,19383.45,155067.63,155067.63,329.28,64.51,206,451,0.184809,0.089619,0.517,Attack,BRUTE_FORCE,1,5096,0,3
FLW-0003343,VPN-SES-00611,0xa5be2ff6,27.8,44212,5543720,199414.39,1595315.11,1595315.11,136.88,29.94,94,184,0.006091,0.002916,0.98,Attack,DOS_FLOOD,1,173974,1,2
FLW-0003344,VPN-SES-00611,0xa5be2ff6,9.03,3934,522283,57838.65,462709.19,462709.19,147.27,24.68,93,188,0.009383,0.003701,0.98,Attack,DOS_FLOOD,1,12869,1,0
FLW-0003345,VPN-SES-00611,0xa5be2ff6,70.81,4666,700944,9898.94,79191.53,79191.53,154.47,23.31,115,185,0.034926,0.0221,0.425,VoIP,BENIGN,0,4479,0,0
FLW-0003346,VPN-SES-00611,0xa5be2ff6,48.54,1879,294678,6070.83,48566.63,48566.63,171.28,78.34,40,277,0.117589,0.116755,0.63,Attack,BRUTE_FORCE,1,3660,0,4
FLW-0003347,VPN-SES-00611,0xa5be2ff6,19.84,135,14134,712.4,5699.19,5699.19,108.98,28.88,57,172,1.061719,0.222254,0.573,ICMP,BENIGN,0,113,0,1
FLW-0003348,VPN-SES-00611,0xa5be2ff6,42.03,1029,144450,3436.83,27494.65,27494.65,140.59,31.57,85,197,0.077106,0.04198,0.486,VoIP,BENIGN,0,1006,0,0
FLW-0003349,VPN-SES-00612,0xe30a835d,15.0,333,232128,15475.2,123801.6,123801.6,640.5,426.24,40,1480,0.48555,0.432526,0.346,Web_Browsing,BENIGN,0,449,0,2
FLW-0003350,VPN-SES-00612,0xe30a835d,72.62,2407,454827,6263.11,50104.87,50104.87,172.63,41.36,102,230,0.049986,0.02616,0.332,VoIP,BENIGN,0,2767,0,2
FLW-0003351,VPN-SES-00612,0xe30a835d,389.73,575,120895,310.2,2481.62,2481.62,195.9,115.19,40,436,4.239134,2.674478,0.562,Attack,C2_BEACONING,1,541,0,2
FLW-0003352,VPN-SES-00612,0xe30a835d,87.68,10059,13370797,152495.4,1219963.23,1219963.23,1222.67,247.88,862,1500,0.026023,0.019205,0.911,Attack,DATA_EXFILTRATION,1,32405,2,1
FLW-0003353,VPN-SES-00612,0xe30a835d,21.52,237,160709,7467.89,59743.12,59743.12,742.45,429.12,40,1456,0.477811,0.464199,0.284,Web_Browsing,BENIGN,0,288,0,0
FLW-0003354,VPN-SES-00612,0xe30a835d,44.55,1516,381250,8557.8,68462.4,68462.4,257.6,93.05,134,424,0.223541,0.182664,0.661,Attack,BRUTE_FORCE,1,2987,0,2
FLW-0003355,VPN-SES-00612,0xe30a835d,198.66,1620,375754,1891.44,15131.54,15131.54,249.24,99.47,54,455,0.54423,0.313583,0.367,WhatsApp,BENIGN,0,1653,0,0
FLW-0003356,VPN-SES-00613,0x41ff18f9,33.94,600,494558,14571.54,116572.3,116572.3,876.93,474.65,163,1491,0.764911,0.682745,0.347,Email_IMAP,BENIGN,0,491,0,1
FLW-0003357,VPN-SES-00613,0x41ff18f9,42.16,895,141491,3356.05,26848.39,26848.39,162.99,59.77,64,280,0.057173,0.03643,0.496,VoIP,BENIGN,0,942,0,1
FLW-0003358,VPN-SES-00613,0x41ff18f9,28.17,1129,241101,8558.79,68470.29,68470.29,210.31,133.31,48,446,0.12559,0.08445,0.595,Attack,BRUTE_FORCE,1,2512,0,1
FLW-0003359,VPN-SES-00613,0x41ff18f9,10.0,519,465856,46585.6,372684.8,372684.8,914.46,368.71,380,1367,0.234949,0.273587,0.367,Web_Browsing,BENIGN,0,598,0,0
FLW-0003360,VPN-SES-00613,0x41ff18f9,12.6,29,3439,272.94,2183.49,2183.49,130.6,24.18,93,167,0.860799,0.387032,0.472,ICMP,BENIGN,0,21,0,1
FLW-0003361,VPN-SES-00614,0xc3b5ab5c,74.99,609,99524,1327.16,10617.31,10617.31,180.9,261.94,40,668,1.109815,0.94009,0.356,WhatsApp,BENIGN,0,622,0,0
FLW-0003362,VPN-SES-00614,0xc3b5ab5c,14.46,271,251982,17426.14,139409.13,139409.13,962.75,349.64,414,1500,0.932992,0.858559,0.52,Email_IMAP,BENIGN,0,250,0,1
FLW-0003363,VPN-SES-00614,0xc3b5ab5c,44.79,570,552360,12332.22,98657.74,98657.74,913.6,435.19,215,1500,0.544392,0.716641,0.439,Web_Browsing,BENIGN,0,842,0,0
FLW-0003364,VPN-SES-00614,0xc3b5ab5c,90.78,3265,483182,5322.56,42580.48,42580.48,137.09,40.88,59,186,0.031973,0.018048,0.434,VoIP,BENIGN,0,2669,0,1
FLW-0003365,VPN-SES-00614,0xc3b5ab5c,239.74,19568,26234773,109430.1,875440.83,875440.83,1368.24,275.14,1026,1500,0.040207,0.02521,0.232,Video_Streaming,BENIGN,0,24821,0,1
FLW-0003366,VPN-SES-00614,0xc3b5ab5c,45.04,255,113745,2525.42,20203.37,20203.37,405.68,132.44,201,665,0.622988,0.710758,0.487,WhatsApp,BENIGN,0,196,0,1
FLW-0003367,VPN-SES-00615,0x6157cf3e,27.7,56,6195,223.65,1789.17,1789.17,113.54,17.03,84,141,0.823166,0.120455,0.574,ICMP,BENIGN,0,36,0,1
FLW-0003368,VPN-SES-00615,0x6157cf3e,40.74,1020,137265,3369.29,26954.34,26954.34,142.94,72.14,40,250,0.054875,0.036948,0.467,VoIP,BENIGN,0,821,0,0
FLW-0003369,VPN-SES-00615,0x6157cf3e,23.03,100,11471,498.09,3984.72,3984.72,111.72,12.05,89,137,1.253211,0.391801,0.489,ICMP,BENIGN,0,61,0,0
FLW-0003370,VPN-SES-00615,0x6157cf3e,6.54,1064,116792,17858.1,142864.83,142864.83,106.96,26.47,70,141,0.024728,0.01938,0.792,Attack,PORT_SCAN,1,2703,1,2
FLW-0003371,VPN-SES-00615,0x6157cf3e,34.13,1145,204957,6005.19,48041.49,48041.49,189.7,49.39,101,284,0.043866,0.025929,0.378,VoIP,BENIGN,0,995,0,1
FLW-0003372,VPN-SES-00615,0x6157cf3e,25.29,35,4404,174.14,1393.12,1393.12,120.59,26.24,86,170,1.15421,0.222469,0.565,ICMP,BENIGN,0,22,0,1
FLW-0003373,VPN-SES-00615,0x6157cf3e,208.71,13233,16384429,78503.33,628026.6,628026.6,1141.08,303.28,497,1500,0.035951,0.027851,0.118,Video_Streaming,BENIGN,0,13143,0,1
FLW-0003374,VPN-SES-00616,0xe42e937c,166.23,1506,588224,3538.62,28308.92,28308.92,392.28,239.04,40,845,1.552725,2.344051,0.362,WhatsApp,BENIGN,0,1260,0,0
FLW-0003375,VPN-SES-00616,0xe42e937c,36.03,4978,6969667,193440.66,1547525.28,1547525.28,1367.9,226.74,1038,1500,0.014419,0.007409,0.971,Attack,DATA_EXFILTRATION,1,16088,0,1
FLW-0003376,VPN-SES-00616,0xe42e937c,44.77,2293,358625,8010.39,64083.09,64083.09,147.88,20.53,107,182,0.047181,0.02766,0.493,VoIP,BENIGN,0,2235,1,0
FLW-0003377,VPN-SES-00616,0xe42e937c,3.45,26,3136,908.99,7271.88,7271.88,126.08,19.55,89,153,1.141156,0.441468,0.341,ICMP,BENIGN,0,14,0,1
FLW-0003378,VPN-SES-00616,0xe42e937c,184.54,30831,37352660,202409.56,1619276.47,1619276.47,1304.65,196.98,904,1500,0.03476,0.01216,0.841,Attack,DATA_EXFILTRATION,1,96115,0,4
FLW-0003379,VPN-SES-00616,0xe42e937c,52.52,467,101358,1929.89,15439.15,15439.15,223.29,153.41,40,443,0.931668,0.982152,0.51,WhatsApp,BENIGN,0,326,0,1
FLW-0003380,VPN-SES-00616,0xe42e937c,31.85,154,19597,615.29,4922.32,4922.32,127.78,27.51,74,179,1.120487,0.371268,0.47,ICMP,BENIGN,0,112,0,2
FLW-0003381,VPN-SES-00617,0x582202f9,25.63,22034,3633769,141777.96,1134223.64,1134223.64,157.05,52.1,58,256,0.007276,0.003596,0.781,Attack,DOS_FLOOD,1,96145,0,1
FLW-0003382,VPN-SES-00617,0x582202f9,5.64,485,45499,8067.2,64537.59,64537.59,94.35,12.7,76,121,0.093622,0.063667,0.84,Attack,PORT_SCAN,1,1144,0,0
FLW-0003383,VPN-SES-00617,0x582202f9,50.71,2272,423207,8345.63,66765.06,66765.06,186.43,21.81,152,217,0.055693,0.023556,0.464,VoIP,BENIGN,0,2991,0,2
FLW-0003384,VPN-SES-00617,0x582202f9,36.1,1614,234600,6498.61,51988.92,51988.92,142.0,61.37,40,222,0.063048,0.038385,0.595,VoIP,BENIGN,0,2140,0,2
FLW-0003385,VPN-SES-00618,0x92d621dd,17.93,436,205938,11485.67,91885.33,91885.33,459.28,498.64,40,1315,0.651411,0.617276,0.237,Email_IMAP,BENIGN,0,434,2,1
FLW-0003386,VPN-SES-00618,0x92d621dd,24.69,19314,2332324,94464.32,755714.54,755714.54,119.79,42.08,65,176,0.008608,0.002783,0.916,Attack,DOS_FLOOD,1,101898,3,0
FLW-0003387,VPN-SES-00618,0x92d621dd,13.9,780,125054,8996.69,71973.53,71973.53,169.35,51.74,74,240,0.055933,0.018092,0.365,VoIP,BENIGN,0,685,0,0
FLW-0003388,VPN-SES-00618,0x92d621dd,91.75,3171,439395,4789.05,38312.37,38312.37,143.01,36.9,87,222,0.063166,0.02894,0.569,VoIP,BENIGN,0,3832,0,0
FLW-0003389,VPN-SES-00618,0x92d621dd,13.72,788,115757,8437.1,67496.79,67496.79,139.43,56.02,70,223,0.054073,0.031729,0.638,VoIP,BENIGN,0,833,0,0
FLW-0003390,VPN-SES-00618,0x92d621dd,25.15,558,544217,21638.85,173110.78,173110.78,1032.72,321.71,633,1500,1.104025,1.02103,0.479,Email_IMAP,BENIGN,0,505,0,0
FLW-0003391,VPN-SES-00618,0x92d621dd,2.68,629,59208,22092.54,176740.3,176740.3,99.16,30.6,40,149,0.021403,0.01713,0.756,Attack,PORT_SCAN,1,1983,1,5
FLW-0003392,VPN-SES-00619,0x639e832e,13.43,284,252772,18821.44,150571.56,150571.56,917.66,325.19,370,1500,0.973207,1.000405,0.568,Email_IMAP,BENIGN,0,228,0,0
FLW-0003393,VPN-SES-00619,0x639e832e,13.72,510,67436,4915.16,39321.28,39321.28,121.4,62.85,42,237,0.029388,0.015462,0.517,VoIP,BENIGN,0,657,0,1
FLW-0003394,VPN-SES-00619,0x639e832e,175.46,24927,27780426,158329.11,1266632.9,1266632.9,1192.13,275.01,828,1500,0.033406,0.027588,0.103,Video_Streaming,BENIGN,0,26724,0,0
FLW-0003395,VPN-SES-00619,0x639e832e,65.24,10558,12066844,184960.82,1479686.57,1479686.57,1180.05,244.37,809,1500,0.023885,0.018254,0.174,Video_Streaming,BENIGN,0,14395,0,0
FLW-0003396,VPN-SES-00620,0xf3b89773,4.47,18,2293,512.98,4103.8,4103.8,120.61,24.03,74,154,1.164447,0.276836,0.553,ICMP,BENIGN,0,19,0,3
FLW-0003397,VPN-SES-00620,0xf3b89773,28.32,414,63747,2250.95,18007.63,18007.63,160.25,201.98,40,459,1.261323,1.725485,0.415,WhatsApp,BENIGN,0,458,0,0
FLW-0003398,VPN-SES-00620,0xf3b89773,66.05,14321,15400608,233165.9,1865327.24,1865327.24,1189.54,220.96,728,1500,0.040321,0.020358,0.925,Attack,DATA_EXFILTRATION,1,46360,1,3
FLW-0003399,VPN-SES-00621,0x1035c555,40.56,489,335502,8271.75,66173.96,66173.96,760.52,330.13,294,1304,0.964025,0.901535,0.533,Email_IMAP,BENIGN,0,515,0,1
FLW-0003400,VPN-SES-00621,0x1035c555,130.14,1944,697338,5358.37,42866.94,42866.94,337.84,192.29,58,689,1.362185,1.407717,0.501,WhatsApp,BENIGN,0,1979,0,2
FLW-0003401,VPN-SES-00621,0x1035c555,148.49,463,99146,667.69,5341.56,5341.56,211.98,82.14,95,349,2.793021,1.462604,0.558,Attack,C2_BEACONING,1,575,0,0
FLW-0003402,VPN-SES-00621,0x1035c555,2.84,22,2678,942.96,7543.66,7543.66,115.66,20.88,87,155,0.729293,0.375115,0.628,ICMP,BENIGN,0,20,0,0
FLW-0003403,VPN-SES-00621,0x1035c555,23.87,106,35828,1500.96,12007.71,12007.71,354.49,302.6,40,895,0.780186,0.757685,0.466,WhatsApp,BENIGN,0,82,0,2
FLW-0003404,VPN-SES-00621,0x1035c555,16.71,80,9835,588.57,4708.56,4708.56,129.46,26.92,89,181,1.807468,1.033835,0.447,ICMP,BENIGN,0,66,0,0
FLW-0003405,VPN-SES-00621,0x1035c555,83.03,19727,25026712,301417.7,2411341.64,2411341.64,1257.8,268.76,892,1500,0.049465,0.027812,0.772,Attack,DATA_EXFILTRATION,1,48060,0,3
FLW-0003406,VPN-SES-00621,0x1035c555,196.02,23736,24609659,125546.67,1004373.39,1004373.39,1099.16,218.28,744,1500,0.047223,0.033522,0.02,Video_Streaming,BENIGN,0,24676,0,1
FLW-0003407,VPN-SES-00622,0x8793231f,35.32,612,665891,18853.09,150824.69,150824.69,1110.99,449.63,425,1500,0.641059,0.62002,0.436,Email_IMAP,BENIGN,0,489,0,1
FLW-0003408,VPN-SES-00622,0x8793231f,18.02,142,16217,899.94,7199.56,7199.56,110.47,4.0,102,117,0.446569,0.160052,0.501,ICMP,BENIGN,0,74,0,0
FLW-0003409,VPN-SES-00622,0x8793231f,181.54,23693,30272883,166755.99,1334047.95,1334047.95,1259.24,275.92,746,1500,0.016844,0.022117,0.27,Video_Streaming,BENIGN,0,29133,0,0
FLW-0003410,VPN-SES-00622,0x8793231f,114.59,2515,727764,6351.03,50808.2,50808.2,278.55,136.83,80,576,0.438397,0.393359,0.508,WhatsApp,BENIGN,0,2452,0,1
FLW-0003411,VPN-SES-00622,0x8793231f,48.69,653,414765,8518.48,68147.87,68147.87,663.2,398.42,40,1500,0.594635,1.271651,0.455,Web_Browsing,BENIGN,0,727,0,0
FLW-0003412,VPN-SES-00622,0x8793231f,82.76,10510,11840793,143073.86,1144590.91,1144590.91,1240.49,206.81,951,1500,0.082626,0.075996,0.075,Video_Streaming,BENIGN,0,10793,1,0
FLW-0003413,VPN-SES-00622,0x8793231f,97.05,8760,13102162,135004.25,1080033.96,1080033.96,1419.09,320.76,785,1500,0.04204,0.023192,0.095,Video_Streaming,BENIGN,0,13506,1,0
FLW-0003414,VPN-SES-00623,0x55d81a45,24.41,417,377252,15454.81,123638.51,123638.51,921.52,401.61,44,1500,0.52848,0.45599,0.573,Email_IMAP,BENIGN,0,335,0,0
FLW-0003415,VPN-SES-00623,0x55d81a45,77.38,3363,459270,5935.25,47482.04,47482.04,132.34,34.88,58,204,0.019136,0.012499,0.596,VoIP,BENIGN,0,2601,0,0
FLW-0003416,VPN-SES-00623,0x55d81a45,54.92,2222,307930,5606.88,44855.06,44855.06,144.8,49.34,60,228,0.048031,0.032445,0.376,VoIP,BENIGN,0,2677,0,0
FLW-0003417,VPN-SES-00623,0x55d81a45,46.91,1350,1071344,22838.29,182706.29,182706.29,824.4,621.47,40,1500,0.442272,0.569456,0.18,Web_Browsing,BENIGN,0,1826,0,1
FLW-0003418,VPN-SES-00623,0x55d81a45,20.97,125,15887,757.61,6060.85,6060.85,127.34,32.15,86,179,0.699621,0.197831,0.461,ICMP,BENIGN,0,67,0,2
FLW-0003419,VPN-SES-00623,0x55d81a45,138.45,3472,535340,3866.67,30933.33,30933.33,162.63,31.85,120,204,0.064518,0.047785,0.555,VoIP,BENIGN,0,4224,0,2
FLW-0003420,VPN-SES-00623,0x55d81a45,54.07,426,291490,5390.97,43127.8,43127.8,699.7,458.27,40,1500,0.829241,0.781911,0.493,Email_IMAP,BENIGN,0,530,0,2
FLW-0003421,VPN-SES-00623,0x55d81a45,75.16,2700,1785427,23755.02,190040.13,190040.13,718.99,375.79,57,1272,0.565233,0.60229,0.298,Web_Browsing,BENIGN,0,2688,0,0
FLW-0003422,VPN-SES-00624,0xb142070e,6.48,204,122692,18933.95,151471.6,151471.6,666.72,417.39,40,1227,0.43675,0.437911,0.343,Web_Browsing,BENIGN,0,203,0,0
FLW-0003423,VPN-SES-00624,0xb142070e,62.04,2018,1304539,21027.39,168219.08,168219.08,642.48,393.58,67,1500,1.029378,1.622298,0.595,Email_IMAP,BENIGN,0,1861,0,0
FLW-0003424,VPN-SES-00624,0xb142070e,51.43,10519,13897533,270222.3,2161778.42,2161778.42,1259.49,114.87,1074,1486,0.033833,0.016055,0.02,Video_Streaming,BENIGN,0,13275,0,0
FLW-0003425,VPN-SES-00625,0x1809c464,27.86,300,225037,8077.42,64619.38,64619.38,813.2,363.99,223,1333,0.374716,0.328547,0.23,Web_Browsing,BENIGN,0,311,0,1
FLW-0003426,VPN-SES-00625,0x1809c464,143.96,21184,28114705,195295.26,1562362.05,1562362.05,1266.94,105.56,1137,1409,0.023556,0.015408,0.98,Attack,DATA_EXFILTRATION,1,63592,0,0
FLW-0003427,VPN-SES-00625,0x1809c464,10.08,1827,175129,17373.91,138991.27,138991.27,96.47,18.42,60,119,0.026134,0.01604,0.783,Attack,PORT_SCAN,1,5608,0,2
FLW-0003428,VPN-SES-00625,0x1809c464,14.94,346,128138,8576.84,68614.73,68614.73,397.71,456.17,40,1002,0.433143,0.288364,0.51,Email_IMAP,BENIGN,0,338,0,2
FLW-0003429,VPN-SES-00625,0x1809c464,25.57,97,9835,384.63,3077.04,3077.04,98.01,23.08,68,138,1.096761,0.45022,0.508,ICMP,BENIGN,0,64,0,1
FLW-0003430,VPN-SES-00626,0x7a7e95d2,10.86,53,5964,549.17,4393.37,4393.37,106.81,25.48,72,141,0.304926,0.073226,0.395,ICMP,BENIGN,0,48,0,3
FLW-0003431,VPN-SES-00626,0x7a7e95d2,58.21,5921,8508313,146165.83,1169326.64,1169326.64,1363.91,249.89,834,1500,0.032367,0.011665,0.824,Attack,DATA_EXFILTRATION,1,16159,0,3
FLW-0003432,VPN-SES-00626,0x7a7e95d2,40.39,491,235872,5839.86,46718.89,46718.89,518.71,372.6,60,1245,0.287256,0.243395,0.311,Web_Browsing,BENIGN,0,454,0,1
FLW-0003433,VPN-SES-00627,0x52d4c734,104.86,3266,453244,4322.37,34578.98,34578.98,134.86,35.06,87,199,0.037339,0.013708,0.623,VoIP,BENIGN,0,3792,0,1
FLW-0003434,VPN-SES-00627,0x52d4c734,1.82,358,44325,24354.4,194835.16,194835.16,118.96,34.13,54,174,0.025737,0.016005,0.638,Attack,PORT_SCAN,1,1221,0,5
FLW-0003435,VPN-SES-00627,0x52d4c734,60.55,1711,526555,8696.2,69569.61,69569.61,330.01,155.41,142,575,0.152738,0.114424,0.706,Attack,BRUTE_FORCE,1,2846,0,1
FLW-0003436,VPN-SES-00627,0x52d4c734,18.95,933,220617,11642.06,93136.46,93136.46,247.5,52.11,167,334,0.182359,0.149268,0.625,Attack,BRUTE_FORCE,1,1927,0,6
FLW-0003437,VPN-SES-00627,0x52d4c734,218.1,41641,59629174,273402.91,2187223.26,2187223.26,1340.3,287.68,965,1500,0.024911,0.021582,0.916,Attack,DATA_EXFILTRATION,1,132893,2,2
FLW-0003438,VPN-SES-00627,0x52d4c734,95.91,3290,2025504,21118.8,168950.39,168950.39,583.09,492.28,40,1436,0.415801,0.311323,0.454,Web_Browsing,BENIGN,0,3985,0,1
FLW-0003439,VPN-SES-00628,0xfddb2d45,166.24,1200,268825,1617.09,12936.72,12936.72,241.51,324.17,40,667,0.657641,0.732653,0.469,WhatsApp,BENIGN,0,1008,0,1
FLW-0003440,VPN-SES-00628,0xfddb2d45,93.02,15685,19384665,208392.44,1667139.54,1667139.54,1135.41,278.36,658,1500,0.031302,0.023985,0.114,Video_Streaming,BENIGN,0,24481,0,1
FLW-0003441,VPN-SES-00628,0xfddb2d45,8.97,1521,116984,13041.69,104333.56,104333.56,82.43,34.69,40,150,0.03341,0.023743,0.827,Attack,PORT_SCAN,1,4795,0,3
FLW-0003442,VPN-SES-00628,0xfddb2d45,8.2,52,6166,751.95,6015.61,6015.61,115.09,29.11,66,169,1.167312,0.41512,0.532,ICMP,BENIGN,0,49,0,0
FLW-0003443,VPN-SES-00628,0xfddb2d45,43.77,1367,270299,6175.44,49403.52,49403.52,213.6,513.82,40,949,0.322217,0.304441,0.385,Web_Browsing,BENIGN,0,1965,1,0
FLW-0003444,VPN-SES-00629,0x9a8b0677,160.41,3099,1003916,6258.44,50067.5,50067.5,343.73,237.95,40,836,1.322824,1.980421,0.394,WhatsApp,BENIGN,0,3460,0,0
FLW-0003445,VPN-SES-00629,0x9a8b0677,10.43,15,1684,161.46,1291.66,1291.66,111.53,22.37,67,147,0.70391,0.106068,0.428,ICMP,BENIGN,0,14,0,1
FLW-0003446,VPN-SES-00629,0x9a8b0677,6.76,137,91714,13567.16,108537.28,108537.28,733.52,430.93,40,1321,1.025364,1.000347,0.291,Email_IMAP,BENIGN,0,134,0,0
FLW-0003447,VPN-SES-00629,0x9a8b0677,7.57,11,956,126.29,1010.3,1010.3,90.88,20.14,47,131,1.462228,0.624929,0.415,ICMP,BENIGN,0,11,0,0
FLW-0003448,VPN-SES-00630,0xee71a4ac,28.68,608,369602,12887.1,103096.79,103096.79,665.27,525.24,40,1500,0.615694,0.644331,0.532,Email_IMAP,BENIGN,0,543,0,1
FLW-0003449,VPN-SES-00630,0xee71a4ac,21.17,522,418726,19779.22,158233.73,158233.73,774.98,584.39,40,1500,0.855573,0.886937,0.592,Email_IMAP,BENIGN,0,457,0,1
FLW-0003450,VPN-SES-00630,0xee71a4ac,59.84,6988,8204088,137100.4,1096803.21,1096803.21,1209.41,288.62,704,1500,0.051958,0.037751,0.354,Video_Streaming,BENIGN,0,11113,0,0
FLW-0003451,VPN-SES-00630,0xee71a4ac,19.21,1239,320126,16664.55,133316.4,133316.4,243.08,103.83,57,425,0.17697,0.148686,0.493,Attack,BRUTE_FORCE,1,2387,0,2
FLW-0003452,VPN-SES-00630,0xee71a4ac,15.12,2249,194640,12873.02,102984.13,102984.13,90.42,32.37,40,152,0.032817,0.034795,0.722,Attack,PORT_SCAN,1,7339,0,2
FLW-0003453,VPN-SES-00630,0xee71a4ac,64.35,1648,251312,3905.39,31243.14,31243.14,168.87,30.66,116,208,0.042384,0.037507,0.43,VoIP,BENIGN,0,1252,0,1
FLW-0003454,VPN-SES-00631,0xfa8e8131,12.48,18654,1937368,155237.82,1241902.56,1241902.56,105.7,59.49,40,224,0.005366,0.004334,0.936,Attack,DOS_FLOOD,1,61941,0,3
FLW-0003455,VPN-SES-00631,0xfa8e8131,11.8,102,11576,981.02,7848.14,7848.14,110.7,22.13,69,146,1.343813,0.180496,0.434,ICMP,BENIGN,0,71,0,0
FLW-0003456,VPN-SES-00631,0xfa8e8131,45.95,1437,213282,4641.61,37132.88,37132.88,147.54,53.9,40,236,0.032479,0.021894,0.434,VoIP,BENIGN,0,1688,0,0
FLW-0003457,VPN-SES-00631,0xfa8e8131,32.37,328,339663,10493.14,83945.13,83945.13,954.72,398.28,288,1500,0.682308,0.833592,0.486,Email_IMAP,BENIGN,0,414,0,0
FLW-0003458,VPN-SES-00631,0xfa8e8131,11.04,117,104328,9450.0,75600.0,75600.0,938.31,580.7,147,1500,1.011413,0.902246,0.446,Email_IMAP,BENIGN,0,133,0,1
FLW-0003459,VPN-SES-00631,0xfa8e8131,5.05,47,38951,7713.07,61704.55,61704.55,763.17,383.23,130,1271,0.54791,0.375767,0.518,Email_IMAP,BENIGN,0,44,0,0
FLW-0003460,VPN-SES-00631,0xfa8e8131,16.22,223,83909,5173.18,41385.45,41385.45,365.33,232.51,40,795,1.585606,1.584081,0.442,WhatsApp,BENIGN,0,235,0,1
FLW-0003461,VPN-SES-00631,0xfa8e8131,240.54,27691,36626816,152269.13,1218153.02,1218153.02,1209.02,222.25,837,1500,0.069886,0.053091,0.111,Video_Streaming,BENIGN,0,31819,0,2
FLW-0003462,VPN-SES-00632,0xa9d2f7f2,21.16,4046,6024170,284696.12,2277569.0,2277569.0,1475.05,257.56,1158,1500,0.084774,0.057871,0.102,Video_Streaming,BENIGN,0,3993,2,1
FLW-0003463,VPN-SES-00632,0xa9d2f7f2,75.29,1883,2006663,26652.45,213219.6,213219.6,985.81,550.35,40,1500,0.325795,0.316302,0.343,Web_Browsing,BENIGN,0,1988,0,2
FLW-0003464,VPN-SES-00632,0xa9d2f7f2,37.65,2303,639253,16978.83,135830.65,135830.65,271.43,89.08,111,451,0.301227,0.196466,0.662,Attack,BRUTE_FORCE,1,5020,0,0
FLW-0003465,VPN-SES-00632,0xa9d2f7f2,36.01,1775,559545,15538.6,124308.8,124308.8,290.43,113.15,42,539,0.104366,0.092198,0.581,Attack,BRUTE_FORCE,1,2869,0,6
FLW-0003466,VPN-SES-00632,0xa9d2f7f2,5.1,114,122512,24021.96,192175.69,192175.69,1100.44,488.5,308,1500,0.503439,0.37952,0.397,Email_IMAP,BENIGN,0,128,0,1
FLW-0003467,VPN-SES-00632,0xa9d2f7f2,43.08,1013,727716,16892.2,135137.6,135137.6,793.11,658.85,40,1500,0.458147,0.311913,0.272,Web_Browsing,BENIGN,0,860,0,0
FLW-0003468,VPN-SES-00633,0x5ae3ba94,132.68,232,39019,294.08,2352.67,2352.67,175.65,93.53,40,325,3.635778,1.80193,0.44,Attack,C2_BEACONING,1,332,0,3
FLW-0003469,VPN-SES-00633,0x5ae3ba94,89.14,1258,403991,4532.1,36256.76,36256.76,296.27,343.55,40,1007,0.432936,0.358485,0.533,WhatsApp,BENIGN,0,1128,1,0
FLW-0003470,VPN-SES-00633,0x5ae3ba94,10.47,361,222996,21298.57,170388.54,170388.54,674.7,487.9,40,1500,0.389437,0.360419,0.347,Web_Browsing,BENIGN,0,344,0,0
FLW-0003471,VPN-SES-00633,0x5ae3ba94,65.04,1631,250246,3847.57,30780.57,30780.57,153.9,39.84,95,224,0.043438,0.01797,0.536,VoIP,BENIGN,0,1555,0,0
FLW-0003472,VPN-SES-00633,0x5ae3ba94,17.11,217,167392,9783.28,78266.28,78266.28,724.93,322.7,276,1138,0.521401,0.59374,0.526,Email_IMAP,BENIGN,0,218,0,1
FLW-0003473,VPN-SES-00634,0x14579d6f,22.8,616,411709,18057.41,144459.3,144459.3,638.22,381.95,40,1110,0.312233,0.369635,0.284,Web_Browsing,BENIGN,0,573,0,2
FLW-0003474,VPN-SES-00634,0x14579d6f,57.26,762,766203,13381.12,107048.97,107048.97,917.58,381.05,440,1500,0.864786,1.029999,0.632,Email_IMAP,BENIGN,0,929,0,0
FLW-0003475,VPN-SES-00634,0x14579d6f,20.94,76,8321,397.37,3178.99,3178.99,111.82,33.53,57,168,0.519816,0.162275,0.516,ICMP,BENIGN,0,59,0,1
FLW-0003476,VPN-SES-00634,0x14579d6f,186.6,32845,39615634,212302.43,1698419.46,1698419.46,1281.96,240.27,759,1500,0.040242,0.028123,0.201,Video_Streaming,BENIGN,0,41335,0,1
FLW-0003477,VPN-SES-00634,0x14579d6f,50.84,788,268954,5290.2,42321.64,42321.64,341.84,233.02,40,853,2.851734,3.428392,0.344,WhatsApp,BENIGN,0,903,0,1
FLW-0003478,VPN-SES-00634,0x14579d6f,8.78,163,145272,16545.79,132366.29,132366.29,990.16,528.96,47,1500,0.805466,0.791103,0.541,Email_IMAP,BENIGN,0,125,0,1
FLW-0003479,VPN-SES-00634,0x14579d6f,33.66,3334,4708768,139892.1,1119136.78,1119136.78,1344.5,161.16,1128,1500,0.030964,0.018852,0.821,Attack,DATA_EXFILTRATION,1,9704,0,1
FLW-0003480,VPN-SES-00634,0x14579d6f,33.36,580,338226,10138.67,81109.35,81109.35,642.23,584.87,40,1500,0.933859,0.888095,0.495,Email_IMAP,BENIGN,0,616,0,0
FLW-0003481,VPN-SES-00635,0xb90b9810,60.79,1747,1180820,19424.58,155396.61,155396.61,653.86,473.2,40,1292,0.315068,0.34475,0.345,Web_Browsing,BENIGN,0,1780,0,1
FLW-0003482,VPN-SES-00635,0xb90b9810,105.75,5484,4906598,46398.09,371184.72,371184.72,826.6,590.6,84,1500,1.166826,1.439659,0.283,Web_Browsing,BENIGN,0,6526,0,1
FLW-0003483,VPN-SES-00635,0xb90b9810,151.91,25595,31417639,206817.45,1654539.61,1654539.61,1229.89,322.47,691,1500,0.061796,0.046807,0.271,Video_Streaming,BENIGN,0,39628,1,3
FLW-0003484,VPN-SES-00636,0x38eda191,15.57,4406,462342,29694.41,237555.3,237555.3,96.64,25.28,47,148,0.047616,0.022809,0.838,Attack,PORT_SCAN,1,10227,0,1
FLW-0003485,VPN-SES-00636,0x38eda191,7.35,160,140887,19168.3,153346.39,153346.39,820.28,437.53,202,1500,0.475357,0.397389,0.597,Email_IMAP,BENIGN,0,182,0,0
FLW-0003486,VPN-SES-00636,0x38eda191,78.95,1260,168697,2136.76,17094.06,17094.06,131.57,40.09,77,183,0.071105,0.071319,0.509,VoIP,BENIGN,0,1009,0,1
FLW-0003487,VPN-SES-00636,0x38eda191,22.94,162,17870,778.99,6231.91,6231.91,120.61,38.17,44,185,1.639584,0.548492,0.6,ICMP,BENIGN,0,82,0,1
FLW-0003488,VPN-SES-00636,0x38eda191,33.54,195,24454,729.1,5832.8,5832.8,114.85,24.45,70,152,0.817213,0.278561,0.454,ICMP,BENIGN,0,137,0,0
FLW-0003489,VPN-SES-00636,0x38eda191,7.81,116,58387,7475.93,59807.43,59807.43,549.53,506.89,40,1500,0.585057,0.435422,0.554,Email_IMAP,BENIGN,0,117,0,1
FLW-0003490,VPN-SES-00636,0x38eda191,179.15,3031,606640,3386.21,27089.7,27089.7,204.9,103.08,76,335,1.19967,1.007469,0.566,WhatsApp,BENIGN,0,2917,0,1
FLW-0003491,VPN-SES-00637,0x48942fe2,96.38,4973,712571,7393.35,59146.79,59146.79,148.67,49.57,58,212,0.093623,0.04976,0.526,VoIP,BENIGN,0,5519,0,0
FLW-0003492,VPN-SES-00637,0x48942fe2,61.82,125,33748,545.91,4367.26,4367.26,247.71,94.57,49,409,3.703768,2.32554,0.584,Attack,C2_BEACONING,1,136,0,1
FLW-0003493,VPN-SES-00637,0x48942fe2,40.85,25339,3655927,89496.38,715971.02,715971.02,132.83,25.2,94,169,0.007408,0.003063,0.926,Attack,DOS_FLOOD,1,96687,1,4
FLW-0003494,VPN-SES-00637,0x48942fe2,43.87,10007,12693020,289332.57,2314660.59,2314660.59,1393.12,237.34,953,1500,0.040192,0.028207,0.87,Attack,DATA_EXFILTRATION,1,36651,1,2
FLW-0003495,VPN-SES-00637,0x48942fe2,250.8,24933,32103674,128005.08,1024040.64,1024040.64,1229.2,246.66,709,1500,0.032404,0.024925,0.025,Video_Streaming,BENIGN,0,38460,1,1
FLW-0003496,VPN-SES-00637,0x48942fe2,63.49,25,3671,57.82,462.56,462.56,144.03,88.56,40,284,2.311697,0.886172,0.629,Attack,C2_BEACONING,1,27,0,0
FLW-0003497,VPN-SES-00638,0x97f766a9,18.98,196,98041,5165.49,41323.92,41323.92,506.29,197.65,111,832,1.198335,1.17284,0.584,WhatsApp,BENIGN,0,160,0,0
FLW-0003498,VPN-SES-00638,0x97f766a9,34.37,486,486978,14168.69,113349.55,113349.55,1066.84,435.31,142,1500,0.575939,0.697696,0.573,Email_IMAP,BENIGN,0,580,0,2
FLW-0003499,VPN-SES-00638,0x97f766a9,26.07,416,186114,7139.01,57112.08,57112.08,443.32,191.85,70,682,1.149148,1.583292,0.44,WhatsApp,BENIGN,0,325,0,0
FLW-0003500,VPN-SES-00638,0x97f766a9,22.08,226,150457,6814.18,54513.41,54513.41,660.79,374.96,40,1337,0.802459,0.752767,0.496,Email_IMAP,BENIGN,0,174,1,0
FLW-0003501,VPN-SES-00638,0x97f766a9,7.97,38,24067,3019.7,24157.59,24157.59,578.02,505.34,40,1500,0.484558,0.754634,0.474,Email_IMAP,BENIGN,0,52,0,1
FLW-0003502,VPN-SES-00638,0x97f766a9,82.13,5024,3025649,36839.75,294718.03,294718.03,635.95,457.24,47,1253,0.571137,0.864148,0.435,Web_Browsing,BENIGN,0,5476,0,0
FLW-0003503,VPN-SES-00638,0x97f766a9,17.21,240,100223,5823.53,46588.26,46588.26,422.99,212.08,40,680,1.148136,1.213097,0.501,WhatsApp,BENIGN,0,269,0,0
FLW-0003504,VPN-SES-00638,0x97f766a9,7.95,38,4039,508.05,4064.4,4064.4,114.46,29.14,75,171,1.193421,0.485634,0.552,ICMP,BENIGN,0,34,0,2
FLW-0003505,VPN-SES-00639,0xec5bb24f,6.65,44,52326,7868.57,62948.57,62948.57,1089.51,406.48,482,1500,1.165695,1.465491,0.412,Email_IMAP,BENIGN,0,66,0,0
FLW-0003506,VPN-SES-00639,0xec5bb24f,191.13,19528,22998884,120331.1,962648.84,962648.84,1273.64,131.96,1000,1471,0.040354,0.019181,0.152,Video_Streaming,BENIGN,0,21144,1,1
FLW-0003507,VPN-SES-00639,0xec5bb24f,28.56,24699,4043747,141587.78,1132702.24,1132702.24,153.38,43.67,63,243,0.00706,0.00387,0.91,Attack,DOS_FLOOD,1,99598,4,5
FLW-0003508,VPN-SES-00639,0xec5bb24f,100.93,1059,521971,5171.61,41372.91,41372.91,463.64,158.66,159,765,1.373819,0.9053,0.535,WhatsApp,BENIGN,0,1049,0,0
FLW-0003509,VPN-SES-00639,0xec5bb24f,23.11,16990,2292597,99203.68,793629.42,793629.42,132.77,28.89,95,195,0.004054,0.001982,0.962,Attack,DOS_FLOOD,1,70442,1,0
FLW-0003510,VPN-SES-00639,0xec5bb24f,96.42,3679,546030,5663.04,45304.29,45304.29,157.49,61.69,56,271,0.043942,0.024556,0.476,VoIP,BENIGN,0,3767,0,2
FLW-0003511,VPN-SES-00640,0x2398592b,10.3,241,180785,17551.94,140415.53,140415.53,781.08,511.66,40,1500,0.377667,0.356747,0.34,Web_Browsing,BENIGN,0,245,0,1
FLW-0003512,VPN-SES-00640,0x2398592b,30.65,29331,4310543,140637.62,1125100.95,1125100.95,141.03,53.9,42,235,0.012575,0.006221,0.838,Attack,DOS_FLOOD,1,154803,1,1
FLW-0003513,VPN-SES-00640,0x2398592b,4.54,2876,407503,89758.37,718066.96,718066.96,129.57,41.13,64,205,0.007632,0.002265,0.98,Attack,DOS_FLOOD,1,14399,1,2
FLW-0003514,VPN-SES-00640,0x2398592b,33.96,739,325863,9595.49,76763.96,76763.96,454.33,278.82,44,1020,1.078489,0.892202,0.448,WhatsApp,BENIGN,0,836,0,0
FLW-0003515,VPN-SES-00640,0x2398592b,69.68,2199,932729,13385.89,107087.14,107087.14,438.28,539.68,40,1261,0.523276,0.457234,0.347,Web_Browsing,BENIGN,0,3206,0,0
FLW-0003516,VPN-SES-00641,0x840aa8ad,20.13,177,15801,784.95,6279.58,6279.58,98.87,28.46,43,135,0.82796,0.39883,0.51,ICMP,BENIGN,0,129,0,0
FLW-0003517,VPN-SES-00641,0x840aa8ad,33.23,230,23605,710.35,5682.82,5682.82,101.75,27.41,62,149,0.667954,0.289236,0.48,ICMP,BENIGN,0,119,0,0
FLW-0003518,VPN-SES-00641,0x840aa8ad,160.27,32995,45987531,286937.86,2295502.89,2295502.89,1447.29,160.63,1245,1500,0.032107,0.039392,0.099,Video_Streaming,BENIGN,0,43145,0,1
FLW-0003519,VPN-SES-00641,0x840aa8ad,33.13,825,676780,20428.01,163424.09,163424.09,832.94,384.67,65,1374,0.67369,0.896247,0.451,Email_IMAP,BENIGN,0,1025,0,2
FLW-0003520,VPN-SES-00641,0x840aa8ad,13.91,695,250805,18030.55,144244.43,144244.43,384.54,613.9,40,1338,0.808952,0.795579,0.273,Web_Browsing,BENIGN,0,957,0,2
FLW-0003521,VPN-SES-00641,0x840aa8ad,48.91,2607,1624346,33210.92,265687.34,265687.34,659.97,645.71,40,1500,0.403053,0.367609,0.349,Web_Browsing,BENIGN,0,2850,0,2
FLW-0003522,VPN-SES-00642,0x32c2ca83,87.38,3448,2165015,24777.01,198216.07,198216.07,662.79,731.79,40,1500,0.284662,0.252031,0.398,Web_Browsing,BENIGN,0,4014,0,0
FLW-0003523,VPN-SES-00642,0x32c2ca83,41.29,2400,605127,14655.53,117244.27,117244.27,250.52,86.89,125,406,0.148836,0.15488,0.548,Attack,BRUTE_FORCE,1,4502,0,3
FLW-0003524,VPN-SES-00642,0x32c2ca83,48.84,1704,226827,4644.29,37154.3,37154.3,147.06,46.72,46,229,0.039161,0.019942,0.583,VoIP,BENIGN,0,1676,0,1
FLW-0003525,VPN-SES-00643,0x884aed02,11.57,2512,232542,20098.7,160789.63,160789.63,84.69,30.97,41,128,0.03555,0.021273,0.748,Attack,PORT_SCAN,1,5033,0,3
FLW-0003526,VPN-SES-00643,0x884aed02,12.91,777,165078,12786.83,102294.66,102294.66,220.03,90.03,83,390,0.173317,0.144898,0.615,Attack,BRUTE_FORCE,1,1316,1,3
FLW-0003527,VPN-SES-00643,0x884aed02,37.18,781,89739,2413.64,19309.09,19309.09,127.63,28.64,73,175,0.053532,0.048711,0.507,VoIP,BENIGN,0,871,0,0
FLW-0003528,VPN-SES-00644,0x321c08a3,26.79,135,11846,442.18,3537.44,3537.44,94.4,25.31,46,130,1.564931,0.628366,0.574,ICMP,BENIGN,0,76,1,1
FLW-0003529,VPN-SES-00644,0x321c08a3,43.58,862,189530,4349.01,34792.11,34792.11,202.67,107.0,41,409,0.362542,0.352681,0.614,Attack,BRUTE_FORCE,1,1437,0,4
FLW-0003530,VPN-SES-00644,0x321c08a3,226.55,521,109441,483.08,3864.61,3864.61,212.29,124.03,40,471,2.187179,1.281227,0.356,Attack,C2_BEACONING,1,707,1,1
FLW-0003531,VPN-SES-00645,0x55a917a0,11.97,381,121083,10115.54,80924.31,80924.31,318.0,330.36,40,749,0.341433,0.339539,0.213,Web_Browsing,BENIGN,0,532,0,0
FLW-0003532,VPN-SES-00645,0x55a917a0,42.14,1885,506815,12026.93,96215.47,96215.47,272.69,106.21,144,447,0.30363,0.199126,0.695,Attack,BRUTE_FORCE,1,3296,0,4
FLW-0003533,VPN-SES-00645,0x55a917a0,23.36,48,4712,201.71,1613.7,1613.7,103.93,27.81,69,141,1.094005,0.25352,0.47,ICMP,BENIGN,0,46,0,0
FLW-0003534,VPN-SES-00645,0x55a917a0,74.54,3144,996931,13374.44,106995.55,106995.55,346.73,327.72,40,869,0.455124,0.394597,0.335,Web_Browsing,BENIGN,0,2959,0,1
FLW-0003535,VPN-SES-00645,0x55a917a0,19.86,27070,4261722,214588.22,1716705.74,1716705.74,166.79,36.02,110,241,0.007437,0.002134,0.98,Attack,DOS_FLOOD,1,85532,2,4
FLW-0003536,VPN-SES-00645,0x55a917a0,75.35,4864,6378805,84655.67,677245.39,677245.39,1301.04,334.81,759,1500,0.040208,0.040554,0.13,Video_Streaming,BENIGN,0,5811,0,0
FLW-0003537,VPN-SES-00646,0xe516f81c,11.57,11,988,85.39,683.15,683.15,84.37,26.84,43,136,0.721947,0.338828,0.632,ICMP,BENIGN,0,14,0,0
FLW-0003538,VPN-SES-00646,0xe516f81c,96.3,16299,18698080,194164.9,1553319.21,1553319.21,1200.99,136.5,933,1474,0.042361,0.01207,0.851,Attack,DATA_EXFILTRATION,1,51359,1,3
FLW-0003539,VPN-SES-00646,0xe516f81c,45.73,15564,2525923,55235.58,441884.63,441884.63,151.75,44.89,55,221,0.00722,0.003973,0.821,Attack,DOS_FLOOD,1,85733,3,1
FLW-0003540,VPN-SES-00646,0xe516f81c,153.62,31672,42258073,275081.84,2200654.76,2200654.76,1282.46,316.28,848,1500,0.038388,0.025086,0.02,Video_Streaming,BENIGN,0,33389,2,1
FLW-0003541,VPN-SES-00646,0xe516f81c,58.74,1728,320288,5452.64,43621.11,43621.11,175.59,34.45,125,241,0.039636,0.014827,0.378,VoIP,BENIGN,0,1711,0,1
FLW-0003542,VPN-SES-00646,0xe516f81c,4.6,78,70180,15256.52,122052.17,122052.17,936.84,422.69,356,1500,0.966591,1.158682,0.436,Email_IMAP,BENIGN,0,63,0,1
FLW-0003543,VPN-SES-00646,0xe516f81c,8.12,108,42056,5179.31,41434.48,41434.48,382.45,375.35,40,911,0.560456,0.663987,0.262,Web_Browsing,BENIGN,0,93,0,0
FLW-0003544,VPN-SES-00647,0x4e4f22ba,54.63,3538,4215234,77159.69,617277.54,617277.54,1307.43,320.91,802,1500,0.042123,0.033736,0.22,Video_Streaming,BENIGN,0,3984,3,1
FLW-0003545,VPN-SES-00647,0x4e4f22ba,6.99,123,87596,12531.62,100252.93,100252.93,688.57,516.27,40,1500,0.626707,0.812294,0.573,Email_IMAP,BENIGN,0,158,0,0
FLW-0003546,VPN-SES-00647,0x4e4f22ba,17.13,42,4165,243.14,1945.13,1945.13,100.41,35.48,40,152,0.624658,0.120551,0.579,ICMP,BENIGN,0,36,1,1
FLW-0003547,VPN-SES-00647,0x4e4f22ba,18.56,1008,309149,16656.73,133253.88,133253.88,315.91,111.98,87,511,0.11348,0.083701,0.633,Attack,BRUTE_FORCE,1,2161,0,4
FLW-0003548,VPN-SES-00647,0x4e4f22ba,15.65,29,3202,204.6,1636.81,1636.81,100.38,26.91,50,156,0.712914,0.121029,0.427,ICMP,BENIGN,0,22,0,1
FLW-0003549,VPN-SES-00647,0x4e4f22ba,14.84,292,176644,11903.23,95225.88,95225.88,653.02,434.51,121,1500,0.792092,1.138575,0.605,Email_IMAP,BENIGN,0,306,0,1
FLW-0003550,VPN-SES-00647,0x4e4f22ba,153.2,1917,938444,6125.61,49004.91,49004.91,475.82,220.53,178,751,1.961842,1.637807,0.475,WhatsApp,BENIGN,0,1673,0,0
FLW-0003551,VPN-SES-00647,0x4e4f22ba,13.02,318,131549,10103.61,80828.88,80828.88,420.45,129.77,228,703,1.220896,1.098489,0.365,WhatsApp,BENIGN,0,363,0,0
FLW-0003552,VPN-SES-00648,0xe336a508,12.02,16556,1986425,165259.98,1322079.87,1322079.87,121.24,31.06,53,166,0.012754,0.007831,0.817,Attack,DOS_FLOOD,1,90800,1,2
FLW-0003553,VPN-SES-00648,0xe336a508,224.64,47114,57527372,256086.95,2048695.58,2048695.58,1154.37,292.64,576,1500,0.037166,0.028571,0.077,Video_Streaming,BENIGN,0,49308,2,1
FLW-0003554,VPN-SES-00648,0xe336a508,91.94,2925,383710,4173.48,33387.86,33387.86,143.14,48.63,40,244,0.04203,0.024086,0.557,VoIP,BENIGN,0,2215,0,0
FLW-0003555,VPN-SES-00649,0xe2c351c2,23.62,12964,1631389,69068.12,552544.96,552544.96,117.35,35.51,51,163,0.004866,0.002827,0.854,Attack,DOS_FLOOD,1,65109,4,0
FLW-0003556,VPN-SES-00649,0xe2c351c2,48.27,361,185197,3836.69,30693.52,30693.52,544.61,535.1,40,1310,0.911372,1.045562,0.383,Web_Browsing,BENIGN,0,310,0,1
FLW-0003557,VPN-SES-00649,0xe2c351c2,93.57,7586,9059569,96821.3,774570.4,774570.4,1194.85,182.68,829,1500,0.029775,0.029373,0.021,Video_Streaming,BENIGN,0,10735,0,0
FLW-0003558,VPN-SES-00650,0xc129a6a4,33.75,1325,194958,5776.53,46212.27,46212.27,156.15,29.23,105,205,0.042256,0.030204,0.495,VoIP,BENIGN,0,1661,1,1
FLW-0003559,VPN-SES-00650,0xc129a6a4,11.53,65,6192,537.03,4296.27,4296.27,92.37,18.92,56,124,1.431919,0.410679,0.437,ICMP,BENIGN,0,53,0,0
FLW-0003560,VPN-SES-00650,0xc129a6a4,41.98,542,133989,3191.73,25533.87,25533.87,248.06,275.33,40,756,1.32038,1.252908,0.506,WhatsApp,BENIGN,0,618,0,0
FLW-0003561,VPN-SES-00650,0xc129a6a4,43.34,281,221131,5102.24,40817.9,40817.9,715.64,290.27,352,1069,0.605363,0.438065,0.547,Email_IMAP,BENIGN,0,240,0,0
FLW-0003562,VPN-SES-00650,0xc129a6a4,108.41,4879,642585,5927.36,47418.87,47418.87,135.84,20.0,111,163,0.061222,0.026932,0.437,VoIP,BENIGN,0,4217,0,0
FLW-0003563,VPN-SES-00650,0xc129a6a4,44.77,542,168182,3756.58,30052.62,30052.62,303.91,188.02,40,540,0.899211,1.004895,0.503,WhatsApp,BENIGN,0,525,0,0
FLW-0003564,VPN-SES-00650,0xc129a6a4,148.34,36530,48426694,326457.42,2611659.38,2611659.38,1308.71,181.64,1086,1500,0.031365,0.012838,0.802,Attack,DATA_EXFILTRATION,1,129552,0,1
FLW-0003565,VPN-SES-00651,0x2c0a8411,127.14,29095,39042557,307083.19,2456665.53,2456665.53,1309.64,269.4,782,1500,0.03839,0.029983,0.102,Video_Streaming,BENIGN,0,45576,2,1
FLW-0003566,VPN-SES-00651,0x2c0a8411,178.45,36908,58445499,327517.51,2620140.05,2620140.05,1453.98,180.69,1075,1500,0.017894,0.010186,0.156,Video_Streaming,BENIGN,0,38770,0,1
FLW-0003567,VPN-SES-00651,0x2c0a8411,51.37,1058,826769,16094.39,128755.15,128755.15,816.28,314.15,235,1238,0.243731,0.192365,0.317,Web_Browsing,BENIGN,0,1362,0,0
FLW-0003568,VPN-SES-00651,0x2c0a8411,72.77,2084,348804,4793.24,38345.91,38345.91,170.44,51.6,65,266,0.051203,0.037133,0.497,VoIP,BENIGN,0,1699,0,0
FLW-0003569,VPN-SES-00651,0x2c0a8411,18.98,271,233870,12321.92,98575.34,98575.34,935.2,363.26,290,1500,0.530023,0.496,0.583,Email_IMAP,BENIGN,0,277,0,0
FLW-0003570,VPN-SES-00651,0x2c0a8411,5.93,1627,215934,36413.83,291310.62,291310.62,131.25,31.59,86,195,0.034855,0.019111,0.865,Attack,PORT_SCAN,1,3434,1,3
FLW-0003571,VPN-SES-00651,0x2c0a8411,294.98,633,104651,354.77,2838.19,2838.19,183.36,79.56,40,295,2.983866,0.796817,0.439,Attack,C2_BEACONING,1,825,0,0
FLW-0003572,VPN-SES-00652,0xedc096d2,89.83,1693,721567,8032.58,64260.67,64260.67,395.77,239.21,40,786,0.576837,0.526424,0.39,WhatsApp,BENIGN,0,1493,0,0
FLW-0003573,VPN-SES-00652,0xedc096d2,85.73,4496,645571,7530.28,60242.25,60242.25,155.46,53.57,40,238,0.071453,0.041056,0.365,VoIP,BENIGN,0,3629,0,0
FLW-0003574,VPN-SES-00652,0xedc096d2,22.99,685,73605,3201.61,25612.88,25612.88,111.84,41.89,40,165,0.062884,0.028531,0.442,VoIP,BENIGN,0,695,0,1
FLW-0003575,VPN-SES-00652,0xedc096d2,74.93,3255,546156,7288.88,58311.06,58311.06,153.18,54.19,57,259,0.060388,0.028126,0.539,VoIP,BENIGN,0,3391,1,2
FLW-0003576,VPN-SES-00652,0xedc096d2,139.39,26888,36985004,265334.7,2122677.61,2122677.61,1315.95,181.22,1057,1500,0.033639,0.019045,0.842,Attack,DATA_EXFILTRATION,1,102953,1,1
FLW-0003577,VPN-SES-00653,0xe205bba8,62.26,2198,304408,4889.3,39114.42,39114.42,135.21,49.18,63,220,0.088563,0.041981,0.551,VoIP,BENIGN,0,1874,0,0
FLW-0003578,VPN-SES-00653,0xe205bba8,37.35,2179,1153701,30888.92,247111.33,247111.33,540.86,712.83,40,1406,0.595121,0.640709,0.281,Web_Browsing,BENIGN,0,2563,0,1
FLW-0003579,VPN-SES-00653,0xe205bba8,76.61,16953,22383329,292172.42,2337379.35,2337379.35,1214.2,166.52,873,1451,0.024298,0.014551,0.807,Attack,DATA_EXFILTRATION,1,53054,1,2
FLW-0003580,VPN-SES-00653,0xe205bba8,12.64,750,114590,9065.66,72525.32,72525.32,144.27,58.81,42,239,0.050201,0.032873,0.638,VoIP,BENIGN,0,950,0,0
FLW-0003581,VPN-SES-00653,0xe205bba8,40.9,719,615061,15038.17,120305.33,120305.33,844.97,498.55,82,1500,0.344611,0.253242,0.523,Email_IMAP,BENIGN,0,893,0,1
FLW-0003582,VPN-SES-00653,0xe205bba8,20.57,5306,442737,21523.43,172187.46,172187.46,87.18,30.78,42,127,0.0216,0.015727,0.916,Attack,PORT_SCAN,1,10554,0,5
FLW-0003583,VPN-SES-00653,0xe205bba8,100.57,53,10813,107.52,860.14,860.14,189.9,72.38,56,343,6.068975,2.793004,0.527,Attack,C2_BEACONING,1,64,0,2
FLW-0003584,VPN-SES-00653,0xe205bba8,15.88,536,329305,20737.09,165896.73,165896.73,583.26,523.56,40,1420,0.222874,0.269049,0.418,Web_Browsing,BENIGN,0,624,0,0
FLW-0003585,VPN-SES-00654,0xb550a4d1,3.53,14,1466,415.3,3322.38,3322.38,97.27,24.35,52,137,0.821048,0.242167,0.576,ICMP,BENIGN,0,16,0,1
FLW-0003586,VPN-SES-00654,0xb550a4d1,76.91,7112,10169560,132226.76,1057814.07,1057814.07,1459.05,278.07,853,1500,0.053066,0.032376,0.24,Video_Streaming,BENIGN,0,10346,1,1
FLW-0003587,VPN-SES-00654,0xb550a4d1,215.78,3512,967789,4485.07,35880.58,35880.58,261.46,260.67,40,700,0.606064,0.422557,0.564,WhatsApp,BENIGN,0,3453,0,1
FLW-0003588,VPN-SES-00654,0xb550a4d1,51.94,605,520402,10019.29,80154.33,80154.33,797.64,590.5,40,1500,0.756104,0.723444,0.518,Email_IMAP,BENIGN,0,742,0,1
FLW-0003589,VPN-SES-00654,0xb550a4d1,38.33,142,30468,794.89,6359.09,6359.09,201.21,272.03,40,747,0.619227,0.79027,0.531,WhatsApp,BENIGN,0,101,0,1
FLW-0003590,VPN-SES-00654,0xb550a4d1,15.9,18724,2507111,157679.94,1261439.5,1261439.5,131.7,27.17,97,172,0.009706,0.003939,0.942,Attack,DOS_FLOOD,1,95651,1,3
FLW-0003591,VPN-SES-00654,0xb550a4d1,28.77,36602,4375797,152095.83,1216766.63,1216766.63,112.46,20.27,80,146,0.007039,0.004011,0.98,Attack,DOS_FLOOD,1,193586,1,5
FLW-0003592,VPN-SES-00654,0xb550a4d1,51.64,5992,8228123,159336.23,1274689.85,1274689.85,1287.74,146.27,998,1477,0.031386,0.025796,0.874,Attack,DATA_EXFILTRATION,1,19984,0,1
FLW-0003593,VPN-SES-00655,0x48f53fd1,67.3,3082,483123,7178.65,57429.18,57429.18,171.44,28.24,123,231,0.040739,0.021937,0.559,VoIP,BENIGN,0,2635,0,0
FLW-0003594,VPN-SES-00655,0x48f53fd1,38.94,647,266777,6850.98,54807.81,54807.81,377.7,289.0,40,778,0.960124,0.877935,0.417,WhatsApp,BENIGN,0,570,0,2
FLW-0003595,VPN-SES-00655,0x48f53fd1,162.26,13250,15405308,94942.12,759536.94,759536.94,1229.8,200.8,804,1472,0.030432,0.02233,0.212,Video_Streaming,BENIGN,0,20973,0,2
FLW-0003596,VPN-SES-00655,0x48f53fd1,72.18,571,383430,5312.14,42497.09,42497.09,682.77,455.27,40,1500,0.490644,0.595246,0.307,Web_Browsing,BENIGN,0,744,0,1
FLW-0003597,VPN-SES-00655,0x48f53fd1,144.09,23527,27326120,189646.19,1517169.55,1517169.55,1275.49,224.25,943,1500,0.030138,0.035023,0.077,Video_Streaming,BENIGN,0,36416,0,3
FLW-0003598,VPN-SES-00656,0x9f5d0e9f,54.13,1907,790317,14600.35,116802.81,116802.81,440.66,365.71,40,1059,0.832676,0.850047,0.276,Web_Browsing,BENIGN,0,1664,0,2
FLW-0003599,VPN-SES-00656,0x9f5d0e9f,3.85,720,55593,14439.74,115517.92,115517.92,79.88,24.72,48,126,0.029478,0.012761,0.773,Attack,PORT_SCAN,1,2091,0,2
FLW-0003600,VPN-SES-00656,0x9f5d0e9f,36.34,580,105087,2891.77,23134.18,23134.18,187.84,96.87,40,331,0.146597,0.092342,0.499,Attack,BRUTE_FORCE,1,1351,0,1
FLW-0003601,VPN-SES-00656,0x9f5d0e9f,73.43,7027,8670444,118077.68,944621.44,944621.44,1309.72,27.99,1264,1366,0.019244,0.007463,0.809,Attack,DATA_EXFILTRATION,1,16119,0,1
FLW-0003602,VPN-SES-00656,0x9f5d0e9f,17.2,3930,334143,19426.92,155415.35,155415.35,81.25,22.33,47,128,0.019874,0.012961,0.904,Attack,PORT_SCAN,1,13778,1,1
FLW-0003603,VPN-SES-00657,0x3cfffc6b,32.66,186,159123,4872.11,38976.85,38976.85,843.23,370.75,43,1500,0.665648,0.795859,0.547,Email_IMAP,BENIGN,0,148,0,0
FLW-0003604,VPN-SES-00657,0x3cfffc6b,122.4,881,455243,3719.31,29754.44,29754.44,479.4,253.0,40,820,1.055949,1.38068,0.574,WhatsApp,BENIGN,0,1074,0,0
FLW-0003605,VPN-SES-00657,0x3cfffc6b,29.24,155,17775,607.9,4863.2,4863.2,121.23,19.44,96,161,0.863505,0.302321,0.538,ICMP,BENIGN,0,81,0,0
FLW-0003606,VPN-SES-00657,0x3cfffc6b,5.41,48,5498,1016.27,8130.13,8130.13,121.36,20.39,78,155,1.293783,0.387259,0.514,ICMP,BENIGN,0,33,0,2
FLW-0003607,VPN-SES-00657,0x3cfffc6b,283.01,27964,31192681,110217.59,881740.74,881740.74,1142.45,218.98,760,1413,0.027132,0.014843,0.032,Video_Streaming,BENIGN,0,28015,2,0
FLW-0003608,VPN-SES-00657,0x3cfffc6b,25.09,1871,650583,25929.97,207439.78,207439.78,326.06,106.18,150,483,0.09581,0.075594,0.61,Attack,BRUTE_FORCE,1,2995,0,2
FLW-0003609,VPN-SES-00657,0x3cfffc6b,10.13,652,80522,7948.86,63590.92,63590.92,117.61,16.53,86,139,0.011247,0.005814,0.745,Attack,PORT_SCAN,1,1577,1,1
FLW-0003610,VPN-SES-00657,0x3cfffc6b,28.29,232,24496,865.89,6927.11,6927.11,111.93,26.6,79,144,0.768022,0.441595,0.58,ICMP,BENIGN,0,112,0,1
FLW-0003611,VPN-SES-00658,0xcb5d13c5,24.8,181,21157,853.1,6824.84,6824.84,115.49,20.52,85,143,1.443008,0.511101,0.557,ICMP,BENIGN,0,89,0,1
FLW-0003612,VPN-SES-00658,0xcb5d13c5,123.34,23893,35899995,291065.31,2328522.46,2328522.46,1366.9,263.54,936,1500,0.063572,0.053733,0.172,Video_Streaming,BENIGN,0,28929,1,0
FLW-0003613,VPN-SES-00658,0xcb5d13c5,160.09,1530,361233,2256.44,18051.5,18051.5,230.3,181.87,40,533,0.7393,0.689402,0.571,WhatsApp,BENIGN,0,1680,1,0
FLW-0003614,VPN-SES-00658,0xcb5d13c5,23.07,145,16398,710.79,5686.35,5686.35,118.57,25.55,65,158,1.936314,1.025581,0.383,ICMP,BENIGN,0,86,0,2
FLW-0003615,VPN-SES-00658,0xcb5d13c5,111.37,7148,4373168,39267.02,314136.16,314136.16,651.22,509.24,40,1500,0.275825,0.662389,0.384,Web_Browsing,BENIGN,0,5984,0,0
FLW-0003616,VPN-SES-00659,0xaf14256f,6.12,58,59594,9737.58,77900.65,77900.65,1018.23,472.98,363,1500,0.581886,0.360587,0.465,Email_IMAP,BENIGN,0,66,0,0
FLW-0003617,VPN-SES-00659,0xaf14256f,334.86,189,39033,116.57,932.52,932.52,207.77,44.74,132,275,1.850585,0.551492,0.427,Attack,C2_BEACONING,1,185,0,5
FLW-0003618,VPN-SES-00659,0xaf14256f,28.45,829,1015657,35699.72,285597.75,285597.75,1136.12,302.26,664,1500,1.019565,1.295168,0.532,Email_IMAP,BENIGN,0,830,0,0
FLW-0003619,VPN-SES-00660,0x35445d8c,54.28,12060,13574448,250081.95,2000655.56,2000655.56,1242.39,158.67,1027,1491,0.066774,0.065636,0.241,Video_Streaming,BENIGN,0,15047,0,2
FLW-0003620,VPN-SES-00660,0x35445d8c,51.76,2523,2253109,43529.93,348239.41,348239.41,927.23,674.25,65,1500,0.648875,0.985047,0.262,Web_Browsing,BENIGN,0,2502,0,0
FLW-0003621,VPN-SES-00660,0x35445d8c,34.29,1018,314649,9176.12,73408.92,73408.92,330.2,92.13,189,466,0.071181,0.036011,0.531,Attack,BRUTE_FORCE,1,2111,0,1
FLW-0003622,VPN-SES-00660,0x35445d8c,27.53,233,21776,790.99,6327.93,6327.93,96.56,35.08,48,170,1.874846,0.482166,0.51,ICMP,BENIGN,0,182,0,0
FLW-0003623,VPN-SES-00661,0xb48fb9e9,100.88,2793,416962,4133.25,33065.98,33065.98,154.57,43.72,68,249,0.038417,0.014844,0.498,VoIP,BENIGN,0,2922,0,0
FLW-0003624,VPN-SES-00661,0xb48fb9e9,58.78,2333,3398412,57815.79,462526.3,462526.3,1361.66,345.52,761,1500,0.767912,0.96872,0.462,Web_Browsing,BENIGN,0,3273,0,0
FLW-0003625,VPN-SES-00661,0xb48fb9e9,58.86,1467,1562358,26543.63,212349.03,212349.03,971.2,347.29,247,1477,0.700657,0.765444,0.431,Email_IMAP,BENIGN,0,1309,0,0
FLW-0003626,VPN-SES-00661,0xb48fb9e9,40.04,1341,1040148,25977.72,207821.78,207821.78,719.52,424.24,40,1500,0.552253,0.834273,0.181,Web_Browsing,BENIGN,0,1316,0,1
FLW-0003627,VPN-SES-00662,0x15f0604a,26.66,49,3951,148.2,1185.6,1185.6,75.05,19.21,40,110,0.548184,0.254701,0.391,ICMP,BENIGN,0,38,0,0
FLW-0003628,VPN-SES-00662,0x15f0604a,268.42,13938,17968161,66940.47,535523.76,535523.76,1306.24,186.75,1031,1500,0.026304,0.027773,0.069,Video_Streaming,BENIGN,0,24073,0,0
FLW-0003629,VPN-SES-00662,0x15f0604a,71.35,2988,1268799,17782.75,142261.98,142261.98,467.05,335.51,40,1035,0.317119,0.278741,0.523,Web_Browsing,BENIGN,0,2932,0,2
FLW-0003630,VPN-SES-00662,0x15f0604a,204.79,14112,16762258,81850.96,654807.68,654807.68,1185.12,239.0,717,1500,0.103269,0.075973,0.244,Video_Streaming,BENIGN,0,22315,0,0
FLW-0003631,VPN-SES-00662,0x15f0604a,22.77,881,740155,32505.71,260045.67,260045.67,891.12,315.42,485,1426,0.83183,0.805688,0.558,Email_IMAP,BENIGN,0,891,1,0
FLW-0003632,VPN-SES-00663,0x43dfeff6,132.44,3450,470628,3553.52,28428.15,28428.15,133.32,34.97,58,206,0.03211,0.022502,0.398,VoIP,BENIGN,0,3092,0,0
FLW-0003633,VPN-SES-00663,0x43dfeff6,130.85,1138,289452,2212.09,17696.72,17696.72,253.69,193.91,40,561,1.881894,2.296808,0.502,WhatsApp,BENIGN,0,1353,0,0
FLW-0003634,VPN-SES-00663,0x43dfeff6,136.5,2494,1158066,8484.0,67872.0,67872.0,444.19,157.84,194,649,0.835329,0.960117,0.412,WhatsApp,BENIGN,0,2268,0,1
FLW-0003635,VPN-SES-00664,0x87756059,44.15,1400,1121386,25399.46,203195.65,203195.65,764.26,413.88,141,1304,0.644434,0.708901,0.501,Email_IMAP,BENIGN,0,1050,0,1
FLW-0003636,VPN-SES-00664,0x87756059,16.0,590,255912,15994.5,127956.0,127956.0,451.99,528.54,40,1500,0.859764,1.189028,0.473,Web_Browsing,BENIGN,0,797,0,1
FLW-0003637,VPN-SES-00664,0x87756059,20.08,116,12386,616.83,4934.66,4934.66,97.84,24.39,63,144,0.476537,0.073679,0.47,ICMP,BENIGN,0,97,0,0
FLW-0003638,VPN-SES-00664,0x87756059,81.83,1919,291186,3558.43,28467.41,28467.41,145.35,56.25,40,234,0.028163,0.016729,0.503,VoIP,BENIGN,0,2213,0,0
FLW-0003639,VPN-SES-00664,0x87756059,26.94,812,360403,13377.99,107023.9,107023.9,479.79,456.54,40,1145,0.439977,0.52341,0.305,Web_Browsing,BENIGN,0,1142,0,1
FLW-0003640,VPN-SES-00665,0xc4c77a96,7.72,18,2160,279.79,2238.34,2238.34,113.46,40.34,40,164,1.074087,0.273962,0.502,ICMP,BENIGN,0,11,0,0
FLW-0003641,VPN-SES-00665,0xc4c77a96,12.18,162,50379,4136.21,33089.66,33089.66,341.31,213.73,40,643,0.60041,0.547004,0.439,WhatsApp,BENIGN,0,180,0,2
FLW-0003642,VPN-SES-00665,0xc4c77a96,89.88,19533,25460443,283271.51,2266172.05,2266172.05,1307.4,191.26,1064,1500,0.018563,0.010964,0.945,Attack,DATA_EXFILTRATION,1,74805,2,2
FLW-0003643,VPN-SES-00665,0xc4c77a96,25.57,37642,5039320,197079.39,1576635.12,1576635.12,140.91,51.88,56,243,0.005642,0.003986,0.805,Attack,DOS_FLOOD,1,131367,4,0
FLW-0003644,VPN-SES-00665,0xc4c77a96,37.1,383,115508,3113.42,24907.39,24907.39,320.84,205.59,70,571,1.740765,1.557989,0.551,WhatsApp,BENIGN,0,278,0,1
FLW-0003645,VPN-SES-00665,0xc4c77a96,22.31,30703,4075077,182656.97,1461255.76,1461255.76,125.97,31.47,72,167,0.003445,0.002006,0.899,Attack,DOS_FLOOD,1,143001,1,4
FLW-0003646,VPN-SES-00665,0xc4c77a96,185.62,91,18173,97.9,783.23,783.23,217.86,111.55,53,442,5.00156,3.849069,0.42,Attack,C2_BEACONING,1,136,0,3
FLW-0003647,VPN-SES-00666,0xf726f649,51.34,1510,337200,6567.98,52543.83,52543.83,243.01,179.84,40,598,0.149369,0.093235,0.51,Attack,BRUTE_FORCE,1,3067,1,3
FLW-0003648,VPN-SES-00666,0xf726f649,65.09,6700,7034654,108075.8,864606.42,864606.42,1162.11,257.78,807,1500,0.036867,0.030011,0.236,Video_Streaming,BENIGN,0,10014,2,0
FLW-0003649,VPN-SES-00666,0xf726f649,11.12,743,81308,7311.87,58494.96,58494.96,111.48,35.82,41,189,0.022099,0.009621,0.794,Attack,PORT_SCAN,1,2054,1,1
FLW-0003650,VPN-SES-00667,0x726b6e7a,60.45,2429,359005,5938.88,47511.0,47511.0,146.29,46.61,85,220,0.103516,0.136672,0.664,VoIP,BENIGN,0,2937,0,3
FLW-0003651,VPN-SES-00667,0x726b6e7a,57.06,2814,724537,12697.81,101582.47,101582.47,256.71,73.62,119,372,0.179831,0.182115,0.696,Attack,BRUTE_FORCE,1,4704,0,4
FLW-0003652,VPN-SES-00667,0x726b6e7a,48.91,2693,359998,7360.42,58883.34,58883.34,126.49,38.51,45,186,0.031775,0.022959,0.555,VoIP,BENIGN,0,2438,1,2
FLW-0003653,VPN-SES-00667,0x726b6e7a,59.12,1710,734770,12428.45,99427.6,99427.6,473.3,377.99,40,962,0.406981,0.451559,0.427,Web_Browsing,BENIGN,0,1813,0,1
FLW-0003654,VPN-SES-00667,0x726b6e7a,6.63,1312,111369,16797.74,134381.9,134381.9,93.65,18.33,65,122,0.022832,0.013468,0.9,Attack,PORT_SCAN,1,3131,0,2
FLW-0003655,VPN-SES-00667,0x726b6e7a,12.78,42,3866,302.5,2420.03,2420.03,96.21,23.04,59,145,0.933023,0.452261,0.464,ICMP,BENIGN,0,44,0,0
FLW-0003656,VPN-SES-00667,0x726b6e7a,92.56,3425,2778617,30019.63,240157.04,240157.04,823.02,455.93,239,1500,0.499833,0.709438,0.284,Web_Browsing,BENIGN,0,3330,0,2
FLW-0003657,VPN-SES-00667,0x726b6e7a,32.82,373,337146,10272.58,82180.62,82180.62,904.18,380.82,279,1435,0.491823,0.380178,0.499,Email_IMAP,BENIGN,0,384,0,2
FLW-0003658,VPN-SES-00668,0x330f6359,30.74,1560,2147597,69863.27,558906.18,558906.18,1307.28,284.7,921,1500,0.023988,0.02649,0.02,Video_Streaming,BENIGN,0,1565,0,0
FLW-0003659,VPN-SES-00668,0x330f6359,85.49,1046,431010,5041.64,40333.14,40333.14,424.47,137.71,169,710,0.808389,0.682374,0.517,WhatsApp,BENIGN,0,842,0,0
FLW-0003660,VPN-SES-00668,0x330f6359,52.48,1464,1062145,20239.04,161912.35,161912.35,764.38,523.14,114,1500,0.76739,0.694467,0.431,Email_IMAP,BENIGN,0,1146,0,0
FLW-0003661,VPN-SES-00669,0x777ee2ce,115.12,3070,479733,4167.24,33337.94,33337.94,151.65,53.62,86,231,0.039381,0.021756,0.477,VoIP,BENIGN,0,2324,0,1
FLW-0003662,VPN-SES-00669,0x777ee2ce,73.44,1373,756341,10298.76,82390.09,82390.09,598.36,379.03,40,1401,0.453497,0.380463,0.473,Web_Browsing,BENIGN,0,1865,0,2
FLW-0003663,VPN-SES-00669,0x777ee2ce,61.99,2007,1120933,18082.48,144659.85,144659.85,583.49,413.29,40,1381,0.517105,0.389148,0.606,Email_IMAP,BENIGN,0,2318,0,0
FLW-0003664,VPN-SES-00670,0x2f4db543,93.99,1669,1495557,15911.87,127294.99,127294.99,940.87,597.06,40,1500,0.282858,0.256215,0.317,Web_Browsing,BENIGN,0,1600,0,0
FLW-0003665,VPN-SES-00670,0x2f4db543,35.48,243,190285,5363.16,42905.3,42905.3,836.56,427.26,40,1500,1.098733,0.941801,0.62,Email_IMAP,BENIGN,0,202,0,1
FLW-0003666,VPN-SES-00670,0x2f4db543,161.21,24790,30314459,188043.29,1504346.33,1504346.33,1297.4,207.56,1001,1500,0.027015,0.019798,0.226,Video_Streaming,BENIGN,0,27852,0,0
FLW-0003667,VPN-SES-00670,0x2f4db543,120.57,10769,14622437,121277.57,970220.59,970220.59,1328.93,171.67,973,1500,0.035772,0.023476,0.916,Attack,DATA_EXFILTRATION,1,23469,0,4
FLW-0003668,VPN-SES-00670,0x2f4db543,121.9,11872,16879165,138467.31,1107738.47,1107738.47,1342.64,264.15,902,1500,0.024362,0.014251,0.06,Video_Streaming,BENIGN,0,12009,0,1
FLW-0003669,VPN-SES-00670,0x2f4db543,49.53,1702,1043879,21075.69,168605.53,168605.53,623.02,506.48,40,1500,0.478662,0.569239,0.388,Web_Browsing,BENIGN,0,1628,0,1
FLW-0003670,VPN-SES-00671,0x866b6138,83.93,1595,688977,8208.95,65671.58,65671.58,430.01,221.67,150,803,1.289405,1.402316,0.587,WhatsApp,BENIGN,0,1146,0,0
FLW-0003671,VPN-SES-00671,0x866b6138,6.35,905,80908,12741.42,101931.34,101931.34,89.7,35.56,40,133,0.017394,0.008037,0.666,Attack,PORT_SCAN,1,2896,0,1
FLW-0003672,VPN-SES-00671,0x866b6138,180.15,27332,35296748,195929.77,1567438.16,1567438.16,1229.44,287.14,715,1500,0.040332,0.04947,0.184,Video_Streaming,BENIGN,0,42954,0,0
FLW-0003673,VPN-SES-00671,0x866b6138,65.72,2814,1058695,16109.18,128873.4,128873.4,404.27,510.77,40,1151,0.600701,0.826068,0.332,Web_Browsing,BENIGN,0,2351,0,0
FLW-0003674,VPN-SES-00671,0x866b6138,63.21,2467,2364480,37406.74,299253.92,299253.92,996.65,384.24,380,1500,0.261683,0.277255,0.442,Web_Browsing,BENIGN,0,2608,0,2
FLW-0003675,VPN-SES-00672,0x72216ec6,108.57,2405,2356389,21703.87,173630.95,173630.95,959.13,508.26,100,1500,0.485586,0.537246,0.446,Web_Browsing,BENIGN,0,3503,0,2
FLW-0003676,VPN-SES-00672,0x72216ec6,23.53,3364,4244034,180366.94,1442935.49,1442935.49,1390.35,422.21,799,1500,0.044761,0.030711,0.159,Video_Streaming,BENIGN,0,5720,0,0
FLW-0003677,VPN-SES-00672,0x72216ec6,44.0,8368,11027171,250617.52,2004940.18,2004940.18,1275.69,223.84,807,1500,0.032891,0.032777,0.176,Video_Streaming,BENIGN,0,9153,0,2
FLW-0003678,VPN-SES-00672,0x72216ec6,8.7,25,2597,298.51,2388.05,2388.05,106.91,7.41,95,122,0.850932,0.240803,0.388,ICMP,BENIGN,0,23,0,1
FLW-0003679,VPN-SES-00673,0xca045dfb,119.23,1224,294929,2473.61,19788.91,19788.91,263.16,115.87,41,457,1.432387,1.326483,0.483,WhatsApp,BENIGN,0,1150,0,0
FLW-0003680,VPN-SES-00673,0xca045dfb,84.38,2759,517099,6128.22,49025.74,49025.74,172.22,27.93,135,229,0.067747,0.024596,0.511,VoIP,BENIGN,0,2610,0,0
FLW-0003681,VPN-SES-00673,0xca045dfb,118.95,1064,312989,2631.27,21050.12,21050.12,320.32,230.36,40,657,3.22044,3.535362,0.434,WhatsApp,BENIGN,0,1171,0,0
FLW-0003682,VPN-SES-00673,0xca045dfb,46.6,2991,778408,16704.03,133632.27,133632.27,270.52,128.22,101,517,0.428174,0.266394,0.597,Attack,BRUTE_FORCE,1,4674,0,3
FLW-0003683,VPN-SES-00673,0xca045dfb,77.97,3284,2619253,33593.09,268744.7,268744.7,754.53,432.58,40,1500,0.957588,1.507043,0.29,Web_Browsing,BENIGN,0,4024,0,1
FLW-0003684,VPN-SES-00673,0xca045dfb,59.04,1134,845312,14317.62,114540.92,114540.92,688.83,333.18,147,1340,0.630905,0.409725,0.524,Email_IMAP,BENIGN,0,1250,0,1
FLW-0003685,VPN-SES-00673,0xca045dfb,4.44,30,3085,694.82,5558.56,5558.56,104.5,38.25,44,165,1.141014,0.247192,0.517,ICMP,BENIGN,0,20,0,1
FLW-0003686,VPN-SES-00673,0xca045dfb,98.12,691,222909,2271.8,18174.4,18174.4,302.28,264.96,40,624,0.770615,0.787807,0.604,WhatsApp,BENIGN,0,702,0,0
FLW-0003687,VPN-SES-00674,0x1242fb7e,169.15,11192,14343036,84794.77,678358.19,678358.19,1257.43,249.43,915,1500,0.071742,0.060684,0.193,Video_Streaming,BENIGN,0,18182,0,3
FLW-0003688,VPN-SES-00674,0x1242fb7e,44.77,1779,281972,6298.24,50385.88,50385.88,161.95,53.49,64,245,0.033264,0.021301,0.588,VoIP,BENIGN,0,2325,0,0
FLW-0003689,VPN-SES-00674,0x1242fb7e,141.03,29370,38276900,271409.63,2171277.03,2171277.03,1375.9,216.89,978,1500,0.04763,0.046991,0.213,Video_Streaming,BENIGN,0,39981,0,1
FLW-0003690,VPN-SES-00674,0x1242fb7e,131.54,12551,15500438,117838.21,942705.67,942705.67,1311.36,244.0,997,1500,0.040936,0.029517,0.254,Video_Streaming,BENIGN,0,14224,0,0
FLW-0003691,VPN-SES-00674,0x1242fb7e,11.21,11495,1060461,94599.55,756796.43,756796.43,92.27,36.87,41,153,0.007103,0.001722,0.944,Attack,DOS_FLOOD,1,55849,1,2
FLW-0003692,VPN-SES-00675,0x8b6de071,92.12,2940,379109,4115.38,32923.06,32923.06,141.19,39.24,86,194,0.032018,0.021766,0.538,VoIP,BENIGN,0,3369,0,0
FLW-0003693,VPN-SES-00675,0x8b6de071,17.71,262,222133,12542.8,100342.41,100342.41,862.57,348.29,362,1324,0.390107,0.374165,0.35,Web_Browsing,BENIGN,0,262,0,0
FLW-0003694,VPN-SES-00675,0x8b6de071,37.1,185,156050,4206.2,33649.6,33649.6,843.93,616.88,40,1500,0.975511,0.795892,0.586,Email_IMAP,BENIGN,0,175,0,0
FLW-0003695,VPN-SES-00676,0x3cfc142d,50.98,289,239844,4704.67,37637.35,37637.35,841.59,439.91,149,1500,0.637882,0.690727,0.427,Email_IMAP,BENIGN,0,244,0,2
FLW-0003696,VPN-SES-00676,0x3cfc142d,24.84,552,522232,21023.83,168190.66,168190.66,929.85,506.41,206,1500,0.773205,0.738912,0.415,Web_Browsing,BENIGN,0,787,0,1
FLW-0003697,VPN-SES-00676,0x3cfc142d,18.68,579,96362,5158.57,41268.52,41268.52,156.81,54.88,40,223,0.104932,0.061096,0.5,VoIP,BENIGN,0,749,0,2
FLW-0003698,VPN-SES-00676,0x3cfc142d,101.68,2632,1235040,12146.34,97170.73,97170.73,515.19,175.85,190,845,2.108929,2.040656,0.443,WhatsApp,BENIGN,0,2742,0,2
FLW-0003699,VPN-SES-00676,0x3cfc142d,39.3,25644,3684531,93753.97,750031.76,750031.76,151.15,38.49,91,216,0.010895,0.005943,0.935,Attack,DOS_FLOOD,1,116195,2,0
FLW-0003700,VPN-SES-00676,0x3cfc142d,165.39,622,228582,1382.08,11056.63,11056.63,343.53,134.97,170,588,0.751563,0.736111,0.518,WhatsApp,BENIGN,0,724,0,0
FLW-0003701,VPN-SES-00677,0x67a9b67f,16.73,3489,258545,15453.97,123631.8,123631.8,78.17,16.91,46,100,0.022779,0.011122,0.799,Attack,PORT_SCAN,1,7413,0,3
FLW-0003702,VPN-SES-00677,0x67a9b67f,64.78,380,163514,2524.14,20193.15,20193.15,432.53,185.94,187,713,1.113859,1.32053,0.423,WhatsApp,BENIGN,0,330,0,0
FLW-0003703,VPN-SES-00677,0x67a9b67f,19.0,362,298259,15697.84,125582.74,125582.74,847.45,393.39,152,1500,0.296363,0.299638,0.513,Email_IMAP,BENIGN,0,274,0,2
FLW-0003704,VPN-SES-00677,0x67a9b67f,21.99,275,193931,8819.05,70552.43,70552.43,749.12,475.34,40,1462,0.354828,0.39836,0.388,Web_Browsing,BENIGN,0,359,0,0
FLW-0003705,VPN-SES-00677,0x67a9b67f,14.17,100,12458,879.18,7033.45,7033.45,132.85,26.41,86,187,0.51131,0.167501,0.456,ICMP,BENIGN,0,55,0,0
FLW-0003706,VPN-SES-00677,0x67a9b67f,17.99,109,7188,399.56,3196.44,3196.44,70.0,24.13,40,104,0.725,0.30018,0.555,ICMP,BENIGN,0,91,0,1
FLW-0003707,VPN-SES-00677,0x67a9b67f,323.24,778,120458,372.66,2981.26,2981.26,172.0,58.03,45,266,3.457477,1.583235,0.513,Attack,C2_BEACONING,1,771,0,2
FLW-0003708,VPN-SES-00678,0x8e460b4e,252.93,280,73232,289.53,2316.28,2316.28,239.8,51.54,130,326,1.853673,1.277807,0.578,Attack,C2_BEACONING,1,247,0,4
FLW-0003709,VPN-SES-00678,0x8e460b4e,104.36,9518,12738210,122060.27,976482.18,976482.18,1220.08,209.51,861,1500,0.055815,0.038734,0.149,Video_Streaming,BENIGN,0,12175,0,1
FLW-0003710,VPN-SES-00678,0x8e460b4e,87.87,2179,728792,8293.98,66351.84,66351.84,318.09,497.71,40,1299,0.566706,0.739696,0.486,Web_Browsing,BENIGN,0,2630,0,2
FLW-0003711,VPN-SES-00678,0x8e460b4e,16.11,45,5436,337.43,2699.44,2699.44,121.29,22.04,85,160,1.420263,0.919653,0.434,ICMP,BENIGN,0,33,0,0
FLW-0003712,VPN-SES-00678,0x8e460b4e,55.08,2710,462620,8399.06,67192.45,67192.45,168.13,34.34,95,230,0.049432,0.028996,0.507,VoIP,BENIGN,0,2827,0,0
FLW-0003713,VPN-SES-00678,0x8e460b4e,57.34,1677,213675,3726.46,29811.65,29811.65,130.74,53.77,40,238,0.064244,0.027433,0.601,VoIP,BENIGN,0,2012,0,2
FLW-0003714,VPN-SES-00679,0x6d06fdc3,43.6,50952,6834528,156755.23,1254041.83,1254041.83,136.08,38.83,70,207,0.00978,0.00601,0.754,Attack,DOS_FLOOD,1,181527,2,1
FLW-0003715,VPN-SES-00679,0x6d06fdc3,96.21,1806,795349,8266.8,66134.41,66134.41,441.12,335.1,40,1009,0.529095,0.483684,0.297,Web_Browsing,BENIGN,0,2163,0,0
FLW-0003716,VPN-SES-00679,0x6d06fdc3,37.44,2999,615507,16439.82,131518.59,131518.59,220.27,96.2,40,338,0.113945,0.079893,0.622,Attack,BRUTE_FORCE,1,5730,0,0
FLW-0003717,VPN-SES-00679,0x6d06fdc3,233.17,32159,34513768,148019.76,1184158.1,1184158.1,1165.42,101.67,1003,1339,0.035213,0.029916,0.08,Video_Streaming,BENIGN,0,37357,2,1
FLW-0003718,VPN-SES-00679,0x6d06fdc3,15.01,26998,3367663,224361.29,1794890.34,1794890.34,126.24,50.28,54,222,0.008214,0.003753,0.937,Attack,DOS_FLOOD,1,106746,1,2
FLW-0003719,VPN-SES-00679,0x6d06fdc3,3.49,887,110487,31658.17,253265.33,253265.33,117.07,18.48,91,144,0.040766,0.020087,0.768,Attack,PORT_SCAN,1,2477,0,0
FLW-0003720,VPN-SES-00679,0x6d06fdc3,38.76,2082,1103354,28466.31,227730.44,227730.44,571.32,547.93,40,1500,0.250703,0.302904,0.357,Web_Browsing,BENIGN,0,2571,0,0
FLW-0003721,VPN-SES-00680,0x2d0fc8c2,19.97,472,415955,20828.99,166631.95,166631.95,888.01,609.2,135,1500,0.483331,0.455611,0.443,Email_IMAP,BENIGN,0,554,0,1
FLW-0003722,VPN-SES-00680,0x2d0fc8c2,71.26,6114,7399283,103835.01,830680.1,830680.1,1153.45,297.67,603,1500,0.051144,0.049112,0.136,Video_Streaming,BENIGN,0,7716,1,0
FLW-0003723,VPN-SES-00680,0x2d0fc8c2,214.24,3932,2130504,9944.47,79555.79,79555.79,521.08,130.81,268,717,1.743703,1.369473,0.42,WhatsApp,BENIGN,0,4269,0,3
FLW-0003724,VPN-SES-00680,0x2d0fc8c2,17.95,3462,4583006,255320.67,2042565.35,2042565.35,1223.11,151.59,952,1455,0.032609,0.020489,0.98,Attack,DATA_EXFILTRATION,1,11941,1,4
FLW-0003725,VPN-SES-00680,0x2d0fc8c2,9.21,16,1482,160.91,1287.3,1287.3,96.02,18.72,66,136,0.652716,0.294704,0.406,ICMP,BENIGN,0,13,0,1
FLW-0003726,VPN-SES-00680,0x2d0fc8c2,69.65,851,561434,8060.79,64486.32,64486.32,700.36,473.51,40,1465,0.253851,0.235193,0.395,Web_Browsing,BENIGN,0,815,0,0
FLW-0003727,VPN-SES-00680,0x2d0fc8c2,45.7,1694,279833,6123.26,48986.08,48986.08,178.81,45.34,83,244,0.027479,0.018217,0.562,VoIP,BENIGN,0,2020,0,0
FLW-0003728,VPN-SES-00681,0xa933a462,212.66,438,74850,351.97,2815.76,2815.76,183.19,69.37,70,275,2.782279,1.11114,0.478,Attack,C2_BEACONING,1,532,0,3
FLW-0003729,VPN-SES-00681,0xa933a462,76.96,3234,486747,6324.68,50597.4,50597.4,139.46,45.77,65,202,0.080507,0.050256,0.528,VoIP,BENIGN,0,4186,0,1
FLW-0003730,VPN-SES-00681,0xa933a462,46.93,1515,818444,17439.68,139517.41,139517.41,537.86,587.73,40,1349,1.08602,1.279973,0.343,Web_Browsing,BENIGN,0,1876,0,1
FLW-0003731,VPN-SES-00681,0xa933a462,62.5,2418,1663648,26618.37,212946.94,212946.94,667.9,533.36,40,1500,0.173466,0.21574,0.517,Web_Browsing,BENIGN,0,2677,0,0
FLW-0003732,VPN-SES-00681,0xa933a462,137.97,9154,9874036,71566.54,572532.35,572532.35,1170.49,196.13,783,1424,0.042777,0.024114,0.181,Video_Streaming,BENIGN,0,13073,0,0
FLW-0003733,VPN-SES-00681,0xa933a462,188.71,397,82011,434.59,3476.7,3476.7,205.05,81.66,65,373,11.538758,6.289699,0.592,Attack,C2_BEACONING,1,350,0,1
FLW-0003734,VPN-SES-00682,0x30cbbd96,32.49,632,455427,14017.45,112139.61,112139.61,754.1,479.9,94,1420,0.411851,0.261521,0.455,Email_IMAP,BENIGN,0,634,1,2
FLW-0003735,VPN-SES-00682,0x30cbbd96,8.34,441,87491,10490.53,83924.22,83924.22,192.95,43.11,101,287,0.046915,0.032418,0.473,VoIP,BENIGN,0,340,0,3
FLW-0003736,VPN-SES-00682,0x30cbbd96,49.9,749,636436,12754.23,102033.83,102033.83,824.91,662.52,40,1500,0.576155,0.47461,0.502,Email_IMAP,BENIGN,0,692,0,1
FLW-0003737,VPN-SES-00682,0x30cbbd96,4.06,924,89494,22042.86,176342.86,176342.86,106.51,24.76,75,148,0.026414,0.022846,0.762,Attack,PORT_SCAN,1,2977,0,1
FLW-0003738,VPN-SES-00683,0x20134e94,23.55,99,10861,461.19,3689.51,3689.51,107.93,14.52,80,129,0.405175,0.186234,0.321,ICMP,BENIGN,0,75,0,1
FLW-0003739,VPN-SES-00683,0x20134e94,27.57,277,138873,5037.11,40296.84,40296.84,525.86,459.69,40,1301,1.20922,1.25387,0.504,Email_IMAP,BENIGN,0,227,0,0
FLW-0003740,VPN-SES-00683,0x20134e94,156.34,24294,32673306,208988.78,1671910.25,1671910.25,1256.9,244.47,806,1500,0.037121,0.022631,0.103,Video_Streaming,BENIGN,0,24570,0,1
FLW-0003741,VPN-SES-00684,0xec26f6c0,24.27,29,3614,148.91,1191.26,1191.26,117.74,19.02,80,159,0.655353,0.287049,0.54,ICMP,BENIGN,0,23,0,1
FLW-0003742,VPN-SES-00684,0xec26f6c0,85.26,1184,444121,5209.02,41672.16,41672.16,358.23,288.95,40,956,0.789784,0.95446,0.554,WhatsApp,BENIGN,0,1107,0,1
FLW-0003743,VPN-SES-00684,0xec26f6c0,13.77,135,157984,11473.06,91784.46,91784.46,1131.63,481.46,436,1500,1.011017,0.983328,0.511,Email_IMAP,BENIGN,0,109,0,1
FLW-0003744,VPN-SES-00685,0x4c06c2b3,64.2,1243,996931,15528.52,124228.16,124228.16,763.52,421.04,40,1333,0.819707,1.454454,0.388,Web_Browsing,BENIGN,0,1373,0,1
FLW-0003745,VPN-SES-00685,0x4c06c2b3,60.35,2032,1146071,18990.41,151923.25,151923.25,585.3,408.6,40,1159,0.990607,0.791391,0.383,Web_Browsing,BENIGN,0,2061,0,0
FLW-0003746,VPN-SES-00685,0x4c06c2b3,24.42,691,467320,19136.77,153094.19,153094.19,693.58,301.01,320,1248,1.326732,1.419886,0.517,Email_IMAP,BENIGN,0,805,0,1
FLW-0003747,VPN-SES-00685,0x4c06c2b3,79.0,2640,1182579,14969.35,119754.84,119754.84,427.89,362.59,40,1021,0.445534,0.47344,0.302,Web_Browsing,BENIGN,0,2852,0,0
FLW-0003748,VPN-SES-00685,0x4c06c2b3,146.28,581,294926,2016.17,16129.4,16129.4,484.14,224.6,163,855,0.689346,0.723108,0.461,WhatsApp,BENIGN,0,422,0,0
FLW-0003749,VPN-SES-00685,0x4c06c2b3,91.74,1330,374578,4083.04,32664.31,32664.31,310.24,137.56,40,490,1.019417,0.943598,0.475,WhatsApp,BENIGN,0,1369,0,1
FLW-0003750,VPN-SES-00685,0x4c06c2b3,22.08,492,323927,14670.61,117364.86,117364.86,700.9,616.24,40,1500,0.444687,0.377206,0.354,Web_Browsing,BENIGN,0,576,0,2
FLW-0003751,VPN-SES-00685,0x4c06c2b3,58.3,852,506204,8682.74,69461.96,69461.96,585.91,434.55,40,1345,0.301421,0.373494,0.309,Web_Browsing,BENIGN,0,1173,0,1
FLW-0003752,VPN-SES-00686,0xa5ea0734,40.19,901,327624,8151.88,65215.03,65215.03,403.39,292.4,40,991,0.579607,0.506338,0.59,WhatsApp,BENIGN,0,1073,0,1
FLW-0003753,VPN-SES-00686,0xa5ea0734,226.68,14483,19400879,85587.08,684696.63,684696.63,1391.46,143.32,1153,1500,0.028476,0.014162,0.072,Video_Streaming,BENIGN,0,22487,0,0
FLW-0003754,VPN-SES-00686,0xa5ea0734,210.94,16388,18671689,88516.59,708132.7,708132.7,1245.32,167.29,891,1489,0.027273,0.022057,0.153,Video_Streaming,BENIGN,0,22562,0,2
FLW-0003755,VPN-SES-00686,0xa5ea0734,109.01,10588,12608293,115661.8,925294.41,925294.41,1107.3,365.77,527,1500,0.024983,0.014359,0.078,Video_Streaming,BENIGN,0,12560,0,1
FLW-0003756,VPN-SES-00686,0xa5ea0734,16.59,83,44044,2654.85,21238.82,21238.82,532.04,296.27,40,1077,0.819318,0.789092,0.375,Email_IMAP,BENIGN,0,82,0,0
FLW-0003757,VPN-SES-00686,0xa5ea0734,212.72,342,85258,400.8,3206.39,3206.39,255.27,97.67,89,385,3.244232,2.783339,0.543,Attack,C2_BEACONING,1,383,0,4
FLW-0003758,VPN-SES-00686,0xa5ea0734,106.89,5595,7200670,67365.24,538921.88,538921.88,1359.54,157.84,1149,1500,0.031973,0.02722,0.104,Video_Streaming,BENIGN,0,5523,0,1
FLW-0003759,VPN-SES-00686,0xa5ea0734,88.3,1088,657408,7445.16,59561.31,59561.31,646.51,404.04,40,1487,0.472631,0.553372,0.317,Web_Browsing,BENIGN,0,1168,1,2
FLW-0003760,VPN-SES-00687,0xa4a9922e,70.17,1608,218481,3113.6,24908.76,24908.76,131.91,35.96,71,199,0.029361,0.01602,0.397,VoIP,BENIGN,0,1891,1,1
FLW-0003761,VPN-SES-00687,0xa4a9922e,30.53,188,131284,4300.16,34401.31,34401.31,655.45,453.83,40,1500,0.191265,0.119078,0.444,Email_IMAP,BENIGN,0,213,0,1
FLW-0003762,VPN-SES-00687,0xa4a9922e,29.51,598,204823,6940.8,55526.4,55526.4,353.75,264.81,40,759,1.292886,1.545625,0.469,WhatsApp,BENIGN,0,673,0,2
FLW-0003763,VPN-SES-00688,0x48e1a05d,23.49,456,101601,4325.29,34602.3,34602.3,246.19,215.58,40,625,1.159577,0.932052,0.543,WhatsApp,BENIGN,0,502,0,1
FLW-0003764,VPN-SES-00688,0x48e1a05d,75.24,2957,428938,5700.93,45607.44,45607.44,133.41,62.83,54,268,0.07209,0.050893,0.317,VoIP,BENIGN,0,3645,0,1
FLW-0003765,VPN-SES-00688,0x48e1a05d,23.27,1273,407833,17526.13,140209.02,140209.02,291.8,150.14,40,572,0.294097,0.160299,0.585,Attack,BRUTE_FORCE,1,2693,0,2
FLW-0003766,VPN-SES-00688,0x48e1a05d,8.69,210,28019,3224.28,25794.25,25794.25,136.76,46.74,45,236,0.043435,0.032446,0.685,VoIP,BENIGN,0,265,0,1
FLW-0003767,VPN-SES-00688,0x48e1a05d,116.76,6374,6499345,55664.14,445313.12,445313.12,1093.69,253.89,576,1500,0.035303,0.025797,0.21,Video_Streaming,BENIGN,0,6871,0,2
FLW-0003768,VPN-SES-00689,0xe37f6059,6.19,25,2893,467.37,3738.93,3738.93,105.42,33.94,48,175,0.661053,0.31949,0.603,ICMP,BENIGN,0,16,0,0
FLW-0003769,VPN-SES-00689,0xe37f6059,23.55,20809,2624220,111431.85,891454.78,891454.78,135.66,40.61,52,200,0.008505,0.004335,0.98,Attack,DOS_FLOOD,1,107405,2,3
FLW-0003770,VPN-SES-00689,0xe37f6059,19.12,702,430556,22518.62,180148.95,180148.95,640.35,440.79,40,1242,0.390001,0.493406,0.459,Web_Browsing,BENIGN,0,948,1,1
FLW-0003771,VPN-SES-00689,0xe37f6059,111.62,2315,785601,7038.17,56305.39,56305.39,343.78,239.64,40,683,0.579739,0.971673,0.492,WhatsApp,BENIGN,0,1855,0,2
FLW-0003772,VPN-SES-00689,0xe37f6059,173.53,4373,1120588,6457.6,51660.83,51660.83,240.64,259.44,40,770,1.135873,1.153901,0.466,WhatsApp,BENIGN,0,5278,0,0
FLW-0003773,VPN-SES-00689,0xe37f6059,186.51,1260,297907,1597.27,12778.17,12778.17,242.11,151.66,40,440,0.646576,0.831188,0.403,WhatsApp,BENIGN,0,877,0,2
FLW-0003774,VPN-SES-00689,0xe37f6059,25.88,1610,876065,33851.04,270808.35,270808.35,583.52,486.08,40,1398,0.266987,0.229081,0.269,Web_Browsing,BENIGN,0,2024,0,1
FLW-0003775,VPN-SES-00690,0xe19c2f8c,57.97,8478,10242302,176682.8,1413462.41,1413462.41,1322.79,225.81,903,1500,0.047489,0.039673,0.06,Video_Streaming,BENIGN,0,13133,0,1
FLW-0003776,VPN-SES-00690,0xe19c2f8c,11.81,9085,1366266,115687.21,925497.71,925497.71,157.41,32.38,87,212,0.004835,0.00195,0.804,Attack,DOS_FLOOD,1,36053,4,3
FLW-0003777,VPN-SES-00690,0xe19c2f8c,12.73,320,253283,19896.54,159172.35,159172.35,735.67,669.31,40,1500,0.2486,0.293497,0.285,Web_Browsing,BENIGN,0,408,0,0
FLW-0003778,VPN-SES-00690,0xe19c2f8c,34.92,1073,278423,7973.17,63785.34,63785.34,268.53,128.78,40,486,0.196223,0.155168,0.587,Attack,BRUTE_FORCE,1,2259,0,4
FLW-0003779,VPN-SES-00690,0xe19c2f8c,279.69,309,81995,293.16,2345.31,2345.31,280.12,69.66,186,394,1.96009,1.089608,0.57,Attack,C2_BEACONING,1,294,0,3
FLW-0003780,VPN-SES-00690,0xe19c2f8c,35.55,1754,319661,8991.87,71934.96,71934.96,177.67,27.33,118,235,0.051358,0.03137,0.541,VoIP,BENIGN,0,2122,0,1
FLW-0003781,VPN-SES-00690,0xe19c2f8c,77.66,1839,706451,9096.72,72773.73,72773.73,388.85,506.08,40,1475,0.510786,0.515207,0.252,Web_Browsing,BENIGN,0,1596,0,1
FLW-0003782,VPN-SES-00691,0xd2d52a58,62.3,1352,200609,3220.05,25760.39,25760.39,160.74,49.27,59,263,0.044561,0.019544,0.424,VoIP,BENIGN,0,1593,0,2
FLW-0003783,VPN-SES-00691,0xd2d52a58,30.89,160,14970,484.62,3876.98,3876.98,98.46,21.4,64,126,1.267051,0.560176,0.497,ICMP,BENIGN,0,124,0,1
FLW-0003784,VPN-SES-00691,0xd2d52a58,50.27,8673,10448016,207837.99,1662703.96,1662703.96,1210.55,198.03,882,1500,0.028104,0.013362,0.163,Video_Streaming,BENIGN,0,10598,0,1
FLW-0003785,VPN-SES-00692,0x4c054c3f,33.68,1264,1584895,47057.45,376459.62,376459.62,1253.6,501.83,461,1500,0.598719,1.029079,0.37,Web_Browsing,BENIGN,0,1509,0,1
FLW-0003786,VPN-SES-00692,0x4c054c3f,51.98,2357,387943,7463.31,59706.5,59706.5,164.2,57.31,71,282,0.043555,0.027509,0.377,VoIP,BENIGN,0,2111,0,1
FLW-0003787,VPN-SES-00692,0x4c054c3f,15.52,193,176655,11382.41,91059.28,91059.28,957.37,499.7,40,1500,0.614831,0.923776,0.641,Email_IMAP,BENIGN,0,196,0,0
FLW-0003788,VPN-SES-00692,0x4c054c3f,79.43,186,32943,414.74,3317.94,3317.94,165.21,126.87,40,407,7.476193,3.089543,0.692,Attack,C2_BEACONING,1,255,0,4
FLW-0003789,VPN-SES-00692,0x4c054c3f,77.87,1454,1729149,22205.59,177644.69,177644.69,1303.1,415.08,590,1500,0.951639,1.770538,0.24,Web_Browsing,BENIGN,0,1566,0,2
FLW-0003790,VPN-SES-00692,0x4c054c3f,26.01,505,194385,7473.47,59787.77,59787.77,400.52,159.07,203,599,0.590481,0.478957,0.539,WhatsApp,BENIGN,0,614,0,0
FLW-0003791,VPN-SES-00692,0x4c054c3f,102.16,1419,665303,6512.36,52098.9,52098.9,488.39,228.61,90,905,0.614126,0.513745,0.48,WhatsApp,BENIGN,0,1558,0,1
FLW-0003792,VPN-SES-00692,0x4c054c3f,36.19,1162,169446,4682.12,37456.98,37456.98,160.91,49.66,63,225,0.075892,0.044805,0.594,VoIP,BENIGN,0,1322,0,1
FLW-0003793,VPN-SES-00693,0xc1aa6e6d,11.48,369,60473,5267.68,42141.46,42141.46,169.53,46.11,93,266,0.024176,0.012518,0.459,VoIP,BENIGN,0,427,0,1
FLW-0003794,VPN-SES-00693,0xc1aa6e6d,12.44,115,11924,958.52,7668.17,7668.17,110.66,24.62,73,151,0.985123,0.274363,0.493,ICMP,BENIGN,0,59,0,0
FLW-0003795,VPN-SES-00693,0xc1aa6e6d,40.42,1132,201893,4994.88,39959.03,39959.03,173.97,33.73,117,217,0.045318,0.023396,0.377,VoIP,BENIGN,0,1302,0,3
FLW-0003796,VPN-SES-00693,0xc1aa6e6d,13.19,234,99943,7577.18,60617.44,60617.44,407.18,187.36,147,702,1.067916,0.984535,0.337,WhatsApp,BENIGN,0,176,0,0
FLW-0003797,VPN-SES-00694,0x4a573c6e,96.38,2570,929582,9644.97,77159.74,77159.74,393.84,120.14,236,576,0.903159,0.982979,0.47,WhatsApp,BENIGN,0,2004,0,0
FLW-0003798,VPN-SES-00694,0x4a573c6e,9.56,5230,749667,78417.05,627336.4,627336.4,157.71,34.7,113,232,0.003454,0.00117,0.976,Attack,DOS_FLOOD,1,23748,3,3
FLW-0003799,VPN-SES-00694,0x4a573c6e,125.55,2211,592831,4721.87,37774.97,37774.97,259.12,222.6,40,606,1.601084,1.768747,0.477,WhatsApp,BENIGN,0,2025,0,0
FLW-0003800,VPN-SES-00695,0xd6ae96ec,199.01,19086,21248699,106772.02,854176.13,854176.13,1138.1,173.48,812,1431,0.044876,0.034402,0.02,Video_Streaming,BENIGN,0,18889,0,1
FLW-0003801,VPN-SES-00695,0xd6ae96ec,171.07,22650,29011076,169585.99,1356687.95,1356687.95,1342.97,198.51,970,1500,0.04458,0.040444,0.081,Video_Streaming,BENIGN,0,33566,2,1
FLW-0003802,VPN-SES-00695,0xd6ae96ec,48.68,1776,865966,17788.95,142311.59,142311.59,524.59,653.18,40,1500,0.745402,1.029008,0.397,Email_IMAP,BENIGN,0,2119,0,0
FLW-0003803,VPN-SES-00696,0x16297a2a,42.74,1254,1167034,27305.43,218443.43,218443.43,936.38,356.29,500,1500,0.262944,0.197114,0.217,Web_Browsing,BENIGN,0,1318,0,1
FLW-0003804,VPN-SES-00696,0x16297a2a,85.26,3309,560413,6572.99,52583.91,52583.91,170.03,46.81,103,247,0.083074,0.038561,0.399,VoIP,BENIGN,0,3647,0,1
FLW-0003805,VPN-SES-00696,0x16297a2a,48.07,1446,221636,4610.69,36885.54,36885.54,156.76,61.7,40,280,0.039002,0.023816,0.529,VoIP,BENIGN,0,1229,0,1
FLW-0003806,VPN-SES-00696,0x16297a2a,66.19,1986,301726,4558.48,36467.87,36467.87,145.95,37.75,86,194,0.035422,0.027256,0.443,VoIP,BENIGN,0,1935,0,0
FLW-0003807,VPN-SES-00696,0x16297a2a,22.51,23,2547,113.15,905.2,905.2,115.2,22.67,81,162,0.677741,0.18839,0.515,ICMP,BENIGN,0,14,1,1
FLW-0003808,VPN-SES-00696,0x16297a2a,138.84,27289,34831217,250873.07,2006984.56,2006984.56,1240.26,236.38,894,1500,0.009298,0.006777,0.864,Attack,DATA_EXFILTRATION,1,78181,0,4
FLW-0003809,VPN-SES-00696,0x16297a2a,10.03,342,241850,24112.66,192901.3,192901.3,734.59,490.96,40,1337,0.518418,0.538766,0.651,Email_IMAP,BENIGN,0,352,0,2
FLW-0003810,VPN-SES-00696,0x16297a2a,188.38,20684,28928429,153564.23,1228513.81,1228513.81,1293.36,140.23,1026,1483,0.023969,0.017241,0.117,Video_Streaming,BENIGN,0,31216,1,2
FLW-0003811,VPN-SES-00697,0x7b2e9570,41.61,507,362762,8718.14,69745.16,69745.16,779.37,577.36,78,1500,0.653489,0.745971,0.315,Web_Browsing,BENIGN,0,495,0,1
FLW-0003812,VPN-SES-00697,0x7b2e9570,22.58,4338,5637222,249655.54,1997244.29,1997244.29,1269.41,241.96,744,1500,0.041364,0.021637,0.114,Video_Streaming,BENIGN,0,6124,0,1
FLW-0003813,VPN-SES-00697,0x7b2e9570,20.53,46,4185,203.85,1630.78,1630.78,97.68,23.26,64,130,1.082184,0.371256,0.532,ICMP,BENIGN,0,39,0,1
FLW-0003814,VPN-SES-00697,0x7b2e9570,24.52,241,26212,1069.0,8552.04,8552.04,108.62,20.97,68,135,1.748162,1.017501,0.545,ICMP,BENIGN,0,196,0,1
FLW-0003815,VPN-SES-00697,0x7b2e9570,19.22,21,2253,117.22,937.77,937.77,110.48,29.1,47,162,0.54999,0.10081,0.527,ICMP,BENIGN,0,16,0,1
FLW-0003816,VPN-SES-00697,0x7b2e9570,33.38,419,314205,9412.97,75303.77,75303.77,816.75,485.73,40,1500,0.553489,0.434982,0.61,Email_IMAP,BENIGN,0,361,0,0
FLW-0003817,VPN-SES-00697,0x7b2e9570,218.58,118,22021,100.75,805.97,805.97,169.89,72.96,40,275,3.339298,1.658997,0.43,Attack,C2_BEACONING,1,133,0,2
FLW-0003818,VPN-SES-00698,0x6708d618,20.77,127,11138,536.25,4290.03,4290.03,91.98,24.46,40,133,1.061842,0.299942,0.538,ICMP,BENIGN,0,69,0,0
FLW-0003819,VPN-SES-00698,0x6708d618,24.81,200,16483,664.37,5314.95,5314.95,90.31,18.51,66,123,0.755302,0.212145,0.534,ICMP,BENIGN,0,163,0,0
FLW-0003820,VPN-SES-00698,0x6708d618,10.85,149,129646,11948.94,95591.52,95591.52,867.93,405.18,356,1493,0.942491,1.269643,0.508,Email_IMAP,BENIGN,0,184,0,0
FLW-0003821,VPN-SES-00698,0x6708d618,36.92,1421,196420,5320.15,42561.21,42561.21,139.77,27.19,102,176,0.034616,0.015932,0.46,VoIP,BENIGN,0,1366,0,1
FLW-0003822,VPN-SES-00698,0x6708d618,10.52,15,1505,143.06,1144.49,1144.49,111.11,22.93,77,156,0.444013,0.148762,0.388,ICMP,BENIGN,0,7,0,1
FLW-0003823,VPN-SES-00698,0x6708d618,38.82,837,501494,12918.44,103347.55,103347.55,637.46,377.9,40,1189,0.436423,0.339419,0.583,Email_IMAP,BENIGN,0,601,0,1
FLW-0003824,VPN-SES-00698,0x6708d618,20.83,1081,150314,7216.23,57729.81,57729.81,152.95,49.21,56,239,0.02972,0.02285,0.404,VoIP,BENIGN,0,1099,0,0
FLW-0003825,VPN-SES-00698,0x6708d618,57.11,1297,1254969,21974.59,175796.74,175796.74,922.34,478.26,40,1500,0.490043,0.417253,0.515,Email_IMAP,BENIGN,0,1040,0,0
FLW-0003826,VPN-SES-00699,0xf6b87bf5,67.41,1123,205410,3047.17,24377.39,24377.39,181.75,65.42,61,297,0.03987,0.035447,0.423,VoIP,BENIGN,0,1440,0,0
FLW-0003827,VPN-SES-00699,0xf6b87bf5,31.17,6042,6843860,219565.61,1756524.86,1756524.86,1228.18,196.53,988,1500,0.03915,0.026566,0.91,Attack,DATA_EXFILTRATION,1,15588,1,1
FLW-0003828,VPN-SES-00699,0xf6b87bf5,76.66,2721,401336,5235.27,41882.18,41882.18,143.61,62.01,40,256,0.030823,0.017694,0.58,VoIP,BENIGN,0,2853,0,2
FLW-0003829,VPN-SES-00699,0xf6b87bf5,60.67,1100,561184,9249.78,73998.22,73998.22,552.14,260.47,222,1025,0.686375,0.74647,0.481,Email_IMAP,BENIGN,0,1042,0,0
FLW-0003830,VPN-SES-00699,0xf6b87bf5,64.02,3668,3204490,50054.51,400436.11,400436.11,811.17,477.19,40,1474,0.590956,0.626324,0.248,Web_Browsing,BENIGN,0,4614,0,2
FLW-0003831,VPN-SES-00699,0xf6b87bf5,63.86,1208,202348,3168.62,25348.95,25348.95,161.52,32.78,99,213,0.075919,0.055479,0.49,VoIP,BENIGN,0,1004,0,0
FLW-0003832,VPN-SES-00700,0x35b5ca9a,46.65,2217,339322,7273.78,58190.27,58190.27,151.15,46.16,49,225,0.038593,0.023204,0.325,VoIP,BENIGN,0,2839,1,2
FLW-0003833,VPN-SES-00700,0x35b5ca9a,130.85,21774,26795176,204777.81,1638222.45,1638222.45,1237.46,131.25,983,1500,0.041034,0.020023,0.839,Attack,DATA_EXFILTRATION,1,73438,0,2
FLW-0003834,VPN-SES-00700,0x35b5ca9a,157.81,111,23136,146.61,1172.85,1172.85,211.18,94.42,40,363,2.827165,1.578574,0.46,Attack,C2_BEACONING,1,145,0,1
FLW-0003835,VPN-SES-00701,0x9eb64f1d,33.2,494,475602,14325.36,114602.89,114602.89,921.26,448.89,274,1500,0.294523,0.198703,0.274,Web_Browsing,BENIGN,0,697,0,1
FLW-0003836,VPN-SES-00701,0x9eb64f1d,104.33,748,213638,2047.71,16381.71,16381.71,263.91,258.15,40,704,0.719424,0.654317,0.475,WhatsApp,BENIGN,0,675,0,0
FLW-0003837,VPN-SES-00701,0x9eb64f1d,40.7,1008,737584,18122.46,144979.66,144979.66,747.53,555.51,40,1500,0.557587,0.541118,0.309,Email_IMAP,BENIGN,0,733,0,0
FLW-0003838,VPN-SES-00701,0x9eb64f1d,21.08,798,137944,6543.83,52350.66,52350.66,161.4,39.29,104,229,0.088239,0.043672,0.408,VoIP,BENIGN,0,1057,0,1
FLW-0003839,VPN-SES-00702,0x5b9486e6,16.75,2959,3918517,233941.31,1871530.51,1871530.51,1378.28,329.85,945,1500,0.040074,0.025724,0.076,Video_Streaming,BENIGN,0,4551,0,1
FLW-0003840,VPN-SES-00702,0x5b9486e6,87.8,1549,474430,5403.53,43228.25,43228.25,294.63,291.39,40,760,1.683519,1.216734,0.436,WhatsApp,BENIGN,0,1122,0,1
FLW-0003841,VPN-SES-00702,0x5b9486e6,241.55,41978,47511423,196693.95,1573551.58,1573551.58,1250.39,349.86,493,1500,0.039332,0.027094,0.128,Video_Streaming,BENIGN,0,47423,0,0
FLW-0003842,VPN-SES-00702,0x5b9486e6,342.81,35848,47028586,137185.57,1097484.58,1097484.58,1230.81,228.35,763,1500,0.031412,0.017108,0.15,Video_Streaming,BENIGN,0,37376,0,0
FLW-0003843,VPN-SES-00703,0x701c5a40,170.85,2516,676880,3961.84,31694.7,31694.7,286.18,195.68,40,714,1.636424,1.401447,0.421,WhatsApp,BENIGN,0,2953,0,0
FLW-0003844,VPN-SES-00703,0x701c5a40,85.07,3516,547612,6437.19,51497.54,51497.54,161.42,53.75,48,259,0.095607,0.056843,0.427,VoIP,BENIGN,0,4187,0,1
FLW-0003845,VPN-SES-00703,0x701c5a40,59.75,3250,2338878,39144.4,313155.21,313155.21,658.41,475.96,40,1387,0.605289,0.812027,0.452,Web_Browsing,BENIGN,0,3517,0,0
FLW-0003846,VPN-SES-00703,0x701c5a40,36.97,2109,342194,9255.99,74047.93,74047.93,174.36,45.99,113,267,0.050675,0.025305,0.416,VoIP,BENIGN,0,1990,0,2
FLW-0003847,VPN-SES-00703,0x701c5a40,53.5,422,167449,3129.89,25039.1,25039.1,378.15,287.59,40,980,0.684551,1.212302,0.442,WhatsApp,BENIGN,0,400,0,0
FLW-0003848,VPN-SES-00703,0x701c5a40,93.58,1676,678085,7246.05,57968.37,57968.37,425.34,225.77,98,732,1.615387,1.713406,0.533,WhatsApp,BENIGN,0,1462,0,0
FLW-0003849,VPN-SES-00703,0x701c5a40,167.47,22865,32891225,196400.7,1571205.59,1571205.59,1500.0,302.81,946,1500,0.022829,0.017332,0.031,Video_Streaming,BENIGN,0,37167,1,0
FLW-0003850,VPN-SES-00703,0x701c5a40,42.25,1574,1132428,26803.03,214424.24,214424.24,666.16,483.73,73,1330,0.230618,0.201005,0.649,Email_IMAP,BENIGN,0,1779,0,0
FLW-0003851,VPN-SES-00704,0x786279e7,25.18,810,625744,24850.83,198806.67,198806.67,788.98,299.7,293,1405,0.968069,1.723833,0.394,Web_Browsing,BENIGN,0,967,0,0
FLW-0003852,VPN-SES-00704,0x786279e7,248.53,133,31786,127.9,1023.17,1023.17,228.74,71.91,121,365,3.03252,1.100026,0.644,Attack,C2_BEACONING,1,171,0,5
FLW-0003853,VPN-SES-00704,0x786279e7,23.78,254,45858,1928.43,15427.42,15427.42,194.7,158.24,40,411,2.010874,1.381622,0.259,WhatsApp,BENIGN,0,201,0,1
FLW-0003854,VPN-SES-00704,0x786279e7,28.13,209,177860,6322.79,50582.3,50582.3,913.47,551.02,130,1500,0.241917,0.209245,0.578,Email_IMAP,BENIGN,0,210,0,2
FLW-0003855,VPN-SES-00705,0x6841b548,127.38,19301,22431454,176098.71,1408789.7,1408789.7,1288.08,249.66,862,1500,0.038088,0.024308,0.259,Video_Streaming,BENIGN,0,19064,0,0
FLW-0003856,VPN-SES-00705,0x6841b548,121.01,1744,254983,2107.12,16856.99,16856.99,150.25,297.25,40,591,0.963926,0.934834,0.504,WhatsApp,BENIGN,0,1761,0,1
FLW-0003857,VPN-SES-00705,0x6841b548,18.55,511,357177,19254.82,154038.6,154038.6,677.77,611.08,40,1500,0.645794,0.412637,0.603,Email_IMAP,BENIGN,0,600,0,1
FLW-0003858,VPN-SES-00705,0x6841b548,14.67,258,195383,13318.54,106548.33,106548.33,775.65,550.55,40,1500,0.370761,0.406409,0.4,Web_Browsing,BENIGN,0,233,0,1
FLW-0003859,VPN-SES-00705,0x6841b548,187.49,44278,65242340,347977.71,2783821.64,2783821.64,1420.03,121.29,1243,1500,0.019072,0.006679,0.88,Attack,DATA_EXFILTRATION,1,136982,1,1
FLW-0003860,VPN-SES-00705,0x6841b548,41.55,3943,4408185,106093.5,848748.01,848748.01,1201.46,325.83,502,1500,0.036386,0.03198,0.032,Video_Streaming,BENIGN,0,5828,0,1
FLW-0003861,VPN-SES-00705,0x6841b548,231.72,36514,43176208,186329.22,1490633.8,1490633.8,1126.95,280.63,720,1500,0.030081,0.027086,0.093,Video_Streaming,BENIGN,0,37103,1,0
FLW-0003862,VPN-SES-00705,0x6841b548,14.99,8382,1072194,71527.28,572218.28,572218.28,134.12,54.56,40,241,0.00377,0.001387,0.944,Attack,DOS_FLOOD,1,38848,2,2
FLW-0003863,VPN-SES-00706,0xf5950021,56.91,1869,1386337,24360.17,194881.32,194881.32,767.4,401.07,40,1500,1.004958,1.128673,0.187,Web_Browsing,BENIGN,0,2635,0,0
FLW-0003864,VPN-SES-00706,0xf5950021,79.03,3276,1955788,24747.41,197979.3,197979.3,574.8,486.61,40,1367,0.283814,0.398057,0.429,Web_Browsing,BENIGN,0,3604,0,0
FLW-0003865,VPN-SES-00706,0xf5950021,2.4,463,52271,21779.58,174236.67,174236.67,106.33,29.56,52,149,0.045266,0.03298,0.813,Attack,PORT_SCAN,1,1464,1,3
FLW-0003866,VPN-SES-00706,0xf5950021,18.64,752,621246,33328.65,266629.18,266629.18,839.71,641.22,40,1500,0.580984,0.764552,0.339,Web_Browsing,BENIGN,0,941,2,0
FLW-0003867,VPN-SES-00706,0xf5950021,25.61,3841,4784086,186805.39,1494443.11,1494443.11,1135.32,281.07,581,1500,0.032587,0.017894,0.183,Video_Streaming,BENIGN,0,5964,2,1
FLW-0003868,VPN-SES-00706,0xf5950021,96.96,3098,1614683,16653.08,133224.67,133224.67,545.75,626.57,40,1500,0.241076,0.232675,0.272,Web_Browsing,BENIGN,0,4128,0,0
FLW-0003869,VPN-SES-00706,0xf5950021,14.64,6192,706304,48244.81,385958.47,385958.47,116.9,32.0,63,173,0.006139,0.003013,0.938,Attack,DOS_FLOOD,1,26898,2,1
FLW-0003870,VPN-SES-00706,0xf5950021,17.93,24,2536,141.44,1131.51,1131.51,103.73,32.82,61,160,1.939907,0.739512,0.477,ICMP,BENIGN,0,19,0,2
FLW-0003871,VPN-SES-00707,0x3ec23ef6,70.74,1042,823308,11638.51,93108.06,93108.06,756.47,306.94,262,1143,0.866757,0.654794,0.578,Email_IMAP,BENIGN,0,801,0,2
FLW-0003872,VPN-SES-00707,0x3ec23ef6,52.22,1767,1046278,20035.96,160287.71,160287.71,607.29,134.86,375,873,0.505736,0.483442,0.645,Email_IMAP,BENIGN,0,1505,0,0
FLW-0003873,VPN-SES-00707,0x3ec23ef6,65.77,3563,517265,7864.76,62918.05,62918.05,156.35,46.82,90,254,0.065078,0.049382,0.359,VoIP,BENIGN,0,2942,0,1
FLW-0003874,VPN-SES-00707,0x3ec23ef6,342.48,21799,28723400,83868.84,670950.71,670950.71,1340.97,289.8,798,1500,0.017787,0.014122,0.059,Video_Streaming,BENIGN,0,29081,0,1
FLW-0003875,VPN-SES-00707,0x3ec23ef6,224.91,12887,15913888,70756.69,566053.55,566053.55,1196.17,293.5,551,1500,0.037039,0.0355,0.061,Video_Streaming,BENIGN,0,16405,0,0
FLW-0003876,VPN-SES-00707,0x3ec23ef6,22.08,271,108073,4894.61,39156.88,39156.88,373.3,169.12,156,620,1.075483,1.226657,0.355,WhatsApp,BENIGN,0,273,0,0
FLW-0003877,VPN-SES-00707,0x3ec23ef6,29.26,406,172125,5882.6,47060.83,47060.83,416.12,201.75,40,760,0.526595,0.405463,0.352,WhatsApp,BENIGN,0,442,0,1
FLW-0003878,VPN-SES-00708,0xfa5480e5,25.47,360,206200,8095.8,64766.39,64766.39,575.87,365.6,40,1279,0.227033,0.226275,0.245,Web_Browsing,BENIGN,0,377,0,0
FLW-0003879,VPN-SES-00708,0xfa5480e5,73.86,9302,10868939,147155.96,1177247.66,1177247.66,1187.97,219.28,737,1498,0.042548,0.028305,0.85,Attack,DATA_EXFILTRATION,1,26427,0,3
FLW-0003880,VPN-SES-00708,0xfa5480e5,274.89,239,56107,204.11,1632.86,1632.86,259.74,54.48,180,327,6.757688,4.829751,0.681,Attack,C2_BEACONING,1,328,0,4
FLW-0003881,VPN-SES-00709,0x3b682bb2,42.6,727,598489,14049.04,112392.3,112392.3,874.47,344.49,123,1500,0.731719,0.817911,0.524,Email_IMAP,BENIGN,0,611,1,0
FLW-0003882,VPN-SES-00709,0x3b682bb2,17.15,225,147889,8623.27,68986.12,68986.12,727.74,372.87,165,1468,0.579016,0.546936,0.409,Email_IMAP,BENIGN,0,228,0,2
FLW-0003883,VPN-SES-00709,0x3b682bb2,5.34,1077,96483,18067.98,144543.82,144543.82,85.07,16.92,53,107,0.018809,0.015412,0.816,Attack,PORT_SCAN,1,3499,0,2
FLW-0003884,VPN-SES-00709,0x3b682bb2,30.46,868,777299,25518.68,204149.44,204149.44,935.65,381.31,323,1500,0.315459,0.322005,0.186,Web_Browsing,BENIGN,0,965,0,1
FLW-0003885,VPN-SES-00709,0x3b682bb2,119.09,3962,544246,4570.04,36560.32,36560.32,127.17,28.77,74,177,0.178684,0.12227,0.29,VoIP,BENIGN,0,3028,0,2
FLW-0003886,VPN-SES-00709,0x3b682bb2,75.88,7762,9850639,129818.65,1038549.18,1038549.18,1265.94,174.95,922,1496,0.018659,0.012903,0.924,Attack,DATA_EXFILTRATION,1,30144,1,0
FLW-0003887,VPN-SES-00709,0x3b682bb2,17.97,5662,614954,34221.15,273769.17,273769.17,111.11,33.07,66,182,0.053697,0.04801,0.82,Attack,PORT_SCAN,1,15163,0,2
FLW-0003888,VPN-SES-00709,0x3b682bb2,85.87,474,231021,2690.36,21522.86,21522.86,449.11,240.74,156,923,2.940661,3.705955,0.505,WhatsApp,BENIGN,0,569,0,1
FLW-0003889,VPN-SES-00710,0xd1ce653a,6.25,37,4352,696.32,5570.56,5570.56,110.02,15.38,84,133,0.285828,0.071779,0.398,ICMP,BENIGN,0,27,0,0
FLW-0003890,VPN-SES-00710,0xd1ce653a,29.16,599,541290,18562.76,148502.06,148502.06,962.78,366.77,503,1500,0.354253,0.354629,0.208,Web_Browsing,BENIGN,0,723,0,1
FLW-0003891,VPN-SES-00710,0xd1ce653a,51.35,961,761430,14828.24,118625.9,118625.9,840.08,540.75,115,1500,1.17656,0.973031,0.461,Email_IMAP,BENIGN,0,1234,0,0
FLW-0003892,VPN-SES-00710,0xd1ce653a,38.17,1988,323690,8480.22,67841.76,67841.76,153.59,57.65,61,236,0.036073,0.025791,0.431,VoIP,BENIGN,0,1910,0,1
FLW-0003893,VPN-SES-00710,0xd1ce653a,7.08,1848,170117,24027.82,192222.6,192222.6,94.7,28.18,59,155,0.017974,0.006757,0.803,Attack,PORT_SCAN,1,6170,1,3
FLW-0003894,VPN-SES-00710,0xd1ce653a,28.87,130,15111,523.42,4187.32,4187.32,112.58,25.56,58,160,1.230527,0.593447,0.49,ICMP,BENIGN,0,95,0,1
FLW-0003895,VPN-SES-00711,0x6da17dc9,83.67,976,788465,9423.51,75388.07,75388.07,744.13,245.01,236,1244,0.227246,0.238012,0.296,Web_Browsing,BENIGN,0,827,0,2
FLW-0003896,VPN-SES-00711,0x6da17dc9,85.53,3298,480026,5612.37,44898.96,44898.96,142.97,49.87,40,243,0.05038,0.028221,0.349,VoIP,BENIGN,0,4009,0,1
FLW-0003897,VPN-SES-00711,0x6da17dc9,21.63,48,4482,207.21,1657.7,1657.7,97.56,29.12,59,146,1.35562,0.533599,0.394,ICMP,BENIGN,0,40,0,1
FLW-0003898,VPN-SES-00712,0xdde4c36f,34.88,179,18113,519.29,4154.36,4154.36,97.68,14.34,72,118,1.091155,0.619908,0.556,ICMP,BENIGN,0,100,0,0
FLW-0003899,VPN-SES-00712,0xdde4c36f,102.4,4604,693890,6776.27,54210.16,54210.16,149.51,30.19,105,206,0.062922,0.038984,0.501,VoIP,BENIGN,0,5821,0,0
FLW-0003900,VPN-SES-00712,0xdde4c36f,127.79,189,39831,311.69,2493.53,2493.53,233.92,65.99,123,341,4.374919,3.866046,0.575,Attack,C2_BEACONING,1,263,0,3
FLW-0003901,VPN-SES-00712,0xdde4c36f,39.64,537,160756,4055.4,32443.19,32443.19,318.93,239.47,40,634,1.697543,2.004658,0.546,WhatsApp,BENIGN,0,436,0,1
FLW-0003902,VPN-SES-00712,0xdde4c36f,159.66,17210,21421144,134167.26,1073338.04,1073338.04,1318.32,367.61,804,1500,0.031203,0.020961,0.066,Video_Streaming,BENIGN,0,28251,0,1
FLW-0003903,VPN-SES-00712,0xdde4c36f,27.02,1616,1994761,73825.35,590602.81,590602.81,1255.03,187.98,896,1500,0.028006,0.016746,0.251,Video_Streaming,BENIGN,0,2447,0,1
FLW-0003904,VPN-SES-00712,0xdde4c36f,35.4,238,110728,3127.91,25023.28,25023.28,428.63,571.8,40,1133,0.256767,0.317812,0.236,Web_Browsing,BENIGN,0,266,0,1
FLW-0003905,VPN-SES-00713,0xf86b063d,8.99,1563,143358,15946.38,127571.08,127571.08,86.69,37.09,40,144,0.025996,0.03582,0.761,Attack,PORT_SCAN,1,3267,0,3
FLW-0003906,VPN-SES-00713,0xf86b063d,19.64,114,14145,720.21,5761.71,5761.71,119.06,27.72,83,154,1.115546,0.581771,0.522,ICMP,BENIGN,0,79,1,1
FLW-0003907,VPN-SES-00713,0xf86b063d,30.27,2604,3406255,112529.07,900232.57,900232.57,1355.76,325.3,815,1500,0.08358,0.074904,0.084,Video_Streaming,BENIGN,0,3727,0,1
FLW-0003908,VPN-SES-00713,0xf86b063d,248.92,30013,36571521,146920.78,1175366.25,1175366.25,1117.75,190.49,820,1355,0.020286,0.015169,0.1,Video_Streaming,BENIGN,0,30817,1,0
FLW-0003909,VPN-SES-00713,0xf86b063d,73.85,7554,11642672,157652.97,1261223.78,1261223.78,1444.75,122.78,1275,1500,0.01873,0.009827,0.92,Attack,DATA_EXFILTRATION,1,29238,0,3
FLW-0003910,VPN-SES-00713,0xf86b063d,36.7,32485,4757440,129630.52,1037044.14,1037044.14,144.42,33.48,96,204,0.004498,0.002268,0.788,Attack,DOS_FLOOD,1,123580,3,2
FLW-0003911,VPN-SES-00713,0xf86b063d,84.38,3029,468704,5554.68,44437.45,44437.45,151.53,54.85,80,244,0.054827,0.046111,0.555,VoIP,BENIGN,0,3281,0,1
FLW-0003912,VPN-SES-00714,0x5b96b952,69.98,1074,627490,8966.7,71733.64,71733.64,540.4,629.64,40,1500,0.770126,0.957774,0.205,Web_Browsing,BENIGN,0,1481,1,0
FLW-0003913,VPN-SES-00714,0x5b96b952,108.98,5860,987615,9062.35,72498.81,72498.81,170.82,50.37,97,275,0.075071,0.035763,0.562,VoIP,BENIGN,0,5255,0,1
FLW-0003914,VPN-SES-00714,0x5b96b952,298.41,70703,98297351,329403.68,2635229.41,2635229.41,1387.35,218.9,1105,1500,0.035211,0.05169,0.126,Video_Streaming,BENIGN,0,83876,2,0
FLW-0003915,VPN-SES-00714,0x5b96b952,7.32,1810,178387,24369.81,194958.47,194958.47,99.81,40.22,49,180,0.038018,0.020621,0.713,Attack,PORT_SCAN,1,4638,0,1
FLW-0003916,VPN-SES-00714,0x5b96b952,22.24,174,162293,7297.35,58378.78,58378.78,877.92,510.96,40,1500,1.010443,1.08945,0.545,Email_IMAP,BENIGN,0,217,0,0
FLW-0003917,VPN-SES-00714,0x5b96b952,114.82,2531,686206,5976.36,47810.9,47810.9,263.99,178.32,40,600,0.770053,0.549834,0.392,WhatsApp,BENIGN,0,1918,0,1
FLW-0003918,VPN-SES-00715,0x31dc7b1d,71.49,2809,543715,7605.47,60843.75,60843.75,184.55,68.96,99,274,0.046384,0.026077,0.452,VoIP,BENIGN,0,3743,0,0
FLW-0003919,VPN-SES-00715,0x31dc7b1d,298.31,619,136383,457.19,3657.48,3657.48,211.98,65.76,115,328,2.173506,1.354178,0.527,Attack,C2_BEACONING,1,717,0,0
FLW-0003920,VPN-SES-00715,0x31dc7b1d,213.42,80,14852,69.59,556.72,556.72,177.94,63.71,57,273,3.556642,2.050401,0.554,Attack,C2_BEACONING,1,68,0,5
FLW-0003921,VPN-SES-00715,0x31dc7b1d,66.5,1206,202738,3048.69,24389.53,24389.53,162.51,42.53,72,240,0.067791,0.037616,0.507,VoIP,BENIGN,0,1370,0,1
FLW-0003922,VPN-SES-00716,0x7553c98b,9.99,340,52941,5299.4,42395.2,42395.2,143.72,47.61,60,235,0.03346,0.019145,0.439,VoIP,BENIGN,0,290,1,0
FLW-0003923,VPN-SES-00716,0x7553c98b,25.43,2047,185780,7305.54,58444.36,58444.36,82.94,37.58,40,157,0.024062,0.01499,0.756,Attack,PORT_SCAN,1,5362,1,2
FLW-0003924,VPN-SES-00716,0x7553c98b,4.45,19,1748,392.81,3142.47,3142.47,100.83,23.42,55,133,0.809582,0.335866,0.43,ICMP,BENIGN,0,20,0,0
FLW-0003925,VPN-SES-00716,0x7553c98b,22.45,888,258992,11536.39,92291.14,92291.14,310.64,145.57,40,521,0.12164,0.082906,0.752,Attack,BRUTE_FORCE,1,1310,0,5
FLW-0003926,VPN-SES-00716,0x7553c98b,173.39,3197,1373080,7919.03,63352.21,63352.21,409.9,133.95,182,623,0.963488,1.267498,0.403,WhatsApp,BENIGN,0,2347,0,1
FLW-0003927,VPN-SES-00716,0x7553c98b,31.56,479,335358,10626.05,85008.37,85008.37,718.39,319.8,81,1201,0.737791,1.268031,0.457,Web_Browsing,BENIGN,0,535,0,0
FLW-0003928,VPN-SES-00716,0x7553c98b,366.76,23461,31457864,85772.34,686178.73,686178.73,1409.43,219.24,984,1500,0.032745,0.02334,0.281,Video_Streaming,BENIGN,0,40365,0,0
FLW-0003929,VPN-SES-00717,0xaf8f57a4,102.16,4461,1755594,17184.75,137478.0,137478.0,404.17,346.73,40,840,0.916967,0.865847,0.196,Web_Browsing,BENIGN,0,5013,0,1
FLW-0003930,VPN-SES-00717,0xaf8f57a4,19.95,888,267369,13401.95,107215.64,107215.64,288.41,120.35,63,504,0.121708,0.133238,0.594,Attack,BRUTE_FORCE,1,1468,0,4
FLW-0003931,VPN-SES-00717,0xaf8f57a4,8.77,38,4808,548.23,4385.86,4385.86,125.28,16.71,98,161,0.664103,0.072427,0.494,ICMP,BENIGN,0,32,0,3
FLW-0003932,VPN-SES-00717,0xaf8f57a4,87.61,4867,702607,8019.71,64157.7,64157.7,139.24,36.62,82,204,0.04583,0.034246,0.483,VoIP,BENIGN,0,6413,0,0
FLW-0003933,VPN-SES-00717,0xaf8f57a4,96.77,13532,19041845,196774.26,1574194.07,1574194.07,1474.47,221.88,1018,1500,0.022147,0.009536,0.98,Attack,DATA_EXFILTRATION,1,42278,0,2
FLW-0003934,VPN-SES-00717,0xaf8f57a4,121.3,24881,27749096,228764.19,1830113.5,1830113.5,1176.16,213.14,910,1500,0.067068,0.043294,0.082,Video_Streaming,BENIGN,0,36784,0,1
FLW-0003935,VPN-SES-00717,0xaf8f57a4,37.5,1097,728329,19422.11,155376.85,155376.85,730.74,425.6,142,1500,0.580201,0.471996,0.214,Web_Browsing,BENIGN,0,1588,0,0
FLW-0003936,VPN-SES-00717,0xaf8f57a4,38.07,489,265253,6967.51,55740.06,55740.06,564.26,613.57,40,1357,0.460967,0.499014,0.596,Email_IMAP,BENIGN,0,522,0,0
FLW-0003937,VPN-SES-00718,0x2f93bb9d,71.7,1809,261606,3648.62,29188.95,29188.95,142.36,47.04,44,241,0.059341,0.035291,0.531,VoIP,BENIGN,0,1751,0,2
FLW-0003938,VPN-SES-00718,0x2f93bb9d,299.78,64399,85407735,284901.38,2279211.02,2279211.02,1330.94,195.85,911,1500,0.053307,0.051402,0.085,Video_Streaming,BENIGN,0,67139,0,1
FLW-0003939,VPN-SES-00718,0x2f93bb9d,64.42,10076,11545845,179227.65,1433821.17,1433821.17,1150.87,307.73,780,1500,0.042324,0.031214,0.241,Video_Streaming,BENIGN,0,13870,1,1
FLW-0003940,VPN-SES-00718,0x2f93bb9d,70.72,7018,9009587,127398.01,1019184.05,1019184.05,1269.01,243.67,740,1500,0.035629,0.015734,0.882,Attack,DATA_EXFILTRATION,1,19788,1,6
FLW-0003941,VPN-SES-00718,0x2f93bb9d,3.62,15,1884,520.44,4163.54,4163.54,123.64,24.93,79,175,0.768837,0.125511,0.59,ICMP,BENIGN,0,13,0,2
FLW-0003942,VPN-SES-00719,0xbdec8d32,101.17,7711,8644166,85441.99,683535.91,683535.91,1089.61,211.52,783,1485,0.027568,0.017283,0.035,Video_Streaming,BENIGN,0,11273,0,1
FLW-0003943,VPN-SES-00719,0xbdec8d32,18.21,795,288598,15848.33,126786.6,126786.6,344.29,73.24,254,477,0.248932,0.173927,0.611,Attack,BRUTE_FORCE,1,1668,0,3
FLW-0003944,VPN-SES-00719,0xbdec8d32,309.79,594,108419,349.98,2799.81,2799.81,196.56,122.76,40,407,2.966036,1.139212,0.545,Attack,C2_BEACONING,1,628,0,3
FLW-0003945,VPN-SES-00720,0x6d88aece,5.9,28,2765,468.64,3749.15,3749.15,105.09,27.25,58,143,0.553666,0.316508,0.562,ICMP,BENIGN,0,15,0,1
FLW-0003946,VPN-SES-00720,0x6d88aece,31.98,458,429533,13431.3,107450.41,107450.41,885.86,342.92,423,1500,0.392532,0.314627,0.541,Email_IMAP,BENIGN,0,487,0,1
FLW-0003947,VPN-SES-00720,0x6d88aece,73.64,1673,640920,8703.42,69627.38,69627.38,373.88,572.49,40,1500,0.463918,0.533713,0.335,Web_Browsing,BENIGN,0,1422,0,1
FLW-0003948,VPN-SES-00721,0x46fda98d,53.01,1506,217205,4097.43,32779.48,32779.48,139.12,54.09,40,242,0.027319,0.014299,0.46,VoIP,BENIGN,0,1786,0,0
FLW-0003949,VPN-SES-00721,0x46fda98d,330.31,65288,83007360,251301.38,2010411.07,2010411.07,1406.58,245.2,976,1500,0.022228,0.00992,0.037,Video_Streaming,BENIGN,0,90210,0,2
FLW-0003950,VPN-SES-00721,0x46fda98d,6.84,14,1487,217.4,1739.18,1739.18,113.09,17.71,89,149,1.851871,0.46623,0.46,ICMP,BENIGN,0,12,0,0
FLW-0003951,VPN-SES-00721,0x46fda98d,6.76,15,1753,259.32,2074.56,2074.56,124.85,15.58,101,158,0.558568,0.2555,0.458,ICMP,BENIGN,0,17,0,1
FLW-0003952,VPN-SES-00721,0x46fda98d,38.33,1082,318165,8300.68,66405.43,66405.43,270.71,116.9,125,510,0.135981,0.09406,0.519,Attack,BRUTE_FORCE,1,2624,0,0
FLW-0003953,VPN-SES-00721,0x46fda98d,29.87,33200,4531489,151707.03,1213656.24,1213656.24,138.95,38.35,79,189,0.006515,0.003722,0.919,Attack,DOS_FLOOD,1,166858,3,1
FLW-0003954,VPN-SES-00722,0x8aa38b4e,298.18,57492,74499038,249845.86,1998766.87,1998766.87,1297.12,207.86,937,1500,0.034036,0.037918,0.198,Video_Streaming,BENIGN,0,62638,1,0
FLW-0003955,VPN-SES-00722,0x8aa38b4e,86.06,1371,403377,4687.16,37497.28,37497.28,286.44,288.55,40,906,1.553514,1.721967,0.437,WhatsApp,BENIGN,0,1173,0,0
FLW-0003956,VPN-SES-00722,0x8aa38b4e,23.36,502,182764,7823.8,62590.41,62590.41,388.7,460.99,40,971,0.603741,0.517692,0.412,Web_Browsing,BENIGN,0,587,0,0
FLW-0003957,VPN-SES-00722,0x8aa38b4e,16.23,14771,2469566,152160.57,1217284.53,1217284.53,156.02,45.96,58,238,0.013165,0.007264,0.98,Attack,DOS_FLOOD,1,57675,4,2
FLW-0003958,VPN-SES-00723,0x6690d9cd,18.08,16464,2123640,117457.96,939663.72,939663.72,136.71,34.44,64,197,0.006215,0.00213,0.9,Attack,DOS_FLOOD,1,72298,4,1
FLW-0003959,VPN-SES-00723,0x6690d9cd,27.27,419,107064,3926.07,31408.58,31408.58,253.86,97.76,65,384,0.153014,0.110709,0.627,Attack,BRUTE_FORCE,1,695,0,0
FLW-0003960,VPN-SES-00723,0x6690d9cd,343.03,13857,21085736,61469.07,491752.58,491752.58,1386.33,125.59,1149,1500,0.037957,0.025232,0.043,Video_Streaming,BENIGN,0,15431,0,0
FLW-0003961,VPN-SES-00723,0x6690d9cd,80.44,3454,2082284,25886.18,207089.41,207089.41,627.26,357.85,195,1214,0.324056,0.399163,0.354,Web_Browsing,BENIGN,0,3930,0,1
FLW-0003962,VPN-SES-00724,0x6408906f,7.43,3706,430490,57939.43,463515.48,463515.48,117.49,38.15,49,171,0.004117,0.001405,0.947,Attack,DOS_FLOOD,1,16720,1,1
FLW-0003963,VPN-SES-00724,0x6408906f,89.43,1958,1640471,18343.63,146749.06,146749.06,762.3,644.95,40,1500,0.49904,0.550174,0.317,Web_Browsing,BENIGN,0,2839,0,0
FLW-0003964,VPN-SES-00724,0x6408906f,436.85,888,172788,395.53,3164.25,3164.25,210.38,84.56,102,353,6.009939,3.153202,0.633,Attack,C2_BEACONING,1,1036,0,3
FLW-0003965,VPN-SES-00725,0x368a4d9b,69.64,752,617684,8869.67,70957.38,70957.38,881.62,377.83,107,1500,0.921876,1.238881,0.252,Web_Browsing,BENIGN,0,835,0,1
FLW-0003966,VPN-SES-00725,0x368a4d9b,27.57,924,126102,4573.88,36591.08,36591.08,136.54,49.17,74,217,0.056097,0.035517,0.467,VoIP,BENIGN,0,906,0,2
FLW-0003967,VPN-SES-00725,0x368a4d9b,8.04,1067,92978,11564.43,92515.42,92515.42,88.68,30.92,40,133,0.021796,0.013885,0.689,Attack,PORT_SCAN,1,3185,0,2
FLW-0003968,VPN-SES-00725,0x368a4d9b,16.91,345,139058,8223.42,65787.34,65787.34,434.13,476.39,40,1202,0.410079,0.633367,0.304,Web_Browsing,BENIGN,0,466,0,1
FLW-0003969,VPN-SES-00725,0x368a4d9b,91.33,4210,573799,6282.7,50261.6,50261.6,145.19,49.18,86,224,0.046437,0.027988,0.479,VoIP,BENIGN,0,4913,0,0
FLW-0003970,VPN-SES-00725,0x368a4d9b,18.77,560,81126,4322.11,34576.88,34576.88,139.64,53.0,60,226,0.039895,0.022691,0.638,VoIP,BENIGN,0,697,1,0
FLW-0003971,VPN-SES-00726,0x14bc969a,125.99,413,150533,1194.8,9558.41,9558.41,396.27,206.55,40,669,0.47988,0.447415,0.479,WhatsApp,BENIGN,0,292,0,1
FLW-0003972,VPN-SES-00726,0x14bc969a,119.42,161,41626,348.57,2788.54,2788.54,238.0,67.14,112,339,7.579434,5.160989,0.558,Attack,C2_BEACONING,1,226,0,3
FLW-0003973,VPN-SES-00726,0x14bc969a,28.53,245,21936,768.87,6151.0,6151.0,87.02,16.01,63,119,1.144631,0.403562,0.326,ICMP,BENIGN,0,113,0,0
FLW-0003974,VPN-SES-00726,0x14bc969a,83.62,2853,2034350,24328.51,194628.08,194628.08,759.69,526.09,95,1500,0.33436,0.611328,0.501,Web_Browsing,BENIGN,0,3048,0,1
FLW-0003975,VPN-SES-00726,0x14bc969a,57.38,755,270319,4711.03,37688.25,37688.25,396.82,193.95,110,765,1.066249,1.307079,0.232,WhatsApp,BENIGN,0,853,0,1
FLW-0003976,VPN-SES-00726,0x14bc969a,46.54,9870,11360407,244099.85,1952798.8,1952798.8,1273.26,112.03,1081,1432,0.036206,0.026261,0.091,Video_Streaming,BENIGN,0,11562,0,1
FLW-0003977,VPN-SES-00726,0x14bc969a,18.63,96,9637,517.28,4138.27,4138.27,104.1,21.17,72,136,0.919652,0.221628,0.561,ICMP,BENIGN,0,79,0,0
FLW-0003978,VPN-SES-00727,0xcfa1bbd9,119.69,26270,33070153,276298.38,2210387.03,2210387.03,1291.85,193.25,953,1500,0.030691,0.009343,0.913,Attack,DATA_EXFILTRATION,1,82458,0,1
FLW-0003979,VPN-SES-00727,0xcfa1bbd9,38.55,1978,537033,13930.82,111446.54,111446.54,290.22,114.9,99,464,0.115403,0.079135,0.728,Attack,BRUTE_FORCE,1,3946,0,0
FLW-0003980,VPN-SES-00727,0xcfa1bbd9,227.62,241,50341,221.16,1769.3,1769.3,220.68,67.17,106,339,3.10301,1.462758,0.494,Attack,C2_BEACONING,1,241,0,1
FLW-0003981,VPN-SES-00727,0xcfa1bbd9,41.7,61908,11020880,264289.69,2114317.51,2114317.51,162.4,39.52,110,217,0.005647,0.002211,0.784,Attack,DOS_FLOOD,1,343371,3,5
FLW-0003982,VPN-SES-00727,0xcfa1bbd9,30.13,150,46843,1554.7,12437.57,12437.57,293.11,111.86,144,492,0.770435,0.793396,0.398,WhatsApp,BENIGN,0,110,0,1
FLW-0003983,VPN-SES-00727,0xcfa1bbd9,38.67,1177,1206127,31190.25,249522.01,249522.01,941.29,291.92,560,1500,0.344145,0.227151,0.35,Email_IMAP,BENIGN,0,1195,0,1
FLW-0003984,VPN-SES-00728,0xde3a9839,216.57,413,97630,450.8,3606.41,3606.41,243.55,76.54,98,346,5.020578,3.18629,0.565,Attack,C2_BEACONING,1,459,0,1
FLW-0003985,VPN-SES-00728,0xde3a9839,54.62,4087,5409700,99042.48,792339.8,792339.8,1226.8,229.68,759,1500,0.030016,0.028844,0.096,Video_Streaming,BENIGN,0,6455,0,1
FLW-0003986,VPN-SES-00728,0xde3a9839,36.58,362,380814,10410.44,83283.54,83283.54,1004.35,424.95,108,1500,0.802878,0.577366,0.578,Email_IMAP,BENIGN,0,380,0,1
FLW-0003987,VPN-SES-00729,0x8f69c5de,62.52,10621,12885398,206100.42,1648803.33,1648803.33,1122.33,229.32,772,1500,0.02387,0.018412,0.102,Video_Streaming,BENIGN,0,18429,0,2
FLW-0003988,VPN-SES-00729,0x8f69c5de,20.65,420,107018,5182.47,41459.76,41459.76,249.32,184.15,40,588,1.031679,0.93041,0.471,WhatsApp,BENIGN,0,308,0,1
FLW-0003989,VPN-SES-00729,0x8f69c5de,11.96,322,211940,17720.74,141765.89,141765.89,611.4,390.03,40,1374,0.541218,0.511252,0.379,Web_Browsing,BENIGN,0,428,0,1
FLW-0003990,VPN-SES-00729,0x8f69c5de,109.15,2539,407936,3737.39,29899.11,29899.11,159.28,56.82,60,265,0.062277,0.058042,0.5,VoIP,BENIGN,0,2020,0,1
FLW-0003991,VPN-SES-00729,0x8f69c5de,38.93,473,228932,5880.61,47044.85,47044.85,449.76,426.04,40,1077,0.521999,0.541729,0.395,Email_IMAP,BENIGN,0,452,1,1
FLW-0003992,VPN-SES-00729,0x8f69c5de,42.49,1610,1659570,39057.9,312463.17,312463.17,1000.94,276.98,530,1500,0.743957,0.669235,0.522,Email_IMAP,BENIGN,0,1751,0,1
FLW-0003993,VPN-SES-00729,0x8f69c5de,12.72,168,52493,4126.81,33014.47,33014.47,312.56,156.41,109,529,2.613361,3.041976,0.459,WhatsApp,BENIGN,0,172,0,0
FLW-0003994,VPN-SES-00730,0x93eb9c88,24.45,249,47423,1939.59,15516.73,15516.73,183.12,179.58,40,512,0.49612,0.393446,0.582,WhatsApp,BENIGN,0,282,0,1
FLW-0003995,VPN-SES-00730,0x93eb9c88,23.82,4712,7595225,318859.15,2550873.22,2550873.22,1500.0,175.73,1275,1500,0.017907,0.007446,0.98,Attack,DATA_EXFILTRATION,1,15281,4,2
FLW-0003996,VPN-SES-00730,0x93eb9c88,94.9,281,65573,690.97,5527.76,5527.76,252.41,261.43,40,809,0.589589,0.550426,0.551,WhatsApp,BENIGN,0,235,0,1
FLW-0003997,VPN-SES-00730,0x93eb9c88,63.98,2973,1251626,19562.77,156502.16,156502.16,388.65,644.17,40,1225,0.230063,0.232664,0.374,Web_Browsing,BENIGN,0,2590,0,0
FLW-0003998,VPN-SES-00730,0x93eb9c88,158.6,1910,517539,3263.17,26105.37,26105.37,287.27,184.77,40,544,1.181751,1.181444,0.542,WhatsApp,BENIGN,0,2174,0,0
FLW-0003999,VPN-SES-00730,0x93eb9c88,67.4,812,977079,14496.72,115973.77,115973.77,1096.54,478.72,376,1500,0.544108,0.426,0.46,Email_IMAP,BENIGN,0,998,0,1
FLW-0004000,VPN-SES-00730,0x93eb9c88,104.15,2181,1850949,17771.95,142175.63,142175.63,797.46,516.35,40,1500,0.985826,1.00216,0.305,Web_Browsing,BENIGN,0,2846,0,1
FLW-0004001,VPN-SES-00731,0x3c11e260,53.21,2260,312584,5874.53,46996.28,46996.28,135.95,26.0,79,167,0.067352,0.064256,0.486,VoIP,BENIGN,0,2797,0,2
FLW-0004002,VPN-SES-00731,0x3c11e260,11.08,168,101047,9119.77,72958.12,72958.12,634.6,495.4,40,1500,0.858812,1.02383,0.285,Web_Browsing,BENIGN,0,148,0,0
FLW-0004003,VPN-SES-00731,0x3c11e260,22.0,771,442256,20102.55,160820.36,160820.36,628.78,178.02,286,1016,0.250119,0.226662,0.484,Web_Browsing,BENIGN,0,808,0,0
FLW-0004004,VPN-SES-00731,0x3c11e260,193.88,506,111604,575.63,4605.08,4605.08,208.07,238.59,40,719,1.539562,1.473107,0.331,WhatsApp,BENIGN,0,359,0,0
FLW-0004005,VPN-SES-00732,0xdd3a9adb,3.4,8,863,253.82,2030.59,2030.59,115.45,18.65,84,145,1.339431,0.363783,0.508,ICMP,BENIGN,0,7,0,0
FLW-0004006,VPN-SES-00732,0xdd3a9adb,5.34,6618,925231,173264.23,1386113.86,1386113.86,131.02,37.53,83,213,0.008484,0.002311,0.926,Attack,DOS_FLOOD,1,30457,4,3
FLW-0004007,VPN-SES-00732,0xdd3a9adb,22.15,413,208679,9421.17,75369.39,75369.39,493.12,481.68,40,1488,0.387095,0.575304,0.254,Web_Browsing,BENIGN,0,523,0,0
FLW-0004008,VPN-SES-00732,0xdd3a9adb,36.34,2291,334353,9200.69,73605.5,73605.5,143.81,48.34,49,242,0.094599,0.049318,0.502,VoIP,BENIGN,0,1750,0,0
FLW-0004009,VPN-SES-00732,0xdd3a9adb,70.17,4233,592491,8443.65,67549.21,67549.21,131.18,24.53,80,163,0.065025,0.0328,0.597,VoIP,BENIGN,0,5082,0,0
FLW-0004010,VPN-SES-00732,0xdd3a9adb,113.06,18387,27155692,240188.32,1921506.6,1921506.6,1369.27,197.31,1100,1500,0.0137,0.007225,0.729,Attack,DATA_EXFILTRATION,1,55471,0,1
FLW-0004011,VPN-SES-00733,0x21b4accd,267.89,36198,36700347,136997.82,1095982.59,1095982.59,1057.4,60.89,969,1167,0.057012,0.04173,0.02,Video_Streaming,BENIGN,0,62502,0,0
FLW-0004012,VPN-SES-00733,0x21b4accd,17.7,658,224647,12691.92,101535.37,101535.37,324.37,108.44,96,538,0.062934,0.033671,0.671,Attack,BRUTE_FORCE,1,1254,0,2
FLW-0004013,VPN-SES-00733,0x21b4accd,3.39,42,17555,5178.47,41427.73,41427.73,432.31,425.38,40,1284,0.502026,0.331645,0.475,Email_IMAP,BENIGN,0,46,0,0
FLW-0004014,VPN-SES-00733,0x21b4accd,19.36,19944,2749951,142042.92,1136343.39,1136343.39,143.08,52.42,40,229,0.008347,0.004831,0.828,Attack,DOS_FLOOD,1,94009,0,1
FLW-0004015,VPN-SES-00733,0x21b4accd,51.28,780,225792,4403.12,35224.96,35224.96,313.06,221.96,40,681,0.464995,0.408656,0.383,WhatsApp,BENIGN,0,781,0,1
FLW-0004016,VPN-SES-00733,0x21b4accd,22.22,361,271169,12203.83,97630.6,97630.6,759.76,522.77,40,1500,0.936638,0.982738,0.528,Email_IMAP,BENIGN,0,348,0,0
FLW-0004017,VPN-SES-00733,0x21b4accd,19.35,65,52822,2729.82,21838.55,21838.55,900.77,505.89,40,1500,0.53443,0.621779,0.486,Email_IMAP,BENIGN,0,66,0,0
FLW-0004018,VPN-SES-00734,0x66375ea5,106.42,6959,1141550,10726.84,85814.7,85814.7,168.03,46.54,76,251,0.06668,0.046567,0.369,VoIP,BENIGN,0,7145,0,0
FLW-0004019,VPN-SES-00734,0x66375ea5,35.89,1031,662692,18464.53,147716.24,147716.24,614.42,204.72,213,962,0.432974,0.269695,0.531,Email_IMAP,BENIGN,0,941,0,1
FLW-0004020,VPN-SES-00734,0x66375ea5,68.13,3700,1533829,22513.27,180106.15,180106.15,422.38,476.92,40,1428,0.520448,0.724258,0.394,Web_Browsing,BENIGN,0,5039,2,0
FLW-0004021,VPN-SES-00734,0x66375ea5,21.96,495,77614,3534.34,28274.68,28274.68,147.24,458.76,40,750,0.265924,0.223748,0.483,Web_Browsing,BENIGN,0,522,0,0
FLW-0004022,VPN-SES-00734,0x66375ea5,109.6,1375,419235,3825.14,30601.09,30601.09,300.51,127.04,57,536,1.204934,1.043385,0.533,WhatsApp,BENIGN,0,1663,0,0
FLW-0004023,VPN-SES-00734,0x66375ea5,52.49,405,113264,2157.82,17262.56,17262.56,256.12,213.45,40,559,1.428263,3.794197,0.458,WhatsApp,BENIGN,0,306,0,0
FLW-0004024,VPN-SES-00734,0x66375ea5,13.76,68,6192,450.0,3600.0,3600.0,94.41,16.88,60,125,0.749444,0.193993,0.553,ICMP,BENIGN,0,39,0,2
FLW-0004025,VPN-SES-00734,0x66375ea5,113.15,3607,3264524,28851.29,230810.36,230810.36,824.48,426.42,60,1500,1.070966,1.19201,0.368,Web_Browsing,BENIGN,0,5001,0,2
FLW-0004026,VPN-SES-00735,0xc8bd0a51,15.98,435,360161,22538.24,180305.88,180305.88,818.21,454.72,75,1500,0.591919,0.710909,0.353,Web_Browsing,BENIGN,0,520,0,1
FLW-0004027,VPN-SES-00735,0xc8bd0a51,15.02,23656,2573315,171325.9,1370607.19,1370607.19,119.89,34.67,70,194,0.005512,0.001818,0.98,Attack,DOS_FLOOD,1,84109,2,2
FLW-0004028,VPN-SES-00735,0xc8bd0a51,58.99,2599,704151,11936.79,95494.29,95494.29,259.92,117.1,68,510,0.172662,0.127908,0.582,Attack,BRUTE_FORCE,1,3950,0,0
FLW-0004029,VPN-SES-00735,0xc8bd0a51,24.04,814,789284,32832.11,262656.91,262656.91,975.48,377.79,250,1500,0.151223,0.163312,0.338,Web_Browsing,BENIGN,0,1034,1,0
FLW-0004030,VPN-SES-00735,0xc8bd0a51,19.2,556,446450,23252.6,186020.83,186020.83,755.9,495.06,40,1500,0.986021,1.069724,0.48,Email_IMAP,BENIGN,0,691,0,1
FLW-0004031,VPN-SES-00735,0xc8bd0a51,2.68,8,857,319.78,2558.21,2558.21,109.84,34.41,49,169,1.512678,0.444777,0.395,ICMP,BENIGN,0,12,0,0
FLW-0004032,VPN-SES-00735,0xc8bd0a51,165.97,32465,39387457,237316.73,1898533.81,1898533.81,1341.59,147.99,1143,1500,0.053253,0.060714,0.02,Video_Streaming,BENIGN,0,56291,0,1
FLW-0004033,VPN-SES-00735,0xc8bd0a51,15.65,622,392508,25080.38,200643.07,200643.07,625.88,452.02,40,1500,0.510365,0.655172,0.257,Web_Browsing,BENIGN,0,733,0,0
FLW-0004034,VPN-SES-00736,0xfc5ee44d,33.66,884,787110,23384.14,187073.08,187073.08,927.79,505.9,40,1500,1.17972,1.202128,0.55,Email_IMAP,BENIGN,0,645,0,1
FLW-0004035,VPN-SES-00736,0xfc5ee44d,80.61,10213,13665362,169524.4,1356195.21,1356195.21,1428.71,209.49,1046,1500,0.060805,0.054046,0.22,Video_Streaming,BENIGN,0,14897,2,2
FLW-0004036,VPN-SES-00736,0xfc5ee44d,117.67,157,40744,346.26,2770.05,2770.05,247.15,97.02,41,447,2.63026,0.996438,0.446,Attack,C2_BEACONING,1,179,0,3
FLW-0004037,VPN-SES-00736,0xfc5ee44d,100.44,4086,573481,5709.69,45677.5,45677.5,148.97,55.73,55,268,0.037708,0.017915,0.511,VoIP,BENIGN,0,5138,0,0
FLW-0004038,VPN-SES-00736,0xfc5ee44d,37.66,7042,9253873,245721.53,1965772.28,1965772.28,1271.7,204.04,1006,1500,0.036886,0.017156,0.956,Attack,DATA_EXFILTRATION,1,26533,0,1
FLW-0004039,VPN-SES-00736,0xfc5ee44d,67.04,638,147983,2207.38,17659.07,17659.07,234.81,293.53,40,628,0.512932,0.667488,0.42,WhatsApp,BENIGN,0,757,0,0
FLW-0004040,VPN-SES-00736,0xfc5ee44d,36.49,682,494949,13563.96,108511.7,108511.7,675.27,178.46,314,945,1.43935,1.349667,0.571,Email_IMAP,BENIGN,0,850,0,0
FLW-0004041,VPN-SES-00737,0xbbcd21c3,34.49,947,740989,21484.17,171873.35,171873.35,852.64,570.82,40,1500,0.734426,0.5414,0.524,Email_IMAP,BENIGN,0,1048,0,1
FLW-0004042,VPN-SES-00737,0xbbcd21c3,35.71,712,445548,12476.84,99814.73,99814.73,650.63,376.0,135,1459,0.647253,0.815867,0.521,Email_IMAP,BENIGN,0,856,0,2
FLW-0004043,VPN-SES-00737,0xbbcd21c3,8.23,38,5034,611.66,4893.32,4893.32,122.93,31.91,56,168,0.843468,0.225109,0.51,ICMP,BENIGN,0,31,0,1
FLW-0004044,VPN-SES-00737,0xbbcd21c3,47.27,1876,275788,5834.31,46674.51,46674.51,150.53,49.33,79,223,0.050592,0.02577,0.305,VoIP,BENIGN,0,2370,0,1
FLW-0004045,VPN-SES-00737,0xbbcd21c3,38.93,2021,1526857,39220.58,313764.6,313764.6,702.11,525.9,40,1500,0.265919,0.235024,0.253,Web_Browsing,BENIGN,0,2680,1,1
FLW-0004046,VPN-SES-00738,0xd3195a33,18.51,36,4587,247.81,1982.5,1982.5,123.87,20.46,88,149,0.495927,0.275574,0.51,ICMP,BENIGN,0,24,0,3
FLW-0004047,VPN-SES-00738,0xd3195a33,226.09,142,32789,145.03,1160.21,1160.21,245.42,53.64,155,319,4.265739,1.837918,0.43,Attack,C2_BEACONING,1,174,1,3
FLW-0004048,VPN-SES-00738,0xd3195a33,16.92,103,11120,657.21,5257.68,5257.68,114.39,17.25,90,144,0.405463,0.120279,0.559,ICMP,BENIGN,0,82,0,0
FLW-0004049,VPN-SES-00738,0xd3195a33,50.82,2973,431427,8489.32,67914.52,67914.52,143.36,39.25,64,202,0.07179,0.044963,0.501,VoIP,BENIGN,0,2490,0,0
FLW-0004050,VPN-SES-00739,0x298a6a0c,9.38,119,62963,6712.47,53699.79,53699.79,513.87,70.54,382,624,1.395316,1.299613,0.479,WhatsApp,BENIGN,0,126,0,0
FLW-0004051,VPN-SES-00739,0x298a6a0c,5.76,47,41786,7254.51,58036.11,58036.11,823.14,381.15,40,1368,0.413821,0.35484,0.576,Email_IMAP,BENIGN,0,57,0,0
FLW-0004052,VPN-SES-00739,0x298a6a0c,65.31,11670,16816765,257491.43,2059931.4,2059931.4,1331.31,303.09,930,1500,0.096734,0.079998,0.02,Video_Streaming,BENIGN,0,20315,0,0
FLW-0004053,VPN-SES-00740,0xa6e82445,178.95,1128,476097,2660.5,21284.02,21284.02,391.84,147.38,213,672,1.383347,1.333096,0.563,WhatsApp,BENIGN,0,944,0,2
FLW-0004054,VPN-SES-00740,0xa6e82445,97.34,1016,505797,5196.19,41569.51,41569.51,516.84,176.24,228,780,0.623019,0.602496,0.564,WhatsApp,BENIGN,0,920,0,0
FLW-0004055,VPN-SES-00740,0xa6e82445,43.56,1329,1289576,29604.59,236836.73,236836.73,1013.26,302.08,557,1500,0.378516,0.388385,0.506,Email_IMAP,BENIGN,0,990,0,0
FLW-0004056,VPN-SES-00740,0xa6e82445,104.86,15005,17997571,171634.28,1373074.27,1373074.27,1295.65,262.87,951,1500,0.038491,0.016578,0.202,Video_Streaming,BENIGN,0,23036,0,0
FLW-0004057,VPN-SES-00740,0xa6e82445,224.37,570,134321,598.66,4789.27,4789.27,253.57,65.14,168,377,6.282595,2.4468,0.591,Attack,C2_BEACONING,1,752,0,5
FLW-0004058,VPN-SES-00741,0xd414c913,46.53,2196,230558,4955.04,39640.32,39640.32,116.0,46.09,40,186,0.060416,0.038032,0.49,VoIP,BENIGN,0,2514,0,1
FLW-0004059,VPN-SES-00741,0xd414c913,35.03,811,676520,19312.59,154500.71,154500.71,763.51,379.24,146,1500,0.678338,0.65708,0.741,Email_IMAP,BENIGN,0,977,0,0
FLW-0004060,VPN-SES-00741,0xd414c913,53.25,1835,540234,10145.24,81161.92,81161.92,323.98,133.84,73,506,0.336682,0.304609,0.558,Attack,BRUTE_FORCE,1,4480,0,3
FLW-0004061,VPN-SES-00741,0xd414c913,76.01,4010,716126,9421.47,75371.77,75371.77,181.69,138.49,40,460,0.118929,0.077455,0.7,Attack,BRUTE_FORCE,1,8950,0,2
FLW-0004062,VPN-SES-00741,0xd414c913,6.85,1055,74898,10934.01,87472.12,87472.12,76.23,30.0,40,117,0.044979,0.047375,0.732,Attack,PORT_SCAN,1,3058,0,2
FLW-0004063,VPN-SES-00741,0xd414c913,78.39,2794,419641,5353.25,42825.97,42825.97,143.31,46.71,86,224,0.083104,0.052024,0.479,VoIP,BENIGN,0,3468,0,0
FLW-0004064,VPN-SES-00742,0xd0a6a43b,26.67,709,478393,17937.5,143499.96,143499.96,738.66,369.35,79,1500,0.662786,0.46034,0.486,Email_IMAP,BENIGN,0,626,0,1
FLW-0004065,VPN-SES-00742,0xd0a6a43b,133.51,1780,276385,2070.14,16561.16,16561.16,154.77,328.6,40,579,1.196229,1.351989,0.526,WhatsApp,BENIGN,0,1753,0,0
FLW-0004066,VPN-SES-00742,0xd0a6a43b,107.49,3305,351105,3266.4,26131.17,26131.17,106.33,40.62,40,190,0.040406,0.018744,0.524,VoIP,BENIGN,0,3374,0,1
FLW-0004067,VPN-SES-00742,0xd0a6a43b,64.89,2246,2361982,36399.78,291198.27,291198.27,1050.79,448.96,76,1500,0.354958,0.693792,0.374,Web_Browsing,BENIGN,0,2013,0,1
FLW-0004068,VPN-SES-00742,0xd0a6a43b,17.31,259,195679,11304.39,90435.12,90435.12,723.26,605.1,40,1500,0.53958,0.441531,0.548,Email_IMAP,BENIGN,0,314,0,2
FLW-0004069,VPN-SES-00742,0xd0a6a43b,8.99,465,390032,43385.09,347080.76,347080.76,768.01,493.01,77,1473,0.669507,1.302836,0.323,Web_Browsing,BENIGN,0,681,0,2
FLW-0004070,VPN-SES-00743,0x4b5df6ce,209.33,29589,40363580,192822.72,1542581.76,1542581.76,1347.02,127.38,1100,1500,0.029166,0.028657,0.233,Video_Streaming,BENIGN,0,44170,0,1
FLW-0004071,VPN-SES-00743,0x4b5df6ce,10.02,3109,322362,32171.86,257374.85,257374.85,107.97,26.41,58,160,0.03368,0.026268,0.794,Attack,PORT_SCAN,1,10807,0,0
FLW-0004072,VPN-SES-00743,0x4b5df6ce,31.45,177,19506,620.22,4961.78,4961.78,103.61,15.59,77,135,1.319309,0.642611,0.535,ICMP,BENIGN,0,139,0,1
FLW-0004073,VPN-SES-00743,0x4b5df6ce,176.77,12603,16200202,91645.65,733165.22,733165.22,1384.34,202.56,949,1500,0.03293,0.022227,0.174,Video_Streaming,BENIGN,0,20990,1,1
FLW-0004074,VPN-SES-00743,0x4b5df6ce,47.23,522,507718,10749.9,85999.24,85999.24,886.72,358.07,123,1500,0.421893,0.382514,0.493,Email_IMAP,BENIGN,0,401,0,0
FLW-0004075,VPN-SES-00743,0x4b5df6ce,114.44,17051,23351424,204049.49,1632395.95,1632395.95,1277.35,197.6,855,1500,0.020425,0.014322,0.98,Attack,DATA_EXFILTRATION,1,50016,0,1
FLW-0004076,VPN-SES-00743,0x4b5df6ce,22.4,133,14881,664.33,5314.64,5314.64,112.18,23.96,82,144,0.905212,0.224118,0.552,ICMP,BENIGN,0,83,0,0
FLW-0004077,VPN-SES-00744,0xe2575c4b,23.9,393,344096,14397.32,115178.58,115178.58,936.54,411.79,149,1500,0.875607,0.690295,0.542,Email_IMAP,BENIGN,0,474,0,0
FLW-0004078,VPN-SES-00744,0xe2575c4b,76.29,14508,17904568,234690.89,1877527.12,1877527.12,1215.46,209.62,760,1500,0.020555,0.013847,0.239,Video_Streaming,BENIGN,0,15246,0,0
FLW-0004079,VPN-SES-00744,0xe2575c4b,10.91,24,2623,240.42,1923.37,1923.37,103.5,13.57,82,125,0.689134,0.348718,0.462,ICMP,BENIGN,0,21,0,0
FLW-0004080,VPN-SES-00744,0xe2575c4b,67.14,8594,11028592,164262.62,1314100.92,1314100.92,1372.84,210.07,930,1500,0.041759,0.024676,0.98,Attack,DATA_EXFILTRATION,1,25265,1,2
FLW-0004081,VPN-SES-00744,0xe2575c4b,130.03,389,88430,680.07,5440.59,5440.59,217.35,69.84,71,328,3.17509,1.915777,0.499,Attack,C2_BEACONING,1,454,0,2
FLW-0004082,VPN-SES-00745,0xfdd8b2da,29.26,72,8238,281.54,2252.36,2252.36,108.79,23.62,76,153,1.318417,0.22984,0.508,ICMP,BENIGN,0,64,1,1
FLW-0004083,VPN-SES-00745,0xfdd8b2da,225.72,22767,24642260,109171.81,873374.45,873374.45,1175.24,195.89,747,1451,0.020024,0.013815,0.217,Video_Streaming,BENIGN,0,34942,0,1
FLW-0004084,VPN-SES-00745,0xfdd8b2da,69.49,1609,103754,1493.08,11944.63,11944.63,64.0,285.89,40,507,0.892111,1.026122,0.541,WhatsApp,BENIGN,0,1402,0,0
FLW-0004085,VPN-SES-00745,0xfdd8b2da,63.95,1193,1036400,16206.41,129651.29,129651.29,862.28,618.0,40,1500,0.626968,0.650019,0.33,Web_Browsing,BENIGN,0,1607,0,2
FLW-0004086,VPN-SES-00745,0xfdd8b2da,70.54,1007,306185,4340.59,34724.7,34724.7,334.08,201.77,40,647,0.527259,0.479512,0.524,WhatsApp,BENIGN,0,1174,0,3
FLW-0004087,VPN-SES-00745,0xfdd8b2da,32.61,26683,3670389,112554.09,900432.75,900432.75,136.78,35.14,76,179,0.009507,0.004319,0.98,Attack,DOS_FLOOD,1,143182,4,4
FLW-0004088,VPN-SES-00745,0xfdd8b2da,372.53,58244,86246547,231515.71,1852125.67,1852125.67,1413.49,215.78,1114,1500,0.023374,0.017215,0.172,Video_Streaming,BENIGN,0,71127,0,2
FLW-0004089,VPN-SES-00746,0x175708ff,21.71,23566,2762835,127260.94,1018087.52,1018087.52,129.47,45.38,53,184,0.003988,0.002248,0.98,Attack,DOS_FLOOD,1,85338,1,2
FLW-0004090,VPN-SES-00746,0x175708ff,465.06,625,152219,327.31,2618.48,2618.48,243.54,56.48,155,333,3.333699,1.551424,0.613,Attack,C2_BEACONING,1,523,0,2
FLW-0004091,VPN-SES-00746,0x175708ff,22.42,630,97372,4343.09,34744.69,34744.69,145.77,33.99,89,213,0.037059,0.035682,0.548,VoIP,BENIGN,0,532,0,0
FLW-0004092,VPN-SES-00746,0x175708ff,109.83,17298,21164704,192704.22,1541633.72,1541633.72,1344.71,128.44,1178,1500,0.047464,0.041189,0.169,Video_Streaming,BENIGN,0,27083,0,3
FLW-0004093,VPN-SES-00747,0xfbf5ccfa,125.92,2760,894910,7106.97,56855.78,56855.78,346.2,264.57,40,866,1.116215,1.482946,0.484,WhatsApp,BENIGN,0,2780,0,1
FLW-0004094,VPN-SES-00747,0xfbf5ccfa,45.55,261,121704,2671.88,21375.02,21375.02,510.15,483.94,40,1488,0.813932,0.462288,0.563,Email_IMAP,BENIGN,0,277,0,0
FLW-0004095,VPN-SES-00747,0xfbf5ccfa,5.88,59,41688,7089.8,56718.37,56718.37,750.85,489.73,40,1500,1.297129,1.2255,0.497,Email_IMAP,BENIGN,0,80,0,1
FLW-0004096,VPN-SES-00747,0xfbf5ccfa,28.12,196,60349,2146.12,17168.99,17168.99,305.8,323.12,40,909,1.551904,1.652824,0.613,WhatsApp,BENIGN,0,170,0,0
FLW-0004097,VPN-SES-00748,0xade562c3,71.34,2239,425990,5971.26,47770.11,47770.11,192.99,63.72,102,316,0.043114,0.023272,0.482,VoIP,BENIGN,0,1817,0,0
FLW-0004098,VPN-SES-00748,0xade562c3,46.84,637,38625,824.62,6596.93,6596.93,64.0,255.68,40,372,0.943799,0.929682,0.416,WhatsApp,BENIGN,0,703,0,0
FLW-0004099,VPN-SES-00748,0xade562c3,66.46,2393,947192,14252.06,114016.49,114016.49,375.58,580.62,40,1500,0.535916,0.54468,0.334,Web_Browsing,BENIGN,0,3039,1,0
FLW-0004100,VPN-SES-00748,0xade562c3,10.85,62,7296,672.44,5379.54,5379.54,113.68,36.38,69,176,1.247715,0.437633,0.56,ICMP,BENIGN,0,37,0,0
FLW-0004101,VPN-SES-00748,0xade562c3,29.9,21981,2994928,100164.82,801318.53,801318.53,127.32,19.37,95,160,0.007709,0.003104,0.811,Attack,DOS_FLOOD,1,95520,3,2
FLW-0004102,VPN-SES-00748,0xade562c3,75.39,1440,721207,9566.35,76530.79,76530.79,532.8,602.22,40,1500,0.868176,1.067733,0.367,Web_Browsing,BENIGN,0,1598,0,0
FLW-0004103,VPN-SES-00749,0x1b83e34e,30.25,52436,7268113,240268.2,1922145.59,1922145.59,137.36,47.08,40,233,0.001988,0.000719,0.789,Attack,DOS_FLOOD,1,205254,2,2
FLW-0004104,VPN-SES-00749,0x1b83e34e,82.33,1958,1791115,21755.31,174042.51,174042.51,974.54,412.0,340,1500,0.394116,0.402537,0.317,Web_Browsing,BENIGN,0,2696,0,0
FLW-0004105,VPN-SES-00749,0x1b83e34e,41.31,712,269531,6524.59,52196.76,52196.76,347.63,250.01,40,689,0.683183,0.905356,0.465,WhatsApp,BENIGN,0,527,0,1
FLW-0004106,VPN-SES-00749,0x1b83e34e,5.19,82,85930,16556.84,132454.72,132454.72,1058.03,448.84,307,1500,0.925502,0.907848,0.603,Email_IMAP,BENIGN,0,74,0,0
FLW-0004107,VPN-SES-00749,0x1b83e34e,9.57,12368,1571164,164175.97,1313407.73,1313407.73,131.15,30.78,91,197,0.004476,0.0018,0.915,Attack,DOS_FLOOD,1,42535,3,0
FLW-0004108,VPN-SES-00750,0x56a77fbe,33.43,761,503847,15071.7,120573.62,120573.62,725.85,503.06,40,1395,0.594815,0.488492,0.482,Email_IMAP,BENIGN,0,878,0,0
FLW-0004109,VPN-SES-00750,0x56a77fbe,17.36,287,126054,7261.18,58089.4,58089.4,437.24,210.41,53,779,0.547492,0.631912,0.269,Web_Browsing,BENIGN,0,349,0,0
FLW-0004110,VPN-SES-00750,0x56a77fbe,4.62,98,28471,6162.55,49300.43,49300.43,272.64,550.03,40,1245,0.202163,0.247984,0.268,Web_Browsing,BENIGN,0,90,0,0
FLW-0004111,VPN-SES-00751,0x4e6d9f97,218.23,982,410646,1881.71,15053.7,15053.7,399.31,240.03,104,810,0.552129,0.572723,0.477,WhatsApp,BENIGN,0,1057,0,1
FLW-0004112,VPN-SES-00751,0x4e6d9f97,9.8,2450,229862,23455.31,187642.45,187642.45,99.59,30.56,52,161,0.025362,0.017631,0.908,Attack,PORT_SCAN,1,7937,2,2
FLW-0004113,VPN-SES-00751,0x4e6d9f97,79.42,956,503413,6338.62,50708.94,50708.94,486.35,77.01,386,600,1.441366,1.730213,0.503,WhatsApp,BENIGN,0,1120,0,1
FLW-0004114,VPN-SES-00751,0x4e6d9f97,70.28,3113,502499,7149.96,57199.66,57199.66,172.92,39.56,122,247,0.046365,0.011437,0.485,VoIP,BENIGN,0,3313,0,2
FLW-0004115,VPN-SES-00751,0x4e6d9f97,14.78,541,94703,6407.51,51260.08,51260.08,162.54,27.42,129,214,0.058407,0.046478,0.519,VoIP,BENIGN,0,632,0,0
FLW-0004116,VPN-SES-00751,0x4e6d9f97,41.77,450,296199,7091.19,56729.52,56729.52,646.93,553.74,40,1500,0.614459,0.996736,0.381,Web_Browsing,BENIGN,0,491,0,0
FLW-0004117,VPN-SES-00751,0x4e6d9f97,56.58,1679,254565,4499.2,35993.64,35993.64,160.15,43.17,94,243,0.052978,0.03553,0.507,VoIP,BENIGN,0,1687,0,1
FLW-0004118,VPN-SES-00751,0x4e6d9f97,222.35,50521,66742008,300166.44,2401331.52,2401331.52,1314.19,207.56,1006,1500,0.035078,0.02891,0.02,Video_Streaming,BENIGN,0,81844,0,2
FLW-0004119,VPN-SES-00752,0xb813611b,53.68,46296,6997908,130363.41,1042907.3,1042907.3,149.65,60.8,42,259,0.00211,0.001053,0.98,Attack,DOS_FLOOD,1,228488,5,4
FLW-0004120,VPN-SES-00752,0xb813611b,20.87,74,7676,367.8,2942.41,2942.41,112.85,26.19,57,162,0.505528,0.278425,0.513,ICMP,BENIGN,0,37,0,0
FLW-0004121,VPN-SES-00752,0xb813611b,14.01,97,8284,591.29,4730.34,4730.34,92.65,27.59,47,147,0.50184,0.099888,0.346,ICMP,BENIGN,0,54,0,0
FLW-0004122,VPN-SES-00752,0xb813611b,3.85,1306,182632,47436.88,379495.06,379495.06,130.9,43.12,72,210,0.038874,0.020677,0.649,Attack,PORT_SCAN,1,3783,0,0
FLW-0004123,VPN-SES-00753,0x16fdb09b,304.7,41109,46275809,151873.35,1214986.78,1214986.78,1234.06,250.6,842,1500,0.024218,0.023843,0.02,Video_Streaming,BENIGN,0,63559,2,1
FLW-0004124,VPN-SES-00753,0x16fdb09b,17.42,9854,1075060,61714.12,493712.97,493712.97,115.49,46.64,40,179,0.008577,0.003077,0.884,Attack,DOS_FLOOD,1,41379,0,2
FLW-0004125,VPN-SES-00753,0x16fdb09b,13.91,321,180043,12943.42,103547.38,103547.38,522.53,611.77,40,1385,0.434338,0.280742,0.56,Email_IMAP,BENIGN,0,324,0,1
FLW-0004126,VPN-SES-00753,0x16fdb09b,92.05,36,8326,90.45,723.61,723.61,245.44,65.37,160,341,2.460989,1.922825,0.532,Attack,C2_BEACONING,1,51,0,1
FLW-0004127,VPN-SES-00753,0x16fdb09b,23.5,39,3699,157.4,1259.23,1259.23,103.96,15.62,73,128,0.502212,0.119207,0.567,ICMP,BENIGN,0,20,1,2
FLW-0004128,VPN-SES-00753,0x16fdb09b,13.64,9639,1179550,86477.27,691818.18,691818.18,114.85,13.53,98,135,0.004222,0.001835,0.962,Attack,DOS_FLOOD,1,39687,2,0
FLW-0004129,VPN-SES-00754,0x493fa137,94.28,1906,1379957,14636.79,117094.36,117094.36,741.61,602.12,40,1500,0.387749,0.486941,0.413,Web_Browsing,BENIGN,0,2482,0,1
FLW-0004130,VPN-SES-00754,0x493fa137,79.66,8326,11942596,149919.61,1199356.87,1199356.87,1365.24,302.61,890,1500,0.033861,0.02618,0.195,Video_Streaming,BENIGN,0,11257,0,0
FLW-0004131,VPN-SES-00754,0x493fa137,59.65,1737,692806,11614.52,92916.14,92916.14,386.7,482.97,40,1384,0.373996,0.378355,0.25,Web_Browsing,BENIGN,0,2001,0,0
FLW-0004132,VPN-SES-00754,0x493fa137,41.09,1660,517771,12600.9,100807.2,100807.2,329.01,96.92,146,460,0.152298,0.121985,0.654,Attack,BRUTE_FORCE,1,3071,0,1
FLW-0004133,VPN-SES-00754,0x493fa137,42.61,69167,8924582,209448.06,1675584.51,1675584.51,118.63,39.81,64,205,0.00181,0.000576,0.98,Attack,DOS_FLOOD,1,305379,2,3
FLW-0004134,VPN-SES-00754,0x493fa137,20.24,743,445407,22006.27,176050.2,176050.2,562.49,336.41,40,1277,0.232304,0.240008,0.219,Web_Browsing,BENIGN,0,725,0,0
FLW-0004135,VPN-SES-00754,0x493fa137,115.97,2116,1155543,9964.15,79713.24,79713.24,569.36,248.19,168,885,1.620507,2.142768,0.561,WhatsApp,BENIGN,0,1476,0,2
FLW-0004136,VPN-SES-00754,0x493fa137,133.82,29062,37324565,278916.19,2231329.55,2231329.55,1345.02,171.67,1116,1500,0.024986,0.020728,0.872,Attack,DATA_EXFILTRATION,1,95244,1,0
FLW-0004137,VPN-SES-00755,0x3d669be9,57.44,491,473031,8235.22,65881.75,65881.75,912.76,253.35,593,1470,0.78657,0.706384,0.645,Email_IMAP,BENIGN,0,447,0,1
FLW-0004138,VPN-SES-00755,0x3d669be9,184.18,2449,994581,5400.05,43200.39,43200.39,376.53,189.37,54,661,0.771414,0.813927,0.474,WhatsApp,BENIGN,0,2002,0,0
FLW-0004139,VPN-SES-00755,0x3d669be9,22.21,5072,6206359,279439.85,2235518.78,2235518.78,1134.03,182.21,825,1437,0.032871,0.018284,0.943,Attack,DATA_EXFILTRATION,1,18208,1,3
FLW-0004140,VPN-SES-00755,0x3d669be9,46.53,2496,367519,7898.54,63188.31,63188.31,146.08,42.9,93,205,0.047454,0.02876,0.554,VoIP,BENIGN,0,3188,0,0
FLW-0004141,VPN-SES-00755,0x3d669be9,130.26,22397,28939186,222164.79,1777318.35,1777318.35,1419.39,193.58,1029,1500,0.046859,0.038735,0.074,Video_Streaming,BENIGN,0,26069,0,2
FLW-0004142,VPN-SES-00756,0x6ef15790,41.85,1009,784952,18756.32,150050.56,150050.56,709.31,378.99,40,1253,0.34013,0.364777,0.47,Email_IMAP,BENIGN,0,932,0,0
FLW-0004143,VPN-SES-00756,0x6ef15790,188.79,44333,60690885,321472.99,2571783.89,2571783.89,1314.95,164.22,1101,1500,0.047172,0.051037,0.092,Video_Streaming,BENIGN,0,45773,0,1
FLW-0004144,VPN-SES-00756,0x6ef15790,75.02,1029,812591,10831.66,86653.27,86653.27,861.87,340.85,353,1500,0.579678,0.967839,0.314,Web_Browsing,BENIGN,0,1159,0,0
FLW-0004145,VPN-SES-00756,0x6ef15790,272.19,339,79107,290.63,2325.05,2325.05,212.38,122.08,40,366,2.005297,0.946466,0.671,Attack,C2_BEACONING,1,477,0,4
FLW-0004146,VPN-SES-00757,0x5c3d4a81,256.3,26364,28743591,112148.23,897185.83,897185.83,1154.97,231.56,666,1500,0.034882,0.018268,0.112,Video_Streaming,BENIGN,0,43031,1,1
FLW-0004147,VPN-SES-00757,0x5c3d4a81,41.76,443,223395,5349.5,42795.98,42795.98,503.93,389.01,40,1012,0.623695,0.643712,0.477,Email_IMAP,BENIGN,0,519,0,0
FLW-0004148,VPN-SES-00757,0x5c3d4a81,111.6,1009,331740,2972.58,23780.65,23780.65,318.5,176.69,40,623,1.328039,1.668315,0.6,WhatsApp,BENIGN,0,893,0,1
FLW-0004149,VPN-SES-00757,0x5c3d4a81,62.46,2638,1095021,17531.56,140252.45,140252.45,458.23,728.43,40,1500,0.716046,1.283763,0.344,Web_Browsing,BENIGN,0,3089,0,0
FLW-0004150,VPN-SES-00758,0x4c825d85,290.6,508,88545,304.7,2437.58,2437.58,191.64,86.71,40,327,4.275258,2.651638,0.622,Attack,C2_BEACONING,1,698,0,1
FLW-0004151,VPN-SES-00758,0x4c825d85,107.47,105,25452,236.83,1894.63,1894.63,242.32,89.2,88,434,4.295691,1.783685,0.558,Attack,C2_BEACONING,1,139,0,4
FLW-0004152,VPN-SES-00758,0x4c825d85,197.75,26678,34810968,176035.24,1408281.89,1408281.89,1288.66,358.31,504,1500,0.023667,0.007516,0.219,Video_Streaming,BENIGN,0,45733,0,1
FLW-0004153,VPN-SES-00758,0x4c825d85,187.42,37901,43169884,230337.66,1842701.27,1842701.27,1063.7,322.69,542,1500,0.036844,0.02574,0.095,Video_Streaming,BENIGN,0,63884,0,1
FLW-0004154,VPN-SES-00758,0x4c825d85,40.71,792,629775,15469.79,123758.29,123758.29,857.85,417.6,103,1500,0.439142,0.336602,0.309,Web_Browsing,BENIGN,0,800,0,0
FLW-0004155,VPN-SES-00758,0x4c825d85,60.49,228,242523,4009.31,32074.46,32074.46,1003.95,576.46,169,1500,0.620019,0.552157,0.409,Email_IMAP,BENIGN,0,293,0,1
FLW-0004156,VPN-SES-00758,0x4c825d85,108.69,1748,339043,3119.36,24954.86,24954.86,184.9,131.88,40,393,1.479145,1.242635,0.482,WhatsApp,BENIGN,0,1667,1,1
FLW-0004157,VPN-SES-00759,0x2e29c15e,98.44,4362,3505577,35611.31,284890.45,284890.45,798.99,336.33,249,1395,0.290526,0.256772,0.436,Web_Browsing,BENIGN,0,3867,0,0
FLW-0004158,VPN-SES-00759,0x2e29c15e,5.71,38,3437,601.93,4815.41,4815.41,90.83,30.53,44,145,1.327318,0.316568,0.563,ICMP,BENIGN,0,34,1,0
FLW-0004159,VPN-SES-00759,0x2e29c15e,34.35,839,159091,4631.47,37051.76,37051.76,190.02,199.48,40,478,0.986665,0.948305,0.39,WhatsApp,BENIGN,0,1002,0,0
FLW-0004160,VPN-SES-00759,0x2e29c15e,24.9,578,57831,2322.53,18580.24,18580.24,108.8,162.15,40,371,1.129321,1.189324,0.346,WhatsApp,BENIGN,0,643,0,1
FLW-0004161,VPN-SES-00760,0xec4e9d81,242.12,232,56286,232.47,1859.77,1859.77,221.48,83.96,40,405,2.866728,0.74206,0.467,Attack,C2_BEACONING,1,317,0,2
FLW-0004162,VPN-SES-00760,0xec4e9d81,18.98,207,48535,2557.17,20457.32,20457.32,249.36,194.91,40,625,0.804048,1.029189,0.522,WhatsApp,BENIGN,0,151,1,1
FLW-0004163,VPN-SES-00760,0xec4e9d81,41.18,2671,283367,6881.18,55049.44,55049.44,106.16,44.25,40,188,0.058358,0.029456,0.669,VoIP,BENIGN,0,2350,0,1
FLW-0004164,VPN-SES-00761,0x4964ef48,157.68,17489,19730779,125131.78,1001054.24,1001054.24,1219.95,226.87,915,1500,0.036539,0.023776,0.116,Video_Streaming,BENIGN,0,29214,0,2
FLW-0004165,VPN-SES-00761,0x4964ef48,36.0,870,160584,4460.67,35685.33,35685.33,167.91,35.86,111,223,0.032447,0.011922,0.578,VoIP,BENIGN,0,765,0,1
FLW-0004166,VPN-SES-00761,0x4964ef48,118.28,23395,32846325,277699.74,2221597.9,2221597.9,1372.74,246.79,1000,1500,0.023576,0.012717,0.086,Video_Streaming,BENIGN,0,34610,0,1
FLW-0004167,VPN-SES-00761,0x4964ef48,28.75,275,32223,1120.8,8966.4,8966.4,116.93,35.39,53,192,1.2589,0.438829,0.489,ICMP,BENIGN,0,168,0,0
FLW-0004168,VPN-SES-00761,0x4964ef48,28.85,1454,230086,7975.25,63802.01,63802.01,156.5,55.48,82,278,0.02137,0.009521,0.465,VoIP,BENIGN,0,1407,0,2
FLW-0004169,VPN-SES-00761,0x4964ef48,11.29,84,9123,808.06,6464.48,6464.48,113.7,19.53,78,152,0.763366,0.233525,0.44,ICMP,BENIGN,0,67,0,0
FLW-0004170,VPN-SES-00762,0x22377609,35.92,288,250407,6971.24,55769.93,55769.93,874.04,543.82,170,1500,0.685562,1.082835,0.38,Email_IMAP,BENIGN,0,248,0,2
FLW-0004171,VPN-SES-00762,0x22377609,52.87,3166,960181,18161.17,145289.35,145289.35,307.32,144.08,96,497,0.200094,0.112807,0.659,Attack,BRUTE_FORCE,1,7406,0,4
FLW-0004172,VPN-SES-00762,0x22377609,18.61,948,140449,7546.96,60375.71,60375.71,149.47,40.94,63,209,0.028241,0.011471,0.462,VoIP,BENIGN,0,1182,0,0
FLW-0004173,VPN-SES-00762,0x22377609,146.92,1569,825083,5615.87,44926.93,44926.93,515.21,183.53,254,756,0.778041,1.009345,0.383,WhatsApp,BENIGN,0,1313,0,0
FLW-0004174,VPN-SES-00762,0x22377609,68.13,1362,150192,2204.49,17635.93,17635.93,118.71,44.83,40,175,0.038378,0.016039,0.556,VoIP,BENIGN,0,1727,0,0
FLW-0004175,VPN-SES-00762,0x22377609,46.42,1268,209324,4509.35,36074.8,36074.8,174.55,43.6,112,237,0.043072,0.020031,0.526,VoIP,BENIGN,0,1379,0,1
FLW-0004176,VPN-SES-00762,0x22377609,65.41,11109,15921582,243412.05,1947296.38,1947296.38,1380.82,164.51,1057,1500,0.045583,0.04305,0.174,Video_Streaming,BENIGN,0,16705,0,3
FLW-0004177,VPN-SES-00763,0xff3daf04,5.28,44,3994,756.44,6051.52,6051.52,96.05,26.5,50,142,1.175861,0.245922,0.461,ICMP,BENIGN,0,33,1,1
FLW-0004178,VPN-SES-00763,0xff3daf04,30.17,1010,110286,3655.49,29243.88,29243.88,120.95,33.95,49,185,0.04925,0.025569,0.607,VoIP,BENIGN,0,939,0,3
FLW-0004179,VPN-SES-00763,0xff3daf04,54.94,1240,254564,4633.49,37067.93,37067.93,195.28,110.1,40,339,0.14018,0.085837,0.685,Attack,BRUTE_FORCE,1,1943,0,1
FLW-0004180,VPN-SES-00763,0xff3daf04,90.3,2462,322920,3576.08,28608.64,28608.64,139.4,46.91,80,231,0.047169,0.019837,0.597,VoIP,BENIGN,0,2808,0,0
FLW-0004181,VPN-SES-00763,0xff3daf04,4.9,21,2022,412.65,3301.22,3301.22,95.72,22.45,58,128,0.924268,0.370477,0.715,ICMP,BENIGN,0,24,0,0
FLW-0004182,VPN-SES-00763,0xff3daf04,101.2,3593,463829,4583.29,36666.32,36666.32,129.45,27.28,93,169,0.026087,0.014358,0.553,VoIP,BENIGN,0,4251,0,1
FLW-0004183,VPN-SES-00764,0x86c42543,23.2,843,654385,28206.25,225650.0,225650.0,861.97,539.64,40,1500,0.716729,0.706073,0.309,Web_Browsing,BENIGN,0,965,0,1
FLW-0004184,VPN-SES-00764,0x86c42543,122.74,3885,620142,5052.48,40419.88,40419.88,150.38,31.4,92,217,0.048064,0.0163,0.533,VoIP,BENIGN,0,4747,0,0
FLW-0004185,VPN-SES-00764,0x86c42543,120.81,996,242022,2003.33,16026.62,16026.62,261.55,253.1,40,793,1.407734,1.730397,0.442,WhatsApp,BENIGN,0,1031,0,1
FLW-0004186,VPN-SES-00764,0x86c42543,34.85,166,18768,538.54,4308.29,4308.29,105.46,232.76,40,538,1.154463,1.287949,0.322,WhatsApp,BENIGN,0,188,1,0
FLW-0004187,VPN-SES-00764,0x86c42543,11.24,603,78509,6984.79,55878.29,55878.29,126.74,55.02,48,243,0.032543,0.011393,0.463,VoIP,BENIGN,0,752,0,1
FLW-0004188,VPN-SES-00764,0x86c42543,68.04,2072,311939,4584.64,36677.13,36677.13,155.87,53.31,64,235,0.039421,0.024228,0.476,VoIP,BENIGN,0,1659,0,1
FLW-0004189,VPN-SES-00765,0xd84f20dc,88.91,1316,415470,4672.93,37383.42,37383.42,329.14,285.74,40,674,2.202841,2.056348,0.442,WhatsApp,BENIGN,0,1337,0,0
FLW-0004190,VPN-SES-00765,0xd84f20dc,24.26,432,102222,4213.6,33708.82,33708.82,242.97,310.03,40,615,1.170076,1.16774,0.542,WhatsApp,BENIGN,0,451,0,2
FLW-0004191,VPN-SES-00765,0xd84f20dc,14.27,358,147420,10330.76,82646.11,82646.11,400.46,506.82,40,1041,1.062704,1.289522,0.447,Web_Browsing,BENIGN,0,343,0,2
FLW-0004192,VPN-SES-00765,0xd84f20dc,113.12,2883,802173,7091.35,56730.76,56730.76,273.95,304.73,40,799,0.763905,1.063405,0.427,WhatsApp,BENIGN,0,2857,0,0
FLW-0004193,VPN-SES-00766,0x108428f5,61.37,914,585947,9547.78,76382.21,76382.21,652.2,416.9,121,1235,0.61551,0.51363,0.549,Email_IMAP,BENIGN,0,892,0,0
FLW-0004194,VPN-SES-00766,0x108428f5,40.26,2655,2490231,61853.73,494829.81,494829.81,1011.2,243.7,707,1341,0.390338,0.425464,0.233,Web_Browsing,BENIGN,0,3517,0,2
FLW-0004195,VPN-SES-00766,0x108428f5,15.74,451,74450,4729.99,37839.9,37839.9,169.56,46.41,70,245,0.0542,0.044514,0.499,VoIP,BENIGN,0,515,0,1
FLW-0004196,VPN-SES-00766,0x108428f5,19.53,72,7855,402.2,3217.61,3217.61,107.38,21.99,78,153,0.475103,0.09733,0.582,ICMP,BENIGN,0,48,0,0
FLW-0004197,VPN-SES-00766,0x108428f5,20.5,49,5894,287.51,2300.1,2300.1,113.87,26.89,56,149,0.816018,0.171493,0.536,ICMP,BENIGN,0,38,0,2
FLW-0004198,VPN-SES-00766,0x108428f5,16.78,131,92137,5490.88,43927.06,43927.06,742.96,443.77,40,1500,1.217237,1.376886,0.415,Email_IMAP,BENIGN,0,136,0,2
FLW-0004199,VPN-SES-00766,0x108428f5,149.98,738,216047,1440.51,11524.04,11524.04,279.46,112.73,132,516,1.193544,1.222355,0.447,WhatsApp,BENIGN,0,521,0,0
FLW-0004200,VPN-SES-00767,0x37f3b303,22.02,50,5038,228.79,1830.34,1830.34,98.13,22.37,52,129,0.975569,0.180151,0.709,ICMP,BENIGN,0,28,0,0
FLW-0004201,VPN-SES-00767,0x37f3b303,167.39,510,93934,561.17,4489.35,4489.35,191.06,48.3,124,275,4.777131,2.83461,0.563,Attack,C2_BEACONING,1,736,0,1
FLW-0004202,VPN-SES-00767,0x37f3b303,85.07,12815,13711780,161182.32,1289458.56,1289458.56,1179.0,342.4,496,1500,0.01462,0.007151,0.106,Video_Streaming,BENIGN,0,20899,0,3
FLW-0004203,VPN-SES-00768,0x930f3db8,46.5,1908,284696,6122.49,48979.96,48979.96,140.61,39.37,68,207,0.057655,0.031689,0.326,VoIP,BENIGN,0,2204,0,1
FLW-0004204,VPN-SES-00768,0x930f3db8,140.32,226,52951,377.36,3018.87,3018.87,224.2,67.97,103,329,5.258286,2.365612,0.617,Attack,C2_BEACONING,1,241,0,0
FLW-0004205,VPN-SES-00768,0x930f3db8,68.37,3738,750339,10974.68,87797.46,87797.46,214.3,125.39,40,372,0.112147,0.073002,0.664,Attack,BRUTE_FORCE,1,7375,0,6
FLW-0004206,VPN-SES-00768,0x930f3db8,22.37,13035,2303492,102972.37,823778.99,823778.99,167.39,37.92,104,224,0.005857,0.001473,0.904,Attack,DOS_FLOOD,1,41904,1,2
FLW-0004207,VPN-SES-00768,0x930f3db8,6.19,149,104980,16959.61,135676.9,135676.9,694.58,390.72,40,1500,0.334015,0.38142,0.329,Web_Browsing,BENIGN,0,199,0,0
FLW-0004208,VPN-SES-00769,0x63a55fb6,34.83,1360,1295111,37183.78,297470.23,297470.23,913.47,518.42,40,1500,1.185949,2.085291,0.289,Web_Browsing,BENIGN,0,1493,0,1
FLW-0004209,VPN-SES-00769,0x63a55fb6,13.03,4518,410196,31480.89,251847.12,251847.12,90.33,42.13,40,145,0.025316,0.009177,0.731,Attack,PORT_SCAN,1,12886,0,0
FLW-0004210,VPN-SES-00769,0x63a55fb6,104.58,6502,1105176,10567.76,84542.05,84542.05,159.76,33.29,99,216,0.069353,0.049132,0.495,VoIP,BENIGN,0,6329,0,0
FLW-0004211,VPN-SES-00769,0x63a55fb6,100.64,5465,4100041,40739.68,325917.41,325917.41,739.7,451.58,40,1500,0.31109,0.728088,0.354,Web_Browsing,BENIGN,0,4798,0,1
FLW-0004212,VPN-SES-00769,0x63a55fb6,190.83,25832,38081667,199558.07,1596464.58,1596464.58,1382.46,203.04,975,1500,0.057456,0.074838,0.119,Video_Streaming,BENIGN,0,45104,1,1
FLW-0004213,VPN-SES-00769,0x63a55fb6,15.27,2176,245724,16091.94,128735.56,128735.56,110.53,37.07,40,161,0.016239,0.009349,0.815,Attack,PORT_SCAN,1,7506,0,4
FLW-0004214,VPN-SES-00769,0x63a55fb6,54.13,2725,903240,16686.5,133491.96,133491.96,303.37,120.63,76,478,0.162713,0.102635,0.613,Attack,BRUTE_FORCE,1,4677,0,3
FLW-0004215,VPN-SES-00769,0x63a55fb6,250.39,102,24877,99.35,794.82,794.82,244.55,87.93,66,432,4.547916,2.926284,0.652,Attack,C2_BEACONING,1,115,0,1
FLW-0004216,VPN-SES-00770,0xfd37e6c8,299.17,41710,49200790,164457.63,1315661.06,1315661.06,1304.43,306.0,870,1500,0.043579,0.04023,0.101,Video_Streaming,BENIGN,0,71490,0,0
FLW-0004217,VPN-SES-00770,0xfd37e6c8,10.05,49,5174,514.83,4118.61,4118.61,104.29,13.35,81,121,0.745113,0.228391,0.529,ICMP,BENIGN,0,36,0,0
FLW-0004218,VPN-SES-00770,0xfd37e6c8,52.08,1303,470747,9038.92,72311.37,72311.37,383.75,230.86,40,678,0.577088,0.627865,0.365,WhatsApp,BENIGN,0,1554,0,1
FLW-0004219,VPN-SES-00771,0x30ff1efc,39.61,1276,839506,21194.29,169554.35,169554.35,663.94,157.49,422,887,0.26232,0.253946,0.367,Email_IMAP,BENIGN,0,1463,0,1
FLW-0004220,VPN-SES-00771,0x30ff1efc,179.05,27784,30929922,172744.61,1381956.86,1381956.86,1184.07,114.62,1010,1381,0.037476,0.029984,0.073,Video_Streaming,BENIGN,0,45669,0,1
FLW-0004221,VPN-SES-00771,0x30ff1efc,10.32,17909,2776125,269004.36,2152034.88,2152034.88,142.29,40.58,87,202,0.005458,0.002292,0.98,Attack,DOS_FLOOD,1,94796,3,2
FLW-0004222,VPN-SES-00771,0x30ff1efc,17.67,177,24309,1375.72,11005.77,11005.77,130.83,20.37,98,175,1.421937,0.331748,0.462,ICMP,BENIGN,0,133,0,0
FLW-0004223,VPN-SES-00771,0x30ff1efc,14.86,75,8729,587.42,4699.33,4699.33,118.09,16.51,92,138,0.843667,0.209542,0.543,ICMP,BENIGN,0,52,0,1
FLW-0004224,VPN-SES-00771,0x30ff1efc,38.34,2309,2396816,62514.76,500118.1,500118.1,1149.37,491.34,491,1500,0.70298,1.04004,0.38,Web_Browsing,BENIGN,0,2483,0,3
FLW-0004225,VPN-SES-00772,0xfa3b3fd6,50.13,1108,935175,18655.0,149239.98,149239.98,856.04,381.78,375,1500,0.531115,0.820296,0.575,Email_IMAP,BENIGN,0,1235,0,3
FLW-0004226,VPN-SES-00772,0xfa3b3fd6,32.12,961,207805,6469.65,51757.16,51757.16,234.09,146.49,40,530,0.12182,0.078244,0.718,Attack,BRUTE_FORCE,1,2075,0,6
FLW-0004227,VPN-SES-00772,0xfa3b3fd6,34.94,460,366440,10487.69,83901.55,83901.55,765.93,294.8,327,1252,0.408306,0.70553,0.539,Email_IMAP,BENIGN,0,555,1,0
FLW-0004228,VPN-SES-00773,0xca56d9b0,83.76,2878,508910,6075.81,48606.49,48606.49,182.88,51.01,117,260,0.051932,0.028639,0.55,VoIP,BENIGN,0,2401,0,0
FLW-0004229,VPN-SES-00773,0xca56d9b0,67.15,1683,1216097,18110.16,144881.25,144881.25,755.63,402.73,40,1500,0.513162,0.505295,0.298,Web_Browsing,BENIGN,0,2336,0,1
FLW-0004230,VPN-SES-00773,0xca56d9b0,22.35,26174,3648351,163237.18,1305897.45,1305897.45,136.54,48.23,40,221,0.005571,0.003338,0.963,Attack,DOS_FLOOD,1,115920,4,3
FLW-0004231,VPN-SES-00773,0xca56d9b0,193.74,157,33530,173.07,1384.54,1384.54,208.74,100.51,40,424,3.060765,0.740682,0.517,Attack,C2_BEACONING,1,180,0,3
FLW-0004232,VPN-SES-00774,0xace505e9,78.63,6588,7380676,93865.9,750927.23,750927.23,1173.52,208.12,761,1450,0.035149,0.029525,0.086,Video_Streaming,BENIGN,0,7309,0,0
FLW-0004233,VPN-SES-00774,0xace505e9,109.83,4257,5081496,46266.92,370135.37,370135.37,1278.38,247.61,831,1500,0.033872,0.038309,0.032,Video_Streaming,BENIGN,0,6162,0,1
FLW-0004234,VPN-SES-00774,0xace505e9,12.87,1177,127522,9908.47,79267.75,79267.75,101.57,35.85,56,144,0.015621,0.009668,0.786,Attack,PORT_SCAN,1,2755,0,4
FLW-0004235,VPN-SES-00774,0xace505e9,18.72,1182,333944,17838.89,142711.11,142711.11,266.19,67.74,143,389,0.291976,0.123499,0.467,Attack,BRUTE_FORCE,1,2015,0,5
FLW-0004236,VPN-SES-00774,0xace505e9,37.84,1614,239534,6330.18,50641.44,50641.44,145.53,42.73,94,232,0.059322,0.042218,0.499,VoIP,BENIGN,0,1664,0,1
FLW-0004237,VPN-SES-00774,0xace505e9,44.02,754,668450,15185.14,121481.14,121481.14,811.74,397.42,299,1500,0.577873,0.409902,0.424,Email_IMAP,BENIGN,0,839,0,1
FLW-0004238,VPN-SES-00774,0xace505e9,46.6,257,210715,4521.78,36174.25,36174.25,839.88,342.74,264,1459,0.686691,0.652111,0.414,Email_IMAP,BENIGN,0,215,0,1
FLW-0004239,VPN-SES-00775,0x570d8b46,236.13,46371,43492684,184189.57,1473516.59,1473516.59,1033.58,236.98,729,1472,0.03106,0.018659,0.193,Video_Streaming,BENIGN,0,70948,1,2
FLW-0004240,VPN-SES-00775,0x570d8b46,55.39,358,328851,5937.01,47496.08,47496.08,855.3,222.89,371,1310,0.343527,0.300269,0.471,Email_IMAP,BENIGN,0,271,0,0
FLW-0004241,VPN-SES-00775,0x570d8b46,40.62,2234,312085,7683.04,61464.3,61464.3,145.16,57.54,40,230,0.04488,0.024568,0.52,VoIP,BENIGN,0,2346,1,1
FLW-0004242,VPN-SES-00775,0x570d8b46,183.6,543,109503,596.42,4771.37,4771.37,210.74,78.33,92,338,5.322499,2.54798,0.507,Attack,C2_BEACONING,1,565,0,0
FLW-0004243,VPN-SES-00775,0x570d8b46,9.93,76,70483,7097.99,56783.89,56783.89,881.26,436.8,40,1481,0.443004,0.363633,0.354,Email_IMAP,BENIGN,0,88,0,3
FLW-0004244,VPN-SES-00775,0x570d8b46,229.92,40882,56491222,245699.47,1965595.76,1965595.76,1321.21,256.25,920,1500,0.023181,0.014724,0.043,Video_Streaming,BENIGN,0,41469,2,0
FLW-0004245,VPN-SES-00775,0x570d8b46,6.59,1395,113706,17254.32,138034.6,138034.6,89.69,31.8,40,138,0.025069,0.013814,0.764,Attack,PORT_SCAN,1,3305,0,3
FLW-0004246,VPN-SES-00776,0xd4e3a5ed,47.83,67024,9860832,206164.16,1649313.32,1649313.32,139.55,28.95,83,186,0.005988,0.003045,0.881,Attack,DOS_FLOOD,1,289413,3,2
FLW-0004247,VPN-SES-00776,0xd4e3a5ed,131.42,6341,758162,5769.0,46152.0,46152.0,126.67,49.84,58,192,0.048196,0.04816,0.459,VoIP,BENIGN,0,8308,0,0
FLW-0004248,VPN-SES-00776,0xd4e3a5ed,45.29,2060,929578,20525.02,164200.13,164200.13,459.8,598.83,40,1202,0.34819,0.328758,0.403,Web_Browsing,BENIGN,0,2195,0,1
FLW-0004249,VPN-SES-00776,0xd4e3a5ed,44.28,5257,5768003,130262.04,1042096.3,1042096.3,1018.74,167.78,750,1252,0.035682,0.027271,0.024,Video_Streaming,BENIGN,0,6814,0,3
FLW-0004250,VPN-SES-00776,0xd4e3a5ed,25.85,965,153045,5920.5,47364.02,47364.02,152.09,62.31,52,282,0.07107,0.051343,0.444,VoIP,BENIGN,0,1143,0,1
FLW-0004251,VPN-SES-00776,0xd4e3a5ed,33.97,1416,417528,12291.08,98328.64,98328.64,271.09,150.05,40,475,0.17868,0.136592,0.587,Attack,BRUTE_FORCE,1,2037,0,4
FLW-0004252,VPN-SES-00777,0x8cba0756,16.37,73,8604,525.6,4204.76,4204.76,108.35,28.54,60,143,1.20724,0.762865,0.339,ICMP,BENIGN,0,56,0,0
FLW-0004253,VPN-SES-00777,0x8cba0756,19.31,957,290801,15059.61,120476.85,120476.85,312.28,86.08,145,462,0.054678,0.101522,0.747,Attack,BRUTE_FORCE,1,1741,0,4
FLW-0004254,VPN-SES-00777,0x8cba0756,235.56,478,89509,379.98,3039.87,3039.87,174.56,54.92,93,294,7.232983,3.702983,0.556,Attack,C2_BEACONING,1,577,0,0
FLW-0004255,VPN-SES-00777,0x8cba0756,24.44,3850,5103116,208801.8,1670414.4,1670414.4,1361.51,190.8,989,1500,0.035179,0.029839,0.082,Video_Streaming,BENIGN,0,3916,1,1
FLW-0004256,VPN-SES-00777,0x8cba0756,47.02,5081,7274153,154703.38,1237627.05,1237627.05,1374.38,236.15,1051,1500,0.025334,0.020789,0.12,Video_Streaming,BENIGN,0,6378,1,0
FLW-0004257,VPN-SES-00778,0x7293ff3b,10.63,2797,237701,22361.34,178890.69,178890.69,81.71,32.0,40,124,0.019446,0.010452,0.668,Attack,PORT_SCAN,1,5965,0,2
FLW-0004258,VPN-SES-00778,0x7293ff3b,22.6,135,14759,653.05,5224.42,5224.42,109.21,34.07,66,160,0.589568,0.173475,0.435,ICMP,BENIGN,0,84,0,0
FLW-0004259,VPN-SES-00778,0x7293ff3b,17.31,69,6433,371.63,2973.08,2973.08,101.3,29.16,42,157,0.533077,0.128152,0.655,ICMP,BENIGN,0,53,0,1
FLW-0004260,VPN-SES-00778,0x7293ff3b,10.77,14,1176,109.19,873.54,873.54,92.77,33.3,40,133,0.602824,0.255005,0.597,ICMP,BENIGN,0,12,0,1
FLW-0004261,VPN-SES-00778,0x7293ff3b,275.01,475,72782,264.65,2117.22,2117.22,166.74,50.87,55,263,4.087889,1.614101,0.477,Attack,C2_BEACONING,1,584,1,2
FLW-0004262,VPN-SES-00778,0x7293ff3b,19.8,2455,206691,10438.94,83511.52,83511.52,78.72,24.06,40,123,0.02382,0.013657,0.842,Attack,PORT_SCAN,1,6242,0,1
FLW-0004263,VPN-SES-00779,0x26278558,87.84,1384,422458,4809.4,38475.23,38475.23,321.09,203.95,40,586,1.423507,1.59952,0.445,WhatsApp,BENIGN,0,1568,0,1
FLW-0004264,VPN-SES-00779,0x26278558,63.79,4111,582711,9134.83,73078.66,73078.66,154.33,57.08,69,235,0.05285,0.029163,0.461,VoIP,BENIGN,0,3726,0,1
FLW-0004265,VPN-SES-00779,0x26278558,96.67,8608,10017810,103628.94,829031.55,829031.55,1244.4,168.05,925,1500,0.034837,0.029731,0.12,Video_Streaming,BENIGN,0,9162,0,0
FLW-0004266,VPN-SES-00780,0x42cbd134,325.99,23656,29632959,90901.44,727211.49,727211.49,1149.93,233.28,713,1463,0.032044,0.026381,0.085,Video_Streaming,BENIGN,0,29806,0,0
FLW-0004267,VPN-SES-00780,0x42cbd134,160.81,12148,15352401,95469.19,763753.55,763753.55,1313.07,305.34,771,1500,0.049409,0.046234,0.184,Video_Streaming,BENIGN,0,17371,0,0
FLW-0004268,VPN-SES-00780,0x42cbd134,18.19,18724,2392359,131520.56,1052164.49,1052164.49,128.95,41.57,40,218,0.004345,0.002384,0.819,Attack,DOS_FLOOD,1,89281,3,3
FLW-0004269,VPN-SES-00780,0x42cbd134,36.25,730,952780,26283.59,210268.69,210268.69,1214.78,325.96,738,1500,0.71101,0.553929,0.607,Email_IMAP,BENIGN,0,675,2,1
FLW-0004270,VPN-SES-00780,0x42cbd134,194.25,15371,18737434,96460.41,771683.25,771683.25,1108.78,157.52,882,1357,0.041809,0.02819,0.116,Video_Streaming,BENIGN,0,20703,0,0
FLW-0004271,VPN-SES-00780,0x42cbd134,150.85,292,50337,333.69,2669.51,2669.51,159.17,60.21,40,237,2.908408,1.039523,0.54,Attack,C2_BEACONING,1,310,0,3
FLW-0004272,VPN-SES-00780,0x42cbd134,88.49,789,437467,4943.69,39549.51,39549.51,531.37,244.21,220,882,1.218623,1.436288,0.53,WhatsApp,BENIGN,0,844,0,2
FLW-0004273,VPN-SES-00781,0x8a8f36a2,13.64,100,95196,6979.18,55833.43,55833.43,947.22,453.62,331,1500,0.550599,0.388231,0.423,Email_IMAP,BENIGN,0,91,0,0
FLW-0004274,VPN-SES-00781,0x8a8f36a2,23.71,194,20182,851.2,6809.62,6809.62,105.35,19.75,70,135,0.819179,0.120539,0.656,ICMP,BENIGN,0,92,0,0
FLW-0004275,VPN-SES-00781,0x8a8f36a2,166.77,24102,24539691,147146.91,1177175.32,1177175.32,935.57,241.54,453,1298,0.046253,0.032285,0.213,Video_Streaming,BENIGN,0,36782,0,1
FLW-0004276,VPN-SES-00781,0x8a8f36a2,357.97,602,125039,349.3,2794.4,2794.4,219.6,97.1,85,419,3.218871,1.663565,0.71,Attack,C2_BEACONING,1,892,0,1
FLW-0004277,VPN-SES-00781,0x8a8f36a2,11.6,122,156447,13486.81,107894.48,107894.48,1266.05,593.27,141,1500,0.767077,1.07475,0.248,Web_Browsing,BENIGN,0,164,0,0
FLW-0004278,VPN-SES-00782,0x3ede3ede,127.86,2217,415659,3250.89,26007.13,26007.13,208.08,308.94,40,882,0.436466,0.290361,0.41,WhatsApp,BENIGN,0,2138,0,0
FLW-0004279,VPN-SES-00782,0x3ede3ede,99.88,1452,769551,7704.76,61638.05,61638.05,532.63,158.05,222,871,1.322412,1.326004,0.414,WhatsApp,BENIGN,0,1600,0,0
FLW-0004280,VPN-SES-00782,0x3ede3ede,47.43,2174,623455,13144.74,105157.92,105157.92,308.38,106.78,174,496,0.156011,0.120407,0.498,Attack,BRUTE_FORCE,1,5113,0,3
FLW-0004281,VPN-SES-00782,0x3ede3ede,8.83,361,50766,5749.26,45994.11,45994.11,148.74,44.56,62,213,0.045118,0.033587,0.449,VoIP,BENIGN,0,344,0,2
FLW-0004282,VPN-SES-00782,0x3ede3ede,16.65,3838,433561,26039.7,208317.6,208317.6,107.53,33.72,40,177,0.023469,0.01804,0.798,Attack,PORT_SCAN,1,13363,1,1
FLW-0004283,VPN-SES-00782,0x3ede3ede,51.97,590,113647,2186.78,17494.25,17494.25,177.58,212.61,40,622,1.440933,3.053914,0.552,WhatsApp,BENIGN,0,603,0,1
FLW-0004284,VPN-SES-00783,0x65741a55,37.81,61756,8082032,213753.82,1710030.57,1710030.57,136.96,51.76,40,235,0.009058,0.004287,0.871,Attack,DOS_FLOOD,1,281165,2,2
FLW-0004285,VPN-SES-00783,0x65741a55,56.62,764,506656,8948.36,71586.86,71586.86,685.03,547.48,40,1500,0.44509,0.235099,0.459,Email_IMAP,BENIGN,0,606,0,1
FLW-0004286,VPN-SES-00783,0x65741a55,36.44,4405,5089020,139654.77,1117238.2,1117238.2,1104.76,268.67,515,1500,0.046813,0.029268,0.186,Video_Streaming,BENIGN,0,4882,0,0
FLW-0004287,VPN-SES-00783,0x65741a55,9.87,9,948,96.05,768.39,768.39,111.38,19.17,70,147,0.951897,0.155237,0.446,ICMP,BENIGN,0,5,1,1
FLW-0004288,VPN-SES-00783,0x65741a55,16.49,18242,1879786,113995.51,911964.1,911964.1,113.25,39.23,40,180,0.008583,0.002351,0.98,Attack,DOS_FLOOD,1,101683,1,2
FLW-0004289,VPN-SES-00783,0x65741a55,29.32,229,23060,786.49,6291.95,6291.95,110.53,23.98,74,153,0.730058,0.472605,0.469,ICMP,BENIGN,0,128,0,0
FLW-0004290,VPN-SES-00784,0xcadc2d2d,73.74,1720,267927,3633.4,29067.21,29067.21,147.5,43.51,70,214,0.108002,0.079306,0.483,VoIP,BENIGN,0,2259,0,1
FLW-0004291,VPN-SES-00784,0xcadc2d2d,9.49,97,45990,4846.15,38769.23,38769.23,466.1,306.83,50,960,0.812044,0.843071,0.445,Email_IMAP,BENIGN,0,78,0,0
FLW-0004292,VPN-SES-00784,0xcadc2d2d,261.5,20706,26047177,99606.8,796854.36,796854.36,1186.26,291.54,624,1500,0.029444,0.024325,0.12,Video_Streaming,BENIGN,0,24969,0,0
FLW-0004293,VPN-SES-00784,0xcadc2d2d,160.8,36042,50595000,314645.52,2517164.18,2517164.18,1301.48,122.71,1036,1500,0.027777,0.026418,0.316,Video_Streaming,BENIGN,0,45190,0,2
FLW-0004294,VPN-SES-00784,0xcadc2d2d,41.11,1541,1070984,26051.67,208413.33,208413.33,761.67,467.89,40,1500,0.51575,0.612115,0.379,Web_Browsing,BENIGN,0,1714,0,0
FLW-0004295,VPN-SES-00785,0x750b8d2c,3.49,305,24371,6983.09,55864.76,55864.76,87.4,24.86,53,136,0.03738,0.027729,0.802,Attack,PORT_SCAN,1,1040,0,0
FLW-0004296,VPN-SES-00785,0x750b8d2c,30.34,7034,8321748,274283.06,2194264.47,2194264.47,1310.77,291.43,756,1500,0.028482,0.026121,0.203,Video_Streaming,BENIGN,0,12286,0,0
FLW-0004297,VPN-SES-00785,0x750b8d2c,56.95,11677,13846066,243126.71,1945013.66,1945013.66,1283.33,106.43,1154,1457,0.01847,0.010901,0.696,Attack,DATA_EXFILTRATION,1,31470,1,6
FLW-0004298,VPN-SES-00785,0x750b8d2c,40.18,3167,534806,13310.25,106482.03,106482.03,164.61,136.5,40,454,0.109655,0.06028,0.584,Attack,BRUTE_FORCE,1,7477,0,0
FLW-0004299,VPN-SES-00785,0x750b8d2c,24.49,22250,2133850,87131.48,697051.86,697051.86,100.5,44.14,40,175,0.006994,0.004145,0.98,Attack,DOS_FLOOD,1,124442,4,1
FLW-0004300,VPN-SES-00785,0x750b8d2c,103.37,3858,677919,6558.18,52465.43,52465.43,178.87,53.18,62,265,0.042695,0.022432,0.493,VoIP,BENIGN,0,3452,0,0
FLW-0004301,VPN-SES-00786,0xc0fb843c,61.05,3653,1378886,22586.18,180689.4,180689.4,401.11,549.77,40,1263,0.433311,0.503185,0.192,Web_Browsing,BENIGN,0,3864,0,0
FLW-0004302,VPN-SES-00786,0xc0fb843c,62.32,2409,423872,6801.54,54412.32,54412.32,184.21,49.36,83,279,0.061332,0.056064,0.416,VoIP,BENIGN,0,2878,0,1
FLW-0004303,VPN-SES-00786,0xc0fb843c,39.82,227,96377,2420.32,19362.53,19362.53,466.47,516.32,40,1218,0.685071,0.556943,0.509,Email_IMAP,BENIGN,0,199,0,2
FLW-0004304,VPN-SES-00786,0xc0fb843c,91.96,11849,13936488,151549.46,1212395.65,1212395.65,1290.4,225.09,840,1500,0.025389,0.023558,0.148,Video_Streaming,BENIGN,0,17096,0,1
FLW-0004305,VPN-SES-00786,0xc0fb843c,51.21,684,624924,12203.16,97625.31,97625.31,946.57,363.9,245,1475,0.266821,0.233492,0.465,Email_IMAP,BENIGN,0,841,0,0
FLW-0004306,VPN-SES-00786,0xc0fb843c,13.63,819,119090,8737.34,69898.75,69898.75,155.41,37.21,78,223,0.031888,0.021237,0.544,VoIP,BENIGN,0,723,0,1
FLW-0004307,VPN-SES-00786,0xc0fb843c,79.72,5005,973035,12205.66,97645.26,97645.26,190.31,24.17,159,231,0.081719,0.073426,0.528,VoIP,BENIGN,0,6194,0,1
FLW-0004308,VPN-SES-00786,0xc0fb843c,31.12,206,21695,697.14,5577.12,5577.12,96.09,27.03,50,135,0.792423,0.172837,0.529,ICMP,BENIGN,0,133,0,1
FLW-0004309,VPN-SES-00787,0x9a77fcc0,20.9,439,358057,17131.91,137055.31,137055.31,782.65,536.19,40,1500,0.553951,0.684348,0.494,Web_Browsing,BENIGN,0,486,0,1
FLW-0004310,VPN-SES-00787,0x9a77fcc0,20.26,557,554644,27376.31,219010.46,219010.46,976.59,399.96,462,1500,0.581583,0.712075,0.485,Email_IMAP,BENIGN,0,445,0,1
FLW-0004311,VPN-SES-00787,0x9a77fcc0,156.5,29103,40740112,260320.2,2082561.64,2082561.64,1351.78,132.56,1103,1500,0.034136,0.031128,0.126,Video_Streaming,BENIGN,0,50274,1,0
FLW-0004312,VPN-SES-00788,0x5641baf6,48.19,190,64992,1348.66,10789.29,10789.29,346.69,206.92,40,789,0.939832,0.866909,0.459,WhatsApp,BENIGN,0,223,0,2
FLW-0004313,VPN-SES-00788,0x5641baf6,83.52,362,152978,1831.63,14653.07,14653.07,422.69,297.15,40,1000,2.102246,1.982585,0.575,WhatsApp,BENIGN,0,284,0,1
FLW-0004314,VPN-SES-00788,0x5641baf6,7.21,226,209814,29100.42,232803.33,232803.33,981.49,424.0,465,1500,0.649185,0.515203,0.592,Email_IMAP,BENIGN,0,220,0,0
FLW-0004315,VPN-SES-00788,0x5641baf6,5.23,37,3347,639.96,5119.69,5119.69,93.37,21.67,57,125,0.609981,0.268224,0.635,ICMP,BENIGN,0,23,0,0
FLW-0004316,VPN-SES-00788,0x5641baf6,41.68,477,379706,9110.03,72880.23,72880.23,823.26,583.84,97,1500,0.638667,0.55485,0.418,Email_IMAP,BENIGN,0,447,0,2
FLW-0004317,VPN-SES-00788,0x5641baf6,19.22,161,54487,2834.91,22679.29,22679.29,323.62,287.69,40,702,0.758973,0.821439,0.388,WhatsApp,BENIGN,0,161,0,0
FLW-0004318,VPN-SES-00788,0x5641baf6,159.98,2504,773677,4836.09,38688.69,38688.69,319.41,180.61,40,641,0.607577,0.751026,0.456,WhatsApp,BENIGN,0,2014,1,2
FLW-0004319,VPN-SES-00789,0x7c22167b,73.78,161,44165,598.6,4788.83,4788.83,251.68,62.88,118,366,6.326888,8.06262,0.605,Attack,C2_BEACONING,1,211,0,0
FLW-0004320,VPN-SES-00789,0x7c22167b,42.92,2889,364874,8501.26,68010.07,68010.07,130.43,45.85,40,220,0.056793,0.047484,0.473,VoIP,BENIGN,0,3323,0,1
FLW-0004321,VPN-SES-00789,0x7c22167b,14.95,18341,2377290,159016.05,1272128.43,1272128.43,123.44,32.55,60,188,0.005465,0.003374,0.863,Attack,DOS_FLOOD,1,94341,3,3
FLW-0004322,VPN-SES-00789,0x7c22167b,23.45,732,201849,8607.63,68861.07,68861.07,285.91,114.26,132,459,0.141543,0.100523,0.653,Attack,BRUTE_FORCE,1,1541,0,0
FLW-0004323,VPN-SES-00789,0x7c22167b,26.08,1805,506663,19427.26,155418.1,155418.1,263.19,80.46,104,379,0.257105,0.201955,0.683,Attack,BRUTE_FORCE,1,4513,0,1
FLW-0004324,VPN-SES-00789,0x7c22167b,50.88,1096,831933,16350.88,130807.08,130807.08,803.51,604.56,40,1500,0.959959,0.95162,0.363,Email_IMAP,BENIGN,0,987,1,2
FLW-0004325,VPN-SES-00789,0x7c22167b,13.89,296,189968,13676.6,109412.81,109412.81,680.5,398.12,40,1347,0.52248,0.796106,0.453,Web_Browsing,BENIGN,0,381,0,1
FLW-0004326,VPN-SES-00789,0x7c22167b,307.58,692,166438,541.12,4328.97,4328.97,258.51,65.74,159,393,4.011445,2.377077,0.53,Attack,C2_BEACONING,1,605,0,0
FLW-0004327,VPN-SES-00790,0x65cc7625,27.63,5843,5796247,209780.93,1678247.41,1678247.41,982.05,184.45,580,1221,0.078025,0.066358,0.074,Video_Streaming,BENIGN,0,7665,2,0
FLW-0004328,VPN-SES-00790,0x65cc7625,226.37,36142,42641346,188370.13,1506961.03,1506961.03,1088.53,272.58,691,1500,0.051331,0.047538,0.02,Video_Streaming,BENIGN,0,39228,1,4
FLW-0004329,VPN-SES-00790,0x65cc7625,101.63,1806,587248,5778.29,46226.35,46226.35,356.95,186.83,40,699,0.597679,0.510623,0.568,WhatsApp,BENIGN,0,1460,0,0
FLW-0004330,VPN-SES-00791,0xb5b8a9ec,24.47,188,70961,2899.92,23199.35,23199.35,353.45,281.57,40,709,1.971221,2.677455,0.269,WhatsApp,BENIGN,0,167,0,2
FLW-0004331,VPN-SES-00791,0xb5b8a9ec,168.13,3144,1110481,6604.9,52839.16,52839.16,370.82,207.27,60,635,0.746104,0.648736,0.402,WhatsApp,BENIGN,0,2397,0,0
FLW-0004332,VPN-SES-00791,0xb5b8a9ec,148.06,13866,17873681,120719.17,965753.4,965753.4,1208.47,219.22,733,1500,0.033028,0.023132,0.842,Attack,DATA_EXFILTRATION,1,43670,0,0
FLW-0004333,VPN-SES-00791,0xb5b8a9ec,103.04,5771,836943,8122.51,64980.05,64980.05,142.36,54.92,70,231,0.066651,0.034575,0.563,VoIP,BENIGN,0,7656,0,1
FLW-0004334,VPN-SES-00791,0xb5b8a9ec,42.7,72038,11493817,269176.04,2153408.34,2153408.34,149.68,26.3,95,203,0.006321,0.001777,0.949,Attack,DOS_FLOOD,1,407940,2,4
FLW-0004335,VPN-SES-00792,0x8819bc81,54.2,1187,381387,7036.66,56293.28,56293.28,335.94,206.26,40,721,0.34424,0.28242,0.449,WhatsApp,BENIGN,0,957,0,0
FLW-0004336,VPN-SES-00792,0x8819bc81,340.95,190,25948,76.11,608.84,608.84,147.48,48.91,85,211,6.606302,3.729654,0.462,Attack,C2_BEACONING,1,290,0,2
FLW-0004337,VPN-SES-00792,0x8819bc81,33.33,21987,2978300,89357.94,714863.49,714863.49,132.42,42.7,66,198,0.00804,0.002818,0.856,Attack,DOS_FLOOD,1,107842,0,3
FLW-0004338,VPN-SES-00792,0x8819bc81,31.97,2046,703287,21998.34,175986.74,175986.74,313.35,143.43,48,515,0.185528,0.121712,0.665,Attack,BRUTE_FORCE,1,2957,0,0
FLW-0004339,VPN-SES-00792,0x8819bc81,73.62,1971,1474872,20033.58,160268.62,160268.62,699.55,368.51,171,1310,0.656715,0.881933,0.266,Web_Browsing,BENIGN,0,2458,0,0
FLW-0004340,VPN-SES-00792,0x8819bc81,17.1,82,7341,429.3,3434.39,3434.39,89.96,29.8,40,151,0.705593,0.341609,0.48,ICMP,BENIGN,0,70,0,4
FLW-0004341,VPN-SES-00792,0x8819bc81,22.9,164,15287,667.55,5340.44,5340.44,91.48,32.17,40,145,0.672097,0.195291,0.467,ICMP,BENIGN,0,94,0,0
FLW-0004342,VPN-SES-00792,0x8819bc81,42.96,288,264154,6148.84,49190.69,49190.69,1002.86,542.1,331,1500,0.526285,0.413214,0.49,Email_IMAP,BENIGN,0,305,0,0
FLW-0004343,VPN-SES-00793,0x6d61362d,78.76,9161,12690045,161122.97,1288983.75,1288983.75,1289.87,273.67,802,1500,0.01843,0.008164,0.186,Video_Streaming,BENIGN,0,12489,2,0
FLW-0004344,VPN-SES-00793,0x6d61362d,17.26,1300,308436,17869.99,142959.91,142959.91,258.31,72.83,98,383,0.314229,0.274898,0.57,Attack,BRUTE_FORCE,1,2728,0,1
FLW-0004345,VPN-SES-00793,0x6d61362d,357.07,38354,42522534,119087.39,952699.11,952699.11,1215.05,225.92,896,1500,0.068911,0.057125,0.212,Video_Streaming,BENIGN,0,42254,0,1
FLW-0004346,VPN-SES-00793,0x6d61362d,188.58,20402,20881582,110730.63,885845.03,885845.03,1079.33,209.59,779,1391,0.018833,0.00922,0.234,Video_Streaming,BENIGN,0,29856,1,1
FLW-0004347,VPN-SES-00793,0x6d61362d,68.96,4435,6101536,88479.35,707834.8,707834.8,1353.83,136.0,1061,1500,0.037872,0.024108,0.055,Video_Streaming,BENIGN,0,5771,0,1
FLW-0004348,VPN-SES-00793,0x6d61362d,16.54,621,96241,5818.68,46549.46,46549.46,165.67,136.25,40,389,0.118968,0.065213,0.531,Attack,BRUTE_FORCE,1,1036,0,1
FLW-0004349,VPN-SES-00793,0x6d61362d,8.42,1048,75167,8927.2,71417.58,71417.58,76.78,38.59,40,145,0.018954,0.010582,0.889,Attack,PORT_SCAN,1,2852,0,2
FLW-0004350,VPN-SES-00794,0xbbf89658,9.46,3336,375435,39686.58,317492.6,317492.6,102.47,29.9,52,162,0.024581,0.013353,0.845,Attack,PORT_SCAN,1,7423,1,3
FLW-0004351,VPN-SES-00794,0xbbf89658,2.52,290,22763,9032.94,72263.49,72263.49,86.38,28.63,42,137,0.016704,0.010075,0.58,Attack,PORT_SCAN,1,756,1,3
FLW-0004352,VPN-SES-00794,0xbbf89658,30.22,259,144254,4773.46,38187.69,38187.69,605.99,478.74,40,1305,0.294523,0.254171,0.416,Email_IMAP,BENIGN,0,213,0,2
FLW-0004353,VPN-SES-00794,0xbbf89658,191.57,2636,658593,3437.87,27502.97,27502.97,229.21,160.2,40,503,1.084052,1.188296,0.376,WhatsApp,BENIGN,0,2810,1,1
FLW-0004354,VPN-SES-00794,0xbbf89658,63.6,7050,10208896,160517.23,1284137.86,1284137.86,1318.24,232.69,949,1500,0.037269,0.033156,0.049,Video_Streaming,BENIGN,0,7793,0,0
FLW-0004355,VPN-SES-00794,0xbbf89658,110.23,16878,23571324,213837.65,1710701.19,1710701.19,1472.29,236.36,983,1500,0.069876,0.062299,0.123,Video_Streaming,BENIGN,0,20307,1,2
FLW-0004356,VPN-SES-00794,0xbbf89658,35.48,1412,243157,6853.35,54826.83,54826.83,168.33,42.06,92,220,0.052193,0.029452,0.682,VoIP,BENIGN,0,1856,0,0
FLW-0004357,VPN-SES-00794,0xbbf89658,45.22,2627,1559287,34482.24,275857.94,275857.94,597.45,545.73,40,1500,0.5104,0.471342,0.334,Web_Browsing,BENIGN,0,3086,0,0
FLW-0004358,VPN-SES-00795,0xc5fc4489,94.76,2313,557171,5879.81,47038.5,47038.5,266.56,203.64,40,590,1.518852,1.124025,0.416,WhatsApp,BENIGN,0,1900,0,0
FLW-0004359,VPN-SES-00795,0xc5fc4489,13.8,310,274902,19920.43,159363.48,159363.48,898.37,615.54,125,1500,0.414056,0.456588,0.355,Web_Browsing,BENIGN,0,417,0,0
FLW-0004360,VPN-SES-00795,0xc5fc4489,26.32,773,630750,23964.67,191717.33,191717.33,841.71,448.34,119,1500,0.337206,0.332651,0.414,Email_IMAP,BENIGN,0,617,0,3
FLW-0004361,VPN-SES-00796,0xa79d5820,263.52,112,11648,44.2,353.61,353.61,103.86,97.67,40,250,9.630193,10.270624,0.493,Attack,C2_BEACONING,1,144,0,3
FLW-0004362,VPN-SES-00796,0xa79d5820,110.32,1027,468084,4242.97,33943.73,33943.73,467.99,168.91,203,689,0.962354,1.013993,0.446,WhatsApp,BENIGN,0,840,0,1
FLW-0004363,VPN-SES-00796,0xa79d5820,38.22,328,255355,6681.19,53449.5,53449.5,815.29,510.14,40,1446,0.416988,0.284556,0.389,Email_IMAP,BENIGN,0,319,1,0
FLW-0004364,VPN-SES-00796,0xa79d5820,140.15,1447,478154,3411.73,27293.84,27293.84,308.68,265.01,40,711,1.264801,1.251921,0.514,WhatsApp,BENIGN,0,1608,0,0
FLW-0004365,VPN-SES-00797,0xb6d5f800,25.89,243,22956,886.67,7093.4,7093.4,99.08,30.71,46,161,0.688108,0.157769,0.324,ICMP,BENIGN,0,178,1,0
FLW-0004366,VPN-SES-00797,0xb6d5f800,93.02,2185,323115,3473.61,27788.86,27788.86,142.4,49.89,40,211,0.057973,0.020294,0.591,VoIP,BENIGN,0,2255,0,0
FLW-0004367,VPN-SES-00797,0xb6d5f800,14.9,4119,396687,26623.29,212986.31,212986.31,103.12,18.64,76,129,0.039233,0.020881,0.733,Attack,PORT_SCAN,1,11728,1,1
FLW-0004368,VPN-SES-00797,0xb6d5f800,89.46,7395,8726800,97549.74,780397.94,780397.94,1298.26,136.55,1021,1500,0.041183,0.025282,0.762,Attack,DATA_EXFILTRATION,1,26026,0,3
FLW-0004369,VPN-SES-00798,0x10e8c059,36.56,1792,306588,8385.89,67087.09,67087.09,164.1,34.74,108,207,0.034955,0.014398,0.412,VoIP,BENIGN,0,2091,0,0
FLW-0004370,VPN-SES-00798,0x10e8c059,223.57,15563,16766928,74996.32,599970.59,599970.59,1041.3,339.24,420,1500,0.027076,0.018955,0.19,Video_Streaming,BENIGN,0,23769,0,1
FLW-0004371,VPN-SES-00798,0x10e8c059,143.3,8117,1238708,8644.16,69153.27,69153.27,144.6,66.71,42,259,0.053342,0.036886,0.451,VoIP,BENIGN,0,7620,0,0
FLW-0004372,VPN-SES-00798,0x10e8c059,74.77,477,249919,3342.5,26740.03,26740.03,500.12,255.3,116,1026,0.89535,0.668718,0.695,WhatsApp,BENIGN,0,455,0,1
FLW-0004373,VPN-SES-00798,0x10e8c059,169.64,23151,30165550,177820.97,1422567.79,1422567.79,1221.71,268.76,763,1500,0.067643,0.090794,0.268,Video_Streaming,BENIGN,0,29168,0,1
FLW-0004374,VPN-SES-00798,0x10e8c059,28.29,632,103435,3656.24,29249.91,29249.91,161.3,47.02,98,235,0.034509,0.025919,0.51,VoIP,BENIGN,0,763,0,0
FLW-0004375,VPN-SES-00798,0x10e8c059,9.59,335,257772,26879.25,215033.99,215033.99,717.27,548.51,40,1500,0.952222,0.755725,0.635,Email_IMAP,BENIGN,0,294,0,0
FLW-0004376,VPN-SES-00798,0x10e8c059,27.15,572,334465,12319.15,98553.22,98553.22,646.72,484.06,40,1411,0.575836,0.443095,0.533,Email_IMAP,BENIGN,0,441,0,1
FLW-0004377,VPN-SES-00799,0xc2894d6f,17.84,40,4582,256.84,2054.71,2054.71,107.63,28.16,57,143,0.889456,0.302028,0.611,ICMP,BENIGN,0,36,0,0
FLW-0004378,VPN-SES-00799,0xc2894d6f,20.95,2418,3466835,165481.38,1323851.07,1323851.07,1367.93,145.21,1177,1500,0.081629,0.077099,0.245,Video_Streaming,BENIGN,0,3969,1,4
FLW-0004379,VPN-SES-00799,0xc2894d6f,143.85,20280,26375953,183357.34,1466858.7,1466858.7,1194.65,268.92,843,1500,0.08711,0.088035,0.044,Video_Streaming,BENIGN,0,20667,1,2
FLW-0004380,VPN-SES-00800,0x5a4b970c,4.81,25,2616,543.87,4350.94,4350.94,99.14,25.13,58,147,2.365433,0.790288,0.548,ICMP,BENIGN,0,18,0,0
FLW-0004381,VPN-SES-00800,0x5a4b970c,60.94,1177,369833,6068.81,48550.44,48550.44,321.19,157.76,40,522,1.078666,1.310936,0.426,WhatsApp,BENIGN,0,878,0,0
FLW-0004382,VPN-SES-00800,0x5a4b970c,220.23,498,107436,487.84,3902.68,3902.68,212.73,99.24,40,395,8.236217,5.583539,0.592,Attack,C2_BEACONING,1,538,0,2
FLW-0004383,VPN-SES-00800,0x5a4b970c,128.07,37186,53942503,421195.46,3369563.71,3369563.71,1383.99,186.02,1136,1500,0.037011,0.014062,0.854,Attack,DATA_EXFILTRATION,1,83320,0,1
FLW-0004384,VPN-SES-00800,0x5a4b970c,100.33,10742,12836144,127939.24,1023513.92,1023513.92,1261.1,191.13,955,1500,0.058541,0.046392,0.107,Video_Streaming,BENIGN,0,18111,0,1
FLW-0004385,VPN-SES-00800,0x5a4b970c,6.84,198,168724,24667.25,197338.01,197338.01,845.26,515.37,40,1500,0.571894,0.713461,0.375,Web_Browsing,BENIGN,0,237,0,1
FLW-0004386,VPN-SES-00800,0x5a4b970c,5.73,35,3452,602.44,4819.55,4819.55,104.1,33.16,61,148,0.908587,0.406682,0.514,ICMP,BENIGN,0,25,0,0
FLW-0004387,VPN-SES-00800,0x5a4b970c,12.5,14816,1886219,150897.52,1207180.16,1207180.16,136.4,38.98,71,196,0.01644,0.011464,0.98,Attack,DOS_FLOOD,1,64111,4,0
FLW-0004388,VPN-SES-00801,0x81a05d6c,127.57,29335,40232860,315378.69,2523029.55,2523029.55,1402.37,221.67,1019,1500,0.015102,0.004589,0.869,Attack,DATA_EXFILTRATION,1,66812,0,4
FLW-0004389,VPN-SES-00801,0x81a05d6c,41.72,193,96330,2308.96,18471.72,18471.72,539.73,248.74,169,840,0.360747,0.335865,0.532,Email_IMAP,BENIGN,0,145,1,2
FLW-0004390,VPN-SES-00801,0x81a05d6c,17.91,213,124461,6949.25,55593.97,55593.97,595.68,375.56,40,1126,0.552526,0.388028,0.479,Email_IMAP,BENIGN,0,256,0,0
FLW-0004391,VPN-SES-00801,0x81a05d6c,104.54,14798,18318669,175231.19,1401849.55,1401849.55,1202.48,185.92,906,1436,0.03368,0.022926,0.057,Video_Streaming,BENIGN,0,21217,2,0
FLW-0004392,VPN-SES-00801,0x81a05d6c,101.79,22519,27725035,272374.84,2178998.72,2178998.72,1210.3,136.83,957,1378,0.036401,0.036429,0.123,Video_Streaming,BENIGN,0,36567,0,2
FLW-0004393,VPN-SES-00802,0xe6008c5a,17.99,605,209698,11656.36,93250.92,93250.92,377.9,561.39,40,1380,0.409676,0.493243,0.303,Web_Browsing,BENIGN,0,771,0,1
FLW-0004394,VPN-SES-00802,0xe6008c5a,73.65,759,400103,5432.49,43459.93,43459.93,485.19,118.78,240,642,1.207688,1.461441,0.561,WhatsApp,BENIGN,0,825,0,0
FLW-0004395,VPN-SES-00802,0xe6008c5a,20.71,2287,210771,10177.26,81418.06,81418.06,99.57,26.56,47,149,0.016613,0.010694,0.845,Attack,PORT_SCAN,1,7213,2,1
FLW-0004396,VPN-SES-00802,0xe6008c5a,95.98,2908,2434358,25363.18,202905.44,202905.44,804.05,496.33,40,1500,0.266261,0.257539,0.256,Web_Browsing,BENIGN,0,2611,0,2
FLW-0004397,VPN-SES-00802,0xe6008c5a,84.01,21475,27077832,322316.77,2578534.17,2578534.17,1394.64,198.87,1121,1500,0.022921,0.022083,0.939,Attack,DATA_EXFILTRATION,1,79269,1,3
FLW-0004398,VPN-SES-00802,0xe6008c5a,62.42,798,615616,9862.48,78899.84,78899.84,823.76,547.57,40,1500,0.230374,0.187817,0.32,Web_Browsing,BENIGN,0,803,0,1
FLW-0004399,VPN-SES-00802,0xe6008c5a,51.01,404,222360,4359.15,34873.16,34873.16,547.7,464.32,40,1225,0.724437,0.932327,0.447,Web_Browsing,BENIGN,0,567,0,1
FLW-0004400,VPN-SES-00802,0xe6008c5a,27.25,1067,272471,9998.94,79991.49,79991.49,262.55,616.92,40,1500,0.438613,0.364813,0.437,Web_Browsing,BENIGN,0,1095,0,1
FLW-0004401,VPN-SES-00803,0x3e528b8b,2.98,678,54207,18190.27,145522.15,145522.15,80.96,23.44,42,126,0.05929,0.037105,0.847,Attack,PORT_SCAN,1,1548,0,3
FLW-0004402,VPN-SES-00803,0x3e528b8b,20.75,749,105498,5084.24,40673.93,40673.93,141.31,38.97,93,210,0.040705,0.023306,0.427,VoIP,BENIGN,0,1000,0,1
FLW-0004403,VPN-SES-00803,0x3e528b8b,76.11,2440,302186,3970.38,31763.08,31763.08,134.76,49.1,45,200,0.055795,0.031574,0.42,VoIP,BENIGN,0,2591,0,0
FLW-0004404,VPN-SES-00803,0x3e528b8b,46.42,1688,279201,6014.67,48117.36,48117.36,163.89,37.65,85,219,0.045109,0.025569,0.501,VoIP,BENIGN,0,2122,0,1
FLW-0004405,VPN-SES-00803,0x3e528b8b,49.32,11032,12648943,256466.81,2051734.47,2051734.47,1246.6,201.39,896,1500,0.016576,0.01388,0.195,Video_Streaming,BENIGN,0,17061,3,0
FLW-0004406,VPN-SES-00803,0x3e528b8b,175.43,25425,33640745,191761.64,1534093.14,1534093.14,1338.37,237.73,1015,1500,0.036212,0.027271,0.127,Video_Streaming,BENIGN,0,38724,0,2
FLW-0004407,VPN-SES-00803,0x3e528b8b,40.78,18767,2864618,70245.66,561965.28,561965.28,164.58,43.47,110,254,0.010358,0.005801,0.932,Attack,DOS_FLOOD,1,80035,5,1
FLW-0004408,VPN-SES-00804,0x8f9c0bc1,155.38,25250,36876907,237333.68,1898669.43,1898669.43,1500.0,232.43,1124,1500,0.033629,0.018378,0.02,Video_Streaming,BENIGN,0,30785,1,1
FLW-0004409,VPN-SES-00804,0x8f9c0bc1,98.22,3631,620209,6314.49,50515.9,50515.9,163.63,50.84,80,226,0.108514,0.052671,0.503,VoIP,BENIGN,0,3028,1,0
FLW-0004410,VPN-SES-00804,0x8f9c0bc1,7.01,46,5013,715.12,5720.97,5720.97,106.49,32.14,55,174,1.330977,0.61899,0.673,ICMP,BENIGN,0,35,0,2
FLW-0004411,VPN-SES-00804,0x8f9c0bc1,168.42,4448,1258840,7474.41,59795.27,59795.27,264.66,149.66,74,524,1.656232,2.370525,0.392,WhatsApp,BENIGN,0,4025,0,1
FLW-0004412,VPN-SES-00804,0x8f9c0bc1,100.82,2326,365212,3622.42,28979.33,28979.33,160.5,276.2,40,756,0.57927,0.552706,0.406,WhatsApp,BENIGN,0,2362,0,0
FLW-0004413,VPN-SES-00804,0x8f9c0bc1,14.7,114,11302,768.84,6150.75,6150.75,105.1,29.65,42,157,1.09525,0.156873,0.466,ICMP,BENIGN,0,78,0,1
FLW-0004414,VPN-SES-00804,0x8f9c0bc1,56.29,1333,1045331,18570.46,148563.65,148563.65,722.95,629.16,40,1500,0.472213,0.580417,0.403,Web_Browsing,BENIGN,0,1405,0,0
FLW-0004415,VPN-SES-00805,0x6f67ce49,37.75,1657,431254,11423.95,91391.58,91391.58,246.05,44.83,165,343,0.17354,0.128662,0.512,Attack,BRUTE_FORCE,1,3288,0,2
FLW-0004416,VPN-SES-00805,0x6f67ce49,230.32,50504,67896921,294793.86,2358350.85,2358350.85,1376.81,240.34,942,1500,0.037787,0.025253,0.048,Video_Streaming,BENIGN,0,56067,0,3
FLW-0004417,VPN-SES-00805,0x6f67ce49,91.03,1417,471463,5179.2,41433.64,41433.64,336.73,179.49,52,594,0.335937,0.34972,0.497,WhatsApp,BENIGN,0,1578,0,0
FLW-0004418,VPN-SES-00805,0x6f67ce49,182.61,15910,18477838,101187.44,809499.5,809499.5,1191.02,131.74,966,1473,0.023507,0.014753,0.021,Video_Streaming,BENIGN,0,15547,1,0
FLW-0004419,VPN-SES-00805,0x6f67ce49,25.01,308,392423,15690.64,125525.15,125525.15,1312.38,564.83,243,1500,0.39616,0.39627,0.497,Web_Browsing,BENIGN,0,311,0,0
FLW-0004420,VPN-SES-00805,0x6f67ce49,103.14,1089,433088,4199.03,33592.24,33592.24,409.1,211.5,65,828,0.911444,0.949959,0.418,WhatsApp,BENIGN,0,999,0,0
FLW-0004421,VPN-SES-00805,0x6f67ce49,158.82,16632,21782344,137151.14,1097209.12,1097209.12,1306.45,141.96,1027,1500,0.032613,0.016535,0.949,Attack,DATA_EXFILTRATION,1,59727,0,2
FLW-0004422,VPN-SES-00806,0x38b8afe2,38.6,779,481894,12484.3,99874.4,99874.4,637.23,227.23,183,1050,0.552328,0.619427,0.449,Email_IMAP,BENIGN,0,960,1,0
FLW-0004423,VPN-SES-00806,0x38b8afe2,11.58,3428,322506,27850.26,222802.07,222802.07,97.32,35.07,40,159,0.024982,0.010652,0.724,Attack,PORT_SCAN,1,9512,0,2
FLW-0004424,VPN-SES-00806,0x38b8afe2,55.4,2214,340754,6150.79,49206.35,49206.35,148.21,55.08,40,266,0.052248,0.028307,0.581,VoIP,BENIGN,0,2828,0,0
FLW-0004425,VPN-SES-00806,0x38b8afe2,18.8,312,326531,17368.67,138949.36,138949.36,1124.85,516.43,175,1500,1.129141,1.213516,0.556,Email_IMAP,BENIGN,0,232,0,0
FLW-0004426,VPN-SES-00806,0x38b8afe2,11.73,311,53097,4526.6,36212.79,36212.79,170.66,68.44,41,310,0.031112,0.010915,0.414,VoIP,BENIGN,0,291,0,0
FLW-0004427,VPN-SES-00806,0x38b8afe2,152.82,27685,34845446,228016.27,1824130.14,1824130.14,1362.11,184.45,986,1500,0.022661,0.018611,0.835,Attack,DATA_EXFILTRATION,1,66945,0,1
FLW-0004428,VPN-SES-00806,0x38b8afe2,56.19,1105,628431,11184.04,89472.29,89472.29,550.72,146.19,245,824,0.769186,0.729815,0.581,WhatsApp,BENIGN,0,1137,0,2
FLW-0004429,VPN-SES-00806,0x38b8afe2,17.96,347,251994,14030.85,112246.77,112246.77,687.2,371.85,140,1435,1.749622,1.736989,0.458,Email_IMAP,BENIGN,0,446,0,2
FLW-0004430,VPN-SES-00807,0xfc0dd1ff,6.66,37,4465,670.42,5363.36,5363.36,117.35,21.31,90,162,0.4061,0.074107,0.496,ICMP,BENIGN,0,24,0,3
FLW-0004431,VPN-SES-00807,0xfc0dd1ff,10.59,310,60510,5713.88,45711.05,45711.05,189.28,83.28,76,295,0.085974,0.056716,0.713,Attack,BRUTE_FORCE,1,726,0,5
FLW-0004432,VPN-SES-00807,0xfc0dd1ff,22.55,389,175138,7766.65,62133.22,62133.22,416.64,513.3,40,1500,0.416539,0.398064,0.349,Web_Browsing,BENIGN,0,553,0,0
FLW-0004433,VPN-SES-00808,0x2092285e,14.99,717,503948,33618.95,268951.57,268951.57,727.45,356.62,155,1273,0.33602,0.406261,0.213,Web_Browsing,BENIGN,0,820,0,1
FLW-0004434,VPN-SES-00808,0x2092285e,19.8,453,64339,3249.44,25995.56,25995.56,145.15,32.21,100,198,0.065885,0.029726,0.507,VoIP,BENIGN,0,578,0,3
FLW-0004435,VPN-SES-00808,0x2092285e,32.47,2044,336303,10357.35,82858.76,82858.76,151.39,58.64,72,257,0.030975,0.017814,0.571,VoIP,BENIGN,0,2424,0,2
FLW-0004436,VPN-SES-00808,0x2092285e,336.27,62035,89204033,265275.03,2122200.21,2122200.21,1417.05,229.71,1018,1500,0.040174,0.039496,0.1,Video_Streaming,BENIGN,0,86818,0,1
FLW-0004437,VPN-SES-00808,0x2092285e,375.92,486,120226,319.82,2558.54,2558.54,240.5,60.13,152,329,3.789789,1.734941,0.507,Attack,C2_BEACONING,1,411,0,5
FLW-0004438,VPN-SES-00808,0x2092285e,15.62,217,54476,3487.58,27900.64,27900.64,278.3,146.39,92,460,0.083148,0.067308,0.509,Attack,BRUTE_FORCE,1,331,0,3
FLW-0004439,VPN-SES-00808,0x2092285e,122.67,12314,14957751,121934.87,975478.99,975478.99,1283.7,295.84,922,1500,0.028923,0.017332,0.067,Video_Streaming,BENIGN,0,20765,1,3
FLW-0004440,VPN-SES-00809,0xbd49207a,11.01,252,197867,17971.57,143772.57,143772.57,717.57,576.79,40,1500,0.325589,0.399666,0.291,Web_Browsing,BENIGN,0,219,0,0
FLW-0004441,VPN-SES-00809,0xbd49207a,24.16,494,477812,19776.99,158215.89,158215.89,886.38,361.88,309,1500,0.4252,0.475952,0.255,Web_Browsing,BENIGN,0,464,0,0
FLW-0004442,VPN-SES-00809,0xbd49207a,200.72,31230,36118199,179943.2,1439545.6,1439545.6,1094.78,195.83,843,1427,0.035653,0.024439,0.097,Video_Streaming,BENIGN,0,36573,0,1
FLW-0004443,VPN-SES-00810,0xfc7e91c6,287.57,51215,69118548,240353.82,1922830.56,1922830.56,1302.63,196.2,970,1500,0.070052,0.0874,0.087,Video_Streaming,BENIGN,0,62153,0,0
FLW-0004444,VPN-SES-00810,0xfc7e91c6,103.02,4536,3475190,33733.16,269865.27,269865.27,833.72,309.19,161,1258,0.787193,1.107179,0.282,Web_Browsing,BENIGN,0,5456,0,1
FLW-0004445,VPN-SES-00810,0xfc7e91c6,9.58,29,3232,337.37,2698.96,2698.96,106.71,27.49,62,148,0.598032,0.270622,0.463,ICMP,BENIGN,0,25,0,0
FLW-0004446,VPN-SES-00811,0xf20a5582,61.92,2284,343402,5545.9,44367.18,44367.18,159.88,40.08,106,218,0.054893,0.030215,0.554,VoIP,BENIGN,0,2593,0,1
FLW-0004447,VPN-SES-00811,0xf20a5582,36.46,776,453664,12442.79,99542.29,99542.29,566.71,152.97,308,899,0.852189,0.737143,0.391,WhatsApp,BENIGN,0,789,0,1
FLW-0004448,VPN-SES-00811,0xf20a5582,103.07,20691,28236216,273951.84,2191614.71,2191614.71,1383.79,110.27,1195,1500,0.021803,0.008945,0.924,Attack,DATA_EXFILTRATION,1,75921,0,0
FLW-0004449,VPN-SES-00811,0xf20a5582,218.68,1733,546700,2500.0,20000.0,20000.0,323.94,207.95,40,596,1.186283,1.057303,0.545,WhatsApp,BENIGN,0,1665,0,0
FLW-0004450,VPN-SES-00811,0xf20a5582,53.8,3296,870923,16188.16,129505.28,129505.28,263.0,105.58,86,451,0.103108,0.053812,0.795,Attack,BRUTE_FORCE,1,4867,0,2
FLW-0004451,VPN-SES-00811,0xf20a5582,309.07,64265,81668683,264240.08,2113920.68,2113920.68,1236.15,153.08,1012,1500,0.051928,0.04907,0.184,Video_Streaming,BENIGN,0,95213,0,0
FLW-0004452,VPN-SES-00811,0xf20a5582,243.71,18443,26472476,108622.86,868982.84,868982.84,1343.09,232.6,977,1500,0.049461,0.044675,0.099,Video_Streaming,BENIGN,0,29849,0,0
FLW-0004453,VPN-SES-00812,0x3c59adbb,70.72,2705,363725,5143.17,41145.36,41145.36,148.22,53.52,41,236,0.044101,0.026766,0.543,VoIP,BENIGN,0,3043,0,1
FLW-0004454,VPN-SES-00812,0x3c59adbb,29.27,824,240138,8204.24,65633.89,65633.89,269.8,127.88,101,430,0.208059,0.113825,0.625,Attack,BRUTE_FORCE,1,1880,0,5
FLW-0004455,VPN-SES-00812,0x3c59adbb,129.99,3174,408210,3140.32,25122.55,25122.55,128.52,34.59,71,194,0.029636,0.013783,0.561,VoIP,BENIGN,0,3146,0,0
FLW-0004456,VPN-SES-00812,0x3c59adbb,10.36,6178,772168,74533.59,596268.73,596268.73,124.68,31.93,74,173,0.004935,0.001183,0.98,Attack,DOS_FLOOD,1,30619,2,2
FLW-0004457,VPN-SES-00812,0x3c59adbb,49.61,1116,948165,19112.38,152899.01,152899.01,904.5,454.94,40,1500,0.155182,0.112797,0.299,Web_Browsing,BENIGN,0,1563,0,1
FLW-0004458,VPN-SES-00812,0x3c59adbb,19.25,755,123235,6401.82,51214.55,51214.55,163.3,29.36,110,209,0.057713,0.036486,0.477,VoIP,BENIGN,0,713,0,2
FLW-0004459,VPN-SES-00812,0x3c59adbb,9.61,36,2723,283.35,2266.81,2266.81,71.9,25.43,40,108,0.755459,0.182741,0.498,ICMP,BENIGN,0,30,0,1
FLW-0004460,VPN-SES-00813,0xf5326380,200.09,28097,31626501,158061.38,1264491.02,1264491.02,1073.48,157.97,743,1279,0.04779,0.032566,0.151,Video_Streaming,BENIGN,0,49013,1,1
FLW-0004461,VPN-SES-00813,0xf5326380,15.14,41,4933,325.83,2606.61,2606.61,111.44,16.39,75,136,0.730381,0.214969,0.473,ICMP,BENIGN,0,36,0,1
FLW-0004462,VPN-SES-00813,0xf5326380,23.08,194,21387,926.65,7413.17,7413.17,109.92,24.28,65,159,1.09161,0.162573,0.661,ICMP,BENIGN,0,108,0,0
FLW-0004463,VPN-SES-00813,0xf5326380,13.46,307,278158,20665.53,165324.22,165324.22,953.2,222.98,641,1315,0.460455,0.442631,0.593,Email_IMAP,BENIGN,0,306,0,0
FLW-0004464,VPN-SES-00813,0xf5326380,100.99,3179,380938,3772.04,30176.29,30176.29,129.79,43.28,68,202,0.095118,0.06084,0.532,VoIP,BENIGN,0,3022,0,1
FLW-0004465,VPN-SES-00813,0xf5326380,13.26,1266,157140,11850.68,94805.43,94805.43,117.6,45.86,40,215,0.02404,0.014696,0.862,Attack,PORT_SCAN,1,4227,0,5
FLW-0004466,VPN-SES-00813,0xf5326380,3.76,22,2782,739.89,5919.15,5919.15,127.52,26.11,81,178,0.538757,0.173658,0.571,ICMP,BENIGN,0,22,0,1
FLW-0004467,VPN-SES-00813,0xf5326380,45.31,4130,5027981,110968.46,887747.69,887747.69,1222.72,212.76,918,1500,0.021146,0.01123,0.964,Attack,DATA_EXFILTRATION,1,13427,2,4
FLW-0004468,VPN-SES-00814,0x9cc93087,154.47,28607,38576997,249737.79,1997902.35,1997902.35,1227.07,215.51,944,1500,0.063285,0.035264,0.819,Attack,DATA_EXFILTRATION,1,80413,1,3
FLW-0004469,VPN-SES-00814,0x9cc93087,37.01,1276,784997,21210.4,169683.22,169683.22,628.35,430.29,40,1322,0.75527,0.833781,0.28,Web_Browsing,BENIGN,0,1220,0,1
FLW-0004470,VPN-SES-00814,0x9cc93087,6.59,48,4295,651.75,5213.96,5213.96,96.71,25.19,63,144,1.524413,0.477323,0.546,ICMP,BENIGN,0,37,0,1
FLW-0004471,VPN-SES-00814,0x9cc93087,24.44,313,119405,4885.64,39085.11,39085.11,364.14,129.93,168,583,0.127589,0.115265,0.501,Attack,BRUTE_FORCE,1,544,0,1
FLW-0004472,VPN-SES-00814,0x9cc93087,24.25,1040,149146,6150.35,49202.8,49202.8,142.95,44.76,63,225,0.032761,0.022164,0.643,VoIP,BENIGN,0,1289,0,0
FLW-0004473,VPN-SES-00815,0xce0e023b,24.72,947,384990,15574.03,124592.23,124592.23,375.3,144.47,139,627,0.210498,0.232623,0.666,Attack,BRUTE_FORCE,1,1875,0,5
FLW-0004474,VPN-SES-00815,0xce0e023b,152.72,7581,8544931,55951.62,447612.94,447612.94,1049.42,292.38,602,1416,0.029212,0.016415,0.078,Video_Streaming,BENIGN,0,9995,0,1
FLW-0004475,VPN-SES-00815,0xce0e023b,17.78,28537,2945610,165669.85,1325358.83,1325358.83,96.89,38.34,40,175,0.006072,0.004817,0.98,Attack,DOS_FLOOD,1,92077,1,3
FLW-0004476,VPN-SES-00816,0x8590a2f6,48.85,66311,10075993,206263.93,1650111.44,1650111.44,139.22,20.19,109,172,0.007786,0.003837,0.844,Attack,DOS_FLOOD,1,290724,3,2
FLW-0004477,VPN-SES-00816,0x8590a2f6,19.17,883,153053,7983.99,63871.88,63871.88,161.98,60.62,71,266,0.053727,0.032462,0.629,VoIP,BENIGN,0,962,0,1
FLW-0004478,VPN-SES-00816,0x8590a2f6,19.74,10013,1338970,67830.29,542642.35,542642.35,138.78,51.34,40,240,0.004396,0.00155,0.857,Attack,DOS_FLOOD,1,32333,4,1
FLW-0004479,VPN-SES-00817,0x9ba55e2f,13.98,3873,402576,28796.57,230372.53,230372.53,99.18,31.3,41,163,0.023917,0.016475,0.809,Attack,PORT_SCAN,1,11208,1,4
FLW-0004480,VPN-SES-00817,0x9ba55e2f,19.89,65,7348,369.43,2955.46,2955.46,112.53,33.77,48,156,2.435622,0.663786,0.547,ICMP,BENIGN,0,46,0,1
FLW-0004481,VPN-SES-00817,0x9ba55e2f,31.92,1707,203422,6372.87,50982.96,50982.96,130.21,59.15,40,253,0.044561,0.042298,0.574,VoIP,BENIGN,0,1350,0,1
FLW-0004482,VPN-SES-00817,0x9ba55e2f,75.85,3866,640277,8441.36,67530.86,67530.86,150.99,50.25,50,232,0.067659,0.043454,0.461,VoIP,BENIGN,0,4836,0,0
FLW-0004483,VPN-SES-00817,0x9ba55e2f,17.23,15,1574,91.35,730.82,730.82,107.93,16.93,72,142,1.34131,0.430936,0.389,ICMP,BENIGN,0,17,0,1
FLW-0004484,VPN-SES-00817,0x9ba55e2f,49.05,1017,1003727,20463.34,163706.75,163706.75,979.34,399.59,144,1500,0.792428,0.55343,0.583,Email_IMAP,BENIGN,0,1051,1,1
FLW-0004485,VPN-SES-00817,0x9ba55e2f,40.6,2752,3799816,93591.53,748732.22,748732.22,1500.0,242.86,1120,1500,0.037785,0.034306,0.195,Video_Streaming,BENIGN,0,4618,0,2
FLW-0004486,VPN-SES-00817,0x9ba55e2f,55.25,980,233428,4224.94,33799.53,33799.53,223.24,148.57,40,521,0.179736,0.122239,0.653,Attack,BRUTE_FORCE,1,1654,0,2
FLW-0004487,VPN-SES-00818,0x1ce401aa,17.07,221,136402,7990.74,63925.95,63925.95,658.72,494.94,40,1316,0.39611,0.407879,0.275,Web_Browsing,BENIGN,0,230,0,1
FLW-0004488,VPN-SES-00818,0x1ce401aa,9.94,227,44081,4434.71,35477.67,35477.67,200.36,144.24,40,386,0.224375,0.133653,0.624,Attack,BRUTE_FORCE,1,437,0,0
FLW-0004489,VPN-SES-00818,0x1ce401aa,65.75,3041,339035,5156.43,41251.41,41251.41,119.84,61.58,40,239,0.04005,0.021264,0.63,VoIP,BENIGN,0,3363,0,0
FLW-0004490,VPN-SES-00818,0x1ce401aa,66.46,1939,1541276,23191.03,185528.26,185528.26,788.58,338.47,304,1365,0.236104,0.213676,0.408,Web_Browsing,BENIGN,0,1924,0,1
FLW-0004491,VPN-SES-00818,0x1ce401aa,25.55,338,379627,14858.2,118865.6,118865.6,1069.74,534.79,40,1500,0.763113,0.519896,0.467,Email_IMAP,BENIGN,0,297,0,0
FLW-0004492,VPN-SES-00818,0x1ce401aa,12.33,170,199104,16147.93,129183.45,129183.45,1231.85,320.29,728,1500,0.460446,0.430641,0.519,Email_IMAP,BENIGN,0,181,0,0
FLW-0004493,VPN-SES-00818,0x1ce401aa,250.16,516,81648,326.38,2611.06,2611.06,149.62,80.5,46,296,2.12248,1.196493,0.554,Attack,C2_BEACONING,1,523,0,2
FLW-0004494,VPN-SES-00819,0x2dc7bd19,136.98,1935,576176,4206.28,33650.23,33650.23,320.59,324.77,40,899,0.652647,0.798886,0.509,WhatsApp,BENIGN,0,2083,0,1
FLW-0004495,VPN-SES-00819,0x2dc7bd19,7.63,1341,152988,20050.85,160406.82,160406.82,108.3,23.38,60,139,0.03226,0.023453,0.748,Attack,PORT_SCAN,1,3999,1,4
FLW-0004496,VPN-SES-00819,0x2dc7bd19,187.13,44097,61687172,329648.76,2637190.06,2637190.06,1421.45,283.2,1010,1500,0.017549,0.008677,0.02,Video_Streaming,BENIGN,0,73388,0,1
FLW-0004497,VPN-SES-00819,0x2dc7bd19,93.75,1221,724496,7727.96,61823.66,61823.66,597.17,393.58,40,1299,0.886393,1.382868,0.324,Web_Browsing,BENIGN,0,1543,0,0
FLW-0004498,VPN-SES-00820,0xcabc7d4b,129.89,9471,11843810,91183.39,729467.09,729467.09,1367.25,378.33,782,1500,0.011951,0.005631,0.112,Video_Streaming,BENIGN,0,11689,1,2
FLW-0004499,VPN-SES-00820,0xcabc7d4b,42.48,955,178970,4213.04,33704.33,33704.33,185.92,105.49,40,323,0.341212,0.159647,0.731,Attack,BRUTE_FORCE,1,1501,0,1
FLW-0004500,VPN-SES-00820,0xcabc7d4b,156.45,2290,745858,4767.39,38139.11,38139.11,302.08,231.24,40,699,0.734529,0.80015,0.513,WhatsApp,BENIGN,0,2544,0,2
FLW-0004501,VPN-SES-00820,0xcabc7d4b,10.27,1277,110740,10782.86,86262.9,86262.9,88.97,19.97,58,129,0.027255,0.022511,0.803,Attack,PORT_SCAN,1,2939,0,1
FLW-0004502,VPN-SES-00820,0xcabc7d4b,87.79,18672,25073976,285613.12,2284904.98,2284904.98,1259.53,208.13,820,1500,0.016502,0.00748,0.907,Attack,DATA_EXFILTRATION,1,48284,1,3
FLW-0004503,VPN-SES-00820,0xcabc7d4b,54.76,157,26413,482.34,3858.73,3858.73,164.82,307.01,40,639,1.241488,1.430534,0.533,WhatsApp,BENIGN,0,185,0,1
FLW-0004504,VPN-SES-00821,0x501082a2,39.36,1945,552108,14027.13,112217.07,112217.07,275.4,89.52,90,458,0.157975,0.129173,0.554,Attack,BRUTE_FORCE,1,3386,1,3
FLW-0004505,VPN-SES-00821,0x501082a2,9.33,68,5461,585.32,4682.53,4682.53,78.91,30.73,40,136,0.685393,0.102539,0.383,ICMP,BENIGN,0,44,0,0
FLW-0004506,VPN-SES-00821,0x501082a2,98.37,3906,648737,6594.87,52758.93,52758.93,162.76,38.08,106,214,0.049607,0.033814,0.587,VoIP,BENIGN,0,3953,0,0
FLW-0004507,VPN-SES-00821,0x501082a2,32.6,34011,5707378,175072.94,1400583.56,1400583.56,185.91,38.92,115,241,0.006321,0.003323,0.835,Attack,DOS_FLOOD,1,155821,0,3
FLW-0004508,VPN-SES-00822,0xa80726ce,5.16,8,802,155.43,1243.41,1243.41,109.11,28.44,47,145,0.73131,0.197006,0.277,ICMP,BENIGN,0,7,0,2
FLW-0004509,VPN-SES-00822,0xa80726ce,59.07,3558,4057924,68696.87,549574.94,549574.94,1124.44,154.5,914,1324,0.031408,0.025237,0.23,Video_Streaming,BENIGN,0,5971,0,2
FLW-0004510,VPN-SES-00822,0xa80726ce,13.34,74,43480,3259.37,26074.96,26074.96,621.83,308.29,40,1202,0.478761,0.397243,0.546,Email_IMAP,BENIGN,0,66,0,1
FLW-0004511,VPN-SES-00822,0xa80726ce,131.26,36057,44295952,337467.26,2699738.05,2699738.05,1333.81,193.6,1070,1500,0.031231,0.017506,0.849,Attack,DATA_EXFILTRATION,1,78904,0,2
FLW-0004512,VPN-SES-00822,0xa80726ce,84.61,1286,375318,4435.86,35486.87,35486.87,305.89,218.07,40,629,0.928761,0.918919,0.458,WhatsApp,BENIGN,0,1168,0,0
FLW-0004513,VPN-SES-00822,0xa80726ce,20.73,59,6854,330.63,2645.06,2645.06,112.67,30.17,67,151,0.975858,0.21271,0.609,ICMP,BENIGN,0,38,0,0
FLW-0004514,VPN-SES-00823,0xa398daad,34.65,1385,378093,10911.77,87294.2,87294.2,249.22,107.54,50,429,0.169676,0.132517,0.622,Attack,BRUTE_FORCE,1,2792,0,5
FLW-0004515,VPN-SES-00823,0xa398daad,78.13,1755,603175,7720.15,61761.17,61761.17,341.05,133.16,97,525,1.040846,1.295347,0.406,WhatsApp,BENIGN,0,2036,0,1
FLW-0004516,VPN-SES-00823,0xa398daad,41.95,1065,594474,14171.01,113368.1,113368.1,605.69,305.19,167,1064,0.736099,0.57789,0.405,Email_IMAP,BENIGN,0,1366,0,1
FLW-0004517,VPN-SES-00823,0xa398daad,54.82,1804,214239,3908.04,31264.36,31264.36,129.39,41.7,53,182,0.029653,0.014874,0.408,VoIP,BENIGN,0,1997,0,0
FLW-0004518,VPN-SES-00823,0xa398daad,23.37,218,21418,916.47,7331.79,7331.79,105.6,29.47,40,157,1.387237,0.766144,0.472,ICMP,BENIGN,0,141,0,1
FLW-0004519,VPN-SES-00823,0xa398daad,55.66,7308,8973142,161213.47,1289707.8,1289707.8,1256.46,291.44,823,1500,0.035176,0.017414,0.141,Video_Streaming,BENIGN,0,11912,0,0
FLW-0004520,VPN-SES-00824,0xe43f46de,31.23,540,479946,15368.11,122944.86,122944.86,963.42,407.13,459,1500,0.953408,1.795442,0.49,Email_IMAP,BENIGN,0,493,0,1
FLW-0004521,VPN-SES-00824,0xe43f46de,15.75,905,94497,5999.81,47998.48,47998.48,109.84,40.17,55,186,0.059458,0.031546,0.46,VoIP,BENIGN,0,937,0,0
FLW-0004522,VPN-SES-00824,0xe43f46de,146.85,33205,41363095,281669.02,2253352.13,2253352.13,1381.41,179.59,1157,1500,0.014532,0.005436,0.781,Attack,DATA_EXFILTRATION,1,88865,0,4
FLW-0004523,VPN-SES-00824,0xe43f46de,153.62,20570,27936477,181854.43,1454835.41,1454835.41,1351.95,193.0,1023,1500,0.028501,0.014335,0.98,Attack,DATA_EXFILTRATION,1,60859,1,2
FLW-0004524,VPN-SES-00824,0xe43f46de,32.39,12318,1442444,44533.62,356268.97,356268.97,116.16,47.19,40,217,0.00563,0.002552,0.957,Attack,DOS_FLOOD,1,41706,1,4
FLW-0004525,VPN-SES-00824,0xe43f46de,178.85,347,88413,494.34,3954.73,3954.73,248.16,48.2,167,348,4.771646,2.146924,0.509,Attack,C2_BEACONING,1,292,0,2
FLW-0004526,VPN-SES-00825,0xc21352ae,19.47,499,533659,27409.3,219274.37,219274.37,1063.07,271.11,542,1500,0.83493,0.826627,0.565,Email_IMAP,BENIGN,0,524,1,1
FLW-0004527,VPN-SES-00825,0xc21352ae,38.83,1441,272794,7025.34,56202.73,56202.73,179.6,62.7,60,262,0.064557,0.034844,0.55,VoIP,BENIGN,0,1527,0,1
FLW-0004528,VPN-SES-00825,0xc21352ae,359.57,665,140388,390.43,3123.46,3123.46,216.46,75.35,107,378,4.16139,1.605896,0.626,Attack,C2_BEACONING,1,612,0,6
FLW-0004529,VPN-SES-00825,0xc21352ae,56.79,1472,821189,14460.1,115680.79,115680.79,593.67,520.14,40,1282,0.456178,0.435587,0.358,Web_Browsing,BENIGN,0,1794,0,0
FLW-0004530,VPN-SES-00825,0xc21352ae,458.11,969,185703,405.37,3242.94,3242.94,192.54,88.48,40,356,2.42951,1.032433,0.634,Attack,C2_BEACONING,1,1000,0,1
FLW-0004531,VPN-SES-00825,0xc21352ae,132.38,24713,35530984,268401.45,2147211.6,2147211.6,1336.88,189.07,1063,1500,0.023487,0.012941,0.972,Attack,DATA_EXFILTRATION,1,61902,0,1
FLW-0004532,VPN-SES-00826,0xe4b39235,9.09,228,200736,22083.17,176665.35,176665.35,807.49,327.17,96,1200,0.8532,1.128277,0.356,Web_Browsing,BENIGN,0,313,0,1
FLW-0004533,VPN-SES-00826,0xe4b39235,66.69,3668,3427626,51396.4,411171.21,411171.21,968.01,235.43,627,1387,0.346375,0.536373,0.325,Web_Browsing,BENIGN,0,3824,0,1
FLW-0004534,VPN-SES-00826,0xe4b39235,65.1,2329,1668236,25625.75,205005.96,205005.96,752.96,555.13,40,1500,0.425091,0.468317,0.263,Web_Browsing,BENIGN,0,3319,0,2
FLW-0004535,VPN-SES-00827,0xf5e55049,32.51,536,406086,12491.11,99928.88,99928.88,704.41,488.62,106,1342,0.569673,0.528052,0.645,Email_IMAP,BENIGN,0,476,0,0
FLW-0004536,VPN-SES-00827,0xf5e55049,40.63,42837,7036168,173176.67,1385413.34,1385413.34,156.91,37.22,87,220,0.00658,0.002263,0.98,Attack,DOS_FLOOD,1,152365,4,1
FLW-0004537,VPN-SES-00827,0xf5e55049,37.13,788,104542,2815.57,22524.54,22524.54,129.38,52.91,40,232,0.034313,0.028601,0.508,VoIP,BENIGN,0,804,1,1
FLW-0004538,VPN-SES-00827,0xf5e55049,6.25,9482,1413659,226185.44,1809483.52,1809483.52,149.67,52.77,78,230,0.002661,0.001149,0.978,Attack,DOS_FLOOD,1,30505,4,1
FLW-0004539,VPN-SES-00827,0xf5e55049,70.29,1151,529453,7532.41,60259.27,60259.27,453.48,165.65,153,792,1.009987,1.255991,0.492,WhatsApp,BENIGN,0,780,0,1
FLW-0004540,VPN-SES-00827,0xf5e55049,5.26,123,48698,9258.17,74065.4,74065.4,397.39,351.45,40,851,0.577873,0.42151,0.471,Email_IMAP,BENIGN,0,104,0,1
FLW-0004541,VPN-SES-00827,0xf5e55049,42.68,1794,1965120,46043.11,368344.89,368344.89,1123.12,521.07,476,1500,0.389231,0.994644,0.371,Web_Browsing,BENIGN,0,2496,0,1
FLW-0004542,VPN-SES-00828,0x99d33a59,134.35,30527,36150192,269074.75,2152597.96,2152597.96,1207.03,216.95,797,1500,0.035597,0.024123,0.085,Video_Streaming,BENIGN,0,36354,1,0
FLW-0004543,VPN-SES-00828,0x99d33a59,71.44,232,113667,1591.08,12728.67,12728.67,520.77,182.76,139,831,1.025293,1.358437,0.426,WhatsApp,BENIGN,0,181,1,0
FLW-0004544,VPN-SES-00828,0x99d33a59,268.99,30243,36237241,134715.94,1077727.53,1077727.53,1300.76,250.5,809,1500,0.028458,0.021694,0.216,Video_Streaming,BENIGN,0,36494,0,2
FLW-0004545,VPN-SES-00828,0x99d33a59,16.39,250,82703,5045.94,40367.54,40367.54,305.21,191.68,46,680,0.966468,1.0243,0.599,WhatsApp,BENIGN,0,197,0,1
FLW-0004546,VPN-SES-00828,0x99d33a59,39.4,77042,13087405,332167.64,2657341.12,2657341.12,156.49,21.07,122,185,0.004577,0.002906,0.924,Attack,DOS_FLOOD,1,431226,2,5
FLW-0004547,VPN-SES-00828,0x99d33a59,131.82,17451,25828620,195938.55,1567508.42,1567508.42,1389.84,289.04,829,1500,0.042604,0.029246,0.16,Video_Streaming,BENIGN,0,24091,0,2
FLW-0004548,VPN-SES-00829,0xb5767e70,52.98,4454,5888501,111145.73,889165.87,889165.87,1209.89,289.63,726,1500,0.064753,0.051207,0.148,Video_Streaming,BENIGN,0,7522,0,0
FLW-0004549,VPN-SES-00829,0xb5767e70,18.34,742,124696,6799.13,54393.02,54393.02,169.38,52.22,105,268,0.035057,0.031752,0.467,VoIP,BENIGN,0,824,1,1
FLW-0004550,VPN-SES-00829,0xb5767e70,32.48,569,295787,9106.74,72853.94,72853.94,480.83,605.11,40,1500,0.223554,0.222718,0.41,Web_Browsing,BENIGN,0,709,1,0
FLW-0004551,VPN-SES-00829,0xb5767e70,61.22,816,637838,10418.78,83350.28,83350.28,834.2,415.71,211,1500,0.665816,0.577709,0.463,Email_IMAP,BENIGN,0,866,0,2
FLW-0004552,VPN-SES-00829,0xb5767e70,2.74,18,1785,651.46,5211.68,5211.68,104.8,11.21,88,124,0.677477,0.178399,0.497,ICMP,BENIGN,0,17,0,0
FLW-0004553,VPN-SES-00829,0xb5767e70,6.29,244,57749,9181.08,73448.65,73448.65,262.12,93.66,74,407,0.190773,0.133761,0.647,Attack,BRUTE_FORCE,1,434,0,0
FLW-0004554,VPN-SES-00830,0x80709b65,25.5,289,117043,4589.92,36719.37,36719.37,409.26,416.66,40,1292,0.617308,0.756617,0.534,Email_IMAP,BENIGN,0,224,0,2
FLW-0004555,VPN-SES-00830,0x80709b65,44.22,1219,736254,16649.8,133198.37,133198.37,651.63,472.35,40,1341,0.425808,0.328886,0.464,Email_IMAP,BENIGN,0,1498,0,0
FLW-0004556,VPN-SES-00830,0x80709b65,18.11,172,66208,3655.88,29247.05,29247.05,392.74,275.39,40,802,1.140417,1.145993,0.424,WhatsApp,BENIGN,0,118,0,0
FLW-0004557,VPN-SES-00831,0xb2e3bca4,13.72,392,53566,3904.23,31233.82,31233.82,141.89,40.36,73,215,0.048871,0.011839,0.377,VoIP,BENIGN,0,356,0,0
FLW-0004558,VPN-SES-00831,0xb2e3bca4,13.89,318,247294,17803.74,142429.95,142429.95,793.25,276.33,300,1335,0.506593,0.580973,0.488,Email_IMAP,BENIGN,0,274,0,1
FLW-0004559,VPN-SES-00831,0xb2e3bca4,36.86,5662,7369969,199944.9,1599559.2,1599559.2,1228.52,187.78,991,1500,0.067409,0.04777,0.145,Video_Streaming,BENIGN,0,8247,0,2
FLW-0004560,VPN-SES-00832,0x4deaa9c7,65.8,12880,17451653,265222.69,2121781.52,2121781.52,1500.0,160.88,1168,1500,0.018284,0.01006,0.86,Attack,DATA_EXFILTRATION,1,49864,2,1
FLW-0004561,VPN-SES-00832,0x4deaa9c7,9.47,2022,143337,15135.9,121087.22,121087.22,71.78,26.46,40,119,0.025376,0.014911,0.756,Attack,PORT_SCAN,1,6782,3,2
FLW-0004562,VPN-SES-00832,0x4deaa9c7,50.97,1255,1023742,20085.19,160681.5,160681.5,850.04,425.89,46,1397,0.445787,0.410041,0.465,Email_IMAP,BENIGN,0,1266,0,2
FLW-0004563,VPN-SES-00832,0x4deaa9c7,18.03,562,474952,26342.32,210738.55,210738.55,777.57,715.88,40,1500,0.527983,0.488556,0.317,Web_Browsing,BENIGN,0,496,0,0
FLW-0004564,VPN-SES-00832,0x4deaa9c7,5.72,181,103610,18113.64,144909.09,144909.09,534.93,619.96,40,1500,0.470472,0.422736,0.408,Web_Browsing,BENIGN,0,247,0,0
FLW-0004565,VPN-SES-00833,0x3d7c1657,135.93,6010,1084169,7975.94,63807.49,63807.49,164.0,41.97,106,225,0.037744,0.017283,0.452,VoIP,BENIGN,0,4883,0,0
FLW-0004566,VPN-SES-00833,0x3d7c1657,21.79,95,75377,3459.25,27673.98,27673.98,763.87,572.39,40,1500,0.210079,0.14795,0.687,Email_IMAP,BENIGN,0,125,0,0
FLW-0004567,VPN-SES-00833,0x3d7c1657,75.91,1293,869324,11452.04,91616.28,91616.28,675.55,256.2,240,1118,0.39999,0.357654,0.411,Web_Browsing,BENIGN,0,1787,0,0
FLW-0004568,VPN-SES-00833,0x3d7c1657,51.71,14712,16785133,324601.3,2596810.37,2596810.37,1247.16,205.22,922,1497,0.040495,0.027401,0.751,Attack,DATA_EXFILTRATION,1,43912,0,0
FLW-0004569,VPN-SES-00834,0x32306240,54.01,1332,663063,12276.67,98213.37,98213.37,547.05,497.66,40,1500,0.587341,0.52926,0.48,Email_IMAP,BENIGN,0,1377,0,0
FLW-0004570,VPN-SES-00834,0x32306240,198.11,5188,2062961,10413.21,83305.68,83305.68,402.39,269.96,40,955,1.308736,1.83657,0.564,WhatsApp,BENIGN,0,4139,0,0
FLW-0004571,VPN-SES-00834,0x32306240,310.17,678,154670,498.66,3989.3,3989.3,220.54,85.84,112,334,5.128883,2.586601,0.501,Attack,C2_BEACONING,1,575,0,2
FLW-0004572,VPN-SES-00834,0x32306240,29.01,595,381305,13143.92,105151.33,105151.33,621.16,453.94,67,1463,0.636299,0.90538,0.42,Web_Browsing,BENIGN,0,667,0,0
FLW-0004573,VPN-SES-00834,0x32306240,165.0,84,18551,112.43,899.44,899.44,239.1,87.12,129,375,5.342472,1.614582,0.524,Attack,C2_BEACONING,1,102,0,4
FLW-0004574,VPN-SES-00834,0x32306240,25.29,115,106830,4224.2,33793.59,33793.59,932.34,295.09,340,1500,0.908873,0.790883,0.512,Email_IMAP,BENIGN,0,112,0,1
FLW-0004575,VPN-SES-00834,0x32306240,22.06,186,133163,6036.4,48291.21,48291.21,732.08,485.31,40,1500,0.522621,0.574055,0.504,Email_IMAP,BENIGN,0,156,1,0
FLW-0004576,VPN-SES-00834,0x32306240,34.39,368,84185,2447.95,19583.6,19583.6,253.0,262.08,40,756,1.371666,1.435021,0.371,WhatsApp,BENIGN,0,413,0,1
FLW-0004577,VPN-SES-00835,0x58e8c79a,13.16,4402,398518,30282.52,242260.18,242260.18,99.8,19.77,61,135,0.017746,0.013556,0.913,Attack,PORT_SCAN,1,12270,0,6
FLW-0004578,VPN-SES-00835,0x58e8c79a,139.2,792,121376,871.95,6975.63,6975.63,151.17,221.36,40,458,1.292994,1.436199,0.482,WhatsApp,BENIGN,0,957,0,0
FLW-0004579,VPN-SES-00835,0x58e8c79a,150.14,714,205743,1370.34,10962.73,10962.73,281.69,209.61,40,643,0.575081,0.571191,0.389,WhatsApp,BENIGN,0,676,0,0
FLW-0004580,VPN-SES-00835,0x58e8c79a,312.81,28666,30511113,97538.8,780310.42,780310.42,1180.59,182.81,823,1500,0.117267,0.10451,0.157,Video_Streaming,BENIGN,0,46569,1,1
FLW-0004581,VPN-SES-00835,0x58e8c79a,27.88,110,11230,402.8,3222.38,3222.38,111.0,26.62,53,147,1.581457,0.379289,0.504,ICMP,BENIGN,0,88,0,1
FLW-0004582,VPN-SES-00835,0x58e8c79a,193.32,1743,388541,2009.83,16078.67,16078.67,210.4,241.79,40,713,0.495379,0.581109,0.353,WhatsApp,BENIGN,0,1803,0,0
FLW-0004583,VPN-SES-00836,0xca575e20,64.75,1615,1194262,18444.2,147553.61,147553.61,694.5,387.98,40,1194,0.399997,0.370999,0.591,Email_IMAP,BENIGN,0,1324,0,0
FLW-0004584,VPN-SES-00836,0xca575e20,39.48,26578,3455517,87525.76,700206.08,700206.08,139.38,24.98,96,174,0.004943,0.002121,0.755,Attack,DOS_FLOOD,1,149006,2,3
FLW-0004585,VPN-SES-00836,0xca575e20,119.84,871,226636,1891.15,15129.24,15129.24,279.94,229.72,40,697,1.005924,0.950079,0.527,WhatsApp,BENIGN,0,1038,0,0
FLW-0004586,VPN-SES-00836,0xca575e20,37.73,1461,1308262,34674.32,277394.54,277394.54,860.78,422.96,92,1451,0.397937,0.530456,0.269,Web_Browsing,BENIGN,0,1832,0,0
FLW-0004587,VPN-SES-00836,0xca575e20,91.68,1930,707550,7717.6,61740.84,61740.84,397.73,164.78,88,619,0.622978,0.478451,0.39,WhatsApp,BENIGN,0,2281,0,1
FLW-0004588,VPN-SES-00836,0xca575e20,111.86,14276,16685772,149166.57,1193332.52,1193332.52,1206.71,278.45,822,1500,0.10124,0.088898,0.099,Video_Streaming,BENIGN,0,22302,1,0
FLW-0004589,VPN-SES-00836,0xca575e20,45.84,2087,674725,14719.13,117753.05,117753.05,302.21,126.15,59,555,0.116925,0.090278,0.598,Attack,BRUTE_FORCE,1,4072,0,1
FLW-0004590,VPN-SES-00836,0xca575e20,106.76,1063,242267,2269.27,18154.14,18154.14,230.64,263.73,40,576,0.757949,0.64722,0.489,WhatsApp,BENIGN,0,739,0,0
FLW-0004591,VPN-SES-00837,0x3af6297d,22.21,81,7008,315.53,2524.27,2524.27,88.24,11.14,64,101,0.746371,0.180596,0.53,ICMP,BENIGN,0,62,0,2
FLW-0004592,VPN-SES-00837,0x3af6297d,401.91,420,69994,174.15,1393.23,1393.23,183.44,80.47,40,322,2.543436,1.215667,0.445,Attack,C2_BEACONING,1,401,0,0
FLW-0004593,VPN-SES-00837,0x3af6297d,70.99,3568,481370,6780.81,54246.51,54246.51,141.99,48.73,48,226,0.073376,0.027274,0.421,VoIP,BENIGN,0,4271,0,0
FLW-0004594,VPN-SES-00837,0x3af6297d,30.8,1853,358578,11642.14,93137.14,93137.14,213.65,94.0,75,411,0.192435,0.179482,0.635,Attack,BRUTE_FORCE,1,2847,0,2
FLW-0004595,VPN-SES-00838,0x783e83b7,23.13,330,188901,8166.93,65335.41,65335.41,621.29,370.86,40,1336,0.338362,0.216914,0.487,Email_IMAP,BENIGN,0,321,0,1
FLW-0004596,VPN-SES-00838,0x783e83b7,42.29,174,175782,4156.59,33252.68,33252.68,924.55,352.01,171,1500,0.949083,1.09854,0.543,Email_IMAP,BENIGN,0,211,0,0
FLW-0004597,VPN-SES-00838,0x783e83b7,46.51,367,337846,7263.94,58111.55,58111.55,878.5,131.12,708,1124,0.282492,0.203034,0.61,Email_IMAP,BENIGN,0,451,0,1
FLW-0004598,VPN-SES-00838,0x783e83b7,13.38,36,3585,267.94,2143.5,2143.5,109.13,21.22,76,135,2.36696,0.924012,0.621,ICMP,BENIGN,0,30,0,1
FLW-0004599,VPN-SES-00839,0x7044abd0,18.7,80,7785,416.31,3330.48,3330.48,103.91,19.32,66,142,2.17065,0.520334,0.491,ICMP,BENIGN,0,46,0,2
FLW-0004600,VPN-SES-00839,0x7044abd0,158.42,2517,1050658,6632.1,53056.84,53056.84,412.42,171.71,182,683,0.986272,0.827244,0.451,WhatsApp,BENIGN,0,2509,0,0
FLW-0004601,VPN-SES-00839,0x7044abd0,30.23,9542,12502516,413579.76,3308638.04,3308638.04,1291.74,141.95,1115,1500,0.033288,0.012424,0.933,Attack,DATA_EXFILTRATION,1,22498,0,3
FLW-0004602,VPN-SES-00839,0x7044abd0,30.82,1107,253924,8238.94,65911.49,65911.49,243.94,99.76,65,370,0.399332,0.360539,0.729,Attack,BRUTE_FORCE,1,2638,0,2
FLW-0004603,VPN-SES-00839,0x7044abd0,35.1,140,12468,355.21,2841.71,2841.71,86.92,16.64,62,106,0.761024,0.321417,0.691,ICMP,BENIGN,0,108,0,0
FLW-0004604,VPN-SES-00839,0x7044abd0,23.15,4211,310634,13418.32,107346.52,107346.52,81.67,27.9,40,124,0.024742,0.011867,0.835,Attack,PORT_SCAN,1,13164,0,0
FLW-0004605,VPN-SES-00839,0x7044abd0,84.0,1070,472933,5630.15,45041.24,45041.24,466.93,203.88,211,805,1.191923,1.186695,0.431,WhatsApp,BENIGN,0,949,1,3
FLW-0004606,VPN-SES-00839,0x7044abd0,130.33,32541,34963313,268267.57,2146140.6,2146140.6,1179.35,261.17,776,1500,0.073821,0.053698,0.177,Video_Streaming,BENIGN,0,49538,0,0
FLW-0004607,VPN-SES-00840,0x81ca8099,60.69,2373,1937651,31927.02,255416.18,255416.18,787.97,480.92,40,1445,0.403998,0.475245,0.363,Web_Browsing,BENIGN,0,3025,0,1
FLW-0004608,VPN-SES-00840,0x81ca8099,84.01,3236,1687195,20083.26,160666.11,160666.11,578.26,561.99,40,1500,0.622343,0.652082,0.61,Web_Browsing,BENIGN,0,4331,0,1
FLW-0004609,VPN-SES-00840,0x81ca8099,39.16,1550,256242,6543.46,52347.7,52347.7,182.56,101.42,49,381,0.274697,0.190322,0.417,Attack,BRUTE_FORCE,1,2218,0,2
FLW-0004610,VPN-SES-00840,0x81ca8099,83.98,4399,2235189,26615.73,212925.84,212925.84,539.91,375.89,40,1313,0.339229,0.497434,0.379,Web_Browsing,BENIGN,0,3879,0,1
FLW-0004611,VPN-SES-00840,0x81ca8099,134.08,16671,21011980,156712.26,1253698.09,1253698.09,1313.19,234.92,1019,1500,0.050565,0.064529,0.062,Video_Streaming,BENIGN,0,25596,0,0
FLW-0004612,VPN-SES-00841,0x9ebd14ca,4.01,1151,114557,28567.83,228542.64,228542.64,102.64,31.52,56,167,0.028808,0.012184,0.737,Attack,PORT_SCAN,1,2570,0,1
FLW-0004613,VPN-SES-00841,0x9ebd14ca,27.81,46,4406,158.43,1267.46,1267.46,92.32,32.29,40,133,1.268616,0.797359,0.584,ICMP,BENIGN,0,36,0,0
FLW-0004614,VPN-SES-00841,0x9ebd14ca,93.33,2670,454196,4866.56,38932.48,38932.48,155.5,65.46,40,288,0.100903,0.076046,0.627,VoIP,BENIGN,0,2436,1,1
FLW-0004615,VPN-SES-00841,0x9ebd14ca,2.93,10,922,314.68,2517.41,2517.41,97.26,23.41,49,147,1.129731,0.360284,0.526,ICMP,BENIGN,0,10,0,0
FLW-0004616,VPN-SES-00841,0x9ebd14ca,11.67,27,2929,250.99,2007.88,2007.88,115.23,19.62,87,153,1.913752,0.935087,0.508,ICMP,BENIGN,0,21,0,0
FLW-0004617,VPN-SES-00842,0x5a5e84b3,8.38,31,3180,379.47,3035.8,3035.8,96.42,30.38,46,162,0.543131,0.18643,0.389,ICMP,BENIGN,0,19,0,1
FLW-0004618,VPN-SES-00842,0x5a5e84b3,21.2,129,13658,644.25,5153.96,5153.96,104.36,11.57,86,121,0.628483,0.161166,0.592,ICMP,BENIGN,0,94,0,0
FLW-0004619,VPN-SES-00842,0x5a5e84b3,38.49,830,118286,3073.16,24585.29,24585.29,155.39,25.23,121,189,0.042794,0.024686,0.386,VoIP,BENIGN,0,965,0,1
FLW-0004620,VPN-SES-00842,0x5a5e84b3,5.48,8,929,169.53,1356.2,1356.2,112.9,23.6,64,145,1.003237,0.24344,0.614,ICMP,BENIGN,0,9,0,3
FLW-0004621,VPN-SES-00843,0x4eda0f9b,76.04,1087,1130209,14863.35,118906.79,118906.79,1044.73,261.08,720,1500,0.490933,0.407072,0.428,Web_Browsing,BENIGN,0,961,0,0
FLW-0004622,VPN-SES-00843,0x4eda0f9b,24.56,1627,480966,19583.31,156666.45,156666.45,289.41,108.41,158,430,0.165545,0.126707,0.621,Attack,BRUTE_FORCE,1,3787,0,4
FLW-0004623,VPN-SES-00843,0x4eda0f9b,38.64,571,469145,12141.43,97131.47,97131.47,790.86,333.79,168,1452,0.228044,0.224738,0.317,Web_Browsing,BENIGN,0,828,0,1
FLW-0004624,VPN-SES-00843,0x4eda0f9b,100.23,2328,976085,9738.45,77907.61,77907.61,391.86,227.32,56,749,0.943318,1.304224,0.524,WhatsApp,BENIGN,0,1700,1,0
FLW-0004625,VPN-SES-00843,0x4eda0f9b,17.69,101,11087,626.74,5013.91,5013.91,103.19,31.11,54,142,1.002873,0.336708,0.541,ICMP,BENIGN,0,74,0,2
FLW-0004626,VPN-SES-00843,0x4eda0f9b,254.92,292,69717,273.49,2187.89,2187.89,224.89,80.26,61,366,4.109109,2.467703,0.684,Attack,C2_BEACONING,1,373,0,4
FLW-0004627,VPN-SES-00843,0x4eda0f9b,106.39,666,208900,1963.53,15708.24,15708.24,345.9,254.84,40,670,0.666429,0.783758,0.399,WhatsApp,BENIGN,0,718,0,3
FLW-0004628,VPN-SES-00844,0xad3651cf,8.76,25,3090,352.74,2821.92,2821.92,117.45,25.06,76,150,0.654771,0.233242,0.444,ICMP,BENIGN,0,17,0,1
FLW-0004629,VPN-SES-00844,0xad3651cf,47.99,755,563627,11744.68,93957.41,93957.41,694.66,451.91,40,1500,0.877481,0.950134,0.524,Email_IMAP,BENIGN,0,850,0,3
FLW-0004630,VPN-SES-00844,0xad3651cf,42.26,2709,420522,9950.83,79606.63,79606.63,145.22,68.6,43,255,0.100512,0.050191,0.418,VoIP,BENIGN,0,2413,0,1
FLW-0004631,VPN-SES-00844,0xad3651cf,33.96,331,218174,6424.44,51395.52,51395.52,610.39,355.59,110,1136,0.601784,0.483963,0.536,Email_IMAP,BENIGN,0,376,0,1
FLW-0004632,VPN-SES-00844,0xad3651cf,7.66,173,41024,5355.61,42844.91,42844.91,221.31,96.17,40,421,0.225008,0.13099,0.572,Attack,BRUTE_FORCE,1,258,0,2
FLW-0004633,VPN-SES-00845,0xf02bf2dd,22.65,203,164159,7247.64,57981.1,57981.1,839.31,349.88,279,1403,0.723327,1.223594,0.654,Email_IMAP,BENIGN,0,227,0,2
FLW-0004634,VPN-SES-00845,0xf02bf2dd,66.79,631,861211,12894.31,103154.48,103154.48,1305.31,368.5,749,1500,0.374648,0.585922,0.337,Web_Browsing,BENIGN,0,736,0,3
FLW-0004635,VPN-SES-00845,0xf02bf2dd,25.34,200,144598,5706.31,45650.51,45650.51,718.21,530.58,40,1413,0.55837,0.461601,0.291,Web_Browsing,BENIGN,0,257,0,0
FLW-0004636,VPN-SES-00845,0xf02bf2dd,7.86,61,6558,834.35,6674.81,6674.81,103.93,33.73,40,163,0.825463,0.35776,0.487,ICMP,BENIGN,0,32,0,0
FLW-0004637,VPN-SES-00845,0xf02bf2dd,99.76,1992,656629,6582.09,52656.7,52656.7,305.78,170.42,40,638,0.950878,1.67134,0.483,WhatsApp,BENIGN,0,1890,0,1
FLW-0004638,VPN-SES-00845,0xf02bf2dd,71.22,1814,1226267,17218.01,137744.12,137744.12,714.23,233.1,332,1055,0.338538,0.320488,0.527,Email_IMAP,BENIGN,0,1406,0,1
FLW-0004639,VPN-SES-00846,0xd13967c6,6.53,5172,712157,109059.26,872474.12,872474.12,130.73,32.46,70,202,0.003062,0.00175,0.942,Attack,DOS_FLOOD,1,17589,3,0
FLW-0004640,VPN-SES-00846,0xd13967c6,65.07,3073,1963046,30168.22,241345.75,241345.75,636.61,486.38,40,1441,0.529332,0.628727,0.411,Web_Browsing,BENIGN,0,4255,0,2
FLW-0004641,VPN-SES-00846,0xd13967c6,47.98,743,446765,9311.48,74491.87,74491.87,562.53,424.55,40,1126,0.494225,0.455019,0.507,Email_IMAP,BENIGN,0,907,0,0
FLW-0004642,VPN-SES-00846,0xd13967c6,57.45,781,548787,9552.43,76419.43,76419.43,710.09,270.03,135,1259,0.730844,0.564086,0.469,Email_IMAP,BENIGN,0,608,0,0
FLW-0004643,VPN-SES-00846,0xd13967c6,9.03,2368,309179,34239.09,273912.74,273912.74,121.44,17.37,86,154,0.021853,0.017282,0.852,Attack,PORT_SCAN,1,6668,0,5
FLW-0004644,VPN-SES-00847,0x67fe8160,31.48,1247,512304,16273.95,130191.61,130191.61,380.75,564.69,40,1500,0.335547,0.457993,0.449,Web_Browsing,BENIGN,0,1284,1,0
FLW-0004645,VPN-SES-00847,0x67fe8160,38.49,1469,202701,5266.33,42130.63,42130.63,145.7,46.96,72,234,0.037258,0.01819,0.509,VoIP,BENIGN,0,1326,0,0
FLW-0004646,VPN-SES-00847,0x67fe8160,206.24,41025,51613359,250258.72,2002069.78,2002069.78,1315.94,148.31,1132,1500,0.025494,0.021505,0.1,Video_Streaming,BENIGN,0,46600,0,2
FLW-0004647,VPN-SES-00847,0x67fe8160,20.19,31337,3201563,158571.72,1268573.75,1268573.75,113.13,36.34,63,182,0.006301,0.004991,0.867,Attack,DOS_FLOOD,1,99664,2,2
FLW-0004648,VPN-SES-00847,0x67fe8160,57.59,1353,1042871,18108.54,144868.35,144868.35,845.64,523.28,40,1500,0.825681,0.752167,0.498,Email_IMAP,BENIGN,0,1253,0,1
FLW-0004649,VPN-SES-00847,0x67fe8160,374.89,29414,39981162,106647.72,853181.72,853181.72,1353.42,230.91,952,1500,0.014239,0.009978,0.111,Video_Streaming,BENIGN,0,48442,0,1
FLW-0004650,VPN-SES-00847,0x67fe8160,44.25,317,109676,2478.55,19828.43,19828.43,360.91,194.69,40,652,1.422154,1.553891,0.452,WhatsApp,BENIGN,0,301,0,2
FLW-0004651,VPN-SES-00848,0xab50b5fb,36.93,1854,251473,6809.45,54475.6,54475.6,131.04,46.73,50,201,0.073491,0.021497,0.542,VoIP,BENIGN,0,1702,0,1
FLW-0004652,VPN-SES-00848,0xab50b5fb,12.66,20962,2588314,204448.18,1635585.47,1635585.47,132.15,19.02,91,158,0.004812,0.003403,0.954,Attack,DOS_FLOOD,1,93838,4,4
FLW-0004653,VPN-SES-00848,0xab50b5fb,27.48,231,70832,2577.58,20620.67,20620.67,318.44,247.84,40,798,1.1444,1.578264,0.451,WhatsApp,BENIGN,0,174,1,0
FLW-0004654,VPN-SES-00848,0xab50b5fb,9.26,26,2309,249.35,1994.82,1994.82,90.93,29.02,40,126,0.550699,0.266201,0.546,ICMP,BENIGN,0,21,0,1
FLW-0004655,VPN-SES-00848,0xab50b5fb,8.84,603,62919,7117.53,56940.27,56940.27,95.54,22.91,63,135,0.022233,0.01338,0.788,Attack,PORT_SCAN,1,1995,1,3
FLW-0004656,VPN-SES-00848,0xab50b5fb,23.77,821,198842,8365.25,66922.0,66922.0,255.15,130.33,40,448,0.149731,0.097125,0.645,Attack,BRUTE_FORCE,1,1946,0,2
FLW-0004657,VPN-SES-00848,0xab50b5fb,25.06,180,19977,797.17,6377.33,6377.33,113.89,34.13,65,181,1.397563,0.656746,0.45,ICMP,BENIGN,0,121,0,0
FLW-0004658,VPN-SES-00849,0xaddc0c0b,24.8,1581,400036,16130.48,129043.87,129043.87,251.59,160.97,40,471,0.138996,0.096995,0.644,Attack,BRUTE_FORCE,1,3168,0,5
FLW-0004659,VPN-SES-00849,0xaddc0c0b,176.14,19806,25254317,143376.39,1147011.1,1147011.1,1265.51,156.22,939,1469,0.043167,0.023199,0.938,Attack,DATA_EXFILTRATION,1,53044,0,1
FLW-0004660,VPN-SES-00849,0xaddc0c0b,152.27,22257,30787753,202191.85,1617534.8,1617534.8,1370.84,228.96,1089,1500,0.016408,0.013744,0.091,Video_Streaming,BENIGN,0,35263,0,0
FLW-0004661,VPN-SES-00849,0xaddc0c0b,25.82,253,138442,5361.81,42894.5,42894.5,541.34,372.68,40,1077,0.398784,0.34335,0.441,Web_Browsing,BENIGN,0,222,0,1
FLW-0004662,VPN-SES-00849,0xaddc0c0b,121.3,7582,1445425,11916.12,95328.94,95328.94,195.01,61.89,109,278,0.031528,0.017982,0.539,VoIP,BENIGN,0,7447,0,0
FLW-0004663,VPN-SES-00849,0xaddc0c0b,43.73,794,80066,1830.92,14647.34,14647.34,103.71,51.4,40,204,0.060678,0.032679,0.443,VoIP,BENIGN,0,890,0,1
FLW-0004664,VPN-SES-00850,0xc1dcbffc,76.83,8100,8740488,113764.0,910111.99,910111.99,1171.92,232.16,725,1500,0.023255,0.018256,0.141,Video_Streaming,BENIGN,0,8460,0,0
FLW-0004665,VPN-SES-00850,0xc1dcbffc,43.87,1042,135560,3090.04,24720.31,24720.31,132.1,43.49,66,195,0.042795,0.045108,0.421,VoIP,BENIGN,0,1075,0,0
FLW-0004666,VPN-SES-00850,0xc1dcbffc,77.94,6536,8450514,108423.33,867386.61,867386.61,1277.62,145.4,1061,1500,0.045025,0.033203,0.165,Video_Streaming,BENIGN,0,7098,0,1
FLW-0004667,VPN-SES-00850,0xc1dcbffc,105.42,2305,1790214,16981.73,135853.84,135853.84,789.79,487.42,40,1500,0.734497,1.380457,0.304,Web_Browsing,BENIGN,0,3394,0,0
FLW-0004668,VPN-SES-00850,0xc1dcbffc,171.47,1790,390770,2278.94,18231.53,18231.53,212.25,235.4,40,603,1.203576,1.390323,0.544,WhatsApp,BENIGN,0,1609,0,2
FLW-0004669,VPN-SES-00850,0xc1dcbffc,34.71,2316,3003616,86534.6,692276.81,692276.81,1416.9,274.75,903,1500,0.050599,0.036047,0.09,Video_Streaming,BENIGN,0,2431,0,1
FLW-0004670,VPN-SES-00850,0xc1dcbffc,59.3,1615,1510006,25463.84,203710.76,203710.76,1030.73,393.29,399,1500,0.675868,0.568628,0.622,Email_IMAP,BENIGN,0,1947,0,0
FLW-0004671,VPN-SES-00850,0xc1dcbffc,49.12,1265,200934,4090.68,32725.41,32725.41,159.19,40.08,81,221,0.033764,0.025182,0.373,VoIP,BENIGN,0,1472,1,0
FLW-0004672,VPN-SES-00851,0xb97c0644,66.24,3013,3593378,54247.86,433982.85,433982.85,1280.41,161.05,1072,1484,0.029537,0.021005,0.197,Video_Streaming,BENIGN,0,4730,0,0
FLW-0004673,VPN-SES-00851,0xb97c0644,190.17,1157,314311,1652.79,13222.32,13222.32,277.69,200.93,40,553,1.090474,0.986009,0.443,WhatsApp,BENIGN,0,1193,0,0
FLW-0004674,VPN-SES-00851,0xb97c0644,131.98,1375,329494,2496.54,19972.36,19972.36,265.54,209.09,40,615,1.823269,1.260971,0.402,WhatsApp,BENIGN,0,1063,0,5
FLW-0004675,VPN-SES-00852,0x40fdecec,3.4,20,1833,539.12,4312.94,4312.94,84.75,27.84,51,135,0.759607,0.252271,0.587,ICMP,BENIGN,0,21,0,1
FLW-0004676,VPN-SES-00852,0x40fdecec,30.48,656,288341,9460.01,75680.05,75680.05,419.21,513.42,40,1226,0.849242,0.516082,0.56,Email_IMAP,BENIGN,0,815,0,2
FLW-0004677,VPN-SES-00852,0x40fdecec,19.69,5464,6615879,336001.98,2688015.85,2688015.85,1292.15,227.57,879,1500,0.018453,0.006032,0.874,Attack,DATA_EXFILTRATION,1,17207,1,2
FLW-0004678,VPN-SES-00852,0x40fdecec,7.55,257,123402,16344.64,130757.09,130757.09,460.43,579.54,40,1500,0.562082,0.563986,0.292,Web_Browsing,BENIGN,0,344,0,1
FLW-0004679,VPN-SES-00852,0x40fdecec,66.12,1696,369322,5585.63,44685.06,44685.06,199.87,229.81,40,605,0.385343,0.549423,0.521,WhatsApp,BENIGN,0,1689,0,0
FLW-0004680,VPN-SES-00852,0x40fdecec,45.14,196,181075,4011.41,32091.27,32091.27,875.69,362.06,436,1496,0.564632,0.558784,0.488,Email_IMAP,BENIGN,0,259,0,2
FLW-0004681,VPN-SES-00852,0x40fdecec,89.46,4084,1335225,14925.39,119403.09,119403.09,361.58,450.78,40,1235,0.2261,0.19865,0.365,Web_Browsing,BENIGN,0,3879,0,0
FLW-0004682,VPN-SES-00853,0xca8a946a,69.81,8475,9425851,135021.5,1080172.01,1080172.01,1206.65,205.27,765,1500,0.098582,0.051882,0.039,Video_Streaming,BENIGN,0,11660,1,0
FLW-0004683,VPN-SES-00853,0xca8a946a,33.91,1056,880269,25958.98,207671.84,207671.84,850.08,389.58,358,1438,0.859895,0.608267,0.515,Email_IMAP,BENIGN,0,932,0,1
FLW-0004684,VPN-SES-00853,0xca8a946a,22.59,177,22310,987.61,7900.84,7900.84,120.09,19.32,84,162,0.705829,0.231611,0.653,ICMP,BENIGN,0,123,0,1
FLW-0004685,VPN-SES-00853,0xca8a946a,33.5,4163,5279425,157594.78,1260758.21,1260758.21,1373.19,221.69,1040,1500,0.029374,0.016002,0.132,Video_Streaming,BENIGN,0,5306,2,1
FLW-0004686,VPN-SES-00853,0xca8a946a,123.95,2064,670112,5406.31,43250.47,43250.47,307.22,168.24,92,666,1.512199,1.814125,0.43,WhatsApp,BENIGN,0,1967,0,1
FLW-0004687,VPN-SES-00854,0x33576198,169.0,687,173232,1025.04,8200.33,8200.33,267.19,233.32,40,630,1.802296,1.724547,0.375,WhatsApp,BENIGN,0,704,0,1
FLW-0004688,VPN-SES-00854,0x33576198,39.28,1022,132330,3368.89,26951.12,26951.12,126.79,43.75,63,206,0.063099,0.030867,0.589,VoIP,BENIGN,0,1357,0,1
FLW-0004689,VPN-SES-00854,0x33576198,16.55,133,12705,767.67,6141.39,6141.39,96.83,29.24,54,155,1.400515,0.560946,0.49,ICMP,BENIGN,0,103,0,1
FLW-0004690,VPN-SES-00854,0x33576198,47.07,1239,613471,13033.16,104265.31,104265.31,496.67,277.9,40,952,0.473926,0.504341,0.352,Web_Browsing,BENIGN,0,1232,0,0
FLW-0004691,VPN-SES-00854,0x33576198,15.04,81,58240,3872.34,30978.72,30978.72,786.98,361.66,253,1308,0.551098,0.603253,0.597,Email_IMAP,BENIGN,0,101,0,0
FLW-0004692,VPN-SES-00854,0x33576198,44.55,2474,309698,6951.69,55613.56,55613.56,137.98,43.73,66,216,0.117061,0.134622,0.59,VoIP,BENIGN,0,2694,0,0
FLW-0004693,VPN-SES-00854,0x33576198,22.63,766,642043,28371.32,226970.57,226970.57,841.43,373.32,40,1391,0.379289,0.347112,0.215,Web_Browsing,BENIGN,0,729,0,0
FLW-0004694,VPN-SES-00855,0x9f90364f,196.67,512,87734,446.1,3568.78,3568.78,164.65,85.66,40,282,5.982769,3.842942,0.542,Attack,C2_BEACONING,1,660,0,2
FLW-0004695,VPN-SES-00855,0x9f90364f,57.16,683,504854,8832.3,70658.36,70658.36,772.44,238.29,350,1151,0.747471,0.646994,0.609,Email_IMAP,BENIGN,0,715,0,0
FLW-0004696,VPN-SES-00855,0x9f90364f,24.56,173,19730,803.34,6426.71,6426.71,111.2,23.82,77,148,1.057253,0.307292,0.507,ICMP,BENIGN,0,104,0,2
FLW-0004697,VPN-SES-00855,0x9f90364f,21.19,137,14901,703.21,5625.67,5625.67,116.46,16.18,95,136,0.534946,0.138258,0.489,ICMP,BENIGN,0,87,0,0
FLW-0004698,VPN-SES-00855,0x9f90364f,90.05,27422,40336547,447935.0,3583480.02,3583480.02,1371.25,154.56,1087,1500,0.0397,0.018635,0.82,Attack,DATA_EXFILTRATION,1,62230,0,5
FLW-0004699,VPN-SES-00855,0x9f90364f,40.95,45639,4567973,111550.01,892400.1,892400.1,107.6,32.09,41,161,0.014415,0.006717,0.98,Attack,DOS_FLOOD,1,158700,5,3
FLW-0004700,VPN-SES-00855,0x9f90364f,48.07,1155,139873,2909.78,23278.22,23278.22,123.15,51.86,40,226,0.019008,0.011293,0.462,VoIP,BENIGN,0,1329,0,0
FLW-0004701,VPN-SES-00855,0x9f90364f,52.14,2046,306008,5868.97,46951.75,46951.75,146.79,61.4,40,237,0.050743,0.031573,0.521,VoIP,BENIGN,0,1652,0,2
FLW-0004702,VPN-SES-00856,0x67c4e3d9,34.52,1142,612631,17747.13,141977.06,141977.06,586.94,518.96,40,1459,0.383016,0.448728,0.34,Web_Browsing,BENIGN,0,1441,0,0
FLW-0004703,VPN-SES-00856,0x67c4e3d9,85.36,2312,1727387,20236.49,161891.94,161891.94,724.78,348.09,151,1456,0.743349,1.053411,0.31,Web_Browsing,BENIGN,0,2074,0,1
FLW-0004704,VPN-SES-00856,0x67c4e3d9,51.02,218,79209,1552.51,12420.07,12420.07,395.3,287.41,40,752,1.238357,1.463684,0.334,WhatsApp,BENIGN,0,234,1,2
FLW-0004705,VPN-SES-00856,0x67c4e3d9,38.39,6057,7288274,189848.24,1518785.93,1518785.93,1209.67,267.57,818,1500,0.032059,0.017402,0.09,Video_Streaming,BENIGN,0,9420,0,0
FLW-0004706,VPN-SES-00856,0x67c4e3d9,25.71,84,8446,328.51,2628.08,2628.08,96.8,19.84,71,125,1.328658,0.44052,0.489,ICMP,BENIGN,0,57,0,0
FLW-0004707,VPN-SES-00856,0x67c4e3d9,33.62,491,427626,12719.39,101755.15,101755.15,872.64,366.76,231,1500,0.831002,1.525139,0.53,Email_IMAP,BENIGN,0,578,0,1
FLW-0004708,VPN-SES-00856,0x67c4e3d9,191.47,1029,431841,2255.4,18043.18,18043.18,386.71,185.47,156,773,0.78333,1.111944,0.521,WhatsApp,BENIGN,0,784,0,1
FLW-0004709,VPN-SES-00857,0xbf92a2ae,30.7,610,430444,14020.98,112167.82,112167.82,718.49,334.02,186,1349,1.042321,0.786813,0.478,Email_IMAP,BENIGN,0,449,0,2
FLW-0004710,VPN-SES-00857,0xbf92a2ae,53.23,1419,714387,13420.76,107366.07,107366.07,463.23,453.13,40,1459,0.491086,0.590348,0.264,Web_Browsing,BENIGN,0,1214,0,1
FLW-0004711,VPN-SES-00857,0xbf92a2ae,55.15,1550,942889,17096.81,136774.47,136774.47,566.99,445.71,40,1461,0.272963,0.263646,0.263,Web_Browsing,BENIGN,0,1808,1,0
FLW-0004712,VPN-SES-00857,0xbf92a2ae,34.19,508,208334,6093.42,48747.35,48747.35,413.72,575.43,40,1296,0.472069,0.440676,0.388,Email_IMAP,BENIGN,0,629,0,2
FLW-0004713,VPN-SES-00857,0xbf92a2ae,2.77,21,2643,954.15,7633.21,7633.21,115.64,21.8,73,147,1.163844,0.107853,0.497,ICMP,BENIGN,0,12,0,1
FLW-0004714,VPN-SES-00857,0xbf92a2ae,85.1,8436,10929414,128430.25,1027441.97,1027441.97,1192.31,316.61,590,1500,0.044144,0.028992,0.065,Video_Streaming,BENIGN,0,14518,1,1
FLW-0004715,VPN-SES-00857,0xbf92a2ae,11.32,1805,154705,13666.52,109332.16,109332.16,83.16,17.13,54,113,0.031622,0.024647,0.864,Attack,PORT_SCAN,1,4248,0,2
FLW-0004716,VPN-SES-00857,0xbf92a2ae,39.14,2437,787176,20111.8,160894.43,160894.43,295.98,102.69,132,426,0.098458,0.052867,0.65,Attack,BRUTE_FORCE,1,4024,0,2
FLW-0004717,VPN-SES-00858,0x37bd668b,8.46,219,180754,21365.72,170925.77,170925.77,844.88,393.67,57,1325,0.752821,0.483971,0.459,Email_IMAP,BENIGN,0,213,0,0
FLW-0004718,VPN-SES-00858,0x37bd668b,151.06,558,249811,1653.72,13229.76,13229.76,483.51,200.89,98,834,1.747312,1.505017,0.487,WhatsApp,BENIGN,0,609,0,0
FLW-0004719,VPN-SES-00858,0x37bd668b,222.79,31592,35537537,159511.36,1276090.92,1276090.92,1099.48,208.72,803,1455,0.034369,0.012306,0.882,Attack,DATA_EXFILTRATION,1,77513,0,2
FLW-0004720,VPN-SES-00858,0x37bd668b,331.85,45208,59431300,179090.85,1432726.83,1432726.83,1298.52,301.75,767,1500,0.057403,0.055956,0.063,Video_Streaming,BENIGN,0,65572,0,1
FLW-0004721,VPN-SES-00858,0x37bd668b,43.31,2053,762282,17600.6,140804.8,140804.8,365.91,90.31,210,552,0.279577,0.221962,0.661,Attack,BRUTE_FORCE,1,2998,0,4
FLW-0004722,VPN-SES-00858,0x37bd668b,72.25,24622,28557175,395255.02,3162040.14,3162040.14,1270.12,223.96,954,1500,0.022924,0.008576,0.915,Attack,DATA_EXFILTRATION,1,81244,1,5
FLW-0004723,VPN-SES-00859,0x8c688e33,65.31,2454,1747221,26752.73,214021.86,214021.86,712.92,528.23,40,1500,0.636512,0.716267,0.315,Web_Browsing,BENIGN,0,3174,1,1
FLW-0004724,VPN-SES-00859,0x8c688e33,8.57,20,2149,250.76,2006.07,2006.07,107.94,21.59,69,139,0.676263,0.17331,0.524,ICMP,BENIGN,0,19,0,0
FLW-0004725,VPN-SES-00859,0x8c688e33,11.11,65,5996,539.69,4317.55,4317.55,92.52,27.1,56,134,0.770699,0.262249,0.448,ICMP,BENIGN,0,36,0,2
FLW-0004726,VPN-SES-00859,0x8c688e33,52.15,743,542769,10407.84,83262.74,83262.74,775.23,486.29,86,1500,0.531119,0.668239,0.347,Web_Browsing,BENIGN,0,707,0,0
FLW-0004727,VPN-SES-00859,0x8c688e33,161.48,28933,39382941,243887.42,1951099.38,1951099.38,1278.74,264.88,722,1500,0.042465,0.037401,0.171,Video_Streaming,BENIGN,0,31619,0,0
FLW-0004728,VPN-SES-00859,0x8c688e33,174.85,4663,1514208,8660.04,69280.32,69280.32,303.11,275.5,40,896,0.796403,1.001436,0.474,WhatsApp,BENIGN,0,4809,0,0
FLW-0004729,VPN-SES-00860,0x374ff643,191.6,46228,59974253,313018.02,2504144.18,2504144.18,1304.98,267.1,895,1500,0.035565,0.015006,0.114,Video_Streaming,BENIGN,0,79502,0,1
FLW-0004730,VPN-SES-00860,0x374ff643,70.98,746,198082,2790.67,22325.39,22325.39,293.47,231.9,40,658,0.898311,0.839315,0.474,WhatsApp,BENIGN,0,559,0,0
FLW-0004731,VPN-SES-00860,0x374ff643,26.23,22706,2464623,93961.99,751695.92,751695.92,107.76,28.01,55,158,0.00863,0.003565,0.98,Attack,DOS_FLOOD,1,99269,1,2
FLW-0004732,VPN-SES-00860,0x374ff643,67.36,10913,12581144,186774.7,1494197.62,1494197.62,1220.57,184.04,879,1500,0.019237,0.005364,0.854,Attack,DATA_EXFILTRATION,1,33949,0,1
FLW-0004733,VPN-SES-00860,0x374ff643,83.28,847,595994,7156.51,57252.07,57252.07,710.0,466.86,76,1500,0.400253,0.598914,0.47,Web_Browsing,BENIGN,0,1182,0,0
FLW-0004734,VPN-SES-00860,0x374ff643,90.56,5642,946674,10453.56,83628.45,83628.45,165.09,37.9,109,239,0.045314,0.029369,0.572,VoIP,BENIGN,0,5297,0,0
FLW-0004735,VPN-SES-00860,0x374ff643,117.07,24709,33995815,290388.78,2323110.28,2323110.28,1327.45,112.86,1110,1499,0.02375,0.016177,0.857,Attack,DATA_EXFILTRATION,1,77736,0,3
FLW-0004736,VPN-SES-00860,0x374ff643,48.93,1995,320395,6548.03,52384.22,52384.22,149.08,53.58,56,216,0.039779,0.024514,0.459,VoIP,BENIGN,0,2382,0,1
FLW-0004737,VPN-SES-00861,0x218aa30f,131.83,17543,20433138,154996.12,1239968.93,1239968.93,1111.41,141.8,802,1371,0.021757,0.014523,0.041,Video_Streaming,BENIGN,0,18752,2,1
FLW-0004738,VPN-SES-00861,0x218aa30f,32.99,1189,368955,11183.84,89470.75,89470.75,295.86,55.29,194,403,0.113047,0.069212,0.708,Attack,BRUTE_FORCE,1,2689,0,4
FLW-0004739,VPN-SES-00861,0x218aa30f,86.67,1673,239420,2762.43,22099.46,22099.46,132.67,287.66,40,660,1.301328,1.394716,0.389,WhatsApp,BENIGN,0,2009,0,0
FLW-0004740,VPN-SES-00861,0x218aa30f,57.27,1924,264320,4615.33,36922.65,36922.65,136.17,71.22,40,264,0.091861,0.057638,0.583,VoIP,BENIGN,0,1747,0,0
FLW-0004741,VPN-SES-00861,0x218aa30f,14.05,303,308630,21966.55,175732.38,175732.38,926.48,516.92,121,1500,0.597057,0.540528,0.574,Email_IMAP,BENIGN,0,315,0,3
FLW-0004742,VPN-SES-00862,0x45d2bcad,3.03,17,1749,577.23,4617.82,4617.82,102.51,25.16,51,148,1.096832,0.495083,0.509,ICMP,BENIGN,0,19,0,1
FLW-0004743,VPN-SES-00862,0x45d2bcad,53.21,2154,291637,5480.87,43846.95,43846.95,145.05,48.01,80,208,0.029296,0.01691,0.617,VoIP,BENIGN,0,1756,0,2
FLW-0004744,VPN-SES-00862,0x45d2bcad,77.41,1845,1170166,15116.47,120931.77,120931.77,667.49,468.44,40,1500,1.577309,2.198356,0.159,Web_Browsing,BENIGN,0,1768,1,2
FLW-0004745,VPN-SES-00862,0x45d2bcad,71.83,2108,588180,8188.5,65508.01,65508.01,285.99,239.88,40,787,1.231372,1.173917,0.454,WhatsApp,BENIGN,0,2116,0,0
FLW-0004746,VPN-SES-00863,0xb9fb4275,52.48,1830,435418,8296.84,66374.7,66374.7,224.83,96.85,40,433,0.187333,0.150372,0.632,Attack,BRUTE_FORCE,1,3516,0,2
FLW-0004747,VPN-SES-00863,0xb9fb4275,25.03,1176,369851,14776.31,118210.47,118210.47,299.33,63.39,219,384,0.196792,0.180272,0.569,Attack,BRUTE_FORCE,1,2136,0,3
FLW-0004748,VPN-SES-00863,0xb9fb4275,28.93,984,129981,4492.95,35943.59,35943.59,138.35,34.63,91,203,0.058173,0.024525,0.561,VoIP,BENIGN,0,970,0,1
FLW-0004749,VPN-SES-00863,0xb9fb4275,12.81,20,1940,151.44,1211.55,1211.55,99.01,29.77,40,138,1.122336,0.44534,0.42,ICMP,BENIGN,0,17,0,0
FLW-0004750,VPN-SES-00863,0xb9fb4275,14.25,27,3449,242.04,1936.28,1936.28,124.44,21.74,92,165,0.898181,0.35571,0.364,ICMP,BENIGN,0,23,0,1
FLW-0004751,VPN-SES-00863,0xb9fb4275,90.63,5621,6528763,72037.55,576300.39,576300.39,1198.41,304.88,529,1500,0.075739,0.065713,0.093,Video_Streaming,BENIGN,0,5977,0,1
FLW-0004752,VPN-SES-00863,0xb9fb4275,33.82,250,135671,4011.56,32092.49,32092.49,535.88,517.85,40,1500,0.615569,0.98462,0.242,Web_Browsing,BENIGN,0,222,0,1
FLW-0004753,VPN-SES-00863,0xb9fb4275,17.74,139,14612,823.68,6589.4,6589.4,105.14,27.51,48,151,1.491317,0.524289,0.492,ICMP,BENIGN,0,98,0,2
FLW-0004754,VPN-SES-00864,0x68111179,76.12,3000,590987,7763.89,62111.09,62111.09,189.33,28.3,132,228,0.059238,0.034554,0.426,VoIP,BENIGN,0,2560,0,3
FLW-0004755,VPN-SES-00864,0x68111179,39.22,1347,448018,11423.2,91385.62,91385.62,320.75,104.68,125,498,0.075139,0.052784,0.61,Attack,BRUTE_FORCE,1,3072,0,3
FLW-0004756,VPN-SES-00864,0x68111179,50.43,2201,1180356,23405.83,187246.64,187246.64,549.95,706.34,40,1500,0.468863,0.445897,0.363,Web_Browsing,BENIGN,0,2874,0,0
FLW-0004757,VPN-SES-00864,0x68111179,28.33,76,6459,227.99,1823.93,1823.93,93.8,18.56,55,127,0.920451,0.302864,0.604,ICMP,BENIGN,0,40,1,0
FLW-0004758,VPN-SES-00864,0x68111179,20.47,152,16301,796.34,6370.69,6370.69,103.93,22.9,54,135,1.192801,0.684658,0.574,ICMP,BENIGN,0,109,0,0
FLW-0004759,VPN-SES-00865,0xde7fc2d1,64.39,1448,554018,8604.1,68832.8,68832.8,385.08,283.22,40,845,0.379696,0.441775,0.501,Web_Browsing,BENIGN,0,1945,1,1
FLW-0004760,VPN-SES-00865,0xde7fc2d1,3.95,1130,98350,24898.73,199189.87,199189.87,82.98,30.04,40,125,0.013127,0.007224,0.69,Attack,PORT_SCAN,1,3075,0,1
FLW-0004761,VPN-SES-00865,0xde7fc2d1,9.64,1877,222711,23102.8,184822.41,184822.41,110.53,29.45,66,162,0.041963,0.02162,0.902,Attack,PORT_SCAN,1,3722,0,1
FLW-0004762,VPN-SES-00865,0xde7fc2d1,19.22,4345,336950,17531.22,140249.74,140249.74,84.64,19.37,51,120,0.02953,0.020077,0.727,Attack,PORT_SCAN,1,14397,0,3
FLW-0004763,VPN-SES-00865,0xde7fc2d1,215.62,454,61643,285.89,2287.1,2287.1,146.6,77.59,40,261,3.094259,1.428079,0.633,Attack,C2_BEACONING,1,620,0,0
FLW-0004764,VPN-SES-00865,0xde7fc2d1,48.89,2170,314479,6432.38,51459.03,51459.03,158.93,30.67,91,213,0.019482,0.013429,0.514,VoIP,BENIGN,0,2485,0,2
FLW-0004765,VPN-SES-00866,0xa8ee0e5c,27.82,350,351009,12617.15,100937.17,100937.17,1044.72,346.43,424,1500,0.442903,0.518062,0.429,Email_IMAP,BENIGN,0,327,0,0
FLW-0004766,VPN-SES-00866,0xa8ee0e5c,27.18,20258,1548408,56968.65,455749.23,455749.23,81.86,42.1,40,161,0.005269,0.00226,0.746,Attack,DOS_FLOOD,1,107363,2,3
FLW-0004767,VPN-SES-00866,0xa8ee0e5c,50.8,1844,249466,4910.75,39285.98,39285.98,140.56,99.95,40,265,0.118136,0.090508,0.5,Attack,BRUTE_FORCE,1,4634,0,1
FLW-0004768,VPN-SES-00866,0xa8ee0e5c,10.65,1485,171985,16148.83,129190.61,129190.61,107.76,29.59,44,144,0.026182,0.016131,0.819,Attack,PORT_SCAN,1,3805,0,1
FLW-0004769,VPN-SES-00866,0xa8ee0e5c,60.49,2711,1806436,29863.38,238907.06,238907.06,629.91,495.04,40,1297,0.331281,0.349011,0.184,Web_Browsing,BENIGN,0,2406,0,1
FLW-0004770,VPN-SES-00866,0xa8ee0e5c,44.27,1871,602074,13600.05,108800.36,108800.36,302.92,85.27,192,483,0.246412,0.196339,0.655,Attack,BRUTE_FORCE,1,2905,0,3
FLW-0004771,VPN-SES-00866,0xa8ee0e5c,48.92,1243,207791,4247.57,33980.54,33980.54,160.9,38.85,88,208,0.041114,0.014304,0.593,VoIP,BENIGN,0,1654,0,1
FLW-0004772,VPN-SES-00866,0xa8ee0e5c,13.57,551,340829,25116.36,200930.88,200930.88,677.93,436.98,40,1482,0.390423,0.414216,0.409,Web_Browsing,BENIGN,0,620,1,0
FLW-0004773,VPN-SES-00867,0xad4efcd4,39.79,1779,319081,8019.13,64153.0,64153.0,163.26,58.31,79,288,0.043154,0.028401,0.576,VoIP,BENIGN,0,2289,0,2
FLW-0004774,VPN-SES-00867,0xad4efcd4,3.32,8,787,237.05,1896.39,1896.39,108.85,25.64,73,158,2.364355,0.533784,0.411,ICMP,BENIGN,0,8,0,0
FLW-0004775,VPN-SES-00867,0xad4efcd4,6.42,17,1633,254.36,2034.89,2034.89,90.77,24.98,40,128,1.004607,0.497239,0.504,ICMP,BENIGN,0,21,0,2
FLW-0004776,VPN-SES-00867,0xad4efcd4,53.14,738,452068,8507.11,68056.91,68056.91,575.71,626.29,40,1500,0.479132,0.355507,0.335,Web_Browsing,BENIGN,0,747,0,0
FLW-0004777,VPN-SES-00867,0xad4efcd4,10.95,371,287313,26238.63,209909.04,209909.04,751.76,488.05,40,1500,0.390062,0.398909,0.513,Email_IMAP,BENIGN,0,396,0,2
FLW-0004778,VPN-SES-00867,0xad4efcd4,165.31,372,50972,308.34,2466.74,2466.74,151.3,104.26,40,319,1.512812,1.110924,0.53,Attack,C2_BEACONING,1,376,1,2
FLW-0004779,VPN-SES-00867,0xad4efcd4,81.24,2850,3315683,40813.43,326507.43,326507.43,1114.25,710.03,40,1500,0.505915,0.540216,0.329,Web_Browsing,BENIGN,0,3862,0,1
FLW-0004780,VPN-SES-00867,0xad4efcd4,146.28,23937,33010483,225666.41,1805331.31,1805331.31,1450.61,187.78,1069,1500,0.028869,0.008744,0.98,Attack,DATA_EXFILTRATION,1,89587,0,5
FLW-0004781,VPN-SES-00868,0x7dddb4ed,72.12,2901,2138765,29655.64,237245.15,237245.15,720.07,464.35,89,1321,0.577531,0.584831,0.335,Web_Browsing,BENIGN,0,4231,0,1
FLW-0004782,VPN-SES-00868,0x7dddb4ed,10.37,3487,336496,32448.99,259591.9,259591.9,89.89,33.79,40,135,0.045746,0.033646,0.791,Attack,PORT_SCAN,1,7092,0,0
FLW-0004783,VPN-SES-00868,0x7dddb4ed,198.21,40715,50534956,254956.64,2039653.14,2039653.14,1183.8,174.28,916,1500,0.026295,0.024228,0.126,Video_Streaming,BENIGN,0,44300,1,0
FLW-0004784,VPN-SES-00868,0x7dddb4ed,214.07,4244,1412363,6597.67,52781.35,52781.35,327.83,176.75,40,564,0.508097,0.35,0.554,WhatsApp,BENIGN,0,5105,0,0
FLW-0004785,VPN-SES-00868,0x7dddb4ed,47.35,1071,798228,16858.04,134864.29,134864.29,768.95,535.07,40,1500,1.097951,1.495526,0.42,Web_Browsing,BENIGN,0,1102,0,0
FLW-0004786,VPN-SES-00868,0x7dddb4ed,9.1,31,3187,350.22,2801.76,2801.76,94.36,38.33,40,163,1.506331,0.493461,0.526,ICMP,BENIGN,0,27,0,1
FLW-0004787,VPN-SES-00868,0x7dddb4ed,25.93,355,260788,10057.39,80459.08,80459.08,755.29,478.9,40,1433,0.532962,0.751547,0.414,Web_Browsing,BENIGN,0,407,0,0
FLW-0004788,VPN-SES-00868,0x7dddb4ed,12.58,96,9297,739.03,5912.24,5912.24,89.18,19.96,63,131,0.632304,0.167063,0.611,ICMP,BENIGN,0,75,1,1
FLW-0004789,VPN-SES-00869,0xf7b3a985,72.28,2407,354946,4910.71,39285.67,39285.67,152.66,49.35,72,226,0.028286,0.019146,0.275,VoIP,BENIGN,0,1846,0,0
FLW-0004790,VPN-SES-00869,0xf7b3a985,10.51,25,2517,239.49,1915.89,1915.89,108.84,33.4,42,149,0.470595,0.121026,0.596,ICMP,BENIGN,0,20,0,2
FLW-0004791,VPN-SES-00869,0xf7b3a985,37.66,2032,558146,14820.66,118565.27,118565.27,289.76,102.77,107,465,0.257105,0.120587,0.689,Attack,BRUTE_FORCE,1,4073,0,2
FLW-0004792,VPN-SES-00869,0xf7b3a985,5.62,8,837,148.93,1191.46,1191.46,107.67,21.01,66,145,1.423191,0.394859,0.598,ICMP,BENIGN,0,10,0,0
FLW-0004793,VPN-SES-00869,0xf7b3a985,72.59,7043,9147680,126018.46,1008147.68,1008147.68,1275.76,148.22,1017,1465,0.028436,0.013808,0.902,Attack,DATA_EXFILTRATION,1,22153,1,1
FLW-0004794,VPN-SES-00869,0xf7b3a985,102.84,2014,292675,2845.93,22767.41,22767.41,146.66,55.1,40,223,0.052827,0.030965,0.635,VoIP,BENIGN,0,2610,0,3
FLW-0004795,VPN-SES-00869,0xf7b3a985,13.55,248,188740,13929.15,111433.21,111433.21,731.58,436.52,160,1500,0.348458,0.20127,0.56,Email_IMAP,BENIGN,0,226,0,2
FLW-0004796,VPN-SES-00869,0xf7b3a985,112.18,26626,34928589,311362.0,2490895.99,2490895.99,1273.56,214.15,926,1500,0.02238,0.012723,0.957,Attack,DATA_EXFILTRATION,1,81143,0,1
FLW-0004797,VPN-SES-00870,0xfb8deb4e,24.81,367,151401,6102.42,48819.35,48819.35,430.99,227.25,40,838,0.895859,0.810808,0.425,WhatsApp,BENIGN,0,390,1,0
FLW-0004798,VPN-SES-00870,0xfb8deb4e,260.96,572,117606,450.67,3605.33,3605.33,195.98,55.35,104,278,3.281132,1.590252,0.595,Attack,C2_BEACONING,1,716,0,1
FLW-0004799,VPN-SES-00870,0xfb8deb4e,130.31,62,16925,129.88,1039.06,1039.06,265.41,96.78,138,449,4.854533,1.187473,0.583,Attack,C2_BEACONING,1,57,0,5
FLW-0004800,VPN-SES-00870,0xfb8deb4e,26.25,1341,292668,11149.26,89194.06,89194.06,199.06,30.5,143,244,0.21272,0.162109,0.622,Attack,BRUTE_FORCE,1,2923,0,2
FLW-0004801,VPN-SES-00871,0x750e7547,59.58,785,329567,5531.5,44252.03,44252.03,454.72,207.74,203,857,0.634673,0.544507,0.347,WhatsApp,BENIGN,0,581,0,1
FLW-0004802,VPN-SES-00871,0x750e7547,30.42,394,130691,4296.22,34369.76,34369.76,358.19,478.74,40,1286,0.429131,0.419787,0.575,Email_IMAP,BENIGN,0,321,0,0
FLW-0004803,VPN-SES-00871,0x750e7547,21.05,109,12135,576.48,4611.88,4611.88,104.46,24.1,69,153,0.926045,0.409467,0.475,ICMP,BENIGN,0,60,0,2
FLW-0004804,VPN-SES-00871,0x750e7547,61.28,3181,729909,11911.05,95288.38,95288.38,225.38,104.77,79,400,0.380242,0.257396,0.562,Attack,BRUTE_FORCE,1,5806,0,2
FLW-0004805,VPN-SES-00871,0x750e7547,24.48,103,13924,568.79,4550.33,4550.33,129.7,14.68,108,152,1.239233,0.426039,0.498,ICMP,BENIGN,0,65,0,0
FLW-0004806,VPN-SES-00872,0x13f59143,34.73,842,202497,5830.61,46644.86,46644.86,236.55,152.37,40,472,0.162026,0.138569,0.673,Attack,BRUTE_FORCE,1,2068,0,1
FLW-0004807,VPN-SES-00872,0x13f59143,11.88,156,114648,9650.51,77204.04,77204.04,810.91,260.4,398,1275,1.174769,1.390881,0.504,Email_IMAP,BENIGN,0,191,0,0
FLW-0004808,VPN-SES-00872,0x13f59143,51.29,234,93692,1826.71,14613.69,14613.69,406.09,181.3,186,741,1.12466,1.630776,0.476,WhatsApp,BENIGN,0,256,0,1
FLW-0004809,VPN-SES-00872,0x13f59143,42.49,3842,5142377,121025.58,968204.66,968204.66,1294.61,231.2,999,1500,0.027836,0.026058,0.076,Video_Streaming,BENIGN,0,4560,0,0
FLW-0004810,VPN-SES-00872,0x13f59143,8.4,59,6492,772.86,6182.86,6182.86,112.87,26.84,69,148,1.322642,0.464406,0.65,ICMP,BENIGN,0,39,0,0
FLW-0004811,VPN-SES-00872,0x13f59143,134.93,840,282414,2093.04,16744.33,16744.33,359.13,257.18,40,916,1.107884,1.018653,0.654,WhatsApp,BENIGN,0,660,1,0
FLW-0004812,VPN-SES-00872,0x13f59143,145.24,26773,37663987,259322.41,2074579.29,2074579.29,1382.91,174.61,1045,1500,0.036949,0.011893,0.741,Attack,DATA_EXFILTRATION,1,82036,0,3
FLW-0004813,VPN-SES-00873,0x9ce73502,172.92,19044,27858016,161103.49,1288827.94,1288827.94,1341.16,215.65,1018,1500,0.035187,0.020825,0.847,Attack,DATA_EXFILTRATION,1,71284,1,0
FLW-0004814,VPN-SES-00873,0x9ce73502,6.76,29,2888,427.22,3417.75,3417.75,101.93,17.17,68,131,0.615678,0.11151,0.497,ICMP,BENIGN,0,24,0,0
FLW-0004815,VPN-SES-00873,0x9ce73502,89.25,3004,2096708,23492.53,187940.21,187940.21,737.37,587.78,40,1500,0.308641,0.235554,0.34,Web_Browsing,BENIGN,0,3031,0,0
FLW-0004816,VPN-SES-00873,0x9ce73502,29.6,457,382244,12913.65,103309.19,103309.19,899.54,525.9,40,1500,0.517177,0.398816,0.337,Web_Browsing,BENIGN,0,619,0,1
FLW-0004817,VPN-SES-00873,0x9ce73502,18.6,728,545156,29309.46,234475.7,234475.7,707.76,350.48,177,1450,0.275091,0.296282,0.403,Web_Browsing,BENIGN,0,744,0,1
FLW-0004818,VPN-SES-00873,0x9ce73502,8.16,457,303999,37254.78,298038.24,298038.24,657.96,304.66,215,1076,0.351302,0.36218,0.306,Web_Browsing,BENIGN,0,643,0,0
FLW-0004819,VPN-SES-00873,0x9ce73502,63.51,6821,10224190,160985.51,1287884.11,1287884.11,1369.51,225.7,981,1500,0.031562,0.014327,0.811,Attack,DATA_EXFILTRATION,1,15753,0,0
FLW-0004820,VPN-SES-00874,0x649657d6,84.84,104,17620,207.69,1661.48,1661.48,174.41,107.16,40,369,4.364854,2.592672,0.536,Attack,C2_BEACONING,1,98,0,3
FLW-0004821,VPN-SES-00874,0x649657d6,10.24,1544,154310,15069.34,120554.69,120554.69,92.92,15.05,71,118,0.027843,0.014521,0.734,Attack,PORT_SCAN,1,5190,1,3
FLW-0004822,VPN-SES-00874,0x649657d6,18.86,109,83616,4433.51,35468.08,35468.08,770.73,535.88,40,1500,0.717888,0.656654,0.505,Email_IMAP,BENIGN,0,100,0,0
FLW-0004823,VPN-SES-00874,0x649657d6,11.2,30,2903,259.2,2073.57,2073.57,100.01,19.36,73,138,0.665851,0.257257,0.431,ICMP,BENIGN,0,23,0,0
FLW-0004824,VPN-SES-00874,0x649657d6,39.82,819,355416,8925.57,71404.52,71404.52,462.25,325.91,44,999,0.248783,0.214361,0.218,Web_Browsing,BENIGN,0,1078,0,0
FLW-0004825,VPN-SES-00874,0x649657d6,32.25,310,177496,5503.75,44030.02,44030.02,601.19,257.58,169,966,0.708364,0.74416,0.393,Email_IMAP,BENIGN,0,349,0,1
FLW-0004826,VPN-SES-00875,0x82be6ac8,82.04,12092,16758303,204269.9,1634159.24,1634159.24,1277.81,201.55,873,1500,0.029807,0.022507,0.156,Video_Streaming,BENIGN,0,14985,1,1
FLW-0004827,VPN-SES-00875,0x82be6ac8,27.19,241,23505,864.47,6915.78,6915.78,94.93,23.5,47,138,1.912494,0.540873,0.45,ICMP,BENIGN,0,184,0,0
FLW-0004828,VPN-SES-00875,0x82be6ac8,18.92,47,4626,244.5,1956.03,1956.03,105.19,31.3,48,168,0.587323,0.217013,0.498,ICMP,BENIGN,0,33,0,0
FLW-0004829,VPN-SES-00876,0x247cc606,130.45,840,220344,1689.11,13512.86,13512.86,288.53,273.22,40,710,0.690881,0.642215,0.404,WhatsApp,BENIGN,0,978,0,0
FLW-0004830,VPN-SES-00876,0x247cc606,105.66,3816,610406,5777.08,46216.62,46216.62,156.42,27.86,114,211,0.037856,0.01568,0.509,VoIP,BENIGN,0,3447,0,0
FLW-0004831,VPN-SES-00876,0x247cc606,46.03,1196,919567,19977.56,159820.46,159820.46,812.71,297.86,401,1176,0.542354,0.658397,0.521,Email_IMAP,BENIGN,0,1378,1,2
FLW-0004832,VPN-SES-00876,0x247cc606,130.7,701,253488,1939.46,15515.72,15515.72,340.07,238.1,40,703,0.753002,0.716422,0.457,WhatsApp,BENIGN,0,710,0,2
FLW-0004833,VPN-SES-00876,0x247cc606,24.16,3011,284130,11760.35,94082.78,94082.78,96.18,43.97,40,152,0.029829,0.018874,0.713,Attack,PORT_SCAN,1,7967,1,5
FLW-0004834,VPN-SES-00876,0x247cc606,13.63,176,117907,8650.55,69204.4,69204.4,695.86,572.93,40,1500,0.974992,0.928028,0.512,Web_Browsing,BENIGN,0,195,0,0
FLW-0004835,VPN-SES-00877,0xa8276b5e,352.54,435,91084,258.37,2066.92,2066.92,213.46,89.54,88,408,3.481544,2.025368,0.488,Attack,C2_BEACONING,1,416,0,0
FLW-0004836,VPN-SES-00877,0xa8276b5e,79.26,1175,441287,5567.59,44540.7,44540.7,355.72,275.52,40,936,0.984902,1.079559,0.567,WhatsApp,BENIGN,0,841,0,2
FLW-0004837,VPN-SES-00877,0xa8276b5e,34.87,1327,1014225,29085.89,232687.12,232687.12,738.49,554.8,40,1500,0.319605,0.213553,0.156,Web_Browsing,BENIGN,0,1390,0,1
FLW-0004838,VPN-SES-00878,0xda4dbfd6,54.82,10109,13438743,245143.07,1961144.55,1961144.55,1372.39,215.29,1091,1500,0.014887,0.00756,0.922,Attack,DATA_EXFILTRATION,1,25027,0,3
FLW-0004839,VPN-SES-00878,0xda4dbfd6,58.44,429,370206,6334.8,50678.44,50678.44,932.95,564.23,248,1500,0.252701,0.343564,0.329,Web_Browsing,BENIGN,0,374,0,4
FLW-0004840,VPN-SES-00878,0xda4dbfd6,13.27,75,8271,623.29,4986.28,4986.28,119.23,37.32,51,188,1.056086,0.314629,0.394,ICMP,BENIGN,0,46,0,0
FLW-0004841,VPN-SES-00878,0xda4dbfd6,28.91,146,16441,568.7,4549.57,4549.57,111.61,29.46,52,158,0.63596,0.179066,0.434,ICMP,BENIGN,0,103,0,0
FLW-0004842,VPN-SES-00878,0xda4dbfd6,48.93,50162,8479671,173302.08,1386416.68,1386416.68,186.82,42.55,121,252,0.007277,0.004043,0.915,Attack,DOS_FLOOD,1,223535,2,4
FLW-0004843,VPN-SES-00878,0xda4dbfd6,51.37,792,1026136,19975.39,159803.15,159803.15,1351.18,554.82,394,1500,0.97321,0.859632,0.5,Email_IMAP,BENIGN,0,609,0,0
FLW-0004844,VPN-SES-00878,0xda4dbfd6,81.57,853,292930,3591.15,28729.19,28729.19,345.66,157.46,135,590,1.267572,1.146982,0.471,WhatsApp,BENIGN,0,985,0,1
FLW-0004845,VPN-SES-00879,0x1a77201e,25.24,393,90903,3601.55,28812.36,28812.36,237.29,295.17,40,883,0.558911,0.484053,0.509,WhatsApp,BENIGN,0,355,0,0
FLW-0004846,VPN-SES-00879,0x1a77201e,354.23,873,186138,525.47,4203.78,4203.78,228.03,84.29,83,333,3.66157,2.125522,0.565,Attack,C2_BEACONING,1,1165,1,3
FLW-0004847,VPN-SES-00879,0x1a77201e,148.07,16030,21080034,142365.33,1138922.62,1138922.62,1263.49,263.08,914,1500,0.013872,0.008515,0.807,Attack,DATA_EXFILTRATION,1,41424,0,6
FLW-0004848,VPN-SES-00879,0x1a77201e,55.13,3093,440561,7991.31,63930.49,63930.49,130.04,43.68,68,223,0.035597,0.018622,0.508,VoIP,BENIGN,0,3783,0,1
FLW-0004849,VPN-SES-00879,0x1a77201e,101.69,7575,9565858,94068.82,752550.54,752550.54,1304.57,300.63,819,1500,0.033869,0.034983,0.126,Video_Streaming,BENIGN,0,8404,0,1
FLW-0004850,VPN-SES-00879,0x1a77201e,6.85,3668,422932,61741.9,493935.18,493935.18,127.22,35.51,56,189,0.009813,0.005344,0.806,Attack,DOS_FLOOD,1,11934,4,3
FLW-0004851,VPN-SES-00879,0x1a77201e,114.07,15536,22486270,197126.94,1577015.52,1577015.52,1471.34,317.35,950,1500,0.028129,0.01986,0.118,Video_Streaming,BENIGN,0,22932,0,1
FLW-0004852,VPN-SES-00879,0x1a77201e,34.28,300,31738,925.85,7406.77,7406.77,99.72,25.86,43,135,0.943501,0.386738,0.564,ICMP,BENIGN,0,244,0,0
FLW-0004853,VPN-SES-00880,0x70ba81c6,66.46,494,105169,1582.44,12659.52,12659.52,207.25,216.32,40,493,0.523289,0.398729,0.328,WhatsApp,BENIGN,0,463,0,1
FLW-0004854,VPN-SES-00880,0x70ba81c6,162.93,14190,18496812,113526.13,908209.02,908209.02,1224.36,251.73,792,1500,0.02234,0.018243,0.02,Video_Streaming,BENIGN,0,23660,1,0
FLW-0004855,VPN-SES-00880,0x70ba81c6,15.05,664,113872,7566.25,60529.97,60529.97,168.2,31.64,107,235,0.040535,0.01474,0.606,VoIP,BENIGN,0,588,0,0
FLW-0004856,VPN-SES-00880,0x70ba81c6,43.24,1473,461660,10676.69,85413.51,85413.51,323.7,594.6,40,1500,0.540024,0.723937,0.396,Web_Browsing,BENIGN,0,1334,0,1
FLW-0004857,VPN-SES-00880,0x70ba81c6,25.1,578,576991,22987.69,183901.51,183901.51,919.25,415.67,169,1500,0.490514,0.40947,0.55,Email_IMAP,BENIGN,0,676,0,2
FLW-0004858,VPN-SES-00881,0x4ed31eb3,58.18,707,601354,10336.09,82688.76,82688.76,940.43,449.98,206,1500,0.66904,0.562569,0.351,Email_IMAP,BENIGN,0,868,0,0
FLW-0004859,VPN-SES-00881,0x4ed31eb3,101.84,819,105838,1039.26,8314.06,8314.06,142.76,231.78,40,449,1.031563,1.106252,0.427,WhatsApp,BENIGN,0,851,0,0
FLW-0004860,VPN-SES-00881,0x4ed31eb3,53.61,1902,342955,6397.22,51177.77,51177.77,181.4,116.46,40,405,0.2024,0.111223,0.653,Attack,BRUTE_FORCE,1,3783,1,6
FLW-0004861,VPN-SES-00881,0x4ed31eb3,85.26,1309,573197,6722.93,53783.44,53783.44,410.91,270.66,40,917,0.907949,1.336868,0.396,WhatsApp,BENIGN,0,1351,0,0
FLW-0004862,VPN-SES-00881,0x4ed31eb3,15.64,135,35752,2285.93,18287.47,18287.47,291.27,213.1,40,741,1.512158,1.367327,0.511,WhatsApp,BENIGN,0,116,0,0
FLW-0004863,VPN-SES-00882,0x4a8b17bd,130.66,2628,832019,6367.82,50942.54,50942.54,323.74,130.55,104,603,0.634359,0.534606,0.496,WhatsApp,BENIGN,0,2128,0,1
FLW-0004864,VPN-SES-00882,0x4a8b17bd,6.55,42,5320,812.21,6497.71,6497.71,115.63,22.44,74,164,0.54225,0.198305,0.503,ICMP,BENIGN,0,30,0,1
FLW-0004865,VPN-SES-00882,0x4a8b17bd,32.93,708,246920,7498.33,59986.64,59986.64,384.8,262.94,40,822,1.428155,1.644596,0.56,WhatsApp,BENIGN,0,511,0,2
FLW-0004866,VPN-SES-00882,0x4a8b17bd,3.54,24,2688,759.32,6074.58,6074.58,108.83,29.24,49,156,1.144438,0.202402,0.506,ICMP,BENIGN,0,17,0,0
FLW-0004867,VPN-SES-00882,0x4a8b17bd,23.47,370,320376,13650.45,109203.58,109203.58,928.23,504.99,206,1500,0.375612,0.285527,0.486,Email_IMAP,BENIGN,0,393,0,0
FLW-0004868,VPN-SES-00883,0xa386e7f1,6.58,53,20777,3157.6,25260.79,25260.79,388.05,182.24,106,780,1.415812,0.993533,0.545,WhatsApp,BENIGN,0,66,0,3
FLW-0004869,VPN-SES-00883,0xa386e7f1,177.32,13975,16764867,94545.83,756366.66,756366.66,1322.09,306.19,865,1500,0.034978,0.031331,0.06,Video_Streaming,BENIGN,0,18802,1,1
FLW-0004870,VPN-SES-00883,0xa386e7f1,350.07,28196,29575563,84484.71,675877.69,675877.69,1083.68,257.46,725,1500,0.026534,0.014979,0.061,Video_Streaming,BENIGN,0,47178,0,1
FLW-0004871,VPN-SES-00883,0xa386e7f1,4.09,1435,155701,38068.7,304549.63,304549.63,107.85,30.66,56,167,0.046131,0.031718,0.886,Attack,PORT_SCAN,1,3972,0,2
FLW-0004872,VPN-SES-00883,0xa386e7f1,109.89,904,670384,6100.5,48804.0,48804.0,699.86,522.1,40,1399,0.448248,0.65761,0.352,Web_Browsing,BENIGN,0,1215,0,0
FLW-0004873,VPN-SES-00883,0xa386e7f1,118.94,1858,375589,3157.8,25262.42,25262.42,203.75,204.3,40,609,0.781274,0.867889,0.413,WhatsApp,BENIGN,0,1369,0,2
FLW-0004874,VPN-SES-00883,0xa386e7f1,78.12,2649,382069,4890.8,39126.37,39126.37,135.94,39.0,63,187,0.048158,0.022638,0.358,VoIP,BENIGN,0,3456,0,0
FLW-0004875,VPN-SES-00884,0x7a40e034,7.96,2221,223060,28022.61,224180.9,224180.9,106.97,29.28,67,151,0.030998,0.023494,0.646,Attack,PORT_SCAN,1,5380,0,2
FLW-0004876,VPN-SES-00884,0x7a40e034,150.54,19563,26393714,175326.92,1402615.33,1402615.33,1433.3,196.87,1116,1500,0.023285,0.012585,0.98,Attack,DATA_EXFILTRATION,1,69356,0,3
FLW-0004877,VPN-SES-00884,0x7a40e034,58.45,9785,12220909,209083.13,1672665.05,1672665.05,1188.84,312.14,787,1500,0.063827,0.067372,0.107,Video_Streaming,BENIGN,0,16979,0,0
FLW-0004878,VPN-SES-00884,0x7a40e034,27.28,272,39916,1463.2,11705.57,11705.57,139.72,139.32,40,363,0.876119,0.815593,0.419,WhatsApp,BENIGN,0,229,0,0
FLW-0004879,VPN-SES-00884,0x7a40e034,98.95,1828,556956,5628.66,45029.29,45029.29,302.37,322.65,40,689,0.740262,0.627643,0.418,WhatsApp,BENIGN,0,1275,0,1
FLW-0004880,VPN-SES-00885,0x7d1e5ed7,41.47,776,695145,16762.6,134100.8,134100.8,819.59,309.23,347,1361,0.439015,0.340465,0.457,Email_IMAP,BENIGN,0,722,0,2
FLW-0004881,VPN-SES-00885,0x7d1e5ed7,59.76,3633,509140,8519.75,68157.97,68157.97,142.04,51.19,79,216,0.052942,0.040034,0.602,VoIP,BENIGN,0,2819,0,0
FLW-0004882,VPN-SES-00885,0x7d1e5ed7,99.14,1746,412403,4159.8,33278.43,33278.43,236.42,254.77,40,545,0.615177,0.476691,0.474,WhatsApp,BENIGN,0,1242,0,1
FLW-0004883,VPN-SES-00885,0x7d1e5ed7,31.42,2098,2180577,69400.92,555207.38,555207.38,1134.04,226.82,697,1500,0.020714,0.016376,0.148,Video_Streaming,BENIGN,0,2405,0,2
FLW-0004884,VPN-SES-00885,0x7d1e5ed7,7.92,9107,953961,120449.62,963596.97,963596.97,98.32,43.86,40,182,0.007125,0.003462,0.918,Attack,DOS_FLOOD,1,34628,3,2
FLW-0004885,VPN-SES-00885,0x7d1e5ed7,12.81,312,73818,5762.53,46100.23,46100.23,231.77,97.49,81,418,0.116386,0.094298,0.662,Attack,BRUTE_FORCE,1,579,0,0
FLW-0004886,VPN-SES-00885,0x7d1e5ed7,118.27,7954,9040817,76442.18,611537.47,611537.47,1235.05,88.69,1040,1398,0.010882,0.005196,0.98,Attack,DATA_EXFILTRATION,1,21518,0,2
FLW-0004887,VPN-SES-00885,0x7d1e5ed7,19.38,114,12655,652.99,5223.94,5223.94,103.32,16.7,77,132,0.92889,0.294541,0.496,ICMP,BENIGN,0,65,1,1
FLW-0004888,VPN-SES-00886,0xa5e2b5fc,298.73,39683,40448043,135400.0,1083200.03,1083200.03,1127.91,202.35,844,1478,0.037897,0.02391,0.251,Video_Streaming,BENIGN,0,60295,0,0
FLW-0004889,VPN-SES-00886,0xa5e2b5fc,38.77,3605,4780901,123314.44,986515.55,986515.55,1256.18,131.82,1087,1500,0.016876,0.011438,0.82,Attack,DATA_EXFILTRATION,1,7863,1,0
FLW-0004890,VPN-SES-00886,0xa5e2b5fc,59.07,1285,1285739,21766.36,174130.9,174130.9,948.2,402.04,206,1500,0.621337,0.582736,0.338,Web_Browsing,BENIGN,0,1150,0,0
FLW-0004891,VPN-SES-00887,0xc22c79f6,20.34,9250,951367,46773.21,374185.64,374185.64,113.12,42.6,40,193,0.010685,0.006856,0.867,Attack,DOS_FLOOD,1,38726,8,2
FLW-0004892,VPN-SES-00887,0xc22c79f6,242.76,20021,23215021,95629.51,765036.12,765036.12,1281.58,284.27,677,1500,0.041752,0.034628,0.141,Video_Streaming,BENIGN,0,24334,0,0
FLW-0004893,VPN-SES-00887,0xc22c79f6,134.21,1152,284296,2118.29,16946.34,16946.34,246.95,288.24,40,622,0.936067,1.234064,0.532,WhatsApp,BENIGN,0,950,1,0
FLW-0004894,VPN-SES-00887,0xc22c79f6,168.26,2068,497393,2956.1,23648.78,23648.78,219.58,258.67,40,678,0.938482,1.143819,0.464,WhatsApp,BENIGN,0,2071,0,1
FLW-0004895,VPN-SES-00887,0xc22c79f6,24.37,1195,309987,12720.02,101760.2,101760.2,266.81,108.74,61,479,0.105361,0.072238,0.589,Attack,BRUTE_FORCE,1,2938,0,1
FLW-0004896,VPN-SES-00887,0xc22c79f6,42.83,1487,404654,9447.91,75583.28,75583.28,289.27,47.05,186,373,0.109736,0.092951,0.73,Attack,BRUTE_FORCE,1,3108,0,1
FLW-0004897,VPN-SES-00888,0x866274f1,15.38,115,12512,813.52,6508.19,6508.19,103.97,26.3,57,150,0.841222,0.37804,0.612,ICMP,BENIGN,0,73,0,0
FLW-0004898,VPN-SES-00888,0x866274f1,7.0,216,129183,18454.71,147637.71,147637.71,615.54,356.87,40,1076,0.451183,0.367066,0.825,Email_IMAP,BENIGN,0,180,0,0
FLW-0004899,VPN-SES-00888,0x866274f1,42.68,1057,705620,16532.8,132262.42,132262.42,666.66,402.45,40,1456,1.109838,1.298368,0.369,Email_IMAP,BENIGN,0,785,0,1
FLW-0004900,VPN-SES-00888,0x866274f1,311.85,390,86579,277.63,2221.04,2221.04,218.64,81.78,70,375,5.553985,2.316441,0.548,Attack,C2_BEACONING,1,382,0,9
FLW-0004901,VPN-SES-00889,0x1cf1ce3a,77.32,1096,379337,4906.07,39248.53,39248.53,367.17,271.32,40,940,0.789146,0.701441,0.453,WhatsApp,BENIGN,0,1180,0,3
FLW-0004902,VPN-SES-00889,0x1cf1ce3a,68.24,4694,4783489,70098.02,560784.17,560784.17,1013.7,251.2,520,1322,0.039495,0.041675,0.165,Video_Streaming,BENIGN,0,5946,0,1
FLW-0004903,VPN-SES-00889,0x1cf1ce3a,6.86,2184,229822,33501.75,268013.99,268013.99,99.44,35.62,46,173,0.037179,0.021234,0.788,Attack,PORT_SCAN,1,5369,0,3
FLW-0004904,VPN-SES-00889,0x1cf1ce3a,128.37,21251,29722571,231538.3,1852306.36,1852306.36,1363.28,130.82,1196,1500,0.038455,0.025884,0.826,Attack,DATA_EXFILTRATION,1,71233,1,3
FLW-0004905,VPN-SES-00889,0x1cf1ce3a,32.7,322,30615,936.24,7489.91,7489.91,102.14,18.25,63,126,1.572779,0.398492,0.408,ICMP,BENIGN,0,188,0,2
FLW-0004906,VPN-SES-00890,0xbdc3dd66,49.79,3191,1913652,38434.46,307475.72,307475.72,626.22,497.28,40,1370,0.501368,0.617994,0.345,Web_Browsing,BENIGN,0,4237,0,1
FLW-0004907,VPN-SES-00890,0xbdc3dd66,14.24,2603,276146,19392.28,155138.2,155138.2,100.82,41.03,40,152,0.013961,0.008389,0.904,Attack,PORT_SCAN,1,6394,0,4
FLW-0004908,VPN-SES-00890,0xbdc3dd66,149.02,22258,28216945,189350.05,1514800.43,1514800.43,1326.68,149.11,998,1500,0.030949,0.01819,0.939,Attack,DATA_EXFILTRATION,1,77228,0,1
FLW-0004909,VPN-SES-00891,0x647833ab,10.61,65,5067,477.57,3820.55,3820.55,85.78,28.49,51,140,0.505509,0.158965,0.535,ICMP,BENIGN,0,36,0,0
FLW-0004910,VPN-SES-00891,0x647833ab,131.84,5101,792969,6014.63,48117.05,48117.05,154.63,41.13,77,236,0.058783,0.047938,0.516,VoIP,BENIGN,0,4315,0,0
FLW-0004911,VPN-SES-00891,0x647833ab,78.65,15494,18536070,235677.94,1885423.52,1885423.52,1199.56,72.52,1076,1310,0.040117,0.038102,0.058,Video_Streaming,BENIGN,0,26848,1,0
FLW-0004912,VPN-SES-00891,0x647833ab,30.7,2149,361669,11780.75,94245.99,94245.99,157.97,132.14,40,438,0.194574,0.121926,0.577,Attack,BRUTE_FORCE,1,5023,1,5
FLW-0004913,VPN-SES-00891,0x647833ab,18.58,506,71938,3871.8,30974.38,30974.38,140.96,50.24,77,213,0.077785,0.040684,0.435,VoIP,BENIGN,0,420,0,1
FLW-0004914,VPN-SES-00892,0xaae8be7a,85.98,884,236956,2755.94,22047.55,22047.55,280.84,242.69,40,631,0.849828,0.711168,0.534,WhatsApp,BENIGN,0,888,0,0
FLW-0004915,VPN-SES-00892,0xaae8be7a,22.75,817,520865,22895.16,183161.32,183161.32,690.86,447.48,129,1397,0.26422,0.327307,0.355,Web_Browsing,BENIGN,0,815,0,1
FLW-0004916,VPN-SES-00892,0xaae8be7a,21.78,782,173213,7952.85,63622.77,63622.77,206.47,69.76,90,326,0.160213,0.122678,0.632,Attack,BRUTE_FORCE,1,1793,0,2
FLW-0004917,VPN-SES-00892,0xaae8be7a,118.26,2510,571991,4836.72,38693.79,38693.79,232.06,243.42,40,754,2.503586,3.320779,0.595,WhatsApp,BENIGN,0,2159,0,0
FLW-0004918,VPN-SES-00892,0xaae8be7a,12.18,70,5874,482.27,3858.13,3858.13,89.46,21.08,53,128,1.661549,1.169871,0.541,ICMP,BENIGN,0,46,0,1
FLW-0004919,VPN-SES-00893,0xdfb988f6,14.71,26,3094,210.33,1682.66,1682.66,121.59,16.13,95,149,0.829396,0.11659,0.396,ICMP,BENIGN,0,25,0,0
FLW-0004920,VPN-SES-00893,0xdfb988f6,18.37,508,510464,27787.92,222303.32,222303.32,1036.23,360.75,312,1500,0.194705,0.158151,0.47,Web_Browsing,BENIGN,0,665,0,0
FLW-0004921,VPN-SES-00893,0xdfb988f6,31.72,511,619348,19525.47,156203.78,156203.78,1123.13,442.09,449,1500,0.509975,0.609507,0.308,Web_Browsing,BENIGN,0,459,0,0
FLW-0004922,VPN-SES-00893,0xdfb988f6,10.78,128,75096,6966.23,55729.87,55729.87,621.52,316.73,130,1129,0.727501,0.473004,0.6,Email_IMAP,BENIGN,0,119,0,1
FLW-0004923,VPN-SES-00894,0x150aa77b,76.68,16603,22162354,289023.92,2312191.34,2312191.34,1360.43,261.57,910,1500,0.030015,0.021645,0.088,Video_Streaming,BENIGN,0,25923,0,0
FLW-0004924,VPN-SES-00894,0x150aa77b,56.14,2132,359466,6403.03,51224.23,51224.23,155.84,19.54,118,189,0.033683,0.020263,0.536,VoIP,BENIGN,0,2011,1,1
FLW-0004925,VPN-SES-00894,0x150aa77b,142.15,150,34708,244.16,1953.32,1953.32,217.18,100.51,61,413,4.510235,1.562887,0.589,Attack,C2_BEACONING,1,147,0,1
FLW-0004926,VPN-SES-00894,0x150aa77b,60.16,1370,212131,3526.11,28208.91,28208.91,147.13,505.59,40,1093,0.446642,0.54977,0.185,Web_Browsing,BENIGN,0,1746,0,1
FLW-0004927,VPN-SES-00894,0x150aa77b,14.55,19170,2288295,157271.13,1258169.07,1258169.07,123.0,43.6,40,179,0.008794,0.003625,0.971,Attack,DOS_FLOOD,1,78827,3,2
FLW-0004928,VPN-SES-00894,0x150aa77b,45.89,1868,258629,5635.85,45086.77,45086.77,130.5,41.82,49,212,0.048465,0.041697,0.392,VoIP,BENIGN,0,2385,0,1
FLW-0004929,VPN-SES-00895,0x98c949cb,11.2,43,3935,351.34,2810.71,2810.71,91.95,27.17,57,138,2.325481,1.468226,0.323,ICMP,BENIGN,0,22,0,0
FLW-0004930,VPN-SES-00895,0x98c949cb,77.45,1596,300854,3884.49,31075.95,31075.95,179.85,24.0,131,229,0.039938,0.016454,0.485,VoIP,BENIGN,0,1865,0,2
FLW-0004931,VPN-SES-00895,0x98c949cb,23.48,497,69779,2971.85,23774.79,23774.79,135.9,45.93,62,231,0.068833,0.048734,0.517,VoIP,BENIGN,0,624,0,4
FLW-0004932,VPN-SES-00895,0x98c949cb,125.67,4610,730423,5812.23,46497.84,46497.84,155.55,55.34,78,253,0.048315,0.026335,0.499,VoIP,BENIGN,0,4370,0,0
FLW-0004933,VPN-SES-00895,0x98c949cb,21.12,6076,544390,25776.04,206208.33,206208.33,95.01,34.98,40,141,0.025928,0.024932,0.755,Attack,PORT_SCAN,1,18347,2,4
FLW-0004934,VPN-SES-00895,0x98c949cb,103.42,2036,1186169,11469.44,91755.48,91755.48,625.47,421.67,40,1410,0.246396,0.182978,0.355,Web_Browsing,BENIGN,0,1843,0,3
FLW-0004935,VPN-SES-00895,0x98c949cb,23.71,106,11750,495.57,3964.57,3964.57,122.52,29.09,79,186,0.87449,0.186202,0.476,ICMP,BENIGN,0,65,0,0
FLW-0004936,VPN-SES-00895,0x98c949cb,71.58,3854,556816,7778.93,62231.46,62231.46,144.72,55.76,45,230,0.035445,0.022133,0.469,VoIP,BENIGN,0,4240,0,0
FLW-0004937,VPN-SES-00896,0x2c2de327,265.68,28294,41612738,156627.29,1253018.31,1253018.31,1475.41,304.43,915,1500,0.026358,0.015097,0.197,Video_Streaming,BENIGN,0,29956,2,0
FLW-0004938,VPN-SES-00896,0x2c2de327,90.56,129,26099,288.2,2305.57,2305.57,208.07,93.49,71,349,2.037981,0.645511,0.527,Attack,C2_BEACONING,1,148,0,2
FLW-0004939,VPN-SES-00896,0x2c2de327,100.58,4339,563295,5600.47,44803.74,44803.74,121.3,40.15,43,190,0.031396,0.017463,0.435,VoIP,BENIGN,0,4197,0,0
FLW-0004940,VPN-SES-00896,0x2c2de327,17.43,57,5732,328.86,2630.87,2630.87,96.12,30.33,48,150,0.756363,0.159043,0.6,ICMP,BENIGN,0,50,0,1
FLW-0004941,VPN-SES-00896,0x2c2de327,12.39,3198,285817,23068.36,184546.89,184546.89,92.9,39.55,40,166,0.029999,0.02459,0.77,Attack,PORT_SCAN,1,8650,1,0
FLW-0004942,VPN-SES-00896,0x2c2de327,17.61,286,151752,8617.38,68939.01,68939.01,492.84,183.03,137,863,0.610325,0.961387,0.296,Web_Browsing,BENIGN,0,269,0,3
FLW-0004943,VPN-SES-00896,0x2c2de327,117.89,1155,234408,1988.36,15906.9,15906.9,216.67,148.32,40,541,0.921961,0.758979,0.369,WhatsApp,BENIGN,0,1250,0,0
FLW-0004944,VPN-SES-00897,0xb6f20f6a,5.32,27,13771,2588.53,20708.27,20708.27,509.7,466.97,40,1216,0.453287,0.416477,0.606,Email_IMAP,BENIGN,0,35,0,0
FLW-0004945,VPN-SES-00897,0xb6f20f6a,136.9,2707,932096,6808.59,54468.72,54468.72,346.46,132.26,151,551,0.738115,1.020745,0.491,WhatsApp,BENIGN,0,2124,0,0
FLW-0004946,VPN-SES-00897,0xb6f20f6a,11.82,316,276381,23382.49,187059.9,187059.9,850.01,356.65,123,1422,0.566956,0.404322,0.452,Email_IMAP,BENIGN,0,305,0,0
FLW-0004947,VPN-SES-00898,0x96420701,177.44,1629,781637,4405.08,35240.62,35240.62,481.79,283.84,40,990,0.911819,0.834769,0.521,WhatsApp,BENIGN,0,1439,0,0
FLW-0004948,VPN-SES-00898,0x96420701,16.16,645,472204,29220.54,233764.36,233764.36,667.42,417.66,91,1428,0.461232,0.628895,0.378,Web_Browsing,BENIGN,0,841,0,3
FLW-0004949,VPN-SES-00898,0x96420701,192.22,641,245416,1276.75,10213.96,10213.96,402.98,212.77,42,701,0.796792,0.618777,0.468,WhatsApp,BENIGN,0,692,0,0
FLW-0004950,VPN-SES-00898,0x96420701,94.05,2868,458156,4871.41,38971.27,38971.27,150.6,57.03,77,234,0.069041,0.058494,0.579,VoIP,BENIGN,0,2714,0,0
FLW-0004951,VPN-SES-00898,0x96420701,31.04,288,158953,5120.91,40967.27,40967.27,543.27,368.8,40,1311,0.395377,0.460429,0.305,Email_IMAP,BENIGN,0,368,0,1
FLW-0004952,VPN-SES-00898,0x96420701,4.15,51,60145,14492.77,115942.17,115942.17,1081.52,463.85,450,1500,0.515734,0.499573,0.504,Email_IMAP,BENIGN,0,46,0,1
FLW-0004953,VPN-SES-00898,0x96420701,88.6,21,4716,53.23,425.82,425.82,243.76,89.3,92,365,3.363028,1.837375,0.695,Attack,C2_BEACONING,1,20,0,2
FLW-0004954,VPN-SES-00899,0xb368d7fa,83.96,1821,663051,7897.22,63177.8,63177.8,371.31,188.7,40,604,1.080645,1.070588,0.414,WhatsApp,BENIGN,0,1328,0,2
FLW-0004955,VPN-SES-00899,0xb368d7fa,86.78,2844,507339,5846.27,46770.13,46770.13,162.42,37.43,93,226,0.024558,0.013045,0.615,VoIP,BENIGN,0,3075,0,0
FLW-0004956,VPN-SES-00899,0xb368d7fa,33.43,929,467112,13972.84,111782.71,111782.71,541.61,457.68,40,1498,0.73176,0.657775,0.464,Email_IMAP,BENIGN,0,1136,0,1
FLW-0004957,VPN-SES-00899,0xb368d7fa,30.87,622,516103,16718.59,133748.75,133748.75,841.65,203.67,568,1271,0.857284,1.040224,0.395,Email_IMAP,BENIGN,0,476,1,0
FLW-0004958,VPN-SES-00899,0xb368d7fa,30.81,758,212277,6889.87,55118.99,55118.99,268.2,151.12,40,496,0.318168,0.287757,0.606,Attack,BRUTE_FORCE,1,1901,0,2
FLW-0004959,VPN-SES-00899,0xb368d7fa,90.49,364,73987,817.63,6541.01,6541.01,185.47,222.38,40,463,1.135793,1.308831,0.513,WhatsApp,BENIGN,0,377,0,1
FLW-0004960,VPN-SES-00900,0x73350ca2,52.37,1322,217578,4154.63,33237.04,33237.04,154.83,41.13,82,242,0.079627,0.054313,0.75,VoIP,BENIGN,0,1321,0,0
FLW-0004961,VPN-SES-00900,0x73350ca2,180.79,34686,38621162,213624.44,1708995.5,1708995.5,1163.03,195.69,827,1470,0.033434,0.026242,0.804,Attack,DATA_EXFILTRATION,1,89991,1,3
FLW-0004962,VPN-SES-00900,0x73350ca2,18.72,970,198976,10629.06,85032.48,85032.48,222.89,112.36,55,361,0.228141,0.126987,0.661,Attack,BRUTE_FORCE,1,2233,0,2
FLW-0004963,VPN-SES-00900,0x73350ca2,23.85,44,4209,176.48,1411.82,1411.82,97.36,26.92,45,138,1.012513,0.308046,0.349,ICMP,BENIGN,0,32,0,1
FLW-0004964,VPN-SES-00900,0x73350ca2,93.68,2623,316279,3376.16,27009.31,27009.31,114.3,61.51,40,226,0.066306,0.038105,0.529,VoIP,BENIGN,0,2967,0,0
FLW-0004965,VPN-SES-00900,0x73350ca2,35.53,1673,907169,25532.48,204259.84,204259.84,585.21,437.51,40,1250,0.585292,0.76786,0.31,Web_Browsing,BENIGN,0,2012,0,0
FLW-0004966,VPN-SES-00901,0x46c3fd85,42.34,1145,892412,21077.28,168618.23,168618.23,719.05,519.17,40,1500,0.927395,0.93583,0.46,Email_IMAP,BENIGN,0,1353,0,0
FLW-0004967,VPN-SES-00901,0x46c3fd85,38.35,1692,562267,14661.46,117291.68,117291.68,313.93,71.97,190,418,0.219038,0.163682,0.618,Attack,BRUTE_FORCE,1,3239,0,1
FLW-0004968,VPN-SES-00901,0x46c3fd85,3.48,629,71106,20432.76,163462.07,163462.07,109.41,20.52,75,145,0.044932,0.020402,0.901,Attack,PORT_SCAN,1,2053,0,6
FLW-0004969,VPN-SES-00901,0x46c3fd85,56.26,1488,260931,4637.95,37103.59,37103.59,189.74,105.23,44,419,0.22327,0.20065,0.708,Attack,BRUTE_FORCE,1,3620,0,0
FLW-0004970,VPN-SES-00901,0x46c3fd85,5.18,15,1773,342.28,2738.22,2738.22,113.31,18.0,79,137,0.647095,0.165446,0.475,ICMP,BENIGN,0,19,0,0
FLW-0004971,VPN-SES-00901,0x46c3fd85,60.45,3498,507218,8390.7,67125.62,67125.62,138.28,60.33,40,216,0.062312,0.036602,0.472,VoIP,BENIGN,0,2882,0,0
FLW-0004972,VPN-SES-00901,0x46c3fd85,87.01,18283,23392157,268844.47,2150755.73,2150755.73,1372.09,218.5,1026,1500,0.017301,0.00984,0.829,Attack,DATA_EXFILTRATION,1,51793,0,1
FLW-0004973,VPN-SES-00902,0x4572a97c,24.43,553,534671,21885.84,175086.7,175086.7,883.9,339.94,259,1500,0.536156,0.5034,0.387,Web_Browsing,BENIGN,0,576,0,0
FLW-0004974,VPN-SES-00902,0x4572a97c,14.58,330,58408,4006.04,32048.29,32048.29,188.72,43.01,133,250,0.045457,0.024831,0.473,VoIP,BENIGN,0,286,0,1
FLW-0004975,VPN-SES-00902,0x4572a97c,28.73,27236,3888066,135331.22,1082649.77,1082649.77,135.76,55.93,51,205,0.005425,0.003323,0.892,Attack,DOS_FLOOD,1,148751,4,1
FLW-0004976,VPN-SES-00902,0x4572a97c,9.59,3022,298137,31088.32,248706.57,248706.57,106.63,24.43,56,147,0.016329,0.0105,0.901,Attack,PORT_SCAN,1,6776,0,1
FLW-0004977,VPN-SES-00903,0x5729ad77,10.46,21,2430,232.31,1858.51,1858.51,112.77,16.59,85,136,1.084187,0.400109,0.554,ICMP,BENIGN,0,13,0,2
FLW-0004978,VPN-SES-00903,0x5729ad77,25.31,296,141773,5601.46,44811.69,44811.69,509.09,206.97,244,810,0.699486,0.682435,0.494,WhatsApp,BENIGN,0,295,0,0
FLW-0004979,VPN-SES-00903,0x5729ad77,44.11,589,266533,6042.46,48339.7,48339.7,488.62,691.06,40,1500,0.421864,0.533562,0.28,Web_Browsing,BENIGN,0,535,0,2
FLW-0004980,VPN-SES-00903,0x5729ad77,5.81,4107,594536,102329.78,818638.21,818638.21,154.36,40.8,103,240,0.020838,0.008175,0.872,Attack,DOS_FLOOD,1,14325,2,1
FLW-0004981,VPN-SES-00903,0x5729ad77,65.7,2321,363035,5525.65,44205.18,44205.18,156.49,37.86,96,220,0.034468,0.018818,0.471,VoIP,BENIGN,0,1853,0,1
FLW-0004982,VPN-SES-00903,0x5729ad77,37.24,970,144078,3868.9,30951.24,30951.24,150.5,49.77,46,212,0.06841,0.041893,0.432,VoIP,BENIGN,0,852,0,0
FLW-0004983,VPN-SES-00903,0x5729ad77,49.46,1395,1245468,25181.32,201450.55,201450.55,882.42,279.78,408,1467,0.439555,0.433713,0.366,Email_IMAP,BENIGN,0,1189,0,0
FLW-0004984,VPN-SES-00904,0x2a2f9c4d,106.65,24441,38942736,365145.2,2921161.63,2921161.63,1465.03,163.76,1157,1500,0.022989,0.007732,0.887,Attack,DATA_EXFILTRATION,1,73547,1,3
FLW-0004985,VPN-SES-00904,0x2a2f9c4d,30.19,28097,3113473,103129.28,825034.25,825034.25,108.7,37.4,53,160,0.008017,0.003783,0.96,Attack,DOS_FLOOD,1,155037,4,2
FLW-0004986,VPN-SES-00904,0x2a2f9c4d,135.88,447,106291,782.24,6257.93,6257.93,238.08,221.72,40,639,1.330837,1.160067,0.435,WhatsApp,BENIGN,0,461,0,0
FLW-0004987,VPN-SES-00904,0x2a2f9c4d,174.96,13712,16728346,95612.4,764899.22,764899.22,1247.12,274.96,882,1500,0.075905,0.054968,0.081,Video_Streaming,BENIGN,0,18991,0,0
FLW-0004988,VPN-SES-00904,0x2a2f9c4d,18.32,306,301248,16443.67,131549.34,131549.34,1011.84,528.36,141,1500,1.376887,1.741174,0.594,Email_IMAP,BENIGN,0,316,0,1
FLW-0004989,VPN-SES-00904,0x2a2f9c4d,23.21,276,175816,7575.01,60600.09,60600.09,605.45,574.29,40,1500,0.328438,0.283661,0.288,Web_Browsing,BENIGN,0,366,0,0
FLW-0004990,VPN-SES-00905,0x350e2e39,33.88,501,503570,14863.34,118906.73,118906.73,969.24,556.76,40,1500,0.433195,0.638631,0.184,Web_Browsing,BENIGN,0,486,0,1
FLW-0004991,VPN-SES-00905,0x350e2e39,22.11,2484,287488,13002.62,104020.99,104020.99,109.53,29.62,49,147,0.046523,0.059064,0.866,Attack,PORT_SCAN,1,5064,2,2
FLW-0004992,VPN-SES-00905,0x350e2e39,264.94,712,115901,437.46,3499.69,3499.69,174.02,96.37,40,357,5.010379,3.748142,0.603,Attack,C2_BEACONING,1,735,1,0
FLW-0004993,VPN-SES-00905,0x350e2e39,94.51,2360,350167,3705.08,29640.63,29640.63,149.67,35.32,72,194,0.039581,0.017559,0.401,VoIP,BENIGN,0,2676,0,3
FLW-0004994,VPN-SES-00906,0xa2e17ce5,9.68,150,118370,12228.31,97826.45,97826.45,849.89,408.48,40,1500,1.188968,0.933067,0.549,Email_IMAP,BENIGN,0,162,0,1
FLW-0004995,VPN-SES-00906,0xa2e17ce5,26.11,55,4815,184.41,1475.3,1475.3,88.82,17.44,61,124,1.86462,0.510203,0.534,ICMP,BENIGN,0,31,0,1
FLW-0004996,VPN-SES-00906,0xa2e17ce5,57.8,710,238409,4124.72,32997.79,32997.79,369.6,193.29,105,732,0.592396,0.384329,0.655,WhatsApp,BENIGN,0,855,0,0
FLW-0004997,VPN-SES-00907,0xd6ed940c,14.89,1989,145963,9802.75,78422.03,78422.03,79.63,29.39,40,125,0.073061,0.071344,0.786,Attack,PORT_SCAN,1,5144,0,4
FLW-0004998,VPN-SES-00907,0xd6ed940c,13.98,13601,1618430,115767.53,926140.2,926140.2,120.27,54.75,45,200,0.005568,0.003319,0.98,Attack,DOS_FLOOD,1,50267,1,1
FLW-0004999,VPN-SES-00907,0xd6ed940c,39.7,465,368335,9277.96,74223.68,74223.68,838.27,388.68,40,1416,0.881655,0.848859,0.565,Email_IMAP,BENIGN,0,428,1,0
FLW-0005000,VPN-SES-00907,0xd6ed940c,26.93,119,49517,1838.73,14709.84,14709.84,448.68,565.11,40,1500,1.268406,1.258503,0.47,Email_IMAP,BENIGN,0,123,0,2
FLW-0005001,VPN-SES-00907,0xd6ed940c,75.13,3465,534573,7115.31,56922.45,56922.45,159.81,72.95,40,319,0.099251,0.06771,0.499,VoIP,BENIGN,0,2702,0,0
FLW-0005002,VPN-SES-00907,0xd6ed940c,70.53,1606,747495,10598.26,84786.05,84786.05,486.91,445.37,40,1077,0.716691,0.743552,0.512,Web_Browsing,BENIGN,0,1501,0,2
FLW-0005003,VPN-SES-00907,0xd6ed940c,10.66,253,43063,4039.68,32317.45,32317.45,158.04,42.17,84,218,0.061301,0.037922,0.448,VoIP,BENIGN,0,203,0,0
FLW-0005004,VPN-SES-00907,0xd6ed940c,74.8,1504,1438865,19236.16,153889.3,153889.3,915.54,590.45,94,1500,0.598797,0.515193,0.394,Web_Browsing,BENIGN,0,2118,0,1
FLW-0005005,VPN-SES-00908,0x60905784,178.22,278,56986,319.75,2558.01,2558.01,222.4,90.88,69,420,5.934974,2.781204,0.488,Attack,C2_BEACONING,1,309,0,2
FLW-0005006,VPN-SES-00908,0x60905784,31.93,844,722523,22628.34,181026.75,181026.75,787.69,498.48,67,1482,0.798214,0.717514,0.522,Email_IMAP,BENIGN,0,619,0,1
FLW-0005007,VPN-SES-00908,0x60905784,30.93,3182,4659897,150659.46,1205275.65,1205275.65,1356.26,203.21,953,1500,0.021174,0.017234,0.853,Attack,DATA_EXFILTRATION,1,8011,0,1
FLW-0005008,VPN-SES-00909,0xcf6f6cc4,246.5,308,58752,238.34,1906.76,1906.76,185.96,64.14,106,278,5.442386,4.628356,0.499,Attack,C2_BEACONING,1,355,0,1
FLW-0005009,VPN-SES-00909,0xcf6f6cc4,17.9,3632,262341,14655.92,117247.37,117247.37,79.94,31.59,40,134,0.028811,0.01968,0.81,Attack,PORT_SCAN,1,9324,0,5
FLW-0005010,VPN-SES-00909,0xcf6f6cc4,50.0,870,229852,4597.04,36776.32,36776.32,285.39,197.91,40,694,0.92343,1.248683,0.41,WhatsApp,BENIGN,0,1045,1,0
FLW-0005011,VPN-SES-00910,0x1944c6e5,9.57,355,95720,10002.09,80016.72,80016.72,260.0,97.25,68,460,0.264058,0.194671,0.419,Attack,BRUTE_FORCE,1,707,0,0
FLW-0005012,VPN-SES-00910,0x1944c6e5,27.56,406,401675,14574.56,116596.52,116596.52,1076.93,229.54,576,1393,1.764067,1.760953,0.512,Email_IMAP,BENIGN,0,415,0,1
FLW-0005013,VPN-SES-00910,0x1944c6e5,152.7,2050,956213,6262.04,50096.29,50096.29,453.21,271.96,40,957,0.565785,0.547121,0.422,WhatsApp,BENIGN,0,2280,0,0
FLW-0005014,VPN-SES-00910,0x1944c6e5,24.88,302,268947,10809.77,86478.14,86478.14,904.13,418.98,69,1500,0.766345,0.925738,0.509,Email_IMAP,BENIGN,0,365,0,2
FLW-0005015,VPN-SES-00910,0x1944c6e5,22.97,3254,414377,18039.92,144319.37,144319.37,124.71,40.98,52,201,0.016742,0.011023,0.83,Attack,PORT_SCAN,1,10106,0,2
FLW-0005016,VPN-SES-00910,0x1944c6e5,135.05,7197,1007467,7459.96,59679.64,59679.64,139.85,43.73,47,199,0.053312,0.027973,0.376,VoIP,BENIGN,0,7146,1,1
FLW-0005017,VPN-SES-00911,0x84bc14f1,27.7,49586,6239941,225268.63,1802149.03,1802149.03,125.97,26.37,73,172,0.004947,0.002021,0.972,Attack,DOS_FLOOD,1,185834,1,1
FLW-0005018,VPN-SES-00911,0x84bc14f1,23.66,1314,194900,8237.53,65900.25,65900.25,150.25,50.01,58,232,0.043064,0.015779,0.454,VoIP,BENIGN,0,1578,1,1
FLW-0005019,VPN-SES-00911,0x84bc14f1,45.44,843,680421,14974.05,119792.43,119792.43,735.99,351.86,297,1224,0.416017,0.28124,0.551,Email_IMAP,BENIGN,0,760,0,1
FLW-0005020,VPN-SES-00911,0x84bc14f1,6.65,645,41351,6218.2,49745.56,49745.56,67.94,26.64,40,116,0.015598,0.010592,0.803,Attack,PORT_SCAN,1,2198,0,3
FLW-0005021,VPN-SES-00911,0x84bc14f1,29.86,361,233675,7825.69,62605.49,62605.49,610.06,493.18,40,1500,0.929963,0.960737,0.365,Web_Browsing,BENIGN,0,397,0,0
FLW-0005022,VPN-SES-00911,0x84bc14f1,36.47,1171,665892,18258.62,146068.99,146068.99,544.93,275.24,147,961,0.220193,0.195974,0.345,Web_Browsing,BENIGN,0,1608,0,0
FLW-0005023,VPN-SES-00911,0x84bc14f1,71.87,11050,12476055,173591.97,1388735.77,1388735.77,1245.62,173.35,942,1500,0.049259,0.051271,0.175,Video_Streaming,BENIGN,0,19278,0,2
FLW-0005024,VPN-SES-00912,0x94dc0f43,107.15,4447,733855,6848.86,54790.85,54790.85,161.14,36.11,117,213,0.045449,0.011115,0.566,VoIP,BENIGN,0,4699,0,3
FLW-0005025,VPN-SES-00912,0x94dc0f43,121.65,6685,862645,7091.2,56729.63,56729.63,134.38,30.05,81,171,0.036407,0.024838,0.423,VoIP,BENIGN,0,5100,0,0
FLW-0005026,VPN-SES-00912,0x94dc0f43,17.37,67,5575,320.96,2567.65,2567.65,91.88,26.64,57,132,0.720358,0.271241,0.475,ICMP,BENIGN,0,52,0,3
FLW-0005027,VPN-SES-00912,0x94dc0f43,165.94,1541,537167,3237.12,25896.93,25896.93,341.04,160.8,138,654,0.861219,0.789687,0.471,WhatsApp,BENIGN,0,1694,0,1
FLW-0005028,VPN-SES-00912,0x94dc0f43,124.21,6595,1033966,8324.34,66594.7,66594.7,156.6,50.97,66,264,0.054328,0.025609,0.545,VoIP,BENIGN,0,7261,0,1
FLW-0005029,VPN-SES-00912,0x94dc0f43,34.62,694,298426,8620.05,68960.37,68960.37,417.19,275.59,40,966,0.994876,1.030156,0.452,WhatsApp,BENIGN,0,799,1,0
FLW-0005030,VPN-SES-00913,0x4769a784,61.56,1983,1418919,23049.37,184394.93,184394.93,677.21,404.6,157,1339,0.29643,0.200862,0.557,Email_IMAP,BENIGN,0,1933,0,3
FLW-0005031,VPN-SES-00913,0x4769a784,113.1,2083,2069507,18298.03,146384.23,146384.23,976.23,462.78,249,1500,0.45494,0.476123,0.379,Web_Browsing,BENIGN,0,2905,0,1
FLW-0005032,VPN-SES-00913,0x4769a784,110.0,1115,181640,1651.27,13210.18,13210.18,155.95,281.75,40,725,0.522951,0.545531,0.611,WhatsApp,BENIGN,0,977,0,1
FLW-0005033,VPN-SES-00913,0x4769a784,45.4,1168,174039,3833.46,30667.67,30667.67,157.51,60.85,71,249,0.049079,0.011499,0.571,VoIP,BENIGN,0,1329,0,1
FLW-0005034,VPN-SES-00914,0xfce64222,48.79,982,432874,8872.19,70977.5,70977.5,474.95,462.07,40,1335,0.688374,0.537824,0.421,Email_IMAP,BENIGN,0,957,0,0
FLW-0005035,VPN-SES-00914,0xfce64222,30.31,852,217221,7166.64,57333.16,57333.16,250.24,81.34,93,423,0.228666,0.176456,0.533,Attack,BRUTE_FORCE,1,1364,0,1
FLW-0005036,VPN-SES-00914,0xfce64222,62.63,1986,338386,5402.94,43223.5,43223.5,159.03,49.62,65,258,0.043994,0.022532,0.535,VoIP,BENIGN,0,1664,0,1
FLW-0005037,VPN-SES-00915,0x74a8da03,24.52,218,120494,4914.11,39312.89,39312.89,536.9,508.85,40,1436,0.821163,0.880002,0.511,Email_IMAP,BENIGN,0,226,0,1
FLW-0005038,VPN-SES-00915,0x74a8da03,16.96,71,8234,485.5,3883.96,3883.96,112.38,28.36,68,168,0.614062,0.216067,0.332,ICMP,BENIGN,0,53,1,0
FLW-0005039,VPN-SES-00915,0x74a8da03,28.93,16612,2412573,83393.47,667147.74,667147.74,134.83,49.74,40,198,0.006278,0.002474,0.912,Attack,DOS_FLOOD,1,88876,2,0
FLW-0005040,VPN-SES-00915,0x74a8da03,130.8,2375,680983,5206.29,41650.34,41650.34,313.1,83.39,135,444,1.458116,2.054767,0.425,WhatsApp,BENIGN,0,2688,0,1
FLW-0005041,VPN-SES-00915,0x74a8da03,62.72,882,191395,3051.58,24412.63,24412.63,204.26,317.97,40,890,0.687309,1.056206,0.526,WhatsApp,BENIGN,0,719,0,3
FLW-0005042,VPN-SES-00915,0x74a8da03,27.96,1181,1261345,45112.48,360899.86,360899.86,1040.97,411.18,288,1500,0.305756,0.330901,0.309,Web_Browsing,BENIGN,0,1030,0,3
FLW-0005043,VPN-SES-00915,0x74a8da03,42.7,1339,158805,3719.09,29752.69,29752.69,120.63,50.34,40,193,0.058456,0.027079,0.346,VoIP,BENIGN,0,1758,0,0
FLW-0005044,VPN-SES-00916,0x3c7350ca,24.66,331,107455,4357.46,34859.69,34859.69,343.41,237.53,40,856,0.570251,0.452747,0.575,WhatsApp,BENIGN,0,243,1,1
FLW-0005045,VPN-SES-00916,0x3c7350ca,57.83,2960,1188366,20549.3,164394.4,164394.4,392.44,133.31,228,566,0.173792,0.138741,0.498,Attack,BRUTE_FORCE,1,6544,0,3
FLW-0005046,VPN-SES-00916,0x3c7350ca,12.6,23,2267,179.92,1439.37,1439.37,102.11,19.7,63,129,0.921559,0.295007,0.54,ICMP,BENIGN,0,15,0,0
FLW-0005047,VPN-SES-00916,0x3c7350ca,5.94,8592,1220223,205424.75,1643397.98,1643397.98,137.5,63.44,59,255,0.011613,0.005302,0.975,Attack,DOS_FLOOD,1,39020,4,1
FLW-0005048,VPN-SES-00916,0x3c7350ca,233.05,16896,19946093,85587.18,684697.46,684697.46,1183.15,243.47,659,1500,0.038765,0.029296,0.069,Video_Streaming,BENIGN,0,28482,0,1
FLW-0005049,VPN-SES-00917,0xea8bb7f5,37.5,449,143149,3817.31,30538.45,30538.45,290.32,245.09,40,764,1.197015,1.308284,0.435,WhatsApp,BENIGN,0,464,0,1
FLW-0005050,VPN-SES-00917,0xea8bb7f5,8.14,1321,123746,15202.21,121617.69,121617.69,98.83,36.68,40,144,0.025985,0.015478,0.817,Attack,PORT_SCAN,1,4441,0,0
FLW-0005051,VPN-SES-00917,0xea8bb7f5,310.93,351,61243,196.97,1575.74,1575.74,192.52,95.53,40,337,3.913059,2.050123,0.604,Attack,C2_BEACONING,1,458,0,1
FLW-0005052,VPN-SES-00917,0xea8bb7f5,77.43,2417,2642633,34129.32,273034.53,273034.53,1079.88,394.98,398,1500,0.559534,0.600729,0.23,Web_Browsing,BENIGN,0,2079,0,1
FLW-0005053,VPN-SES-00917,0xea8bb7f5,12.03,7753,1027304,85395.18,683161.43,683161.43,122.4,37.74,54,197,0.007175,0.005765,0.834,Attack,DOS_FLOOD,1,25377,4,6
FLW-0005054,VPN-SES-00917,0xea8bb7f5,13.07,92,93730,7171.38,57371.08,57371.08,974.04,525.49,40,1500,1.132267,1.057895,0.624,Email_IMAP,BENIGN,0,113,0,0
FLW-0005055,VPN-SES-00917,0xea8bb7f5,48.67,2145,297871,6120.22,48961.74,48961.74,128.21,54.11,40,221,0.055788,0.040331,0.622,VoIP,BENIGN,0,2562,0,1
FLW-0005056,VPN-SES-00918,0xe26b24e9,79.94,3216,503353,6296.63,50373.08,50373.08,165.7,44.93,74,225,0.039519,0.029843,0.587,VoIP,BENIGN,0,3020,0,2
FLW-0005057,VPN-SES-00918,0xe26b24e9,41.99,11224,16488486,392676.49,3141411.96,3141411.96,1349.04,242.17,1033,1500,0.018498,0.013392,0.98,Attack,DATA_EXFILTRATION,1,34496,1,3
FLW-0005058,VPN-SES-00918,0xe26b24e9,68.41,2568,411142,6009.97,48079.75,48079.75,159.02,41.91,106,240,0.073729,0.030343,0.558,VoIP,BENIGN,0,2603,0,0
FLW-0005059,VPN-SES-00918,0xe26b24e9,54.52,7704,8722922,159994.9,1279959.21,1279959.21,1227.93,317.84,642,1500,0.029927,0.025532,0.184,Video_Streaming,BENIGN,0,12137,1,0
FLW-0005060,VPN-SES-00918,0xe26b24e9,13.38,27,3183,237.89,1903.14,1903.14,111.3,32.27,51,182,0.744752,0.278136,0.439,ICMP,BENIGN,0,28,1,1
FLW-0005061,VPN-SES-00918,0xe26b24e9,14.21,744,267309,18811.33,150490.64,150490.64,340.83,146.31,118,645,0.222853,0.199639,0.755,Attack,BRUTE_FORCE,1,1689,0,3
FLW-0005062,VPN-SES-00919,0x3630fc95,20.56,684,292583,14230.69,113845.53,113845.53,445.75,527.94,40,1331,0.412,0.32556,0.536,Email_IMAP,BENIGN,0,818,0,1
FLW-0005063,VPN-SES-00919,0x3630fc95,20.8,711,482903,23216.49,185731.92,185731.92,734.11,329.83,80,1294,0.256184,0.316991,0.214,Web_Browsing,BENIGN,0,1021,0,0
FLW-0005064,VPN-SES-00919,0x3630fc95,23.49,557,413210,17590.89,140727.12,140727.12,757.09,437.15,40,1334,0.270578,0.172104,0.164,Web_Browsing,BENIGN,0,499,0,1
FLW-0005065,VPN-SES-00919,0x3630fc95,188.77,25763,33238074,176077.1,1408616.79,1408616.79,1285.41,260.3,814,1500,0.050108,0.052454,0.072,Video_Streaming,BENIGN,0,37508,0,1
FLW-0005066,VPN-SES-00919,0x3630fc95,19.92,95,11362,570.38,4563.05,4563.05,128.04,13.55,103,152,0.89663,0.514136,0.438,ICMP,BENIGN,0,60,0,1
FLW-0005067,VPN-SES-00919,0x3630fc95,3.74,1000,81679,21839.3,174714.44,174714.44,84.44,31.04,40,152,0.054817,0.031044,0.72,Attack,PORT_SCAN,1,3403,0,0
FLW-0005068,VPN-SES-00919,0x3630fc95,7.91,758,57066,7214.41,57715.3,57715.3,78.57,23.5,40,107,0.045139,0.032059,0.76,Attack,PORT_SCAN,1,1558,0,1
FLW-0005069,VPN-SES-00920,0xc520d86a,107.0,534,133659,1249.15,9993.2,9993.2,267.14,154.63,80,565,0.98145,1.052108,0.413,WhatsApp,BENIGN,0,632,0,1
FLW-0005070,VPN-SES-00920,0xc520d86a,158.32,646,182825,1154.78,9238.25,9238.25,310.4,311.93,40,733,1.365392,1.460497,0.531,WhatsApp,BENIGN,0,608,0,1
FLW-0005071,VPN-SES-00920,0xc520d86a,7.49,79,71299,9519.23,76153.81,76153.81,891.27,308.06,219,1411,0.38138,0.345725,0.506,Email_IMAP,BENIGN,0,102,0,1
FLW-0005072,VPN-SES-00921,0xc696d9a5,17.36,11998,1463365,84295.22,674361.75,674361.75,128.31,36.52,82,197,0.004844,0.003116,0.85,Attack,DOS_FLOOD,1,45039,4,3
FLW-0005073,VPN-SES-00921,0xc696d9a5,27.61,1007,151903,5501.74,44013.91,44013.91,146.49,70.06,59,275,0.05022,0.034501,0.476,VoIP,BENIGN,0,862,0,1
FLW-0005074,VPN-SES-00921,0xc696d9a5,40.36,861,600347,14874.8,118998.41,118998.41,706.96,484.76,40,1500,0.482127,0.541317,0.535,Email_IMAP,BENIGN,0,622,0,0
FLW-0005075,VPN-SES-00922,0xd50201ee,31.38,99,7454,237.54,1900.32,1900.32,82.0,25.61,40,130,0.561659,0.097447,0.496,ICMP,BENIGN,0,85,0,0
FLW-0005076,VPN-SES-00922,0xd50201ee,4.4,8,937,212.95,1703.64,1703.64,107.06,24.54,59,156,0.802798,0.492187,0.588,ICMP,BENIGN,0,5,0,0
FLW-0005077,VPN-SES-00922,0xd50201ee,212.75,2210,468148,2200.46,17603.69,17603.69,213.78,156.31,40,456,0.860783,0.90872,0.581,WhatsApp,BENIGN,0,1646,0,0
FLW-0005078,VPN-SES-00923,0x47ea3dc9,60.59,4434,5798936,95707.81,765662.45,765662.45,1280.68,210.21,835,1500,0.049219,0.048677,0.194,Video_Streaming,BENIGN,0,5773,0,2
FLW-0005079,VPN-SES-00923,0x47ea3dc9,9.97,2481,260512,26129.59,209036.71,209036.71,100.8,29.42,55,142,0.045569,0.027517,0.816,Attack,PORT_SCAN,1,6451,1,2
FLW-0005080,VPN-SES-00923,0x47ea3dc9,145.34,24432,37449126,257665.65,2061325.22,2061325.22,1464.98,228.09,1117,1500,0.022267,0.015427,0.874,Attack,DATA_EXFILTRATION,1,54522,1,2
FLW-0005081,VPN-SES-00923,0x47ea3dc9,63.08,3088,772511,12246.53,97972.23,97972.23,257.17,103.58,113,382,0.134881,0.126949,0.603,Attack,BRUTE_FORCE,1,5817,0,2
FLW-0005082,VPN-SES-00923,0x47ea3dc9,355.36,57991,66450306,186994.33,1495954.66,1495954.66,1236.87,100.67,1090,1381,0.06348,0.054587,0.068,Video_Streaming,BENIGN,0,71168,1,0
FLW-0005083,VPN-SES-00924,0x3bd93d32,89.69,2421,1971458,21980.8,175846.4,175846.4,815.55,364.34,210,1500,0.333298,0.236982,0.391,Web_Browsing,BENIGN,0,2473,0,1
FLW-0005084,VPN-SES-00924,0x3bd93d32,25.72,2041,2621003,101905.25,815241.99,815241.99,1425.45,271.14,1075,1500,0.060227,0.053985,0.172,Video_Streaming,BENIGN,0,2590,0,1
FLW-0005085,VPN-SES-00924,0x3bd93d32,449.29,511,137459,305.95,2447.58,2447.58,273.1,46.78,202,358,8.182857,4.583153,0.385,Attack,C2_BEACONING,1,498,0,1
FLW-0005086,VPN-SES-00924,0x3bd93d32,183.04,382,66729,364.56,2916.48,2916.48,180.5,81.27,40,342,5.010775,2.559665,0.608,Attack,C2_BEACONING,1,571,1,4
FLW-0005087,VPN-SES-00924,0x3bd93d32,6.7,33,3785,564.93,4519.4,4519.4,113.64,26.85,70,146,1.146695,0.470292,0.531,ICMP,BENIGN,0,28,0,0
FLW-0005088,VPN-SES-00924,0x3bd93d32,188.71,25192,31267655,165691.56,1325532.51,1325532.51,1338.05,284.44,835,1500,0.027439,0.011325,0.21,Video_Streaming,BENIGN,0,37151,1,0
FLW-0005089,VPN-SES-00924,0x3bd93d32,18.83,427,118957,6317.42,50539.35,50539.35,294.62,88.51,126,488,0.218531,0.142763,0.48,Attack,BRUTE_FORCE,1,860,0,3
FLW-0005090,VPN-SES-00924,0x3bd93d32,88.62,5207,672642,7590.18,60721.46,60721.46,131.46,70.48,40,284,0.104289,0.094506,0.523,VoIP,BENIGN,0,6082,0,0
FLW-0005091,VPN-SES-00925,0x1848d0e8,15.6,23771,2469640,158310.26,1266482.05,1266482.05,115.1,29.64,61,162,0.005464,0.00237,0.934,Attack,DOS_FLOOD,1,124428,2,4
FLW-0005092,VPN-SES-00925,0x1848d0e8,13.19,10218,1289304,97748.6,781988.78,781988.78,124.92,64.42,40,206,0.006736,0.002936,0.815,Attack,DOS_FLOOD,1,35210,1,1
FLW-0005093,VPN-SES-00925,0x1848d0e8,26.57,5767,6780486,255193.3,2041546.41,2041546.41,1219.83,249.55,858,1500,0.024717,0.014381,0.145,Video_Streaming,BENIGN,0,9863,0,1
FLW-0005094,VPN-SES-00925,0x1848d0e8,6.44,41,4134,641.93,5135.4,5135.4,103.9,23.92,56,148,0.953113,0.400608,0.404,ICMP,BENIGN,0,31,0,2
FLW-0005095,VPN-SES-00925,0x1848d0e8,67.87,559,132899,1958.14,15665.12,15665.12,241.15,229.45,40,606,1.139924,1.353947,0.431,WhatsApp,BENIGN,0,549,0,0
FLW-0005096,VPN-SES-00925,0x1848d0e8,373.6,192,38799,103.85,830.81,830.81,197.35,86.41,82,377,6.764983,4.527158,0.622,Attack,C2_BEACONING,1,237,0,0
FLW-0005097,VPN-SES-00925,0x1848d0e8,83.49,1938,261199,3128.51,25028.05,25028.05,144.61,25.48,100,193,0.053992,0.043932,0.493,VoIP,BENIGN,0,2148,1,2
FLW-0005098,VPN-SES-00925,0x1848d0e8,33.65,389,144268,4287.31,34298.48,34298.48,384.09,199.44,40,648,0.838426,0.798008,0.405,WhatsApp,BENIGN,0,285,0,2
FLW-0005099,VPN-SES-00926,0xf65cb372,93.67,3632,473871,5058.94,40471.53,40471.53,132.14,53.49,60,211,0.032776,0.017219,0.497,VoIP,BENIGN,0,3194,0,0
FLW-0005100,VPN-SES-00926,0xf65cb372,66.77,602,532095,7969.07,63752.58,63752.58,840.06,403.8,40,1431,0.280178,0.281237,0.295,Web_Browsing,BENIGN,0,796,0,1
FLW-0005101,VPN-SES-00926,0xf65cb372,36.25,1386,759793,20959.81,167678.46,167678.46,572.31,378.38,91,1244,0.443968,0.389507,0.31,Web_Browsing,BENIGN,0,1258,0,0
FLW-0005102,VPN-SES-00926,0xf65cb372,55.81,2902,378955,6790.09,54320.73,54320.73,137.35,48.65,44,213,0.017767,0.010357,0.578,VoIP,BENIGN,0,3575,0,0
FLW-0005103,VPN-SES-00926,0xf65cb372,19.82,779,424588,21422.2,171377.6,171377.6,517.87,459.23,40,1086,0.212163,0.181123,0.39,Web_Browsing,BENIGN,0,664,0,2
FLW-0005104,VPN-SES-00927,0xe483c353,16.45,107,9810,596.35,4770.82,4770.82,89.59,29.2,54,129,1.272786,0.359853,0.587,ICMP,BENIGN,0,80,0,1
FLW-0005105,VPN-SES-00927,0xe483c353,35.35,904,129921,3675.28,29402.21,29402.21,147.54,43.05,54,236,0.081121,0.033672,0.363,VoIP,BENIGN,0,779,0,1
FLW-0005106,VPN-SES-00927,0xe483c353,221.45,38622,42441145,191651.14,1533209.12,1533209.12,1214.94,282.98,681,1500,0.042175,0.026558,0.109,Video_Streaming,BENIGN,0,48416,0,0
FLW-0005107,VPN-SES-00927,0xe483c353,176.2,20810,27560976,156418.71,1251349.65,1251349.65,1221.25,142.64,925,1455,0.035374,0.016579,0.912,Attack,DATA_EXFILTRATION,1,57588,3,4
FLW-0005108,VPN-SES-00927,0xe483c353,290.52,36047,59059216,203287.95,1626303.62,1626303.62,1500.0,218.45,1181,1500,0.036834,0.018539,0.02,Video_Streaming,BENIGN,0,41516,0,0
FLW-0005109,VPN-SES-00927,0xe483c353,135.83,15151,17157372,126315.04,1010520.33,1010520.33,1232.65,166.72,1029,1500,0.017901,0.011636,0.147,Video_Streaming,BENIGN,0,25342,0,1
FLW-0005110,VPN-SES-00927,0xe483c353,29.13,1050,228551,7845.9,62767.18,62767.18,235.22,89.61,42,359,0.078496,0.046668,0.573,Attack,BRUTE_FORCE,1,2555,0,3
FLW-0005111,VPN-SES-00928,0x6701384b,156.0,1546,277289,1777.49,14219.95,14219.95,164.98,203.76,40,513,1.357412,1.431191,0.535,WhatsApp,BENIGN,0,1852,0,1
FLW-0005112,VPN-SES-00928,0x6701384b,32.45,351,50757,1564.16,12513.28,12513.28,154.04,281.3,40,748,1.050579,0.730864,0.412,Email_IMAP,BENIGN,0,364,0,1
FLW-0005113,VPN-SES-00928,0x6701384b,199.64,309,98293,492.35,3938.81,3938.81,309.23,107.13,164,438,7.568058,5.409301,0.423,Attack,C2_BEACONING,1,384,0,3
FLW-0005114,VPN-SES-00928,0x6701384b,26.85,1471,176423,6570.69,52565.51,52565.51,131.39,50.71,40,192,0.05123,0.014118,0.621,VoIP,BENIGN,0,1297,0,1
FLW-0005115,VPN-SES-00928,0x6701384b,64.6,1362,1082556,16757.83,134062.66,134062.66,766.03,439.44,40,1500,0.496254,0.483706,0.656,Email_IMAP,BENIGN,0,1078,0,1
FLW-0005116,VPN-SES-00929,0xc4ea3411,125.78,15742,18522604,147261.92,1178095.34,1178095.34,1103.46,151.53,911,1293,0.06044,0.055691,0.069,Video_Streaming,BENIGN,0,26060,0,0
FLW-0005117,VPN-SES-00929,0xc4ea3411,66.67,1223,809742,12145.52,97164.18,97164.18,674.11,253.41,201,1093,0.3958,0.321709,0.259,Web_Browsing,BENIGN,0,1651,0,1
FLW-0005118,VPN-SES-00929,0xc4ea3411,53.93,2582,419787,7783.92,62271.39,62271.39,149.59,36.09,71,203,0.038675,0.017555,0.538,VoIP,BENIGN,0,2722,0,0
FLW-0005119,VPN-SES-00929,0xc4ea3411,63.83,617,242865,3804.87,30438.98,30438.98,398.63,219.92,76,772,0.496865,0.391128,0.463,WhatsApp,BENIGN,0,703,0,1
FLW-0005120,VPN-SES-00929,0xc4ea3411,27.44,560,80843,2946.17,23569.39,23569.39,138.5,49.44,40,218,0.084544,0.061331,0.4,VoIP,BENIGN,0,515,0,1
FLW-0005121,VPN-SES-00929,0xc4ea3411,36.04,445,245320,6806.88,54455.05,54455.05,561.43,531.04,40,1500,0.585745,0.569419,0.548,Email_IMAP,BENIGN,0,369,0,2
FLW-0005122,VPN-SES-00929,0xc4ea3411,34.28,1794,1112072,32440.84,259526.72,259526.72,575.06,352.72,40,1263,0.650591,0.932632,0.409,Web_Browsing,BENIGN,0,2580,0,2
FLW-0005123,VPN-SES-00930,0x8130de2d,123.68,2420,271690,2196.72,17573.74,17573.74,122.82,48.28,43,214,0.052509,0.019237,0.528,VoIP,BENIGN,0,2839,0,0
FLW-0005124,VPN-SES-00930,0x8130de2d,62.11,12603,16188228,260638.03,2085104.23,2085104.23,1366.83,339.62,928,1500,0.04523,0.046012,0.089,Video_Streaming,BENIGN,0,18138,0,1
FLW-0005125,VPN-SES-00930,0x8130de2d,146.5,27538,40897392,279163.09,2233304.68,2233304.68,1451.84,239.81,1119,1500,0.016265,0.006226,0.93,Attack,DATA_EXFILTRATION,1,68935,0,4
FLW-0005126,VPN-SES-00930,0x8130de2d,62.19,8119,10027248,161235.7,1289885.58,1289885.58,1306.39,190.23,1027,1500,0.037176,0.014636,0.896,Attack,DATA_EXFILTRATION,1,30313,0,3
FLW-0005127,VPN-SES-00930,0x8130de2d,24.76,1009,147102,5941.11,47528.92,47528.92,147.0,56.8,75,267,0.044963,0.025067,0.481,VoIP,BENIGN,0,793,0,1
FLW-0005128,VPN-SES-00930,0x8130de2d,35.39,848,540703,15278.41,122227.3,122227.3,649.96,277.0,254,1084,0.408703,0.336997,0.593,Email_IMAP,BENIGN,0,1080,0,2
FLW-0005129,VPN-SES-00930,0x8130de2d,165.34,421,66574,402.65,3221.19,3221.19,167.48,78.6,40,307,4.058586,2.164875,0.607,Attack,C2_BEACONING,1,421,0,3
FLW-0005130,VPN-SES-00931,0xcd8fad35,34.39,116,9117,265.11,2120.85,2120.85,74.99,31.4,40,143,0.808488,0.35945,0.365,ICMP,BENIGN,0,75,0,0
FLW-0005131,VPN-SES-00931,0xcd8fad35,96.35,5850,713349,7403.73,59229.81,59229.81,120.07,48.15,40,202,0.048768,0.036363,0.395,VoIP,BENIGN,0,7224,0,0
FLW-0005132,VPN-SES-00931,0xcd8fad35,91.27,19198,24948990,273353.68,2186829.41,2186829.41,1353.13,217.27,1083,1500,0.032194,0.015368,0.755,Attack,DATA_EXFILTRATION,1,71682,1,1
FLW-0005133,VPN-SES-00931,0xcd8fad35,11.06,97,8492,767.81,6142.5,6142.5,84.13,28.64,40,142,0.58551,0.116746,0.551,ICMP,BENIGN,0,63,0,1
FLW-0005134,VPN-SES-00932,0x936bd2f7,64.7,383,164713,2545.8,20366.37,20366.37,431.75,142.41,161,635,0.557934,0.579188,0.442,WhatsApp,BENIGN,0,267,1,0
FLW-0005135,VPN-SES-00932,0x936bd2f7,3.25,10,6732,2071.38,16571.08,16571.08,699.3,407.33,40,1407,0.517103,0.480646,0.403,Email_IMAP,BENIGN,0,12,0,2
FLW-0005136,VPN-SES-00932,0x936bd2f7,68.3,12563,17147000,251054.17,2008433.38,2008433.38,1322.37,232.44,1004,1500,0.013977,0.007161,0.91,Attack,DATA_EXFILTRATION,1,30882,1,1
FLW-0005137,VPN-SES-00932,0x936bd2f7,20.9,72,8439,403.78,3230.24,3230.24,111.03,21.93,81,141,1.029677,0.264612,0.476,ICMP,BENIGN,0,48,0,1
FLW-0005138,VPN-SES-00933,0x56d55a99,232.16,15164,21128928,91010.2,728081.6,728081.6,1348.93,227.02,1071,1500,0.026542,0.010975,0.098,Video_Streaming,BENIGN,0,20337,0,1
FLW-0005139,VPN-SES-00933,0x56d55a99,21.81,436,209500,9605.69,76845.48,76845.48,500.37,474.68,40,1349,0.802191,0.749781,0.419,Web_Browsing,BENIGN,0,388,0,1
FLW-0005140,VPN-SES-00933,0x56d55a99,70.78,1092,449283,6347.6,50780.79,50780.79,450.2,334.72,40,972,0.667574,0.838213,0.394,Web_Browsing,BENIGN,0,1076,0,0
FLW-0005141,VPN-SES-00933,0x56d55a99,10.11,30,3137,310.29,2482.29,2482.29,101.45,29.85,44,142,1.589234,0.397139,0.536,ICMP,BENIGN,0,24,0,0
FLW-0005142,VPN-SES-00933,0x56d55a99,17.62,329,149387,8478.26,67826.11,67826.11,470.43,612.56,40,1500,0.520831,0.510185,0.447,Email_IMAP,BENIGN,0,417,0,1
FLW-0005143,VPN-SES-00933,0x56d55a99,26.24,208,22237,847.45,6779.57,6779.57,109.07,27.31,71,161,1.286606,0.621864,0.505,ICMP,BENIGN,0,158,0,0
FLW-0005144,VPN-SES-00933,0x56d55a99,121.62,2177,781061,6422.14,51377.14,51377.14,374.26,166.26,136,634,0.833283,0.820062,0.387,WhatsApp,BENIGN,0,1722,0,0
FLW-0005145,VPN-SES-00934,0xa2825cd8,27.28,652,307413,11268.8,90150.44,90150.44,434.76,537.7,40,1404,0.788008,0.694371,0.583,Email_IMAP,BENIGN,0,794,0,2
FLW-0005146,VPN-SES-00934,0xa2825cd8,3.46,19,2266,654.91,5239.31,5239.31,116.97,32.39,66,165,1.044202,0.430641,0.43,ICMP,BENIGN,0,14,0,0
FLW-0005147,VPN-SES-00934,0xa2825cd8,111.82,6450,968665,8662.72,69301.73,69301.73,137.4,31.5,86,178,0.03326,0.018902,0.481,VoIP,BENIGN,0,7237,0,1
FLW-0005148,VPN-SES-00935,0x290d7681,69.68,648,129879,1863.94,14911.48,14911.48,201.86,286.13,40,745,0.871983,1.163207,0.546,WhatsApp,BENIGN,0,602,0,1
FLW-0005149,VPN-SES-00935,0x290d7681,56.69,10847,15214919,268388.06,2147104.46,2147104.46,1309.25,351.68,639,1500,0.026103,0.015844,0.078,Video_Streaming,BENIGN,0,12847,0,0
FLW-0005150,VPN-SES-00935,0x290d7681,4.44,227,121205,27298.42,218387.39,218387.39,573.11,650.27,40,1500,0.334923,0.374295,0.357,Web_Browsing,BENIGN,0,244,0,0
FLW-0005151,VPN-SES-00935,0x290d7681,35.23,259,164388,4666.14,37329.09,37329.09,675.78,579.94,40,1500,0.754332,0.586383,0.525,Email_IMAP,BENIGN,0,194,0,0
FLW-0005152,VPN-SES-00935,0x290d7681,16.61,100,10075,606.56,4852.5,4852.5,98.08,22.85,66,143,1.229072,0.524358,0.581,ICMP,BENIGN,0,81,0,1
FLW-0005153,VPN-SES-00935,0x290d7681,29.69,39748,3436859,115758.13,926065.07,926065.07,88.37,23.95,51,134,0.003697,0.001852,0.946,Attack,DOS_FLOOD,1,212138,1,1
FLW-0005154,VPN-SES-00935,0x290d7681,56.36,4114,5713644,101377.64,811021.15,811021.15,1382.98,239.1,1093,1500,0.04825,0.032677,0.147,Video_Streaming,BENIGN,0,4860,1,1
FLW-0005155,VPN-SES-00935,0x290d7681,8.61,11,1483,172.24,1377.93,1377.93,123.9,30.23,68,163,0.758963,0.23317,0.451,ICMP,BENIGN,0,14,0,1
FLW-0005156,VPN-SES-00936,0xaf817220,61.2,2700,390983,6388.61,51108.89,51108.89,138.53,49.0,62,205,0.072217,0.03952,0.485,VoIP,BENIGN,0,3296,0,0
FLW-0005157,VPN-SES-00936,0xaf817220,77.85,4872,2948571,37875.03,303000.23,303000.23,661.1,279.96,267,1231,0.389604,0.402281,0.28,Web_Browsing,BENIGN,0,6550,0,0
FLW-0005158,VPN-SES-00936,0xaf817220,6.12,4504,549904,89853.59,718828.76,718828.76,126.57,39.18,69,190,0.002998,0.000875,0.854,Attack,DOS_FLOOD,1,24741,1,5
FLW-0005159,VPN-SES-00936,0xaf817220,32.7,2290,431304,13189.72,105517.8,105517.8,188.07,36.56,133,240,0.041958,0.028303,0.482,VoIP,BENIGN,0,2338,0,1
FLW-0005160,VPN-SES-00936,0xaf817220,37.97,1912,1495932,39397.74,315181.88,315181.88,841.87,466.67,40,1500,0.183897,0.195148,0.462,Web_Browsing,BENIGN,0,1964,0,0
FLW-0005161,VPN-SES-00936,0xaf817220,87.92,1601,251042,2855.35,22842.77,22842.77,149.22,46.52,91,239,0.059021,0.026603,0.614,VoIP,BENIGN,0,1621,0,0
FLW-0005162,VPN-SES-00936,0xaf817220,15.04,138,13156,874.73,6997.87,6997.87,102.43,21.78,60,131,1.988942,0.390609,0.508,ICMP,BENIGN,0,78,0,1
FLW-0005163,VPN-SES-00937,0x35c0eac3,51.85,897,883176,17033.29,136266.31,136266.31,955.95,308.48,585,1388,0.489002,0.471467,0.524,Email_IMAP,BENIGN,0,1018,0,0
FLW-0005164,VPN-SES-00937,0x35c0eac3,26.67,461,317424,11901.91,95215.3,95215.3,682.77,364.18,40,1345,0.799466,1.272005,0.416,Web_Browsing,BENIGN,0,460,0,1
FLW-0005165,VPN-SES-00937,0x35c0eac3,22.28,165,139255,6250.22,50001.8,50001.8,824.43,406.86,101,1500,1.070073,2.121963,0.39,Web_Browsing,BENIGN,0,176,0,0
FLW-0005166,VPN-SES-00937,0x35c0eac3,34.93,1459,864138,24739.14,197913.08,197913.08,546.7,388.55,40,1394,0.594818,0.601488,0.507,Web_Browsing,BENIGN,0,1744,0,3
FLW-0005167,VPN-SES-00938,0xa4a451d7,84.0,1226,905352,10778.0,86224.0,86224.0,759.9,593.91,40,1500,0.485288,0.447134,0.417,Web_Browsing,BENIGN,0,1131,0,0
FLW-0005168,VPN-SES-00938,0xa4a451d7,67.01,1695,599233,8942.44,71539.53,71539.53,349.65,222.23,40,765,1.227828,1.21141,0.58,WhatsApp,BENIGN,0,1155,0,1
FLW-0005169,VPN-SES-00938,0xa4a451d7,8.04,206,182255,22668.53,181348.26,181348.26,864.42,386.1,135,1440,0.580089,0.484242,0.502,Email_IMAP,BENIGN,0,223,0,1
FLW-0005170,VPN-SES-00938,0xa4a451d7,47.65,1931,273828,5746.65,45973.22,45973.22,144.63,29.45,85,207,0.035762,0.018834,0.576,VoIP,BENIGN,0,2253,0,0
FLW-0005171,VPN-SES-00938,0xa4a451d7,126.49,2135,645987,5107.02,40856.16,40856.16,330.03,219.57,40,707,0.643506,0.460304,0.48,WhatsApp,BENIGN,0,1483,0,1
FLW-0005172,VPN-SES-00938,0xa4a451d7,340.38,47704,69518451,204237.77,1633902.13,1633902.13,1500.0,260.95,994,1500,0.058164,0.053667,0.167,Video_Streaming,BENIGN,0,62768,0,0
FLW-0005173,VPN-SES-00938,0xa4a451d7,38.21,2160,328259,8590.92,68727.35,68727.35,149.9,38.13,72,206,0.021772,0.012662,0.498,VoIP,BENIGN,0,2858,0,1
FLW-0005174,VPN-SES-00939,0x36508e1a,15.19,191,70104,4615.14,36921.13,36921.13,362.99,257.16,40,755,1.187227,1.252217,0.458,WhatsApp,BENIGN,0,210,0,0
FLW-0005175,VPN-SES-00939,0x36508e1a,7.32,9,868,118.58,948.63,948.63,106.46,27.65,48,166,1.042737,0.603841,0.426,ICMP,BENIGN,0,12,0,3
FLW-0005176,VPN-SES-00939,0x36508e1a,18.13,26681,3361740,185424.16,1483393.27,1483393.27,126.6,19.68,84,159,0.003179,0.001098,0.98,Attack,DOS_FLOOD,1,102645,0,4
FLW-0005177,VPN-SES-00939,0x36508e1a,30.53,197,141799,4644.58,37156.63,37156.63,734.93,464.14,162,1500,0.339725,0.250909,0.393,Email_IMAP,BENIGN,0,212,0,0
FLW-0005178,VPN-SES-00939,0x36508e1a,34.45,34692,4051343,117600.67,940805.34,940805.34,117.66,32.92,69,161,0.00754,0.003843,0.931,Attack,DOS_FLOOD,1,124629,3,0
FLW-0005179,VPN-SES-00939,0x36508e1a,30.14,54118,6710544,222645.79,1781166.29,1781166.29,129.73,42.56,59,205,0.004388,0.001951,0.853,Attack,DOS_FLOOD,1,271856,3,3
FLW-0005180,VPN-SES-00939,0x36508e1a,29.29,54,5759,196.62,1572.96,1572.96,101.9,21.31,75,129,0.680255,0.170102,0.467,ICMP,BENIGN,0,47,0,1
FLW-0005181,VPN-SES-00939,0x36508e1a,46.69,1275,1053276,22558.92,180471.36,180471.36,810.72,318.48,277,1421,0.474394,0.488577,0.405,Email_IMAP,BENIGN,0,1201,1,0
FLW-0005182,VPN-SES-00940,0xac01a7de,14.33,216,247708,17285.97,138287.79,138287.79,1087.28,380.76,536,1500,0.915269,0.922611,0.422,Email_IMAP,BENIGN,0,249,0,0
FLW-0005183,VPN-SES-00940,0xac01a7de,190.27,14556,21327484,112090.63,896725.03,896725.03,1345.85,321.67,955,1500,0.060274,0.043385,0.02,Video_Streaming,BENIGN,0,19127,0,2
FLW-0005184,VPN-SES-00940,0xac01a7de,26.43,589,465357,17607.15,140857.21,140857.21,753.58,254.02,221,1282,0.624957,0.546859,0.536,Email_IMAP,BENIGN,0,494,0,0
FLW-0005185,VPN-SES-00940,0xac01a7de,183.21,3933,912172,4978.83,39830.66,39830.66,252.61,176.03,40,548,1.550406,1.130962,0.441,WhatsApp,BENIGN,0,3104,0,1
FLW-0005186,VPN-SES-00941,0xfefbf9a5,41.67,980,724883,17395.8,139166.4,139166.4,815.2,497.74,40,1500,0.524513,0.398839,0.511,Email_IMAP,BENIGN,0,827,0,1
FLW-0005187,VPN-SES-00941,0xfefbf9a5,15.63,67,7574,484.58,3876.65,3876.65,102.87,9.43,86,122,1.082375,0.375185,0.508,ICMP,BENIGN,0,42,0,0
FLW-0005188,VPN-SES-00941,0xfefbf9a5,30.83,142,15184,492.51,3940.06,3940.06,114.32,37.95,63,172,1.203311,0.395349,0.435,ICMP,BENIGN,0,71,0,1
FLW-0005189,VPN-SES-00941,0xfefbf9a5,67.48,10534,12166869,180303.33,1442426.67,1442426.67,1259.62,113.87,1050,1453,0.028129,0.020456,0.702,Attack,DATA_EXFILTRATION,1,40650,0,2
FLW-0005190,VPN-SES-00942,0x14fad688,121.2,11684,14307934,118052.26,944418.09,944418.09,1219.12,184.75,862,1486,0.031467,0.01672,0.844,Attack,DATA_EXFILTRATION,1,38474,0,1
FLW-0005191,VPN-SES-00942,0x14fad688,18.84,236,187748,9965.39,79723.14,79723.14,769.84,397.72,43,1356,0.536133,0.521797,0.533,Email_IMAP,BENIGN,0,253,0,1
FLW-0005192,VPN-SES-00942,0x14fad688,20.72,77,6443,310.96,2487.64,2487.64,91.89,34.3,40,154,0.77267,0.290238,0.518,ICMP,BENIGN,0,67,0,2
FLW-0005193,VPN-SES-00942,0x14fad688,165.46,853,268744,1624.22,12993.79,12993.79,303.28,239.58,40,766,1.936728,1.805182,0.374,WhatsApp,BENIGN,0,660,0,0
FLW-0005194,VPN-SES-00942,0x14fad688,271.81,30748,36101748,132819.79,1062558.35,1062558.35,1229.29,265.59,776,1500,0.054839,0.046613,0.039,Video_Streaming,BENIGN,0,46404,0,0
FLW-0005195,VPN-SES-00942,0x14fad688,200.81,11415,12240673,60956.49,487651.93,487651.93,1156.99,201.61,766,1455,0.036315,0.026585,0.12,Video_Streaming,BENIGN,0,19669,0,0
FLW-0005196,VPN-SES-00943,0x95bf7576,12.36,98,32849,2657.69,21261.49,21261.49,365.99,89.16,248,532,0.363134,0.348741,0.541,WhatsApp,BENIGN,0,72,0,2
FLW-0005197,VPN-SES-00943,0x95bf7576,100.46,6612,993630,9890.8,79126.42,79126.42,164.12,41.97,93,239,0.057743,0.013914,0.612,VoIP,BENIGN,0,7793,1,0
FLW-0005198,VPN-SES-00943,0x95bf7576,316.68,371,106920,337.63,2701.02,2701.02,304.17,86.01,131,422,5.663272,2.678579,0.619,Attack,C2_BEACONING,1,419,0,3
FLW-0005199,VPN-SES-00943,0x95bf7576,43.12,6035,8199881,190164.22,1521313.73,1521313.73,1390.87,258.11,965,1500,0.039046,0.029219,0.02,Video_Streaming,BENIGN,0,6003,0,1
FLW-0005200,VPN-SES-00943,0x95bf7576,52.75,563,147776,2801.44,22411.53,22411.53,261.75,212.58,40,570,1.05927,1.425362,0.393,WhatsApp,BENIGN,0,566,0,0
FLW-0005201,VPN-SES-00943,0x95bf7576,64.52,987,717582,11121.85,88974.83,88974.83,731.09,497.12,40,1429,0.168028,0.162278,0.338,Web_Browsing,BENIGN,0,1426,0,0
FLW-0005202,VPN-SES-00944,0xa52774da,11.27,210,136401,12103.02,96824.13,96824.13,672.96,587.77,40,1500,0.379604,0.366117,0.306,Web_Browsing,BENIGN,0,316,0,0
FLW-0005203,VPN-SES-00944,0xa52774da,147.06,35556,45552659,309755.6,2478044.83,2478044.83,1246.41,235.21,730,1500,0.035375,0.018499,0.752,Attack,DATA_EXFILTRATION,1,102180,2,3
FLW-0005204,VPN-SES-00944,0xa52774da,61.14,2323,1870130,30587.67,244701.34,244701.34,748.47,564.66,40,1500,0.209487,0.239591,0.343,Web_Browsing,BENIGN,0,3199,0,1
FLW-0005205,VPN-SES-00944,0xa52774da,12.18,3390,337752,27730.05,221840.39,221840.39,100.86,27.64,57,134,0.025389,0.009578,0.865,Attack,PORT_SCAN,1,8164,0,1
FLW-0005206,VPN-SES-00944,0xa52774da,15.09,108,11188,741.42,5931.35,5931.35,114.34,13.78,93,138,1.184442,0.589554,0.587,ICMP,BENIGN,0,83,0,1
FLW-0005207,VPN-SES-00945,0x2a4f3f75,18.85,374,402083,21330.66,170645.31,170645.31,978.06,407.7,86,1500,0.591282,0.732457,0.544,Email_IMAP,BENIGN,0,377,0,0
FLW-0005208,VPN-SES-00945,0x2a4f3f75,8.16,66,5703,698.9,5591.18,5591.18,85.91,23.5,54,117,0.797567,0.13406,0.546,ICMP,BENIGN,0,58,0,2
FLW-0005209,VPN-SES-00945,0x2a4f3f75,5.74,43,3800,662.02,5296.17,5296.17,97.11,29.18,56,152,0.437774,0.120345,0.478,ICMP,BENIGN,0,27,0,0
FLW-0005210,VPN-SES-00945,0x2a4f3f75,144.06,11399,15115340,104923.92,839391.36,839391.36,1417.28,133.98,1177,1500,0.041963,0.022198,0.794,Attack,DATA_EXFILTRATION,1,32136,0,0
FLW-0005211,VPN-SES-00945,0x2a4f3f75,58.36,3355,498882,8548.36,68386.84,68386.84,138.72,48.54,77,229,0.047688,0.031208,0.48,VoIP,BENIGN,0,4344,0,0
FLW-0005212,VPN-SES-00945,0x2a4f3f75,5.31,1993,281016,52922.03,423376.27,423376.27,132.69,28.53,73,174,0.006551,0.003425,0.768,Attack,DOS_FLOOD,1,8003,4,2
FLW-0005213,VPN-SES-00946,0x69178c84,27.1,31179,3385342,124920.37,999362.95,999362.95,113.25,38.95,61,164,0.003159,0.001352,0.885,Attack,DOS_FLOOD,1,132198,1,2
FLW-0005214,VPN-SES-00946,0x69178c84,61.24,1287,956357,15616.54,124932.33,124932.33,750.68,503.15,40,1500,0.384248,0.314995,0.451,Email_IMAP,BENIGN,0,1649,0,1
FLW-0005215,VPN-SES-00946,0x69178c84,21.86,125,9871,451.56,3612.44,3612.44,81.49,31.87,40,120,1.564942,0.856594,0.5,ICMP,BENIGN,0,70,0,1
FLW-0005216,VPN-SES-00947,0xffe3d82e,122.98,12993,16566345,134707.64,1077661.08,1077661.08,1306.21,173.17,1073,1500,0.015683,0.009863,0.882,Attack,DATA_EXFILTRATION,1,43678,0,3
FLW-0005217,VPN-SES-00947,0xffe3d82e,47.46,1758,279917,5897.96,47183.65,47183.65,174.09,46.25,113,273,0.042968,0.031926,0.453,VoIP,BENIGN,0,1845,0,0
FLW-0005218,VPN-SES-00947,0xffe3d82e,16.72,9962,1373904,82171.29,657370.33,657370.33,137.98,49.85,40,218,0.005671,0.004498,0.943,Attack,DOS_FLOOD,1,46468,7,2
FLW-0005219,VPN-SES-00947,0xffe3d82e,31.54,62,7332,232.47,1859.73,1859.73,117.27,23.33,67,161,0.728157,0.421481,0.673,ICMP,BENIGN,0,52,0,0
FLW-0005220,VPN-SES-00947,0xffe3d82e,83.34,20829,27285272,327397.07,2619176.58,2619176.58,1313.17,198.47,925,1500,0.028587,0.026394,0.041,Video_Streaming,BENIGN,0,31491,2,2
FLW-0005221,VPN-SES-00948,0xacd3ffdd,83.78,3861,522451,6235.99,49887.9,49887.9,133.53,49.31,54,195,0.018716,0.010661,0.289,VoIP,BENIGN,0,3220,0,2
FLW-0005222,VPN-SES-00948,0xacd3ffdd,116.16,3075,613246,5279.32,42234.57,42234.57,189.02,26.21,141,234,0.023311,0.006427,0.542,VoIP,BENIGN,0,3984,0,0
FLW-0005223,VPN-SES-00948,0xacd3ffdd,88.37,2839,475621,5382.15,43057.24,43057.24,157.43,52.06,94,224,0.053231,0.033739,0.507,VoIP,BENIGN,0,3280,0,2
FLW-0005224,VPN-SES-00948,0xacd3ffdd,124.49,5036,677931,5445.67,43565.33,43565.33,141.75,59.69,40,245,0.041248,0.020983,0.531,VoIP,BENIGN,0,4368,0,1
FLW-0005225,VPN-SES-00948,0xacd3ffdd,72.29,355,42951,594.15,4753.19,4753.19,128.14,255.11,40,552,1.074826,1.33289,0.219,WhatsApp,BENIGN,0,364,0,0
FLW-0005226,VPN-SES-00948,0xacd3ffdd,7.52,38,27006,3591.22,28729.79,28729.79,667.34,213.24,381,1055,1.66237,1.191077,0.532,Email_IMAP,BENIGN,0,47,0,0
FLW-0005227,VPN-SES-00949,0xe1c9ebde,28.07,202,202503,7214.21,57713.72,57713.72,968.79,486.43,153,1500,1.532026,1.725237,0.573,Email_IMAP,BENIGN,0,166,0,3
FLW-0005228,VPN-SES-00949,0xe1c9ebde,87.94,19631,26282176,298864.86,2390918.9,2390918.9,1430.82,223.98,1029,1500,0.025314,0.02805,0.162,Video_Streaming,BENIGN,0,32774,2,0
FLW-0005229,VPN-SES-00949,0xe1c9ebde,15.59,384,54666,3506.48,28051.83,28051.83,129.88,43.98,41,183,0.045599,0.020579,0.525,VoIP,BENIGN,0,375,0,0
FLW-0005230,VPN-SES-00949,0xe1c9ebde,134.33,6130,1111580,8274.99,66199.96,66199.96,168.46,37.38,98,234,0.025691,0.01713,0.629,VoIP,BENIGN,0,7658,0,1
FLW-0005231,VPN-SES-00949,0xe1c9ebde,100.66,3755,592572,5886.87,47094.93,47094.93,144.08,76.7,40,265,0.050922,0.020771,0.396,VoIP,BENIGN,0,4567,0,1
FLW-0005232,VPN-SES-00949,0xe1c9ebde,43.38,1228,588848,13574.18,108593.45,108593.45,517.51,266.63,40,1102,0.453297,0.434088,0.537,Email_IMAP,BENIGN,0,974,0,1
FLW-0005233,VPN-SES-00949,0xe1c9ebde,13.96,110,79431,5689.9,45519.2,45519.2,709.29,511.15,40,1500,0.342474,0.409713,0.546,Email_IMAP,BENIGN,0,111,0,1
FLW-0005234,VPN-SES-00950,0x4e25b50c,4.82,128,73732,15297.1,122376.76,122376.76,614.62,324.04,60,1152,0.521601,0.360977,0.504,Email_IMAP,BENIGN,0,152,0,1
FLW-0005235,VPN-SES-00950,0x4e25b50c,259.71,34181,44912568,172933.53,1383468.27,1383468.27,1249.24,271.0,787,1500,0.026442,0.024601,0.173,Video_Streaming,BENIGN,0,54583,1,2
FLW-0005236,VPN-SES-00950,0x4e25b50c,139.12,26414,31855497,228978.56,1831828.46,1831828.46,1250.52,191.31,985,1500,0.042281,0.030757,0.919,Attack,DATA_EXFILTRATION,1,74397,0,0
FLW-0005237,VPN-SES-00950,0x4e25b50c,52.87,2235,329390,6230.19,49841.5,49841.5,141.73,49.28,75,240,0.056681,0.022445,0.28,VoIP,BENIGN,0,2531,0,1
FLW-0005238,VPN-SES-00950,0x4e25b50c,322.9,55247,70564783,218534.48,1748275.83,1748275.83,1309.61,282.53,914,1500,0.045435,0.033055,0.192,Video_Streaming,BENIGN,0,71030,0,2
FLW-0005239,VPN-SES-00950,0x4e25b50c,144.41,2445,822362,5694.63,45557.07,45557.07,311.57,257.01,40,736,1.852344,1.451373,0.345,WhatsApp,BENIGN,0,2472,0,1
FLW-0005240,VPN-SES-00950,0x4e25b50c,47.74,5115,6787852,142183.75,1137469.96,1137469.96,1396.4,186.77,1067,1500,0.022933,0.012888,0.824,Attack,DATA_EXFILTRATION,1,14456,0,0
FLW-0005241,VPN-SES-00950,0x4e25b50c,36.56,1165,957466,26188.89,209511.16,209511.16,799.46,586.24,40,1500,0.452067,0.554409,0.379,Web_Browsing,BENIGN,0,1662,0,1
FLW-0005242,VPN-SES-00951,0xabdd9bc7,18.23,148,14123,774.71,6197.7,6197.7,90.31,27.91,46,125,0.64151,0.310678,0.509,ICMP,BENIGN,0,128,0,1
FLW-0005243,VPN-SES-00951,0xabdd9bc7,27.65,886,182166,6588.28,52706.26,52706.26,210.92,119.83,40,411,0.229131,0.16193,0.615,Attack,BRUTE_FORCE,1,2119,0,4
FLW-0005244,VPN-SES-00951,0xabdd9bc7,5.87,62,48963,8341.23,66729.81,66729.81,764.9,288.92,138,1305,0.507394,0.411797,0.416,Email_IMAP,BENIGN,0,72,0,2
FLW-0005245,VPN-SES-00951,0xabdd9bc7,54.11,455,224704,4152.73,33221.81,33221.81,497.07,660.47,40,1500,1.285507,1.171772,0.524,Email_IMAP,BENIGN,0,335,0,0
FLW-0005246,VPN-SES-00951,0xabdd9bc7,136.53,1439,583216,4271.71,34173.65,34173.65,403.8,200.36,40,673,1.442862,1.297381,0.554,WhatsApp,BENIGN,0,1472,0,3
FLW-0005247,VPN-SES-00951,0xabdd9bc7,80.93,1145,297361,3674.3,29394.39,29394.39,278.7,287.35,40,725,1.411131,1.775354,0.502,WhatsApp,BENIGN,0,852,0,1
FLW-0005248,VPN-SES-00951,0xabdd9bc7,83.37,894,324930,3897.45,31179.56,31179.56,353.87,186.83,40,676,0.62881,0.493714,0.496,WhatsApp,BENIGN,0,966,0,2
FLW-0005249,VPN-SES-00952,0x9341afde,147.92,30801,43911496,296859.76,2374878.1,2374878.1,1436.61,117.17,1266,1500,0.037319,0.03105,0.149,Video_Streaming,BENIGN,0,46192,0,0
FLW-0005250,VPN-SES-00952,0x9341afde,50.16,1493,340380,6785.89,54287.08,54287.08,232.41,98.29,73,354,0.331888,0.282876,0.571,Attack,BRUTE_FORCE,1,3094,0,4
FLW-0005251,VPN-SES-00952,0x9341afde,62.78,737,805991,12838.34,102706.72,102706.72,1145.78,312.55,724,1500,0.280824,0.261388,0.316,Web_Browsing,BENIGN,0,1054,0,1
FLW-0005252,VPN-SES-00952,0x9341afde,97.5,20207,29911262,306782.17,2454257.39,2454257.39,1350.58,301.31,773,1500,0.029278,0.023988,0.088,Video_Streaming,BENIGN,0,35113,0,0
FLW-0005253,VPN-SES-00952,0x9341afde,17.68,1029,157597,8913.86,71310.86,71310.86,143.41,43.04,84,211,0.045385,0.023813,0.565,VoIP,BENIGN,0,981,0,1
FLW-0005254,VPN-SES-00952,0x9341afde,25.18,332,273656,10867.99,86943.92,86943.92,840.97,375.51,162,1500,1.028246,1.463755,0.467,Email_IMAP,BENIGN,0,292,0,1
FLW-0005255,VPN-SES-00952,0x9341afde,105.24,1339,552818,5252.93,42023.41,42023.41,441.02,206.14,136,858,0.931711,1.015898,0.583,WhatsApp,BENIGN,0,1176,0,0
FLW-0005256,VPN-SES-00953,0x78393ff5,181.95,175,34772,191.11,1528.86,1528.86,198.76,60.01,77,300,2.700788,1.388616,0.51,Attack,C2_BEACONING,1,246,0,1
FLW-0005257,VPN-SES-00953,0x78393ff5,50.97,1334,368769,7235.02,57880.16,57880.16,256.2,102.3,121,382,0.185014,0.164159,0.621,Attack,BRUTE_FORCE,1,2369,0,3
FLW-0005258,VPN-SES-00953,0x78393ff5,27.99,52374,7357491,262861.41,2102891.32,2102891.32,137.72,38.87,72,213,0.008437,0.003536,0.976,Attack,DOS_FLOOD,1,187713,2,1
FLW-0005259,VPN-SES-00953,0x78393ff5,5.73,1247,96903,16911.52,135292.15,135292.15,72.07,21.83,40,118,0.02934,0.017552,0.778,Attack,PORT_SCAN,1,4008,1,3
FLW-0005260,VPN-SES-00953,0x78393ff5,25.82,228,28221,1092.99,8743.92,8743.92,122.47,19.94,83,160,0.941697,0.228722,0.401,ICMP,BENIGN,0,110,0,1
FLW-0005261,VPN-SES-00953,0x78393ff5,210.75,156,28167,133.65,1069.21,1069.21,173.5,90.13,40,360,4.705716,2.074412,0.613,Attack,C2_BEACONING,1,227,0,2
FLW-0005262,VPN-SES-00954,0x5c5a3587,116.51,648,301705,2589.52,20716.16,20716.16,475.62,169.82,188,773,0.885945,0.736373,0.454,WhatsApp,BENIGN,0,584,0,1
FLW-0005263,VPN-SES-00954,0x5c5a3587,45.1,286,209390,4642.79,37142.35,37142.35,796.54,252.9,389,1323,0.762734,0.755753,0.63,Email_IMAP,BENIGN,0,324,0,0
FLW-0005264,VPN-SES-00954,0x5c5a3587,43.17,1891,240005,5559.53,44476.26,44476.26,124.43,24.36,88,162,0.039191,0.043264,0.462,VoIP,BENIGN,0,1750,0,1
FLW-0005265,VPN-SES-00954,0x5c5a3587,21.7,249,135531,6245.67,49965.35,49965.35,602.46,547.17,40,1495,0.327908,0.202899,0.468,Email_IMAP,BENIGN,0,205,0,0
FLW-0005266,VPN-SES-00954,0x5c5a3587,132.29,263,59400,449.01,3592.11,3592.11,212.76,68.85,112,310,3.784312,2.297231,0.451,Attack,C2_BEACONING,1,227,0,3
FLW-0005267,VPN-SES-00954,0x5c5a3587,4.48,1013,116309,25961.83,207694.64,207694.64,112.9,27.25,61,160,0.03454,0.019933,0.98,Attack,PORT_SCAN,1,2580,2,1
FLW-0005268,VPN-SES-00954,0x5c5a3587,131.67,10415,13319558,101158.64,809269.11,809269.11,1348.78,219.44,878,1500,0.037927,0.051313,0.034,Video_Streaming,BENIGN,0,14198,1,0
FLW-0005269,VPN-SES-00955,0x3bddf9ef,38.63,554,469559,12155.29,97242.35,97242.35,899.31,369.41,442,1452,0.713978,0.554626,0.621,Email_IMAP,BENIGN,0,669,0,1
FLW-0005270,VPN-SES-00955,0x3bddf9ef,223.84,39385,49966758,223225.33,1785802.64,1785802.64,1325.49,297.96,963,1500,0.088316,0.058007,0.096,Video_Streaming,BENIGN,0,55436,0,1
FLW-0005271,VPN-SES-00955,0x3bddf9ef,120.99,1295,358189,2960.48,23683.87,23683.87,252.25,180.45,40,518,0.751359,0.853891,0.449,WhatsApp,BENIGN,0,1488,0,0
FLW-0005272,VPN-SES-00955,0x3bddf9ef,9.97,3166,339836,34085.86,272686.86,272686.86,98.28,15.49,73,117,0.025739,0.014822,0.778,Attack,PORT_SCAN,1,6327,0,2
FLW-0005273,VPN-SES-00955,0x3bddf9ef,89.94,19466,27663419,307576.37,2460610.99,2460610.99,1436.45,214.73,993,1500,0.019767,0.010198,0.841,Attack,DATA_EXFILTRATION,1,57659,1,3
FLW-0005274,VPN-SES-00955,0x3bddf9ef,27.64,59,5821,210.6,1684.8,1684.8,93.67,27.94,42,145,1.539705,0.539289,0.494,ICMP,BENIGN,0,41,0,0
FLW-0005275,VPN-SES-00955,0x3bddf9ef,37.48,1077,188092,5018.46,40147.71,40147.71,161.94,41.74,81,223,0.050144,0.023046,0.542,VoIP,BENIGN,0,994,0,1
FLW-0005276,VPN-SES-00956,0x71b2d992,15.21,251,176719,11618.61,92948.85,92948.85,667.19,444.1,40,1500,0.500024,0.671288,0.315,Web_Browsing,BENIGN,0,249,0,3
FLW-0005277,VPN-SES-00956,0x71b2d992,144.76,2881,1272573,8790.92,70327.33,70327.33,459.68,209.77,68,905,0.771592,0.795425,0.522,WhatsApp,BENIGN,0,3150,0,2
FLW-0005278,VPN-SES-00956,0x71b2d992,165.9,24443,31994054,192851.44,1542811.53,1542811.53,1318.64,133.28,1127,1500,0.032608,0.02455,0.93,Attack,DATA_EXFILTRATION,1,63412,0,1
FLW-0005279,VPN-SES-00956,0x71b2d992,37.05,564,371139,10017.25,80137.98,80137.98,608.93,499.61,40,1500,0.389456,0.416734,0.468,Web_Browsing,BENIGN,0,607,0,0
FLW-0005280,VPN-SES-00956,0x71b2d992,38.57,470,169675,4399.14,35193.16,35193.16,360.19,148.28,133,605,1.33187,2.336662,0.426,WhatsApp,BENIGN,0,363,0,2
FLW-0005281,VPN-SES-00956,0x71b2d992,42.35,916,406490,9598.35,76786.78,76786.78,424.29,490.81,40,1106,0.401768,0.429542,0.337,Web_Browsing,BENIGN,0,974,0,0
FLW-0005282,VPN-SES-00956,0x71b2d992,26.31,150,18856,716.69,5733.49,5733.49,121.34,26.3,70,177,0.940114,0.428849,0.458,ICMP,BENIGN,0,126,1,0
FLW-0005283,VPN-SES-00956,0x71b2d992,47.1,858,250296,5314.14,42513.12,42513.12,272.42,193.2,40,609,0.730191,0.577737,0.473,WhatsApp,BENIGN,0,682,1,0
FLW-0005284,VPN-SES-00957,0x310a6c4d,22.46,119,133064,5924.49,47395.9,47395.9,1039.91,292.65,443,1500,0.684469,0.697145,0.412,Email_IMAP,BENIGN,0,154,0,1
FLW-0005285,VPN-SES-00957,0x310a6c4d,117.93,250,60791,515.48,4123.87,4123.87,258.27,94.22,107,424,3.153018,1.203266,0.536,Attack,C2_BEACONING,1,234,0,1
FLW-0005286,VPN-SES-00957,0x310a6c4d,176.28,35023,44912933,254781.78,2038254.28,2038254.28,1294.65,305.8,862,1500,0.028774,0.018708,0.147,Video_Streaming,BENIGN,0,40536,0,2
FLW-0005287,VPN-SES-00957,0x310a6c4d,33.14,1096,193827,5848.73,46789.86,46789.86,169.62,49.55,69,260,0.094366,0.07526,0.383,VoIP,BENIGN,0,1008,0,0
FLW-0005288,VPN-SES-00957,0x310a6c4d,28.9,77,7325,253.46,2027.68,2027.68,100.09,29.4,50,136,1.091092,0.195502,0.497,ICMP,BENIGN,0,54,0,1
FLW-0005289,VPN-SES-00957,0x310a6c4d,86.68,1387,414053,4776.8,38214.4,38214.4,324.97,208.32,47,778,1.097463,0.863333,0.377,WhatsApp,BENIGN,0,1446,0,0
FLW-0005290,VPN-SES-00957,0x310a6c4d,319.92,71633,87543875,273643.02,2189144.16,2189144.16,1280.37,244.74,908,1500,0.024183,0.012332,0.024,Video_Streaming,BENIGN,0,78230,2,0
FLW-0005291,VPN-SES-00958,0xf4728f88,32.42,1438,1182511,36474.74,291797.9,291797.9,910.29,313.52,359,1317,0.559217,0.617762,0.355,Web_Browsing,BENIGN,0,1470,0,2
FLW-0005292,VPN-SES-00958,0xf4728f88,250.4,485,116034,463.39,3707.16,3707.16,233.57,81.94,86,373,5.462919,2.477027,0.546,Attack,C2_BEACONING,1,666,1,3
FLW-0005293,VPN-SES-00958,0xf4728f88,5.45,176,128682,23611.38,188891.01,188891.01,761.82,508.68,40,1500,0.997578,0.854941,0.513,Email_IMAP,BENIGN,0,162,1,0
FLW-0005294,VPN-SES-00958,0xf4728f88,24.29,58,5926,243.97,1951.75,1951.75,99.96,32.43,49,167,1.219891,0.388083,0.455,ICMP,BENIGN,0,35,0,2
FLW-0005295,VPN-SES-00958,0xf4728f88,114.15,781,199910,1751.29,14010.34,14010.34,271.98,146.74,40,513,1.922714,1.757635,0.455,WhatsApp,BENIGN,0,633,1,1
FLW-0005296,VPN-SES-00958,0xf4728f88,42.07,1214,864390,20546.47,164371.76,164371.76,748.61,476.75,40,1500,0.600157,0.451817,0.561,Email_IMAP,BENIGN,0,1365,0,2
FLW-0005297,VPN-SES-00958,0xf4728f88,135.14,15159,18244655,135005.59,1080044.69,1080044.69,1219.49,185.33,828,1500,0.049671,0.032672,0.897,Attack,DATA_EXFILTRATION,1,57932,1,3
FLW-0005298,VPN-SES-00959,0x871a4af3,18.99,193,18953,998.05,7984.41,7984.41,106.41,16.15,78,139,1.346764,0.324063,0.459,ICMP,BENIGN,0,133,0,1
FLW-0005299,VPN-SES-00959,0x871a4af3,46.98,1085,177769,3783.93,30271.43,30271.43,163.21,44.44,72,235,0.052857,0.011955,0.603,VoIP,BENIGN,0,1190,0,2
FLW-0005300,VPN-SES-00959,0x871a4af3,29.14,448,325378,11166.03,89328.21,89328.21,797.28,565.49,40,1500,0.279324,0.341027,0.308,Web_Browsing,BENIGN,0,439,0,0
FLW-0005301,VPN-SES-00959,0x871a4af3,25.04,1348,215756,8616.45,68931.63,68931.63,165.98,67.76,40,285,0.044467,0.02596,0.488,VoIP,BENIGN,0,1350,0,0
FLW-0005302,VPN-SES-00959,0x871a4af3,63.36,2208,297480,4695.08,37560.61,37560.61,135.84,61.16,49,264,0.052159,0.033002,0.674,VoIP,BENIGN,0,2564,0,1
FLW-0005303,VPN-SES-00959,0x871a4af3,23.1,425,171429,7421.17,59369.35,59369.35,407.85,322.18,40,806,0.752437,0.672882,0.451,WhatsApp,BENIGN,0,382,0,1
FLW-0005304,VPN-SES-00959,0x871a4af3,15.75,11633,1245428,79074.79,632598.35,632598.35,102.12,55.57,40,173,0.004808,0.001662,0.98,Attack,DOS_FLOOD,1,38383,2,1
FLW-0005305,VPN-SES-00960,0xafe2cadc,59.61,1375,543899,9124.29,72994.33,72994.33,389.28,126.34,195,541,0.101291,0.059879,0.671,Attack,BRUTE_FORCE,1,3431,0,1
FLW-0005306,VPN-SES-00960,0xafe2cadc,20.13,947,124633,6191.41,49531.25,49531.25,144.14,32.23,79,197,0.080976,0.047705,0.48,VoIP,BENIGN,0,791,0,0
FLW-0005307,VPN-SES-00960,0xafe2cadc,55.77,295,206755,3707.28,29658.24,29658.24,652.75,273.48,61,1053,0.376823,0.260573,0.459,Email_IMAP,BENIGN,0,285,0,0
FLW-0005308,VPN-SES-00960,0xafe2cadc,65.84,757,323513,4913.62,39308.99,39308.99,390.88,236.3,46,808,1.034265,0.876877,0.322,WhatsApp,BENIGN,0,532,0,0
FLW-0005309,VPN-SES-00961,0xaef98613,6.96,182,69889,10041.52,80332.18,80332.18,426.31,565.73,40,1500,0.283578,0.259189,0.436,Web_Browsing,BENIGN,0,171,0,1
FLW-0005310,VPN-SES-00961,0xaef98613,238.03,23877,25693008,107940.21,863521.67,863521.67,1179.2,266.71,646,1500,0.067195,0.061944,0.211,Video_Streaming,BENIGN,0,41008,2,0
FLW-0005311,VPN-SES-00961,0xaef98613,4.81,10,1234,256.55,2052.39,2052.39,115.27,17.67,77,149,1.634106,0.45741,0.547,ICMP,BENIGN,0,13,0,1
FLW-0005312,VPN-SES-00961,0xaef98613,61.52,2184,726032,11801.56,94412.48,94412.48,342.97,332.11,40,972,0.518545,0.637529,0.314,Web_Browsing,BENIGN,0,1853,0,2
FLW-0005313,VPN-SES-00961,0xaef98613,200.3,15201,20433477,102014.36,816114.91,816114.91,1263.87,210.46,976,1500,0.051784,0.032442,0.233,Video_Streaming,BENIGN,0,26528,0,1
FLW-0005314,VPN-SES-00961,0xaef98613,15.28,621,485059,31744.7,253957.59,253957.59,770.9,453.06,200,1500,0.681108,0.814149,0.4,Web_Browsing,BENIGN,0,737,0,1
FLW-0005315,VPN-SES-00961,0xaef98613,17.15,117,12256,714.64,5717.08,5717.08,110.38,23.24,80,155,0.512706,0.233549,0.388,ICMP,BENIGN,0,101,0,2
FLW-0005316,VPN-SES-00962,0x9028df6c,33.61,466,164670,4899.43,39195.48,39195.48,384.09,549.43,40,1500,0.699619,0.782095,0.434,Web_Browsing,BENIGN,0,571,0,1
FLW-0005317,VPN-SES-00962,0x9028df6c,17.52,14206,1604722,91593.72,732749.77,732749.77,106.82,27.57,72,156,0.004028,0.001578,0.837,Attack,DOS_FLOOD,1,45573,3,2
FLW-0005318,VPN-SES-00962,0x9028df6c,37.45,370,171628,4582.86,36662.86,36662.86,457.13,552.2,40,1500,0.314413,0.473456,0.346,Web_Browsing,BENIGN,0,483,0,1
FLW-0005319,VPN-SES-00962,0x9028df6c,12.27,403,400604,32649.06,261192.5,261192.5,1072.91,233.81,763,1500,0.673215,0.539175,0.598,Email_IMAP,BENIGN,0,425,0,0
FLW-0005320,VPN-SES-00962,0x9028df6c,51.0,1585,370039,7255.67,58045.33,58045.33,221.72,132.75,40,463,0.204152,0.329333,0.502,Attack,BRUTE_FORCE,1,2280,0,3
FLW-0005321,VPN-SES-00962,0x9028df6c,90.96,4982,845897,9299.66,74397.27,74397.27,169.35,45.84,93,238,0.042841,0.029386,0.529,VoIP,BENIGN,0,6266,0,0
FLW-0005322,VPN-SES-00963,0x58d5de25,202.14,10406,11623989,57504.65,460037.16,460037.16,1132.38,71.82,1009,1219,0.043624,0.022008,0.144,Video_Streaming,BENIGN,0,16859,0,0
FLW-0005323,VPN-SES-00963,0x58d5de25,64.14,2939,477746,7448.49,59587.9,59587.9,157.96,59.28,40,276,0.035971,0.01829,0.602,VoIP,BENIGN,0,2346,0,0
FLW-0005324,VPN-SES-00963,0x58d5de25,210.14,323,67193,319.75,2558.03,2558.03,217.8,80.79,119,364,5.421317,2.348421,0.558,Attack,C2_BEACONING,1,317,0,5
FLW-0005325,VPN-SES-00963,0x58d5de25,8.95,2421,225881,25238.1,201904.8,201904.8,94.11,25.96,44,149,0.020173,0.013851,0.827,Attack,PORT_SCAN,1,8136,0,2
FLW-0005326,VPN-SES-00963,0x58d5de25,11.01,538,402827,36587.38,292699.0,292699.0,716.16,452.54,135,1490,0.824879,0.879871,0.429,Web_Browsing,BENIGN,0,740,0,1
FLW-0005327,VPN-SES-00963,0x58d5de25,83.35,11104,14110282,169289.53,1354316.21,1354316.21,1221.03,215.74,792,1500,0.020601,0.018169,0.247,Video_Streaming,BENIGN,0,18251,0,0
FLW-0005328,VPN-SES-00963,0x58d5de25,41.69,13971,16501062,395803.84,3166430.7,3166430.7,1238.61,124.05,1060,1410,0.036712,0.012942,0.824,Attack,DATA_EXFILTRATION,1,33311,0,4
FLW-0005329,VPN-SES-00964,0x2d257d3a,77.68,8893,10149329,130655.63,1045245.01,1045245.01,1174.17,208.54,922,1476,0.035992,0.02076,0.875,Attack,DATA_EXFILTRATION,1,31522,1,2
FLW-0005330,VPN-SES-00964,0x2d257d3a,29.52,196,187452,6350.0,50800.0,50800.0,884.67,414.72,260,1500,0.367805,0.309537,0.574,Email_IMAP,BENIGN,0,204,0,0
FLW-0005331,VPN-SES-00964,0x2d257d3a,11.62,5526,448725,38616.61,308932.87,308932.87,86.61,37.35,40,136,0.006723,0.003942,0.98,Attack,DOS_FLOOD,1,30799,3,2
FLW-0005332,VPN-SES-00964,0x2d257d3a,31.42,59949,5939067,189021.87,1512174.92,1512174.92,103.09,57.08,40,211,0.010215,0.005662,0.871,Attack,DOS_FLOOD,1,226946,2,2
FLW-0005333,VPN-SES-00965,0xc52f1129,19.76,25,2553,129.2,1033.6,1033.6,108.78,18.71,72,146,0.587693,0.10804,0.46,ICMP,BENIGN,0,14,0,0
FLW-0005334,VPN-SES-00965,0xc52f1129,43.53,480,159327,3660.17,29281.32,29281.32,353.82,202.44,40,630,1.248376,0.911535,0.388,WhatsApp,BENIGN,0,580,0,2
FLW-0005335,VPN-SES-00965,0xc52f1129,41.41,6597,7389069,178436.83,1427494.61,1427494.61,1209.29,225.57,722,1500,0.023872,0.011079,0.899,Attack,DATA_EXFILTRATION,1,18990,0,1
FLW-0005336,VPN-SES-00966,0xa710160b,295.63,562,147986,500.58,4004.63,4004.63,282.72,79.1,111,434,5.219967,2.700365,0.585,Attack,C2_BEACONING,1,601,0,7
FLW-0005337,VPN-SES-00966,0xa710160b,101.42,3038,1595619,15732.78,125862.28,125862.28,548.98,446.92,40,1456,0.565278,0.748332,0.363,Web_Browsing,BENIGN,0,4456,0,0
FLW-0005338,VPN-SES-00966,0xa710160b,141.25,3364,500911,3546.27,28370.18,28370.18,138.03,35.83,71,195,0.045377,0.02984,0.549,VoIP,BENIGN,0,4231,0,0
FLW-0005339,VPN-SES-00966,0xa710160b,231.01,52675,60870277,263496.29,2107970.29,2107970.29,1147.41,187.76,915,1423,0.061907,0.044766,0.071,Video_Streaming,BENIGN,0,77963,0,0
FLW-0005340,VPN-SES-00967,0x279d2728,13.97,15279,2213821,158469.65,1267757.19,1267757.19,135.1,39.02,85,200,0.008038,0.005685,0.877,Attack,DOS_FLOOD,1,66999,4,1
FLW-0005341,VPN-SES-00967,0x279d2728,12.07,195,69271,5739.11,45912.84,45912.84,325.74,298.96,40,957,1.123327,1.293583,0.404,WhatsApp,BENIGN,0,182,0,2
FLW-0005342,VPN-SES-00967,0x279d2728,36.53,615,288717,7903.56,63228.47,63228.47,442.29,284.48,40,860,0.851274,0.7622,0.558,Email_IMAP,BENIGN,0,764,1,0
FLW-0005343,VPN-SES-00967,0x279d2728,184.84,387,73312,396.62,3172.99,3172.99,194.81,48.63,113,260,5.337813,1.570361,0.532,Attack,C2_BEACONING,1,529,0,5
FLW-0005344,VPN-SES-00968,0x374b852a,12.57,15,1786,142.08,1136.67,1136.67,108.7,28.46,67,154,0.912034,0.283454,0.572,ICMP,BENIGN,0,12,0,2
FLW-0005345,VPN-SES-00968,0x374b852a,22.37,132,15090,674.56,5396.51,5396.51,118.97,22.95,83,155,0.817497,0.336235,0.6,ICMP,BENIGN,0,109,0,0
FLW-0005346,VPN-SES-00968,0x374b852a,16.41,115,10590,645.34,5162.71,5162.71,100.15,35.04,52,165,2.489368,1.375085,0.471,ICMP,BENIGN,0,88,0,0
FLW-0005347,VPN-SES-00968,0x374b852a,168.02,28920,38715566,230422.37,1843378.93,1843378.93,1314.39,175.18,1003,1500,0.044828,0.050291,0.126,Video_Streaming,BENIGN,0,41464,2,1
FLW-0005348,VPN-SES-00968,0x374b852a,37.43,4193,4470499,119436.25,955490.03,955490.03,1125.08,205.42,722,1500,0.047602,0.037355,0.071,Video_Streaming,BENIGN,0,6279,0,0
FLW-0005349,VPN-SES-00968,0x374b852a,45.9,2327,324968,7079.91,56639.3,56639.3,141.06,29.26,92,181,0.078915,0.047093,0.535,VoIP,BENIGN,0,2975,0,0
FLW-0005350,VPN-SES-00968,0x374b852a,54.13,1308,1487401,27478.31,219826.49,219826.49,1044.62,429.07,101,1500,0.356961,0.36413,0.46,Email_IMAP,BENIGN,0,1006,0,0
FLW-0005351,VPN-SES-00968,0x374b852a,20.97,542,369926,17640.72,141125.8,141125.8,665.77,500.36,40,1280,0.355043,0.308452,0.603,Email_IMAP,BENIGN,0,482,0,0
FLW-0005352,VPN-SES-00969,0xd40febad,40.24,683,104189,2589.19,20713.52,20713.52,138.75,44.87,53,219,0.038122,0.020003,0.528,VoIP,BENIGN,0,782,0,2
FLW-0005353,VPN-SES-00969,0xd40febad,87.35,9958,14731880,168653.46,1349227.7,1349227.7,1347.48,243.72,892,1500,0.041089,0.044552,0.118,Video_Streaming,BENIGN,0,10235,1,0
FLW-0005354,VPN-SES-00969,0xd40febad,75.36,1325,371754,4933.04,39464.33,39464.33,261.53,182.54,40,623,0.756339,0.636726,0.601,WhatsApp,BENIGN,0,1114,0,0
FLW-0005355,VPN-SES-00969,0xd40febad,64.34,1883,1577381,24516.34,196130.68,196130.68,845.69,535.03,40,1500,0.294005,0.209013,0.395,Web_Browsing,BENIGN,0,2392,0,2
FLW-0005356,VPN-SES-00969,0xd40febad,206.32,28399,34440385,166927.03,1335416.25,1335416.25,1309.54,217.2,872,1500,0.068632,0.061994,0.321,Video_Streaming,BENIGN,0,36962,0,0
FLW-0005357,VPN-SES-00969,0xd40febad,29.93,347,84193,2813.0,22503.98,22503.98,249.13,142.08,78,501,0.22254,0.181386,0.581,Attack,BRUTE_FORCE,1,750,0,2
FLW-0005358,VPN-SES-00970,0xa3e8b90d,85.57,968,759767,8878.89,71031.16,71031.16,749.38,380.45,47,1416,0.460572,0.500473,0.233,Web_Browsing,BENIGN,0,1385,0,0
FLW-0005359,VPN-SES-00970,0xa3e8b90d,100.19,4274,678445,6771.58,54172.67,54172.67,165.46,67.97,72,312,0.038515,0.025891,0.427,VoIP,BENIGN,0,5331,0,1
FLW-0005360,VPN-SES-00970,0xa3e8b90d,309.45,46931,60004053,193905.49,1551243.9,1551243.9,1264.57,159.89,914,1500,0.054643,0.046877,0.196,Video_Streaming,BENIGN,0,74329,2,2
FLW-0005361,VPN-SES-00970,0xa3e8b90d,21.69,22681,2907961,134069.2,1072553.62,1072553.62,131.47,15.76,105,158,0.00385,0.001192,0.98,Attack,DOS_FLOOD,1,85690,1,1
FLW-0005362,VPN-SES-00970,0xa3e8b90d,56.49,620,598660,10597.63,84781.02,84781.02,936.89,359.19,214,1370,0.458563,0.303808,0.641,Email_IMAP,BENIGN,0,780,0,1
FLW-0005363,VPN-SES-00970,0xa3e8b90d,5.96,45,3536,593.29,4746.31,4746.31,82.99,31.17,40,151,1.735216,0.918479,0.404,ICMP,BENIGN,0,33,0,0
FLW-0005364,VPN-SES-00970,0xa3e8b90d,37.77,1357,157605,4172.76,33382.05,33382.05,122.25,54.88,40,217,0.03483,0.020466,0.488,VoIP,BENIGN,0,1371,0,0
FLW-0005365,VPN-SES-00970,0xa3e8b90d,58.21,1730,1145272,19674.83,157398.66,157398.66,671.85,197.84,324,938,0.416301,0.46418,0.337,Web_Browsing,BENIGN,0,2270,0,1
FLW-0005366,VPN-SES-00971,0xf609bbbc,7.09,7594,927780,130857.55,1046860.37,1046860.37,128.01,49.43,43,224,0.004183,0.001266,0.843,Attack,DOS_FLOOD,1,40186,2,2
FLW-0005367,VPN-SES-00971,0xf609bbbc,26.38,486,285959,10839.99,86719.94,86719.94,575.92,483.38,40,1232,0.566568,0.731698,0.497,Email_IMAP,BENIGN,0,477,0,0
FLW-0005368,VPN-SES-00971,0xf609bbbc,44.42,677,238694,5373.57,42988.56,42988.56,322.23,122.61,99,585,0.262338,0.111637,0.466,Attack,BRUTE_FORCE,1,1705,0,4
FLW-0005369,VPN-SES-00971,0xf609bbbc,25.33,523,113852,4494.75,35957.99,35957.99,226.96,111.0,40,369,0.147281,0.077902,0.577,Attack,BRUTE_FORCE,1,947,0,2
FLW-0005370,VPN-SES-00972,0x807d5478,118.28,6553,928032,7846.06,62768.48,62768.48,157.24,51.19,74,234,0.056805,0.036802,0.594,VoIP,BENIGN,0,7805,0,1
FLW-0005371,VPN-SES-00972,0x807d5478,117.97,13017,15829630,134183.52,1073468.17,1073468.17,1248.89,167.79,914,1487,0.020053,0.008487,0.864,Attack,DATA_EXFILTRATION,1,36445,0,2
FLW-0005372,VPN-SES-00972,0x807d5478,42.75,1854,1923258,44988.49,359907.93,359907.93,983.55,516.52,40,1500,0.547979,0.62489,0.283,Web_Browsing,BENIGN,0,2661,0,0
FLW-0005373,VPN-SES-00972,0x807d5478,86.2,1362,1327412,15399.21,123193.69,123193.69,911.24,631.0,40,1500,0.845794,1.199873,0.184,Web_Browsing,BENIGN,0,1309,0,0
FLW-0005374,VPN-SES-00972,0x807d5478,139.84,20602,26518818,189636.86,1517094.85,1517094.85,1259.89,244.38,850,1500,0.03463,0.034371,0.082,Video_Streaming,BENIGN,0,26641,0,1
FLW-0005375,VPN-SES-00973,0xfcc63423,33.13,782,543223,16396.71,131173.68,131173.68,705.39,537.65,40,1486,0.425895,0.34622,0.323,Web_Browsing,BENIGN,0,840,0,0
FLW-0005376,VPN-SES-00973,0xfcc63423,14.85,52,6548,440.94,3527.54,3527.54,116.08,25.54,82,159,1.933888,0.653901,0.611,ICMP,BENIGN,0,28,1,0
FLW-0005377,VPN-SES-00973,0xfcc63423,12.79,1089,99596,7787.02,62296.17,62296.17,90.27,30.52,40,149,0.052823,0.035677,0.818,Attack,PORT_SCAN,1,2264,1,4
FLW-0005378,VPN-SES-00973,0xfcc63423,37.48,84,8971,239.35,1914.83,1914.83,109.85,18.8,75,137,1.36372,0.408686,0.465,ICMP,BENIGN,0,60,0,1
FLW-0005379,VPN-SES-00973,0xfcc63423,306.7,37943,45075217,146968.43,1175747.43,1175747.43,1191.08,242.87,787,1500,0.032622,0.023557,0.179,Video_Streaming,BENIGN,0,63554,1,1
FLW-0005380,VPN-SES-00974,0xa64893f0,187.59,21298,24568887,130971.2,1047769.58,1047769.58,1225.69,230.64,801,1500,0.05109,0.035847,0.198,Video_Streaming,BENIGN,0,22814,0,0
FLW-0005381,VPN-SES-00974,0xa64893f0,28.41,615,497207,17501.13,140009.01,140009.01,870.95,422.42,99,1500,0.576948,0.663226,0.617,Email_IMAP,BENIGN,0,658,0,0
FLW-0005382,VPN-SES-00974,0xa64893f0,16.98,88,63514,3740.52,29924.15,29924.15,692.44,394.42,166,1458,0.305139,0.143931,0.45,Email_IMAP,BENIGN,0,114,0,1
FLW-0005383,VPN-SES-00974,0xa64893f0,11.08,311,220985,19944.49,159555.96,159555.96,746.81,443.85,40,1427,0.746692,0.566783,0.463,Email_IMAP,BENIGN,0,383,0,0
FLW-0005384,VPN-SES-00974,0xa64893f0,90.41,2221,291430,3223.43,25787.41,25787.41,144.99,27.65,110,200,0.037027,0.033414,0.466,VoIP,BENIGN,0,2652,0,0
FLW-0005385,VPN-SES-00974,0xa64893f0,29.26,173,18333,626.56,5012.44,5012.44,109.27,36.24,43,153,1.219432,0.702553,0.31,ICMP,BENIGN,0,99,0,1
FLW-0005386,VPN-SES-00975,0xd0ed0afd,140.85,167,36214,257.11,2056.88,2056.88,240.86,76.46,114,384,2.357353,0.341043,0.335,Attack,C2_BEACONING,1,230,0,3
FLW-0005387,VPN-SES-00975,0xd0ed0afd,26.4,104,9848,373.03,2984.24,2984.24,95.12,30.28,40,132,0.821534,0.375075,0.577,ICMP,BENIGN,0,74,0,0
FLW-0005388,VPN-SES-00975,0xd0ed0afd,75.42,2136,1396612,18517.79,148142.35,148142.35,675.34,272.75,92,1133,0.291375,0.372824,0.178,Web_Browsing,BENIGN,0,3118,0,0
FLW-0005389,VPN-SES-00976,0x6afb7584,54.67,634,482384,8823.56,70588.48,70588.48,713.82,467.14,40,1500,0.721524,0.53233,0.325,Web_Browsing,BENIGN,0,700,0,0
FLW-0005390,VPN-SES-00976,0x6afb7584,3.89,19,12844,3301.8,26414.4,26414.4,693.6,305.82,137,1263,0.58158,0.392854,0.498,Email_IMAP,BENIGN,0,23,0,1
FLW-0005391,VPN-SES-00976,0x6afb7584,34.7,308,32384,933.26,7466.05,7466.05,109.42,24.53,58,153,1.023677,0.266712,0.497,ICMP,BENIGN,0,214,0,0
FLW-0005392,VPN-SES-00976,0x6afb7584,59.06,2639,448999,7602.42,60819.37,60819.37,157.26,47.05,73,257,0.038387,0.027383,0.446,VoIP,BENIGN,0,2587,0,1
FLW-0005393,VPN-SES-00976,0x6afb7584,76.71,1796,525500,6850.48,54803.81,54803.81,268.94,272.89,40,803,0.978929,0.794278,0.364,WhatsApp,BENIGN,0,2106,0,1
FLW-0005394,VPN-SES-00976,0x6afb7584,45.22,1042,748159,16544.87,132358.96,132358.96,768.79,354.01,69,1500,0.554146,0.737316,0.306,Web_Browsing,BENIGN,0,1128,0,0
FLW-0005395,VPN-SES-00976,0x6afb7584,122.96,1426,290641,2363.7,18909.63,18909.63,197.25,216.13,40,519,0.904408,0.808269,0.637,WhatsApp,BENIGN,0,1439,1,1
FLW-0005396,VPN-SES-00976,0x6afb7584,47.97,853,270035,5629.25,45033.98,45033.98,344.98,219.39,40,729,1.063497,1.026934,0.51,WhatsApp,BENIGN,0,860,0,0
FLW-0005397,VPN-SES-00977,0xab256656,15.43,337,428675,27781.92,222255.35,222255.35,1180.21,453.33,534,1500,0.361347,0.242596,0.526,Email_IMAP,BENIGN,0,250,0,1
FLW-0005398,VPN-SES-00977,0xab256656,72.42,1557,277777,3835.64,30685.11,30685.11,179.93,41.33,110,247,0.042554,0.02167,0.527,VoIP,BENIGN,0,1353,0,2
FLW-0005399,VPN-SES-00977,0xab256656,25.96,305,184277,7098.5,56787.98,56787.98,633.31,471.56,40,1465,0.589322,0.49636,0.566,Email_IMAP,BENIGN,0,269,0,0
FLW-0005400,VPN-SES-00977,0xab256656,19.74,589,249680,12648.43,101187.44,101187.44,407.74,505.16,40,1291,0.54162,0.474413,0.452,Web_Browsing,BENIGN,0,757,0,1
FLW-0005401,VPN-SES-00978,0xb318f918,16.41,66,5816,354.42,2835.34,2835.34,97.22,24.26,66,134,1.761438,0.490317,0.558,ICMP,BENIGN,0,52,0,3
FLW-0005402,VPN-SES-00978,0xb318f918,104.89,1338,572999,5462.86,43702.85,43702.85,434.56,219.94,40,887,0.50516,0.566996,0.493,WhatsApp,BENIGN,0,1315,0,1
FLW-0005403,VPN-SES-00978,0xb318f918,7.24,68,6788,937.57,7500.55,7500.55,110.89,19.49,80,138,0.552946,0.251335,0.592,ICMP,BENIGN,0,40,0,0
FLW-0005404,VPN-SES-00978,0xb318f918,47.0,1245,1092094,23236.04,185888.34,185888.34,803.07,378.31,156,1359,0.89264,1.088464,0.375,Web_Browsing,BENIGN,0,1416,0,2
FLW-0005405,VPN-SES-00979,0xc6027a95,46.82,590,381094,8139.56,65116.45,65116.45,637.83,403.49,67,1189,0.536601,0.438232,0.49,Email_IMAP,BENIGN,0,592,0,0
FLW-0005406,VPN-SES-00979,0xc6027a95,71.87,2367,355573,4947.45,39579.57,39579.57,142.64,50.98,68,246,0.053766,0.039414,0.388,VoIP,BENIGN,0,1901,0,1
FLW-0005407,VPN-SES-00979,0xc6027a95,93.02,108,24636,264.85,2118.77,2118.77,216.93,73.87,77,359,10.346327,7.036872,0.479,Attack,C2_BEACONING,1,104,0,3
FLW-0005408,VPN-SES-00980,0x76bd7b2f,22.92,1063,933400,40724.26,325794.07,325794.07,804.51,497.24,40,1500,0.636357,0.480557,0.219,Web_Browsing,BENIGN,0,1135,0,3
FLW-0005409,VPN-SES-00980,0x76bd7b2f,50.29,1099,319915,6361.4,50891.23,50891.23,291.9,279.35,40,748,0.655585,0.578404,0.52,WhatsApp,BENIGN,0,770,0,2
FLW-0005410,VPN-SES-00980,0x76bd7b2f,71.0,1744,1512874,21308.08,170464.68,170464.68,879.65,342.07,191,1500,0.486765,0.425453,0.559,Email_IMAP,BENIGN,0,1727,0,0
FLW-0005411,VPN-SES-00980,0x76bd7b2f,8.79,41,3425,389.65,3117.18,3117.18,92.37,37.88,40,167,0.653218,0.285826,0.431,ICMP,BENIGN,0,27,0,1
FLW-0005412,VPN-SES-00980,0x76bd7b2f,129.82,1642,562926,4336.2,34689.63,34689.63,315.64,228.94,40,751,1.761802,1.350898,0.505,WhatsApp,BENIGN,0,1699,1,0
FLW-0005413,VPN-SES-00980,0x76bd7b2f,14.15,11,1287,90.95,727.63,727.63,107.41,23.02,66,153,0.936773,0.233692,0.488,ICMP,BENIGN,0,12,0,0
FLW-0005414,VPN-SES-00981,0x880067c0,52.66,1064,862992,16388.0,131103.99,131103.99,816.73,326.31,296,1361,0.459332,0.480624,0.398,Email_IMAP,BENIGN,0,1097,0,0
FLW-0005415,VPN-SES-00981,0x880067c0,46.1,310,269090,5837.09,46696.75,46696.75,843.22,231.69,381,1201,0.529873,0.527636,0.384,Email_IMAP,BENIGN,0,275,0,0
FLW-0005416,VPN-SES-00981,0x880067c0,78.62,336,86333,1098.1,8784.84,8784.84,273.48,296.37,40,836,0.798016,0.672522,0.435,WhatsApp,BENIGN,0,297,0,0
FLW-0005417,VPN-SES-00981,0x880067c0,96.25,5602,5431856,56434.87,451478.94,451478.94,1006.22,410.75,423,1500,0.344396,0.466661,0.357,Web_Browsing,BENIGN,0,4903,0,1
FLW-0005418,VPN-SES-00981,0x880067c0,211.04,37876,48507831,229851.36,1838810.88,1838810.88,1209.17,156.74,900,1415,0.030044,0.016457,0.164,Video_Streaming,BENIGN,0,61298,0,0
FLW-0005419,VPN-SES-00981,0x880067c0,67.29,2492,313136,4653.53,37228.24,37228.24,127.33,43.31,52,189,0.066944,0.035693,0.334,VoIP,BENIGN,0,2831,0,1
FLW-0005420,VPN-SES-00981,0x880067c0,9.03,79,40079,4438.43,35507.42,35507.42,531.78,444.96,40,1184,0.707336,0.48931,0.499,Email_IMAP,BENIGN,0,87,0,0
FLW-0005421,VPN-SES-00982,0xc79f9bc5,23.02,24403,3283725,142646.61,1141172.89,1141172.89,131.81,22.95,86,159,0.012844,0.006673,0.972,Attack,DOS_FLOOD,1,127171,6,2
FLW-0005422,VPN-SES-00982,0xc79f9bc5,45.64,570,473026,10364.29,82914.29,82914.29,772.89,318.48,361,1236,0.597527,0.449675,0.597,Email_IMAP,BENIGN,0,732,0,0
FLW-0005423,VPN-SES-00982,0xc79f9bc5,131.69,2536,1107185,8407.51,67260.08,67260.08,420.57,140.45,246,685,0.996791,0.664999,0.598,WhatsApp,BENIGN,0,2911,0,2
FLW-0005424,VPN-SES-00982,0xc79f9bc5,13.85,3381,314958,22740.65,181925.2,181925.2,94.41,31.25,40,161,0.034323,0.019636,0.746,Attack,PORT_SCAN,1,9146,1,2
FLW-0005425,VPN-SES-00982,0xc79f9bc5,53.08,2448,349053,6575.98,52607.84,52607.84,145.86,48.37,68,223,0.060777,0.030536,0.445,VoIP,BENIGN,0,1946,0,1
FLW-0005426,VPN-SES-00982,0xc79f9bc5,61.36,1856,1501295,24467.0,195735.98,195735.98,794.78,493.04,40,1389,0.381163,0.324341,0.4,Web_Browsing,BENIGN,0,2712,0,2
FLW-0005427,VPN-SES-00983,0xbc218606,28.96,216,21243,733.53,5868.23,5868.23,96.72,15.11,74,122,0.584714,0.190897,0.461,ICMP,BENIGN,0,163,0,0
FLW-0005428,VPN-SES-00983,0xbc218606,26.76,344,130796,4887.74,39101.94,39101.94,370.31,226.84,40,707,2.07395,2.037568,0.398,WhatsApp,BENIGN,0,262,0,3
FLW-0005429,VPN-SES-00983,0xbc218606,13.58,557,397124,29243.3,233946.39,233946.39,783.46,384.62,121,1498,0.926766,1.499852,0.464,Web_Browsing,BENIGN,0,828,0,0
FLW-0005430,VPN-SES-00983,0xbc218606,10.5,2000,168771,16073.43,128587.43,128587.43,87.26,25.58,40,125,0.014864,0.008551,0.754,Attack,PORT_SCAN,1,4012,0,4
FLW-0005431,VPN-SES-00983,0xbc218606,30.3,1025,1089868,35969.24,287753.93,287753.93,969.57,654.52,40,1500,0.594008,0.608235,0.601,Email_IMAP,BENIGN,0,735,0,0
FLW-0005432,VPN-SES-00983,0xbc218606,83.97,15275,16562650,197244.85,1577958.79,1577958.79,1200.93,180.1,894,1484,0.025909,0.021067,0.159,Video_Streaming,BENIGN,0,20952,0,2
FLW-0005433,VPN-SES-00984,0xd13a5042,24.71,1214,1066835,43174.22,345393.77,345393.77,917.6,391.92,225,1500,0.238282,0.226002,0.388,Web_Browsing,BENIGN,0,1770,0,1
FLW-0005434,VPN-SES-00984,0xd13a5042,40.9,154,71029,1736.65,13893.2,13893.2,490.94,230.67,40,923,0.983534,1.140337,0.507,WhatsApp,BENIGN,0,134,0,3
FLW-0005435,VPN-SES-00984,0xd13a5042,93.21,4251,686007,7359.8,58878.4,58878.4,147.38,60.87,60,268,0.030298,0.02098,0.631,VoIP,BENIGN,0,5146,0,2
FLW-0005436,VPN-SES-00984,0xd13a5042,86.8,945,277532,3197.37,25578.99,25578.99,270.37,654.32,40,1130,0.292375,0.295813,0.388,Web_Browsing,BENIGN,0,1032,0,3
FLW-0005437,VPN-SES-00984,0xd13a5042,16.0,535,445704,27856.5,222852.0,222852.0,808.42,415.49,40,1366,0.616987,0.605695,0.524,Web_Browsing,BENIGN,0,685,0,0
FLW-0005438,VPN-SES-00984,0xd13a5042,17.0,18413,2280774,134163.18,1073305.41,1073305.41,135.77,46.93,55,204,0.006376,0.003414,0.937,Attack,DOS_FLOOD,1,65708,3,5
FLW-0005439,VPN-SES-00984,0xd13a5042,24.5,1436,254818,10400.73,83205.88,83205.88,173.29,28.43,130,208,0.040106,0.016655,0.462,VoIP,BENIGN,0,1255,0,0
FLW-0005440,VPN-SES-00984,0xd13a5042,95.46,9541,13854760,145136.81,1161094.49,1161094.49,1327.11,124.76,1141,1500,0.024356,0.012711,0.98,Attack,DATA_EXFILTRATION,1,34513,0,1
FLW-0005441,VPN-SES-00985,0xc859e840,18.15,965,217971,12009.42,96075.37,96075.37,232.8,138.1,40,509,0.202306,0.130076,0.636,Attack,BRUTE_FORCE,1,2339,0,3
FLW-0005442,VPN-SES-00985,0xc859e840,33.62,906,329566,9802.68,78421.42,78421.42,356.31,151.44,161,649,0.654777,0.377873,0.517,WhatsApp,BENIGN,0,825,0,0
FLW-0005443,VPN-SES-00985,0xc859e840,36.57,685,199361,5451.49,43611.92,43611.92,281.78,234.62,40,787,0.709064,0.537873,0.443,WhatsApp,BENIGN,0,491,0,0
FLW-0005444,VPN-SES-00985,0xc859e840,113.35,8333,11549507,101892.43,815139.44,815139.44,1295.49,190.12,988,1500,0.060199,0.087336,0.147,Video_Streaming,BENIGN,0,13418,0,2
FLW-0005445,VPN-SES-00985,0xc859e840,11.07,67,66741,6029.0,48231.98,48231.98,1057.8,365.07,412,1500,0.367114,0.226633,0.605,Email_IMAP,BENIGN,0,54,0,2
FLW-0005446,VPN-SES-00985,0xc859e840,18.78,155,16689,888.66,7109.27,7109.27,105.44,23.24,76,148,1.000865,0.286986,0.62,ICMP,BENIGN,0,128,0,3
FLW-0005447,VPN-SES-00986,0xc2ef1b61,12.17,16602,2757915,226615.86,1812926.87,1812926.87,155.26,45.53,57,213,0.011757,0.002625,0.855,Attack,DOS_FLOOD,1,59094,3,1
FLW-0005448,VPN-SES-00986,0xc2ef1b61,14.03,3064,259920,18526.02,148208.13,148208.13,89.26,43.55,40,159,0.027197,0.022059,0.928,Attack,PORT_SCAN,1,9761,0,1
FLW-0005449,VPN-SES-00986,0xc2ef1b61,135.53,19070,22617285,166880.28,1335042.28,1335042.28,1249.87,266.18,828,1500,0.031224,0.026551,0.199,Video_Streaming,BENIGN,0,27778,1,0
FLW-0005450,VPN-SES-00986,0xc2ef1b61,17.1,627,124108,7257.78,58062.22,58062.22,180.27,34.89,112,243,0.053571,0.023668,0.48,VoIP,BENIGN,0,793,0,0
FLW-0005451,VPN-SES-00986,0xc2ef1b61,22.55,68,7398,328.07,2624.57,2624.57,101.02,24.79,54,132,1.062272,0.315795,0.481,ICMP,BENIGN,0,55,0,0
FLW-0005452,VPN-SES-00986,0xc2ef1b61,9.9,2650,256114,25870.1,206960.81,206960.81,94.36,23.49,54,132,0.02119,0.021897,0.789,Attack,PORT_SCAN,1,7641,0,3
FLW-0005453,VPN-SES-00987,0xb4479ae2,86.1,2434,1731554,20110.96,160887.71,160887.71,731.92,504.96,40,1500,0.440871,0.529353,0.329,Web_Browsing,BENIGN,0,2403,0,1
FLW-0005454,VPN-SES-00987,0xb4479ae2,8.43,36,3253,385.88,3087.07,3087.07,86.72,26.54,40,124,0.698516,0.135674,0.501,ICMP,BENIGN,0,31,0,0
FLW-0005455,VPN-SES-00987,0xb4479ae2,35.48,715,609022,17165.22,137321.76,137321.76,866.51,375.37,298,1500,0.527794,0.649904,0.5,Email_IMAP,BENIGN,0,804,0,0
FLW-0005456,VPN-SES-00987,0xb4479ae2,71.89,566,107551,1496.05,11968.4,11968.4,207.38,300.84,40,720,0.939221,1.307599,0.55,WhatsApp,BENIGN,0,421,0,2
FLW-0005457,VPN-SES-00987,0xb4479ae2,30.6,74,7385,241.34,1930.72,1930.72,91.44,34.41,47,148,0.428856,0.162616,0.525,ICMP,BENIGN,0,54,0,0
FLW-0005458,VPN-SES-00987,0xb4479ae2,27.4,572,391658,14294.09,114352.7,114352.7,720.18,331.31,189,1228,0.762027,0.724097,0.438,Email_IMAP,BENIGN,0,585,0,1
FLW-0005459,VPN-SES-00987,0xb4479ae2,72.05,863,518527,7196.77,57574.13,57574.13,645.5,458.63,40,1486,0.710166,0.625416,0.328,Web_Browsing,BENIGN,0,1137,1,0
FLW-0005460,VPN-SES-00987,0xb4479ae2,182.52,23029,29297054,160514.21,1284113.7,1284113.7,1359.26,222.67,880,1500,0.017736,0.014306,0.133,Video_Streaming,BENIGN,0,34916,0,1
FLW-0005461,VPN-SES-00988,0x4890135e,46.29,1305,190711,4119.92,32959.34,32959.34,152.78,52.86,61,220,0.056512,0.035982,0.383,VoIP,BENIGN,0,1426,0,1
FLW-0005462,VPN-SES-00988,0x4890135e,49.29,835,564284,11448.25,91585.96,91585.96,663.15,461.37,40,1500,0.861204,0.732048,0.643,Email_IMAP,BENIGN,0,1011,0,0
FLW-0005463,VPN-SES-00988,0x4890135e,84.09,2556,2602381,30947.57,247580.54,247580.54,988.75,691.97,40,1500,0.318033,0.431041,0.369,Web_Browsing,BENIGN,0,2396,0,1
FLW-0005464,VPN-SES-00989,0xca3c680d,280.08,28979,39000662,139248.29,1113986.35,1113986.35,1252.77,274.53,889,1500,0.042177,0.029992,0.083,Video_Streaming,BENIGN,0,30602,1,0
FLW-0005465,VPN-SES-00989,0xca3c680d,53.33,1647,2150873,40331.39,322651.12,322651.12,1289.74,545.23,426,1500,0.786305,1.045458,0.31,Web_Browsing,BENIGN,0,1509,0,1
FLW-0005466,VPN-SES-00989,0xca3c680d,68.87,11652,13967103,202803.88,1622431.01,1622431.01,1298.85,189.7,1015,1500,0.035414,0.028381,0.188,Video_Streaming,BENIGN,0,15857,2,1
FLW-0005467,VPN-SES-00989,0xca3c680d,119.29,2427,401358,3364.56,26916.46,26916.46,151.1,42.18,95,205,0.047567,0.022508,0.534,VoIP,BENIGN,0,2717,0,1
FLW-0005468,VPN-SES-00989,0xca3c680d,93.93,14148,16984039,180815.92,1446527.33,1446527.33,1177.39,132.09,949,1414,0.032685,0.03321,0.107,Video_Streaming,BENIGN,0,16988,0,1
FLW-0005469,VPN-SES-00989,0xca3c680d,52.95,4743,6284009,118678.17,949425.34,949425.34,1418.18,165.77,1120,1500,0.050968,0.030236,0.108,Video_Streaming,BENIGN,0,5656,0,0
FLW-0005470,VPN-SES-00990,0xd2663c3f,219.05,28559,32698967,149276.27,1194210.16,1194210.16,1148.12,219.99,860,1500,0.033083,0.023479,0.054,Video_Streaming,BENIGN,0,38024,0,1
FLW-0005471,VPN-SES-00990,0xd2663c3f,30.64,678,474013,15470.4,123763.19,123763.19,669.37,326.93,40,1198,0.178571,0.158292,0.349,Web_Browsing,BENIGN,0,815,0,1
FLW-0005472,VPN-SES-00990,0xd2663c3f,16.02,551,204002,12734.21,101873.66,101873.66,377.72,395.29,40,882,0.221563,0.209322,0.297,Web_Browsing,BENIGN,0,525,1,2
FLW-0005473,VPN-SES-00990,0xd2663c3f,23.44,1588,2088723,89109.34,712874.74,712874.74,1219.4,256.84,791,1500,0.031281,0.021974,0.205,Video_Streaming,BENIGN,0,2189,0,1
FLW-0005474,VPN-SES-00990,0xd2663c3f,106.62,3837,397054,3724.01,29792.08,29792.08,109.82,67.8,40,227,0.061182,0.040979,0.484,VoIP,BENIGN,0,4371,0,0
FLW-0005475,VPN-SES-00990,0xd2663c3f,157.12,17167,21370425,136013.4,1088107.18,1088107.18,1272.6,251.23,790,1500,0.046455,0.0289,0.208,Video_Streaming,BENIGN,0,25072,0,1
FLW-0005476,VPN-SES-00990,0xd2663c3f,149.81,20036,21858358,145907.2,1167257.62,1167257.62,1149.38,241.39,627,1500,0.027586,0.014069,0.091,Video_Streaming,BENIGN,0,29650,2,0
FLW-0005477,VPN-SES-00991,0xdb736403,127.44,492,146738,1151.43,9211.42,9211.42,323.95,193.81,82,740,0.815857,0.990528,0.564,WhatsApp,BENIGN,0,569,0,0
FLW-0005478,VPN-SES-00991,0xdb736403,2.3,245,25192,10953.04,87624.35,87624.35,104.9,25.93,63,136,0.030961,0.023019,0.767,Attack,PORT_SCAN,1,563,1,1
FLW-0005479,VPN-SES-00991,0xdb736403,76.83,1495,537533,6996.39,55971.16,55971.16,332.28,184.62,40,585,1.485014,2.016316,0.386,WhatsApp,BENIGN,0,1379,0,1
FLW-0005480,VPN-SES-00991,0xdb736403,161.91,428,88674,547.67,4381.4,4381.4,205.6,59.15,102,328,3.350685,1.352762,0.63,Attack,C2_BEACONING,1,511,0,2
FLW-0005481,VPN-SES-00991,0xdb736403,19.92,876,266423,13374.65,106997.19,106997.19,323.64,112.87,136,504,0.081066,0.032053,0.738,Attack,BRUTE_FORCE,1,1706,1,3
FLW-0005482,VPN-SES-00991,0xdb736403,43.02,1079,951050,22107.16,176857.28,176857.28,805.83,352.51,258,1402,0.761297,0.707625,0.301,Email_IMAP,BENIGN,0,1041,0,2
FLW-0005483,VPN-SES-00991,0xdb736403,181.72,369,70505,387.99,3103.9,3103.9,179.52,76.35,40,300,2.786478,2.233422,0.669,Attack,C2_BEACONING,1,347,0,1
FLW-0005484,VPN-SES-00992,0xb14e4b5f,142.7,323,61856,433.47,3467.75,3467.75,209.01,101.58,40,354,3.354225,2.2763,0.592,Attack,C2_BEACONING,1,330,0,5
FLW-0005485,VPN-SES-00992,0xb14e4b5f,14.71,122,12938,879.54,7036.3,7036.3,112.64,13.94,92,137,0.889889,0.552172,0.58,ICMP,BENIGN,0,71,0,0
FLW-0005486,VPN-SES-00992,0xb14e4b5f,29.06,1327,387982,13351.07,106808.53,106808.53,270.32,31.41,227,316,0.104298,0.063815,0.468,Attack,BRUTE_FORCE,1,2658,0,1
FLW-0005487,VPN-SES-00992,0xb14e4b5f,36.85,3047,853409,23159.0,185271.97,185271.97,305.42,100.38,103,495,0.181827,0.113149,0.79,Attack,BRUTE_FORCE,1,6013,0,0
FLW-0005488,VPN-SES-00992,0xb14e4b5f,83.65,3989,3253309,38891.92,311135.35,311135.35,794.06,552.1,40,1500,0.563933,0.675211,0.428,Web_Browsing,BENIGN,0,5441,1,0
FLW-0005489,VPN-SES-00992,0xb14e4b5f,125.47,17900,24578168,195888.8,1567110.42,1567110.42,1407.68,173.55,1131,1500,0.044642,0.035496,0.161,Video_Streaming,BENIGN,0,19368,0,1
FLW-0005490,VPN-SES-00993,0xf1d6c076,82.66,3558,683643,8270.54,66164.34,66164.34,181.13,35.83,111,248,0.045326,0.029583,0.554,VoIP,BENIGN,0,4012,0,2
FLW-0005491,VPN-SES-00993,0xf1d6c076,76.41,1876,1045928,13688.37,109506.92,109506.92,570.79,530.41,40,1356,0.666877,0.723518,0.411,Web_Browsing,BENIGN,0,2597,0,3
FLW-0005492,VPN-SES-00993,0xf1d6c076,31.63,838,823948,26049.57,208396.59,208396.59,1091.44,544.47,425,1500,0.610903,0.751855,0.462,Email_IMAP,BENIGN,0,850,1,3
FLW-0005493,VPN-SES-00993,0xf1d6c076,34.45,1057,812791,23593.35,188746.82,188746.82,727.58,455.07,40,1427,0.566426,0.498797,0.366,Web_Browsing,BENIGN,0,1305,0,0
FLW-0005494,VPN-SES-00993,0xf1d6c076,52.66,1763,1342307,25490.07,203920.55,203920.55,695.75,449.69,40,1311,0.369248,0.584367,0.291,Web_Browsing,BENIGN,0,2286,0,0
FLW-0005495,VPN-SES-00993,0xf1d6c076,11.67,24,2398,205.48,1643.87,1643.87,104.98,22.31,67,153,0.913138,0.391247,0.579,ICMP,BENIGN,0,20,0,1
FLW-0005496,VPN-SES-00994,0x1b8a48fb,79.9,1279,1031211,12906.27,103250.16,103250.16,789.94,544.97,40,1500,0.891886,0.770454,0.337,Web_Browsing,BENIGN,0,1903,1,0
FLW-0005497,VPN-SES-00994,0x1b8a48fb,131.03,705,177092,1351.54,10812.3,10812.3,245.55,301.71,40,900,0.680527,0.523774,0.469,WhatsApp,BENIGN,0,819,0,1
FLW-0005498,VPN-SES-00994,0x1b8a48fb,18.15,3959,486189,26787.27,214298.18,214298.18,119.61,34.96,57,189,0.024028,0.016812,0.768,Attack,PORT_SCAN,1,8783,0,0
FLW-0005499,VPN-SES-00994,0x1b8a48fb,21.38,81,47124,2204.12,17632.93,17632.93,624.09,350.2,49,1266,0.703991,0.549681,0.545,Email_IMAP,BENIGN,0,65,0,0
FLW-0005500,VPN-SES-00994,0x1b8a48fb,106.66,10756,14384653,134864.55,1078916.41,1078916.41,1249.08,186.65,851,1500,0.029459,0.014758,0.149,Video_Streaming,BENIGN,0,18094,1,1
FLW-0005501,VPN-SES-00995,0xaf34b145,67.55,4082,408155,6042.26,48338.12,48338.12,94.99,72.17,40,183,0.030137,0.016631,0.629,VoIP,BENIGN,0,4878,0,2
FLW-0005502,VPN-SES-00995,0xaf34b145,54.83,7521,9667345,176314.88,1410519.06,1410519.06,1311.31,362.83,778,1500,0.02114,0.013173,0.076,Video_Streaming,BENIGN,0,8505,0,1
FLW-0005503,VPN-SES-00995,0xaf34b145,26.11,40804,5398246,206750.13,1654001.07,1654001.07,124.58,37.24,65,191,0.005007,0.003948,0.98,Attack,DOS_FLOOD,1,184210,3,3
FLW-0005504,VPN-SES-00995,0xaf34b145,69.79,1833,1287439,18447.33,147578.62,147578.62,771.58,330.28,348,1287,0.251142,0.229683,0.39,Web_Browsing,BENIGN,0,2543,0,0
FLW-0005505,VPN-SES-00995,0xaf34b145,41.27,1229,649979,15749.43,125995.44,125995.44,537.65,347.63,40,957,0.578381,0.480893,0.381,Email_IMAP,BENIGN,0,1101,0,0
FLW-0005506,VPN-SES-00995,0xaf34b145,4.63,26,2268,489.85,3918.79,3918.79,96.61,23.94,66,138,1.373173,0.41899,0.525,ICMP,BENIGN,0,16,0,0
FLW-0005507,VPN-SES-00995,0xaf34b145,44.34,784,794645,17921.63,143373.03,143373.03,971.05,343.6,412,1500,0.735862,0.79499,0.278,Web_Browsing,BENIGN,0,782,0,0
FLW-0005508,VPN-SES-00995,0xaf34b145,37.39,30023,4254315,113782.16,910257.29,910257.29,145.06,47.19,53,243,0.006624,0.003605,0.98,Attack,DOS_FLOOD,1,111983,4,3
FLW-0005509,VPN-SES-00996,0xc71247c4,17.99,4426,5815394,323257.03,2586056.25,2586056.25,1385.94,155.12,1123,1500,0.029568,0.01239,0.837,Attack,DATA_EXFILTRATION,1,13000,0,0
FLW-0005510,VPN-SES-00996,0xc71247c4,32.93,1087,144223,4379.68,35037.47,35037.47,137.88,31.45,94,182,0.041902,0.026051,0.485,VoIP,BENIGN,0,1443,0,2
FLW-0005511,VPN-SES-00996,0xc71247c4,24.01,380,110017,4582.13,36657.06,36657.06,268.06,294.79,40,666,1.571151,1.670919,0.505,WhatsApp,BENIGN,0,308,0,0
FLW-0005512,VPN-SES-00996,0xc71247c4,6.07,174,115336,19000.99,152007.91,152007.91,605.42,610.92,40,1421,1.653132,1.785706,0.622,Email_IMAP,BENIGN,0,139,1,0
FLW-0005513,VPN-SES-00996,0xc71247c4,89.67,4108,676750,7547.12,60376.94,60376.94,151.82,41.45,85,228,0.021929,0.012094,0.485,VoIP,BENIGN,0,5220,0,0
FLW-0005514,VPN-SES-00996,0xc71247c4,22.33,652,117963,5282.71,42261.71,42261.71,184.92,47.69,98,269,0.03989,0.018942,0.416,VoIP,BENIGN,0,764,0,0
FLW-0005515,VPN-SES-00997,0xd8cf1ccd,70.59,3370,615200,8715.12,69720.92,69720.92,172.31,46.25,110,266,0.04166,0.027429,0.538,VoIP,BENIGN,0,4376,0,0
FLW-0005516,VPN-SES-00997,0xd8cf1ccd,7.83,28,7953,1015.71,8125.67,8125.67,272.22,272.0,40,738,0.773046,0.782888,0.413,WhatsApp,BENIGN,0,33,0,0
FLW-0005517,VPN-SES-00997,0xd8cf1ccd,230.76,23990,30524604,132278.58,1058228.6,1058228.6,1315.04,286.16,787,1500,0.037859,0.03447,0.217,Video_Streaming,BENIGN,0,24625,0,2
FLW-0005518,VPN-SES-00997,0xd8cf1ccd,164.81,55586,77144477,468081.29,3744650.3,3744650.3,1381.02,115.14,1191,1500,0.012022,0.003907,0.967,Attack,DATA_EXFILTRATION,1,186204,1,3
FLW-0005519,VPN-SES-00997,0xd8cf1ccd,5.95,324,256140,43048.74,344389.92,344389.92,783.62,480.32,47,1500,0.230549,0.316232,0.364,Web_Browsing,BENIGN,0,354,1,0
FLW-0005520,VPN-SES-00997,0xd8cf1ccd,34.46,228,160561,4659.34,37274.75,37274.75,775.05,619.74,40,1500,0.84043,1.518952,0.532,Email_IMAP,BENIGN,0,231,0,1
FLW-0005521,VPN-SES-00998,0xa74b3906,115.77,19233,19049389,164545.12,1316360.99,1316360.99,1063.05,219.19,615,1330,0.068309,0.055549,0.055,Video_Streaming,BENIGN,0,26539,0,1
FLW-0005522,VPN-SES-00998,0xa74b3906,78.07,954,320828,4109.49,32875.93,32875.93,331.79,232.47,40,746,1.025598,0.935672,0.422,WhatsApp,BENIGN,0,855,0,0
FLW-0005523,VPN-SES-00998,0xa74b3906,166.99,18836,25772093,154333.15,1234665.21,1234665.21,1298.49,274.28,862,1500,0.110467,0.086067,0.155,Video_Streaming,BENIGN,0,21487,0,2
FLW-0005524,VPN-SES-00999,0x11c48783,8.2,13,1477,180.12,1440.98,1440.98,104.27,18.58,68,127,1.345498,0.40974,0.51,ICMP,BENIGN,0,6,0,2
FLW-0005525,VPN-SES-00999,0x11c48783,92.42,1828,353518,3825.12,30601.0,30601.0,181.54,458.93,40,1188,0.518476,0.465693,0.244,Web_Browsing,BENIGN,0,2485,0,0
FLW-0005526,VPN-SES-00999,0x11c48783,27.16,621,110938,4084.61,32676.88,32676.88,167.06,39.03,111,246,0.080192,0.063305,0.593,VoIP,BENIGN,0,826,0,2
FLW-0005527,VPN-SES-00999,0x11c48783,4.08,8,852,208.82,1670.59,1670.59,100.7,28.6,65,135,1.877916,1.40962,0.351,ICMP,BENIGN,0,11,0,1
FLW-0005528,VPN-SES-01000,0x2f169d17,23.89,1836,588351,24627.5,197020.01,197020.01,333.86,91.72,165,478,0.331021,0.17009,0.616,Attack,BRUTE_FORCE,1,3689,0,4
FLW-0005529,VPN-SES-01000,0x2f169d17,110.88,1853,538929,4860.47,38883.77,38883.77,310.55,232.93,40,752,1.304119,1.234339,0.504,WhatsApp,BENIGN,0,1257,0,0
FLW-0005530,VPN-SES-01000,0x2f169d17,16.74,30416,4619839,275976.05,2207808.36,2207808.36,155.25,38.35,84,231,0.003907,0.002048,0.85,Attack,DOS_FLOOD,1,137938,4,3
FLW-0005531,VPN-SES-01000,0x2f169d17,48.36,1893,1001398,20707.15,165657.24,165657.24,507.66,404.56,40,1348,0.452867,0.749306,0.433,Web_Browsing,BENIGN,0,2160,1,0
