flow_id,session_id,esp_spi,flow_duration_sec,packet_count,total_bytes,byte_rate_bps,mean_packet_length,std_packet_length,min_packet_length,max_packet_length,mean_iat_sec,std_iat_sec,outbound_bytes_ratio,traffic_type
FLW-0000001,VPN-SES-00001,0xb3b1799d,37.96,1109,139689,3679.9,125.96,16.89,100,151,0.020389,0.004609,0.493,VoIP
FLW-0000002,VPN-SES-00001,0xb3b1799d,5.09,60,51431,10104.32,857.19,332.63,358,1356,0.701802,0.428874,0.636,Email_IMAP
FLW-0000003,VPN-SES-00001,0xb3b1799d,17.65,593,54816,3105.72,92.44,1.5,90,94,1.000363,0.008087,0.448,ICMP
FLW-0000004,VPN-SES-00002,0x7b65a6a4,54.89,1579,178821,3257.81,113.25,9.9,98,128,0.020189,0.003637,0.458,VoIP
FLW-0000005,VPN-SES-00002,0x7b65a6a4,38.2,164,120964,3166.6,737.59,378.19,170,1304,0.455065,0.428763,0.264,Web_Browsing
FLW-0000006,VPN-SES-00002,0x7b65a6a4,13.65,154,15296,1120.59,99.33,1.5,97,101,1.000564,0.009399,0.491,ICMP
FLW-0000007,VPN-SES-00003,0xfc1b8ca1,238.73,1784,2449039,10258.61,1372.78,124.82,1185,1514,0.011949,0.022356,0.085,Video_Streaming
FLW-0000008,VPN-SES-00003,0xfc1b8ca1,263.95,6754,9221573,34936.82,1365.35,111.67,1197,1514,0.004651,0.02168,0.066,Video_Streaming
FLW-0000009,VPN-SES-00003,0xfc1b8ca1,29.94,806,587461,19621.28,728.86,381.37,156,1300,0.441326,0.484945,0.236,Web_Browsing
FLW-0000010,VPN-SES-00003,0xfc1b8ca1,129.95,1975,2708436,20842.14,1371.36,106.31,1211,1514,0.015964,0.025859,0.01,Video_Streaming
FLW-0000011,VPN-SES-00003,0xfc1b8ca1,9.61,368,37495,3901.66,101.89,1.5,99,104,0.998985,0.010612,0.531,ICMP
FLW-0000012,VPN-SES-00003,0xfc1b8ca1,5.5,173,18888,3434.18,109.18,1.5,106,111,0.999536,0.010331,0.529,ICMP
FLW-0000013,VPN-SES-00003,0xfc1b8ca1,174.22,2353,3233610,18560.5,1374.25,108.51,1211,1514,0.007851,0.022009,0.084,Video_Streaming
FLW-0000014,VPN-SES-00003,0xfc1b8ca1,154.81,2520,3518600,22728.51,1396.27,109.42,1232,1514,0.015763,0.025904,0.041,Video_Streaming
FLW-0000015,VPN-SES-00004,0xfce66fa2,8.64,307,222372,25737.5,724.34,392.3,135,1312,0.447313,0.578232,0.201,Web_Browsing
FLW-0000016,VPN-SES-00004,0xfce66fa2,10.61,356,38398,3619.04,107.86,4.7,100,114,0.999551,0.010092,0.44,ICMP
FLW-0000017,VPN-SES-00004,0xfce66fa2,77.26,2787,661522,8562.28,237.36,132.86,64,436,1.643853,1.04299,0.456,WhatsApp
FLW-0000018,VPN-SES-00004,0xfce66fa2,34.29,353,82594,2408.69,233.98,137.32,64,439,1.454244,1.041726,0.495,WhatsApp
FLW-0000019,VPN-SES-00004,0xfce66fa2,231.15,4766,6582608,28477.65,1381.16,117.75,1204,1514,0.009367,0.024181,0.048,Video_Streaming
FLW-0000020,VPN-SES-00004,0xfce66fa2,16.28,629,52836,3245.45,84.0,6.37,74,93,1.000392,0.010005,0.493,ICMP
FLW-0000021,VPN-SES-00005,0x763f1c97,6.6,110,92732,14050.3,843.02,316.63,368,1317,0.626867,0.413898,0.615,Email_IMAP
FLW-0000022,VPN-SES-00005,0x763f1c97,44.84,1172,1013604,22604.91,864.85,335.09,362,1367,0.661784,0.46159,0.618,Email_IMAP
FLW-0000023,VPN-SES-00005,0x763f1c97,58.41,163,113606,1944.98,696.97,379.79,127,1266,0.454517,0.623162,0.274,Web_Browsing
FLW-0000024,VPN-SES-00005,0x763f1c97,19.14,736,74792,3907.63,101.62,3.72,96,107,0.998247,0.011143,0.523,ICMP
FLW-0000025,VPN-SES-00005,0x763f1c97,34.79,1381,1200765,34514.66,869.49,312.72,400,1338,0.744689,0.386917,0.638,Email_IMAP
FLW-0000026,VPN-SES-00005,0x763f1c97,11.14,244,182094,16345.96,746.29,372.08,188,1304,0.407528,0.504983,0.265,Web_Browsing
FLW-0000027,VPN-SES-00006,0x387d06ca,28.97,370,311314,10746.08,841.39,320.55,360,1322,0.578294,0.471312,0.592,Email_IMAP
FLW-0000028,VPN-SES-00006,0x387d06ca,46.94,1197,884104,18834.77,738.6,373.73,178,1299,0.425845,0.540676,0.243,Web_Browsing
FLW-0000029,VPN-SES-00006,0x387d06ca,41.66,1309,1129313,27107.85,862.73,330.46,367,1358,0.541495,0.458309,0.628,Email_IMAP
FLW-0000030,VPN-SES-00006,0x387d06ca,31.87,292,212978,6682.71,729.38,370.1,174,1284,0.350966,0.526097,0.289,Web_Browsing
FLW-0000031,VPN-SES-00006,0x387d06ca,53.33,1809,1307925,24525.13,723.01,382.77,148,1297,0.398998,0.511613,0.289,Web_Browsing
FLW-0000032,VPN-SES-00006,0x387d06ca,18.17,282,200623,11041.44,711.43,394.93,119,1303,0.485537,0.440435,0.3,Web_Browsing
FLW-0000033,VPN-SES-00006,0x387d06ca,42.82,260,220558,5150.82,848.3,326.3,358,1337,0.728205,0.413069,0.649,Email_IMAP
FLW-0000034,VPN-SES-00006,0x387d06ca,14.21,98,10089,709.99,102.95,10.58,87,118,1.002845,0.009755,0.477,ICMP
FLW-0000035,VPN-SES-00007,0xd2b6d2c5,18.49,355,31002,1676.69,87.33,1.5,85,89,0.999884,0.010341,0.508,ICMP
FLW-0000036,VPN-SES-00007,0xd2b6d2c5,179.18,5681,1419852,7924.17,249.93,130.1,64,445,1.639833,1.070888,0.562,WhatsApp
FLW-0000037,VPN-SES-00007,0xd2b6d2c5,29.1,1117,812628,27925.36,727.51,373.14,167,1287,0.369683,0.524124,0.273,Web_Browsing
FLW-0000038,VPN-SES-00007,0xd2b6d2c5,30.57,521,129504,4236.31,248.57,133.79,64,449,1.387983,1.006853,0.435,WhatsApp
FLW-0000039,VPN-SES-00007,0xd2b6d2c5,50.5,1305,149605,2962.48,114.64,24.85,77,151,0.020128,0.003502,0.505,VoIP
FLW-0000040,VPN-SES-00007,0xd2b6d2c5,13.43,251,217019,16159.27,864.62,312.93,395,1334,0.660376,0.452619,0.586,Email_IMAP
FLW-0000041,VPN-SES-00007,0xd2b6d2c5,22.45,690,85760,3820.04,124.29,22.49,90,158,0.02065,0.004422,0.459,VoIP
FLW-0000042,VPN-SES-00008,0x1f1259e0,51.31,1070,244762,4770.26,228.75,134.12,64,429,1.484775,1.156655,0.596,WhatsApp
FLW-0000043,VPN-SES-00008,0x1f1259e0,42.37,282,69611,1642.93,246.85,139.08,64,455,1.55741,1.171653,0.471,WhatsApp
FLW-0000044,VPN-SES-00008,0x1f1259e0,13.05,242,25920,1986.21,107.11,1.5,104,109,0.999645,0.009515,0.502,ICMP
FLW-0000045,VPN-SES-00008,0x1f1259e0,89.39,3164,847255,9478.19,267.78,115.06,95,440,1.513233,0.922601,0.466,WhatsApp
FLW-0000046,VPN-SES-00008,0x1f1259e0,85.7,2817,374858,4374.07,133.07,18.51,105,160,0.019353,0.003714,0.52,VoIP
FLW-0000047,VPN-SES-00008,0x1f1259e0,21.36,787,87545,4098.55,111.24,19.73,81,140,0.020027,0.003739,0.564,VoIP
FLW-0000048,VPN-SES-00008,0x1f1259e0,49.03,321,233562,4763.65,727.61,363.8,181,1273,0.463984,0.466911,0.306,Web_Browsing
FLW-0000049,VPN-SES-00009,0x4fa7f104,83.48,2380,262966,3150.05,110.49,17.08,84,136,0.020303,0.004346,0.464,VoIP
FLW-0000050,VPN-SES-00009,0x4fa7f104,116.74,2169,251582,2155.06,115.99,14.2,94,137,0.019608,0.004706,0.512,VoIP
FLW-0000051,VPN-SES-00009,0x4fa7f104,139.73,4222,5762481,41240.11,1364.87,117.34,1188,1514,0.019958,0.027581,0.014,Video_Streaming
FLW-0000052,VPN-SES-00010,0x46b82481,31.14,1058,903733,29021.61,854.19,330.14,358,1349,0.602232,0.469972,0.643,Email_IMAP
FLW-0000053,VPN-SES-00010,0x46b82481,81.27,1053,1441430,17736.31,1368.88,109.52,1204,1514,0.001,0.022439,0.052,Video_Streaming
FLW-0000054,VPN-SES-00010,0x46b82481,75.81,2371,249026,3284.87,105.03,31.06,64,151,0.019142,0.003824,0.504,VoIP
FLW-0000055,VPN-SES-00010,0x46b82481,93.54,421,57803,617.95,137.3,6.51,127,147,0.020698,0.004004,0.471,VoIP
FLW-0000056,VPN-SES-00010,0x46b82481,76.34,2211,277591,3636.25,125.55,19.59,96,154,0.01964,0.004028,0.488,VoIP
FLW-0000057,VPN-SES-00010,0x46b82481,10.45,280,241180,23079.43,861.36,325.3,373,1349,0.757056,0.394298,0.684,Email_IMAP
FLW-0000058,VPN-SES-00010,0x46b82481,104.39,488,47126,451.44,96.57,16.79,71,121,0.020353,0.004112,0.481,VoIP
FLW-0000059,VPN-SES-00010,0x46b82481,6.79,133,114047,16796.32,857.5,316.06,383,1331,0.610218,0.488232,0.631,Email_IMAP
FLW-0000060,VPN-SES-00011,0x775dd5af,19.04,282,25292,1328.36,89.69,11.2,72,106,1.000461,0.010813,0.519,ICMP
FLW-0000061,VPN-SES-00011,0x775dd5af,26.77,740,525437,19627.83,710.05,375.52,146,1273,0.506047,0.530519,0.279,Web_Browsing
FLW-0000062,VPN-SES-00011,0x775dd5af,10.3,181,17993,1746.89,99.41,14.22,78,120,0.999113,0.010547,0.494,ICMP
FLW-0000063,VPN-SES-00011,0x775dd5af,15.98,607,71255,4459.01,117.39,26.79,77,157,0.020495,0.004325,0.539,VoIP
FLW-0000064,VPN-SES-00012,0x29985f15,32.85,1148,987567,30062.92,860.25,325.46,372,1348,0.629057,0.464587,0.616,Email_IMAP
FLW-0000065,VPN-SES-00012,0x29985f15,85.13,2441,295751,3474.11,121.16,22.76,87,155,0.019509,0.004837,0.47,VoIP
FLW-0000066,VPN-SES-00012,0x29985f15,56.25,536,378110,6721.96,705.43,389.26,121,1289,0.509375,0.531206,0.299,Web_Browsing
FLW-0000067,VPN-SES-00012,0x29985f15,101.41,3846,5306903,52331.16,1379.85,102.82,1225,1514,0.012284,0.023307,0.089,Video_Streaming
FLW-0000068,VPN-SES-00012,0x29985f15,92.95,821,97075,1044.38,118.24,11.4,101,135,0.019807,0.004165,0.483,VoIP
FLW-0000069,VPN-SES-00012,0x29985f15,20.5,256,181793,8867.95,710.13,381.95,137,1283,0.468372,0.474653,0.266,Web_Browsing
FLW-0000070,VPN-SES-00013,0xc7b56ea7,50.02,367,45060,900.84,122.78,6.42,113,132,0.019156,0.003713,0.494,VoIP
FLW-0000071,VPN-SES-00013,0xc7b56ea7,24.58,214,21770,885.68,101.73,15.8,78,125,1.001286,0.00984,0.499,ICMP
FLW-0000072,VPN-SES-00013,0xc7b56ea7,13.28,387,33270,2505.27,85.97,3.85,80,91,0.999567,0.010323,0.475,ICMP
FLW-0000073,VPN-SES-00014,0x7d7ce3c9,31.67,694,170883,5395.74,246.23,142.26,64,459,1.382055,1.144188,0.501,WhatsApp
FLW-0000074,VPN-SES-00014,0x7d7ce3c9,54.44,271,193816,3560.18,715.19,381.79,142,1287,0.450944,0.504884,0.257,Web_Browsing
FLW-0000075,VPN-SES-00014,0x7d7ce3c9,16.55,288,207443,12534.32,720.29,383.98,144,1296,0.558836,0.547964,0.345,Web_Browsing
FLW-0000076,VPN-SES-00014,0x7d7ce3c9,6.16,211,18734,3041.23,88.79,10.98,72,105,1.000275,0.01219,0.476,ICMP
FLW-0000077,VPN-SES-00015,0x9f5486b7,228.87,5899,8081158,35308.94,1369.92,105.2,1212,1514,0.004035,0.023686,0.037,Video_Streaming
FLW-0000078,VPN-SES-00015,0x9f5486b7,146.38,2324,561943,3838.93,241.8,132.73,64,440,1.709568,1.204547,0.463,WhatsApp
FLW-0000079,VPN-SES-00015,0x9f5486b7,13.76,137,97163,7061.26,709.22,383.94,133,1285,0.350983,0.591573,0.315,Web_Browsing
FLW-0000080,VPN-SES-00016,0x71ee411a,84.3,1800,205866,2442.06,114.37,4.29,107,120,0.020812,0.003954,0.537,VoIP
FLW-0000081,VPN-SES-00016,0x71ee411a,20.32,111,77796,3828.54,700.87,375.2,138,1263,0.450393,0.502349,0.266,Web_Browsing
FLW-0000082,VPN-SES-00016,0x71ee411a,24.31,569,413930,17027.15,727.47,371.46,170,1284,0.439322,0.506015,0.295,Web_Browsing
FLW-0000083,VPN-SES-00016,0x71ee411a,125.52,4643,1153971,9193.52,248.54,121.0,67,430,1.146871,1.240544,0.49,WhatsApp
FLW-0000084,VPN-SES-00017,0x64c63cd8,113.06,4415,1019953,9021.34,231.02,142.41,64,444,1.419086,1.229723,0.482,WhatsApp
FLW-0000085,VPN-SES-00017,0x64c63cd8,55.45,888,128520,2317.76,144.73,32.04,96,192,0.019851,0.004389,0.519,VoIP
FLW-0000086,VPN-SES-00017,0x64c63cd8,7.44,237,174531,23458.47,736.42,372.28,178,1294,0.501454,0.552921,0.227,Web_Browsing
FLW-0000087,VPN-SES-00017,0x64c63cd8,69.59,2344,247995,3563.66,105.8,1.69,103,108,0.019838,0.004287,0.545,VoIP
FLW-0000088,VPN-SES-00017,0x64c63cd8,19.11,724,71596,3746.52,98.89,17.03,73,124,0.99793,0.008297,0.498,ICMP
FLW-0000089,VPN-SES-00018,0x4270e4fa,65.45,1341,328022,5011.8,244.61,129.74,64,439,1.058872,1.090197,0.441,WhatsApp
FLW-0000090,VPN-SES-00018,0x4270e4fa,9.22,233,202253,21936.33,868.04,322.93,383,1352,0.586558,0.426876,0.588,Email_IMAP
FLW-0000091,VPN-SES-00018,0x4270e4fa,23.75,740,71965,3030.11,97.25,11.64,79,114,0.998521,0.010504,0.484,ICMP
FLW-0000092,VPN-SES-00018,0x4270e4fa,22.96,675,59730,2601.48,88.49,3.14,83,93,0.998447,0.009446,0.464,ICMP
FLW-0000093,VPN-SES-00018,0x4270e4fa,16.34,593,523962,32066.22,883.58,320.28,403,1364,0.602769,0.459629,0.617,Email_IMAP
FLW-0000094,VPN-SES-00018,0x4270e4fa,46.91,523,61374,1308.34,117.35,22.91,82,151,0.020455,0.003788,0.483,VoIP
FLW-0000095,VPN-SES-00018,0x4270e4fa,143.58,5256,1244095,8664.82,236.7,111.58,69,404,1.149993,1.250356,0.529,WhatsApp
FLW-0000096,VPN-SES-00018,0x4270e4fa,10.77,247,23467,2178.92,95.01,8.61,82,107,1.000467,0.013079,0.534,ICMP
FLW-0000097,VPN-SES-00019,0x81316269,17.74,275,236076,13307.55,858.46,312.36,389,1327,0.541565,0.459156,0.597,Email_IMAP
FLW-0000098,VPN-SES-00019,0x81316269,10.52,122,10248,974.14,84.0,1.5,81,86,0.998378,0.011687,0.526,ICMP
FLW-0000099,VPN-SES-00019,0x81316269,36.59,574,792062,21646.95,1379.9,121.84,1197,1514,0.01229,0.022847,0.106,Video_Streaming
FLW-0000100,VPN-SES-00019,0x81316269,113.92,823,202844,1780.58,246.47,121.7,64,429,1.368594,1.003682,0.439,WhatsApp
FLW-0000101,VPN-SES-00019,0x81316269,80.45,2739,687790,8549.29,251.11,145.28,64,469,1.169236,1.161927,0.46,WhatsApp
FLW-0000102,VPN-SES-00019,0x81316269,11.97,379,323722,27044.44,854.15,315.26,381,1327,0.591681,0.452183,0.595,Email_IMAP
FLW-0000103,VPN-SES-00019,0x81316269,94.04,1187,288737,3070.36,243.25,129.6,64,437,1.360574,1.000168,0.463,WhatsApp
FLW-0000104,VPN-SES-00019,0x81316269,207.14,459,637578,3078.01,1389.06,114.01,1218,1514,0.008334,0.025248,0.083,Video_Streaming
FLW-0000105,VPN-SES-00020,0xf4855aa1,32.67,1016,223489,6840.8,219.97,134.35,64,421,1.290667,1.162766,0.457,WhatsApp
FLW-0000106,VPN-SES-00020,0xf4855aa1,15.15,602,50568,3337.82,84.0,1.5,81,86,1.000072,0.01026,0.473,ICMP
FLW-0000107,VPN-SES-00020,0xf4855aa1,17.01,487,422550,24841.27,867.66,306.71,407,1327,0.64554,0.395504,0.6,Email_IMAP
FLW-0000108,VPN-SES-00021,0xacd6c852,256.76,5056,6980161,27185.55,1380.57,103.12,1225,1514,0.010558,0.027516,0.043,Video_Streaming
FLW-0000109,VPN-SES-00021,0xacd6c852,23.87,291,253178,10606.54,870.03,310.96,403,1336,0.685762,0.514871,0.546,Email_IMAP
FLW-0000110,VPN-SES-00021,0xacd6c852,29.19,643,456812,15649.61,710.44,384.62,133,1287,0.434772,0.518557,0.262,Web_Browsing
FLW-0000111,VPN-SES-00021,0xacd6c852,103.36,1515,2092275,20242.6,1381.04,108.75,1217,1514,0.016379,0.025636,0.07,Video_Streaming
FLW-0000112,VPN-SES-00021,0xacd6c852,7.3,91,77810,10658.9,855.06,316.1,380,1329,0.620802,0.46775,0.607,Email_IMAP
FLW-0000113,VPN-SES-00022,0x4b33f3d8,4.41,155,15729,3566.67,101.48,20.6,70,132,1.001307,0.009674,0.536,ICMP
FLW-0000114,VPN-SES-00022,0x4b33f3d8,91.09,1622,381332,4186.32,235.1,113.7,64,405,1.233666,0.894213,0.469,WhatsApp
FLW-0000115,VPN-SES-00022,0x4b33f3d8,46.44,1839,1324484,28520.33,720.22,393.41,130,1310,0.47452,0.489045,0.305,Web_Browsing
FLW-0000116,VPN-SES-00022,0x4b33f3d8,101.5,3212,685665,6755.32,213.47,131.88,64,411,1.527193,0.937356,0.514,WhatsApp
FLW-0000117,VPN-SES-00022,0x4b33f3d8,36.79,524,452767,12306.8,864.06,316.68,389,1339,0.692713,0.552181,0.625,Email_IMAP
FLW-0000118,VPN-SES-00022,0x4b33f3d8,47.3,986,239578,5065.07,242.98,126.33,64,432,1.259776,1.191337,0.454,WhatsApp
FLW-0000119,VPN-SES-00022,0x4b33f3d8,14.93,373,89840,6017.41,240.86,126.18,64,430,1.479032,1.136703,0.511,WhatsApp
FLW-0000120,VPN-SES-00023,0xbb3b4d37,23.81,485,55231,2319.66,113.88,15.84,90,137,0.019413,0.003822,0.511,VoIP
FLW-0000121,VPN-SES-00023,0xbb3b4d37,264.05,3505,4868725,18438.65,1389.08,102.62,1235,1514,0.015261,0.028389,0.072,Video_Streaming
FLW-0000122,VPN-SES-00023,0xbb3b4d37,42.32,754,107460,2539.22,142.52,11.81,124,160,0.019253,0.003289,0.545,VoIP
FLW-0000123,VPN-SES-00023,0xbb3b4d37,152.77,3069,4259311,27880.55,1387.85,109.56,1223,1514,0.01305,0.022186,0.133,Video_Streaming
FLW-0000124,VPN-SES-00023,0xbb3b4d37,57.3,1840,444452,7756.58,241.55,130.88,64,437,1.519751,1.152911,0.487,WhatsApp
FLW-0000125,VPN-SES-00023,0xbb3b4d37,50.92,1064,755982,14846.47,710.51,383.77,134,1286,0.591152,0.567271,0.328,Web_Browsing
FLW-0000126,VPN-SES-00023,0xbb3b4d37,93.65,400,45548,486.36,113.87,10.08,98,128,0.019925,0.004022,0.533,VoIP
FLW-0000127,VPN-SES-00023,0xbb3b4d37,17.33,104,72767,4198.9,699.69,392.24,111,1288,0.438149,0.478656,0.25,Web_Browsing
FLW-0000128,VPN-SES-00024,0xd7fee39f,155.56,2410,3277937,21071.85,1360.14,116.59,1185,1514,0.012275,0.021775,0.021,Video_Streaming
FLW-0000129,VPN-SES-00024,0xd7fee39f,14.23,145,103815,7295.5,715.97,393.35,125,1305,0.430531,0.424843,0.273,Web_Browsing
FLW-0000130,VPN-SES-00024,0xd7fee39f,290.47,2351,3236692,11142.95,1376.73,88.42,1244,1509,0.011796,0.024423,0.081,Video_Streaming
FLW-0000131,VPN-SES-00024,0xd7fee39f,5.05,89,78514,15547.33,882.19,329.01,388,1375,0.63185,0.400206,0.697,Email_IMAP
FLW-0000132,VPN-SES-00024,0xd7fee39f,31.77,831,715250,22513.38,860.71,320.11,380,1340,0.648372,0.458914,0.616,Email_IMAP
FLW-0000133,VPN-SES-00024,0xd7fee39f,170.05,1964,457847,2692.43,233.12,125.63,64,421,1.394596,1.040223,0.459,WhatsApp
FLW-0000134,VPN-SES-00024,0xd7fee39f,77.17,2723,330245,4279.45,121.28,15.96,97,145,0.020902,0.00294,0.533,VoIP
FLW-0000135,VPN-SES-00025,0x4e2b6091,122.46,808,205999,1682.17,254.95,113.41,84,425,1.343457,1.059142,0.438,WhatsApp
FLW-0000136,VPN-SES-00025,0x4e2b6091,30.55,86,73157,2394.66,850.67,311.12,383,1317,0.768278,0.492106,0.658,Email_IMAP
FLW-0000137,VPN-SES-00025,0x4e2b6091,149.8,1163,289191,1930.51,248.66,120.97,67,430,1.313454,1.153831,0.443,WhatsApp
FLW-0000138,VPN-SES-00025,0x4e2b6091,173.33,5552,1380005,7961.72,248.56,128.08,64,440,1.338155,1.178206,0.493,WhatsApp
FLW-0000139,VPN-SES-00025,0x4e2b6091,130.24,3827,901909,6924.98,235.67,139.27,64,444,1.221625,1.167753,0.498,WhatsApp
FLW-0000140,VPN-SES-00025,0x4e2b6091,228.12,4881,6717671,29447.97,1376.29,112.61,1207,1514,0.007308,0.02731,0.054,Video_Streaming
FLW-0000141,VPN-SES-00025,0x4e2b6091,37.14,1176,1003986,27032.47,853.73,328.39,361,1346,0.602457,0.386619,0.573,Email_IMAP
FLW-0000142,VPN-SES-00026,0xd64ee6e3,29.02,834,723303,24924.29,867.27,309.76,402,1331,0.768449,0.356313,0.671,Email_IMAP
FLW-0000143,VPN-SES-00026,0xd64ee6e3,6.58,230,166181,25255.47,722.53,379.23,153,1291,0.409131,0.519957,0.279,Web_Browsing
FLW-0000144,VPN-SES-00026,0xd64ee6e3,15.0,247,181110,12074.0,733.24,380.91,161,1304,0.461273,0.481819,0.278,Web_Browsing
FLW-0000145,VPN-SES-00026,0xd64ee6e3,48.88,794,574609,11755.5,723.69,366.32,174,1273,0.348886,0.537163,0.285,Web_Browsing
FLW-0000146,VPN-SES-00026,0xd64ee6e3,53.42,1542,1106832,20719.43,717.79,380.15,147,1288,0.476069,0.473012,0.257,Web_Browsing
FLW-0000147,VPN-SES-00026,0xd64ee6e3,35.57,1129,815533,22927.55,722.35,372.17,164,1280,0.480619,0.414871,0.311,Web_Browsing
FLW-0000148,VPN-SES-00027,0x40e912f2,17.19,283,205364,11946.71,725.67,382.05,152,1298,0.523702,0.583274,0.31,Web_Browsing
FLW-0000149,VPN-SES-00027,0x40e912f2,41.52,838,584848,14085.93,697.91,369.76,143,1252,0.403139,0.501305,0.296,Web_Browsing
FLW-0000150,VPN-SES-00027,0x40e912f2,104.09,1616,373764,3590.78,231.29,131.49,64,428,1.275362,1.032733,0.438,WhatsApp
FLW-0000151,VPN-SES-00028,0x7cedd15d,7.89,125,10865,1377.06,86.92,1.5,84,89,0.998536,0.011054,0.472,ICMP
FLW-0000152,VPN-SES-00028,0x7cedd15d,14.17,565,62150,4386.03,110.0,7.95,98,121,1.000277,0.009142,0.521,ICMP
FLW-0000153,VPN-SES-00028,0x7cedd15d,15.6,133,113460,7273.08,853.09,320.98,371,1334,0.822806,0.445677,0.654,Email_IMAP
FLW-0000154,VPN-SES-00028,0x7cedd15d,109.99,3175,4354703,39591.81,1371.56,109.72,1206,1514,0.018641,0.023433,0.114,Video_Streaming
FLW-0000155,VPN-SES-00028,0x7cedd15d,111.61,1259,1748108,15662.65,1388.49,105.5,1230,1514,0.014372,0.027431,0.079,Video_Streaming
FLW-0000156,VPN-SES-00028,0x7cedd15d,7.5,42,29448,3926.4,701.16,374.18,139,1262,0.431436,0.496278,0.299,Web_Browsing
FLW-0000157,VPN-SES-00028,0x7cedd15d,15.98,160,137940,8632.04,862.13,309.32,398,1326,0.675663,0.477476,0.637,Email_IMAP
FLW-0000158,VPN-SES-00029,0xb34b6cf6,57.07,417,55448,971.58,132.97,24.67,95,169,0.020276,0.003972,0.45,VoIP
FLW-0000159,VPN-SES-00029,0xb34b6cf6,29.81,168,145346,4875.75,865.16,321.66,382,1347,0.668332,0.392546,0.588,Email_IMAP
FLW-0000160,VPN-SES-00029,0xb34b6cf6,70.28,2445,3405004,48449.12,1392.64,109.68,1228,1514,0.014556,0.025071,0.061,Video_Streaming
FLW-0000161,VPN-SES-00030,0x5dc82a1e,44.59,714,622079,13951.09,871.26,315.87,397,1345,0.656488,0.429198,0.607,Email_IMAP
FLW-0000162,VPN-SES-00030,0x5dc82a1e,29.46,261,223491,7586.25,856.29,321.78,373,1338,0.617684,0.506509,0.593,Email_IMAP
FLW-0000163,VPN-SES-00030,0x5dc82a1e,198.89,2564,3532576,17761.46,1377.76,106.48,1218,1514,0.017426,0.025491,0.091,Video_Streaming
FLW-0000164,VPN-SES-00030,0x5dc82a1e,5.7,72,6048,1061.05,84.0,6.14,74,93,1.001334,0.010082,0.532,ICMP
FLW-0000165,VPN-SES-00030,0x5dc82a1e,179.04,1640,2253015,12583.86,1373.79,121.27,1191,1514,0.020621,0.024093,0.047,Video_Streaming
FLW-0000166,VPN-SES-00031,0x10af5b3a,16.39,234,25740,1570.47,110.0,16.64,85,134,0.999216,0.00958,0.492,ICMP
FLW-0000167,VPN-SES-00031,0x10af5b3a,29.51,519,116188,3937.24,223.87,122.65,64,407,1.234317,1.015542,0.479,WhatsApp
FLW-0000168,VPN-SES-00031,0x10af5b3a,7.13,150,15121,2120.76,100.81,16.4,76,125,0.998502,0.010984,0.494,ICMP
FLW-0000169,VPN-SES-00031,0x10af5b3a,49.28,437,602802,12232.18,1379.41,115.4,1206,1514,0.00779,0.025956,0.065,Video_Streaming
FLW-0000170,VPN-SES-00031,0x10af5b3a,37.73,1240,900128,23857.09,725.91,382.31,152,1299,0.634148,0.468113,0.264,Web_Browsing
FLW-0000171,VPN-SES-00032,0xfbd34616,108.39,2856,321357,2964.82,112.52,13.56,92,132,0.019618,0.004476,0.543,VoIP
FLW-0000172,VPN-SES-00032,0xfbd34616,14.27,121,103231,7234.13,853.15,313.34,383,1323,0.681821,0.42515,0.639,Email_IMAP
FLW-0000173,VPN-SES-00032,0xfbd34616,289.72,10003,13828547,47730.73,1382.44,97.87,1235,1514,0.017803,0.02949,0.042,Video_Streaming
FLW-0000174,VPN-SES-00032,0xfbd34616,42.98,1651,1412182,32856.72,855.35,322.29,371,1338,0.672576,0.479634,0.68,Email_IMAP
FLW-0000175,VPN-SES-00032,0xfbd34616,21.25,632,60596,2851.58,95.88,1.5,93,98,0.997931,0.009269,0.499,ICMP
FLW-0000176,VPN-SES-00032,0xfbd34616,95.13,907,128367,1349.39,141.53,13.86,120,162,0.020134,0.003993,0.536,VoIP
FLW-0000177,VPN-SES-00032,0xfbd34616,98.22,2007,542532,5523.64,270.32,125.75,81,458,1.319242,1.214858,0.5,WhatsApp
FLW-0000178,VPN-SES-00033,0xfa83bf00,105.06,1560,221769,2110.88,142.16,22.67,108,176,0.019784,0.004236,0.533,VoIP
FLW-0000179,VPN-SES-00033,0xfa83bf00,127.92,2616,653607,5109.5,249.85,134.06,64,450,1.576001,1.228623,0.521,WhatsApp
FLW-0000180,VPN-SES-00033,0xfa83bf00,23.85,880,93086,3902.98,105.78,2.66,101,109,1.00022,0.011207,0.475,ICMP
FLW-0000181,VPN-SES-00033,0xfa83bf00,5.5,33,28525,5186.36,864.42,316.85,389,1339,0.65194,0.50753,0.626,Email_IMAP
FLW-0000182,VPN-SES-00033,0xfa83bf00,18.88,155,111686,5915.57,720.56,369.12,166,1274,0.505969,0.532274,0.345,Web_Browsing
FLW-0000183,VPN-SES-00033,0xfa83bf00,157.03,323,76328,486.07,236.31,131.75,64,433,1.441148,1.27352,0.477,WhatsApp
FLW-0000184,VPN-SES-00033,0xfa83bf00,22.26,517,52397,2353.86,101.35,8.86,88,114,1.00028,0.009554,0.506,ICMP
FLW-0000185,VPN-SES-00033,0xfa83bf00,19.21,568,143635,7477.1,252.88,121.79,70,435,1.42194,1.022987,0.516,WhatsApp
FLW-0000186,VPN-SES-00034,0x6c9d927d,117.18,2194,223173,1904.53,101.72,13.53,81,122,0.020226,0.004626,0.498,VoIP
FLW-0000187,VPN-SES-00034,0x6c9d927d,7.33,21,1918,261.66,91.34,19.05,64,119,0.997828,0.007801,0.513,ICMP
FLW-0000188,VPN-SES-00034,0x6c9d927d,20.73,271,231428,11163.92,853.98,311.83,386,1321,0.697814,0.460971,0.603,Email_IMAP
FLW-0000189,VPN-SES-00035,0xe7665cda,176.64,2349,527679,2987.31,224.64,136.98,64,430,1.507283,1.089091,0.535,WhatsApp
FLW-0000190,VPN-SES-00035,0xe7665cda,103.72,1778,403890,3894.04,227.16,117.8,64,403,1.285835,1.094986,0.487,WhatsApp
FLW-0000191,VPN-SES-00035,0xe7665cda,278.9,8884,12234245,43866.06,1377.11,112.82,1207,1514,0.007307,0.028609,0.058,Video_Streaming
FLW-0000192,VPN-SES-00035,0xe7665cda,22.47,115,12650,562.97,110.0,6.74,99,120,1.000685,0.01057,0.513,ICMP
FLW-0000193,VPN-SES-00035,0xe7665cda,47.5,1844,1341897,28250.46,727.71,390.63,141,1313,0.464739,0.53545,0.277,Web_Browsing
FLW-0000194,VPN-SES-00035,0xe7665cda,67.78,2214,569617,8403.91,257.28,124.59,70,444,1.697155,1.095583,0.437,WhatsApp
FLW-0000195,VPN-SES-00036,0x54656d6b,35.28,842,725416,20561.68,861.54,314.55,389,1333,0.706743,0.420632,0.607,Email_IMAP
FLW-0000196,VPN-SES-00036,0x54656d6b,168.58,1882,409015,2426.24,217.33,126.38,64,406,1.00006,0.925771,0.503,WhatsApp
FLW-0000197,VPN-SES-00036,0x54656d6b,9.01,214,22990,2551.61,107.43,7.4,96,118,0.99855,0.009952,0.5,ICMP
FLW-0000198,VPN-SES-00036,0x54656d6b,261.12,7252,9906957,37940.25,1366.1,122.03,1183,1514,0.01529,0.024448,0.061,Video_Streaming
FLW-0000199,VPN-SES-00036,0x54656d6b,48.41,1064,130340,2692.42,122.5,1.67,119,125,0.019852,0.003727,0.47,VoIP
FLW-0000200,VPN-SES-00037,0xc489d070,17.61,137,117358,6664.28,856.63,334.38,355,1358,0.693257,0.424297,0.637,Email_IMAP
FLW-0000201,VPN-SES-00037,0xc489d070,26.95,988,253708,9414.03,256.79,137.4,64,462,1.409839,1.028837,0.501,WhatsApp
FLW-0000202,VPN-SES-00037,0xc489d070,90.86,1860,231979,2553.15,124.72,25.16,86,162,0.020381,0.00442,0.484,VoIP
FLW-0000203,VPN-SES-00037,0xc489d070,24.37,124,13640,559.7,110.0,5.58,101,118,1.003113,0.009311,0.552,ICMP
FLW-0000204,VPN-SES-00037,0xc489d070,142.86,2456,595260,4166.74,242.37,124.79,64,429,1.320159,1.064762,0.493,WhatsApp
FLW-0000205,VPN-SES-00037,0xc489d070,39.28,892,647832,16492.67,726.27,375.41,163,1289,0.448173,0.607114,0.332,Web_Browsing
FLW-0000206,VPN-SES-00037,0xc489d070,5.69,95,9807,1723.55,103.24,4.3,96,109,1.00018,0.010614,0.469,ICMP
FLW-0000207,VPN-SES-00038,0xea330aa1,200.41,7944,10938173,54578.98,1376.91,96.65,1231,1514,0.013497,0.026618,0.046,Video_Streaming
FLW-0000208,VPN-SES-00038,0xea330aa1,59.86,489,361317,6036.03,738.89,370.19,183,1294,0.340172,0.511223,0.311,Web_Browsing
FLW-0000209,VPN-SES-00038,0xea330aa1,176.32,6580,1712181,9710.65,260.21,126.33,70,449,1.577982,1.095764,0.475,WhatsApp
FLW-0000210,VPN-SES-00039,0xb23d4c2f,173.41,4982,6927969,39951.38,1390.6,115.22,1217,1514,0.006089,0.028691,0.101,Video_Streaming
FLW-0000211,VPN-SES-00039,0xb23d4c2f,20.64,215,19455,942.59,90.49,7.17,79,101,1.000741,0.010261,0.483,ICMP
FLW-0000212,VPN-SES-00039,0xb23d4c2f,51.32,1885,2586106,50391.78,1371.94,109.8,1207,1514,0.016398,0.026359,0.049,Video_Streaming
FLW-0000213,VPN-SES-00039,0xb23d4c2f,115.35,2202,548870,4758.3,249.26,107.21,88,410,1.589546,0.908631,0.469,WhatsApp
FLW-0000214,VPN-SES-00040,0x8f671eec,49.94,806,1101447,22055.41,1366.56,99.64,1217,1514,0.016353,0.023831,0.07,Video_Streaming
FLW-0000215,VPN-SES-00040,0x8f671eec,16.27,466,400499,24615.8,859.44,323.82,373,1345,0.655185,0.392265,0.65,Email_IMAP
FLW-0000216,VPN-SES-00040,0x8f671eec,9.25,172,15836,1712.0,92.07,1.5,89,94,0.999358,0.011501,0.526,ICMP
FLW-0000217,VPN-SES-00040,0x8f671eec,299.83,8515,11715107,39072.5,1375.82,107.21,1215,1514,0.010794,0.030192,0.071,Video_Streaming
FLW-0000218,VPN-SES-00040,0x8f671eec,39.91,1250,156450,3920.07,125.16,26.24,85,164,0.020143,0.003896,0.494,VoIP
FLW-0000219,VPN-SES-00040,0x8f671eec,36.61,677,486857,13298.47,719.14,379.7,149,1288,0.504572,0.502597,0.302,Web_Browsing
FLW-0000220,VPN-SES-00040,0x8f671eec,117.68,3477,413867,3516.88,119.03,18.63,91,146,0.018801,0.004367,0.51,VoIP
FLW-0000221,VPN-SES-00041,0x564458b4,36.88,521,454301,12318.36,871.98,296.83,426,1317,0.790965,0.443718,0.653,Email_IMAP
FLW-0000222,VPN-SES-00041,0x564458b4,7.99,143,12229,1530.54,85.52,8.9,72,98,0.99842,0.009376,0.557,ICMP
FLW-0000223,VPN-SES-00041,0x564458b4,19.87,714,68336,3439.15,95.71,5.74,87,104,1.001305,0.010496,0.505,ICMP
FLW-0000224,VPN-SES-00041,0x564458b4,21.61,686,70232,3249.98,102.38,23.23,67,137,0.999914,0.010201,0.532,ICMP
FLW-0000225,VPN-SES-00042,0x28dfbc3c,84.21,2377,3311802,39327.89,1393.27,119.5,1214,1514,0.014395,0.022142,0.109,Video_Streaming
FLW-0000226,VPN-SES-00042,0x28dfbc3c,34.2,626,442106,12927.08,706.24,382.42,132,1279,0.393429,0.496793,0.29,Web_Browsing
FLW-0000227,VPN-SES-00042,0x28dfbc3c,99.38,3575,4947299,49781.64,1383.86,113.38,1213,1514,0.018051,0.026134,0.053,Video_Streaming
FLW-0000228,VPN-SES-00042,0x28dfbc3c,174.46,2765,695591,3987.11,251.57,139.52,64,460,1.197445,1.165714,0.501,WhatsApp
FLW-0000229,VPN-SES-00042,0x28dfbc3c,22.28,867,81870,3674.6,94.43,15.01,71,116,0.999775,0.010126,0.495,ICMP
FLW-0000230,VPN-SES-00042,0x28dfbc3c,64.17,436,52402,816.61,120.19,9.23,106,134,0.019136,0.004638,0.475,VoIP
FLW-0000231,VPN-SES-00043,0x3408a6dc,42.77,338,36537,854.27,108.1,1.5,105,110,0.019617,0.003471,0.549,VoIP
FLW-0000232,VPN-SES-00043,0x3408a6dc,72.66,2898,730643,10055.64,252.12,124.49,65,438,1.771652,1.207994,0.47,WhatsApp
FLW-0000233,VPN-SES-00043,0x3408a6dc,37.15,1381,952903,25650.15,690.01,398.33,92,1287,0.345782,0.41773,0.311,Web_Browsing
FLW-0000234,VPN-SES-00043,0x3408a6dc,10.96,140,104899,9571.08,749.28,391.07,162,1335,0.492293,0.529738,0.306,Web_Browsing
FLW-0000235,VPN-SES-00043,0x3408a6dc,14.25,363,90426,6345.68,249.11,132.25,64,447,1.417193,1.093115,0.457,WhatsApp
FLW-0000236,VPN-SES-00043,0x3408a6dc,13.08,58,49684,3798.47,856.63,306.46,396,1316,0.643362,0.405513,0.587,Email_IMAP
FLW-0000237,VPN-SES-00044,0xb2a9d4d8,9.56,251,216402,22636.19,862.16,331.14,365,1358,0.711986,0.379327,0.59,Email_IMAP
FLW-0000238,VPN-SES-00044,0xb2a9d4d8,41.88,1604,1172989,28008.33,731.29,372.14,173,1289,0.433153,0.527503,0.251,Web_Browsing
FLW-0000239,VPN-SES-00044,0xb2a9d4d8,23.87,476,47247,1979.35,99.26,1.5,97,101,0.999098,0.01032,0.452,ICMP
FLW-0000240,VPN-SES-00044,0xb2a9d4d8,34.43,384,332271,9650.62,865.29,319.84,385,1345,0.687293,0.460076,0.661,Email_IMAP
FLW-0000241,VPN-SES-00045,0xf2aa7a5d,118.0,3245,394267,3341.25,121.5,14.56,99,143,0.020073,0.004217,0.501,VoIP
FLW-0000242,VPN-SES-00045,0xf2aa7a5d,40.97,1401,1205546,29425.09,860.49,314.38,388,1332,0.605254,0.386883,0.672,Email_IMAP
FLW-0000243,VPN-SES-00045,0xf2aa7a5d,8.33,157,110695,13288.72,705.07,374.46,143,1266,0.396119,0.544746,0.271,Web_Browsing
FLW-0000244,VPN-SES-00045,0xf2aa7a5d,291.42,8032,11204399,38447.6,1394.97,104.61,1238,1514,0.013046,0.022912,0.124,Video_Streaming
FLW-0000245,VPN-SES-00045,0xf2aa7a5d,84.59,2797,295782,3496.65,105.75,20.48,75,136,0.02038,0.004166,0.494,VoIP
FLW-0000246,VPN-SES-00046,0xb3b5cece,249.52,4316,5949347,23843.17,1378.44,110.35,1212,1514,0.011449,0.02741,0.126,Video_Streaming
FLW-0000247,VPN-SES-00046,0xb3b5cece,47.59,1710,1219760,25630.59,713.31,369.04,159,1266,0.443379,0.628985,0.256,Web_Browsing
FLW-0000248,VPN-SES-00046,0xb3b5cece,4.12,45,39585,9608.01,879.67,333.42,379,1379,0.612633,0.475604,0.669,Email_IMAP
FLW-0000249,VPN-SES-00046,0xb3b5cece,175.86,6892,9479601,53904.25,1375.45,108.37,1212,1514,0.009819,0.022463,0.041,Video_Streaming
FLW-0000250,VPN-SES-00046,0xb3b5cece,59.68,224,305829,5124.48,1365.31,110.27,1199,1514,0.009113,0.025584,0.013,Video_Streaming
FLW-0000251,VPN-SES-00046,0xb3b5cece,34.01,555,768103,22584.62,1383.97,116.67,1208,1514,0.004523,0.025935,0.097,Video_Streaming
FLW-0000252,VPN-SES-00046,0xb3b5cece,17.27,212,179241,10378.75,845.48,333.38,345,1345,0.678284,0.418274,0.618,Email_IMAP
FLW-0000253,VPN-SES-00047,0x53ef2016,13.08,340,294678,22528.9,866.7,320.61,385,1347,0.686366,0.40857,0.625,Email_IMAP
FLW-0000254,VPN-SES-00047,0x53ef2016,91.36,2880,296755,3248.19,103.04,17.11,77,128,0.019458,0.003706,0.537,VoIP
FLW-0000255,VPN-SES-00047,0x53ef2016,16.37,63,55005,3360.11,873.1,324.87,385,1360,0.576269,0.435762,0.656,Email_IMAP
FLW-0000256,VPN-SES-00047,0x53ef2016,119.85,3529,429479,3583.47,121.7,36.55,66,176,0.020236,0.004077,0.491,VoIP
FLW-0000257,VPN-SES-00047,0x53ef2016,126.64,4269,1031390,8144.27,241.6,128.78,64,434,1.516838,1.205237,0.456,WhatsApp
FLW-0000258,VPN-SES-00047,0x53ef2016,23.1,121,10164,440.0,84.0,1.5,81,86,1.000762,0.008897,0.435,ICMP
FLW-0000259,VPN-SES-00048,0xf63658c9,95.94,1953,477820,4980.4,244.66,149.94,64,469,1.398998,1.192234,0.482,WhatsApp
FLW-0000260,VPN-SES-00048,0xf63658c9,98.28,664,78889,802.7,118.81,25.35,80,156,0.019826,0.004107,0.51,VoIP
FLW-0000261,VPN-SES-00048,0xf63658c9,17.67,599,53898,3050.25,89.98,11.94,72,107,0.999738,0.009244,0.516,ICMP
FLW-0000262,VPN-SES-00048,0xf63658c9,22.18,484,42214,1903.25,87.22,4.23,80,93,0.999986,0.011086,0.514,ICMP
FLW-0000263,VPN-SES-00048,0xf63658c9,160.98,3710,889287,5524.21,239.7,136.54,64,444,1.629384,1.161359,0.48,WhatsApp
FLW-0000264,VPN-SES-00049,0x66c438e4,102.34,585,60992,595.97,104.26,9.48,90,118,0.019817,0.003756,0.494,VoIP
FLW-0000265,VPN-SES-00049,0x66c438e4,26.42,808,194469,7360.67,240.68,134.24,64,442,1.388368,1.153515,0.482,WhatsApp
FLW-0000266,VPN-SES-00049,0x66c438e4,49.65,1238,862007,17361.67,696.29,372.49,137,1255,0.439193,0.439515,0.298,Web_Browsing
FLW-0000267,VPN-SES-00050,0x1f5ae9d3,38.02,796,587742,15458.76,738.37,389.75,153,1322,0.433992,0.574536,0.284,Web_Browsing
FLW-0000268,VPN-SES-00050,0x1f5ae9d3,75.68,1022,118500,1565.8,115.95,13.09,96,135,0.019819,0.003845,0.505,VoIP
FLW-0000269,VPN-SES-00050,0x1f5ae9d3,207.32,2251,3110724,15004.46,1381.93,110.02,1216,1514,0.013639,0.027977,0.088,Video_Streaming
FLW-0000270,VPN-SES-00051,0xe8e7012f,17.5,61,5124,292.8,84.0,1.5,81,86,1.001401,0.008633,0.493,ICMP
FLW-0000271,VPN-SES-00051,0xe8e7012f,42.09,1504,1272323,30228.63,845.96,305.58,387,1304,0.686549,0.484162,0.603,Email_IMAP
FLW-0000272,VPN-SES-00051,0xe8e7012f,6.59,82,56490,8572.08,688.91,375.63,125,1252,0.479385,0.426054,0.286,Web_Browsing
FLW-0000273,VPN-SES-00051,0xe8e7012f,20.01,387,37856,1891.85,97.82,8.63,84,110,1.000179,0.009027,0.536,ICMP
FLW-0000274,VPN-SES-00051,0xe8e7012f,5.34,46,33032,6185.77,718.1,379.78,148,1287,0.380005,0.477836,0.253,Web_Browsing
FLW-0000275,VPN-SES-00051,0xe8e7012f,30.95,203,174157,5627.04,857.92,333.69,357,1358,0.557397,0.37739,0.664,Email_IMAP
FLW-0000276,VPN-SES-00051,0xe8e7012f,230.06,962,1325145,5760.0,1377.49,104.65,1220,1514,0.0159,0.023486,0.115,Video_Streaming
FLW-0000277,VPN-SES-00052,0x277d6e7e,72.5,2675,3713274,51217.57,1388.14,106.1,1228,1514,0.02009,0.023486,0.082,Video_Streaming
FLW-0000278,VPN-SES-00052,0x277d6e7e,85.77,1285,158813,1851.61,123.59,28.41,80,166,0.020937,0.004013,0.477,VoIP
FLW-0000279,VPN-SES-00052,0x277d6e7e,122.53,4223,1036830,8461.85,245.52,124.58,64,432,1.732209,1.115019,0.469,WhatsApp
FLW-0000280,VPN-SES-00053,0xab69554d,38.15,1303,159252,4174.36,122.22,7.22,111,133,0.019417,0.00448,0.48,VoIP
FLW-0000281,VPN-SES-00053,0xab69554d,15.81,339,36422,2303.73,107.44,22.29,74,140,0.020711,0.004288,0.53,VoIP
FLW-0000282,VPN-SES-00053,0xab69554d,237.18,4660,6388487,26935.18,1370.92,98.63,1222,1514,0.01763,0.024193,0.052,Video_Streaming
FLW-0000283,VPN-SES-00053,0xab69554d,23.05,53,39004,1692.15,735.94,384.45,159,1312,0.484192,0.60825,0.261,Web_Browsing
FLW-0000284,VPN-SES-00053,0xab69554d,136.99,1712,429934,3138.43,251.13,130.46,64,446,1.444318,1.268132,0.495,WhatsApp
FLW-0000285,VPN-SES-00054,0x3112507c,63.27,444,56148,887.43,126.46,26.58,86,166,0.019781,0.003664,0.469,VoIP
FLW-0000286,VPN-SES-00054,0x3112507c,36.67,1247,868410,23681.76,696.4,396.45,101,1291,0.367259,0.488937,0.272,Web_Browsing
FLW-0000287,VPN-SES-00054,0x3112507c,130.61,3682,897266,6869.81,243.69,136.53,64,448,1.541978,1.035861,0.475,WhatsApp
FLW-0000288,VPN-SES-00054,0x3112507c,11.33,32,23148,2043.07,723.39,378.01,156,1290,0.570551,0.524549,0.302,Web_Browsing
FLW-0000289,VPN-SES-00054,0x3112507c,14.45,499,363247,25138.2,727.95,389.39,143,1312,0.463577,0.435158,0.292,Web_Browsing
FLW-0000290,VPN-SES-00054,0x3112507c,23.32,136,12264,525.9,90.18,1.5,87,92,1.00088,0.011238,0.501,ICMP
FLW-0000291,VPN-SES-00055,0x7fcc57dd,29.96,1145,988947,33008.91,863.71,333.62,363,1364,0.666251,0.567076,0.637,Email_IMAP
FLW-0000292,VPN-SES-00055,0x7fcc57dd,11.95,420,352325,29483.26,838.87,326.03,349,1327,0.675728,0.508039,0.64,Email_IMAP
FLW-0000293,VPN-SES-00055,0x7fcc57dd,24.31,886,636449,26180.54,718.34,370.21,163,1273,0.434323,0.457474,0.263,Web_Browsing
FLW-0000294,VPN-SES-00056,0xb53bc024,138.26,5023,1240982,8975.71,247.06,143.36,64,462,1.465121,0.968453,0.493,WhatsApp
FLW-0000295,VPN-SES-00056,0xb53bc024,125.79,4875,1240005,9857.74,254.36,125.12,66,442,1.377887,1.101616,0.456,WhatsApp
FLW-0000296,VPN-SES-00056,0xb53bc024,17.34,673,71189,4105.48,105.78,3.03,101,110,1.000629,0.009113,0.487,ICMP
FLW-0000297,VPN-SES-00056,0xb53bc024,52.53,1389,1012122,19267.5,728.67,377.02,163,1294,0.579522,0.480018,0.287,Web_Browsing
FLW-0000298,VPN-SES-00056,0xb53bc024,13.3,60,43871,3298.57,731.19,368.65,178,1284,0.317939,0.423717,0.318,Web_Browsing
FLW-0000299,VPN-SES-00056,0xb53bc024,85.18,1410,329065,3863.17,233.38,150.47,64,459,1.306899,1.120301,0.526,WhatsApp
FLW-0000300,VPN-SES-00057,0xdbdc4318,24.79,522,461484,18615.73,884.07,336.49,379,1388,0.731565,0.496083,0.638,Email_IMAP
FLW-0000301,VPN-SES-00057,0xdbdc4318,26.73,863,750240,28067.34,869.34,315.59,395,1342,0.594772,0.449848,0.615,Email_IMAP
FLW-0000302,VPN-SES-00057,0xdbdc4318,22.81,505,46742,2049.19,92.56,9.57,78,106,1.001433,0.010088,0.544,ICMP
FLW-0000303,VPN-SES-00057,0xdbdc4318,30.73,719,608489,19801.14,846.3,318.45,368,1323,0.601614,0.366006,0.618,Email_IMAP
FLW-0000304,VPN-SES-00057,0xdbdc4318,23.5,201,172566,7343.23,858.54,332.11,360,1356,0.69258,0.403912,0.676,Email_IMAP
FLW-0000305,VPN-SES-00057,0xdbdc4318,62.3,1530,206014,3306.81,134.65,22.66,100,168,0.019864,0.003616,0.489,VoIP
FLW-0000306,VPN-SES-00057,0xdbdc4318,5.77,176,19360,3355.29,110.0,19.08,81,138,1.002315,0.009511,0.466,ICMP
FLW-0000307,VPN-SES-00058,0x3c2cd22b,6.15,173,149072,24239.35,861.69,305.85,402,1320,0.671814,0.443358,0.606,Email_IMAP
FLW-0000308,VPN-SES-00058,0x3c2cd22b,11.03,190,15960,1446.96,84.0,8.11,71,96,0.999201,0.00883,0.414,ICMP
FLW-0000309,VPN-SES-00058,0x3c2cd22b,73.59,1730,207029,2813.28,119.67,32.18,71,167,0.020997,0.003817,0.482,VoIP
FLW-0000310,VPN-SES-00058,0x3c2cd22b,18.86,709,514471,27278.42,725.63,372.01,167,1283,0.472634,0.538304,0.317,Web_Browsing
FLW-0000311,VPN-SES-00058,0x3c2cd22b,39.8,761,653546,16420.75,858.8,318.37,381,1336,0.590736,0.41279,0.613,Email_IMAP
FLW-0000312,VPN-SES-00058,0x3c2cd22b,76.19,731,90943,1193.63,124.41,25.31,86,162,0.019518,0.004597,0.492,VoIP
FLW-0000313,VPN-SES-00058,0x3c2cd22b,22.06,715,514614,23327.92,719.74,374.02,158,1280,0.268182,0.544202,0.302,Web_Browsing
FLW-0000314,VPN-SES-00058,0x3c2cd22b,17.9,167,15801,882.74,94.62,4.54,87,101,1.000774,0.008437,0.484,ICMP
FLW-0000315,VPN-SES-00059,0xa8549f22,7.83,231,200861,25652.75,869.53,309.97,404,1334,0.669815,0.388954,0.634,Email_IMAP
FLW-0000316,VPN-SES-00059,0xa8549f22,18.83,408,350704,18624.75,859.57,307.08,398,1320,0.72862,0.416943,0.596,Email_IMAP
FLW-0000317,VPN-SES-00059,0xa8549f22,14.91,248,179157,12015.9,722.41,389.19,138,1306,0.373813,0.503084,0.293,Web_Browsing
FLW-0000318,VPN-SES-00059,0xa8549f22,57.12,2105,1533113,26840.21,728.32,381.41,156,1300,0.422473,0.45862,0.283,Web_Browsing
FLW-0000319,VPN-SES-00059,0xa8549f22,91.17,745,1018511,11171.56,1367.13,86.63,1237,1497,0.013637,0.02726,0.01,Video_Streaming
FLW-0000320,VPN-SES-00059,0xa8549f22,50.83,1830,2503220,49246.9,1367.88,114.95,1195,1514,0.019716,0.025052,0.038,Video_Streaming
FLW-0000321,VPN-SES-00059,0xa8549f22,68.31,2346,276382,4046.0,117.81,29.0,74,161,0.019612,0.00368,0.486,VoIP
FLW-0000322,VPN-SES-00059,0xa8549f22,22.56,83,7184,318.44,86.56,4.98,79,94,1.002437,0.010323,0.492,ICMP
FLW-0000323,VPN-SES-00060,0xb97431db,17.43,407,96255,5522.38,236.5,117.49,64,412,1.545713,1.091438,0.475,WhatsApp
FLW-0000324,VPN-SES-00060,0xb97431db,19.11,492,54120,2832.03,110.0,6.39,100,119,0.998872,0.009574,0.534,ICMP
FLW-0000325,VPN-SES-00060,0xb97431db,15.68,490,422066,26917.47,861.36,308.49,398,1324,0.712048,0.419934,0.676,Email_IMAP
FLW-0000326,VPN-SES-00060,0xb97431db,174.18,2883,4015903,23056.05,1392.96,106.42,1233,1514,0.016804,0.02517,0.086,Video_Streaming
FLW-0000327,VPN-SES-00060,0xb97431db,163.68,1916,470991,2877.51,245.82,123.23,64,430,1.293814,1.213296,0.47,WhatsApp
FLW-0000328,VPN-SES-00060,0xb97431db,42.31,1252,895380,21162.37,715.16,372.36,156,1273,0.48177,0.603126,0.248,Web_Browsing
FLW-0000329,VPN-SES-00060,0xb97431db,88.49,1330,319585,3611.54,240.29,141.3,64,452,1.386859,1.149761,0.448,WhatsApp
FLW-0000330,VPN-SES-00060,0xb97431db,95.49,1904,466746,4887.9,245.14,128.5,64,437,1.562645,1.230612,0.558,WhatsApp
FLW-0000331,VPN-SES-00061,0x397ca4ff,9.61,101,73422,7640.17,726.96,382.61,153,1300,0.464579,0.482342,0.29,Web_Browsing
FLW-0000332,VPN-SES-00061,0x397ca4ff,29.71,1110,795270,26767.75,716.46,381.35,144,1288,0.54882,0.449673,0.314,Web_Browsing
FLW-0000333,VPN-SES-00061,0x397ca4ff,254.38,2010,2805578,11029.08,1395.81,109.06,1232,1514,0.004043,0.02348,0.099,Video_Streaming
FLW-0000334,VPN-SES-00062,0xf916da57,48.46,298,35679,736.26,119.73,10.01,104,134,0.019697,0.004336,0.516,VoIP
FLW-0000335,VPN-SES-00062,0xf916da57,17.65,184,17503,991.67,95.13,1.5,92,97,0.999412,0.009078,0.548,ICMP
FLW-0000336,VPN-SES-00062,0xf916da57,40.34,1047,1440808,35716.61,1376.13,119.74,1196,1514,0.017705,0.027496,0.047,Video_Streaming
FLW-0000337,VPN-SES-00062,0xf916da57,21.45,819,84225,3926.57,102.84,3.81,97,108,0.998644,0.010324,0.465,ICMP
FLW-0000338,VPN-SES-00063,0xc49e04cc,18.07,160,117480,6501.38,734.25,376.28,169,1298,0.465087,0.514164,0.272,Web_Browsing
FLW-0000339,VPN-SES-00063,0xc49e04cc,40.04,1388,176331,4403.87,127.04,14.2,105,148,0.020523,0.003462,0.504,VoIP
FLW-0000340,VPN-SES-00063,0xc49e04cc,22.74,158,139556,6137.03,883.27,312.0,415,1351,0.604252,0.473126,0.625,Email_IMAP
FLW-0000341,VPN-SES-00064,0xe6312a80,41.84,1451,354348,8469.12,244.21,133.91,64,445,1.504729,1.222067,0.492,WhatsApp
FLW-0000342,VPN-SES-00064,0xe6312a80,69.97,1616,189233,2704.49,117.1,23.38,82,152,0.02114,0.003947,0.471,VoIP
FLW-0000343,VPN-SES-00064,0xe6312a80,115.11,4386,584566,5078.33,133.28,17.04,107,158,0.018696,0.004339,0.484,VoIP
FLW-0000344,VPN-SES-00064,0xe6312a80,26.72,452,388227,14529.45,858.91,322.66,374,1342,0.662859,0.481925,0.607,Email_IMAP
FLW-0000345,VPN-SES-00064,0xe6312a80,17.4,430,105848,6083.22,246.16,127.92,64,438,1.521904,1.16769,0.452,WhatsApp
FLW-0000346,VPN-SES-00064,0xe6312a80,18.95,53,38850,2050.13,733.03,375.71,169,1296,0.510604,0.518364,0.335,Web_Browsing
FLW-0000347,VPN-SES-00064,0xe6312a80,48.37,802,575290,11893.53,717.32,377.21,151,1283,0.448544,0.484841,0.304,Web_Browsing
FLW-0000348,VPN-SES-00065,0x4dba6da8,13.76,517,43428,3156.1,84.0,1.5,81,86,0.998398,0.01095,0.551,ICMP
FLW-0000349,VPN-SES-00065,0x4dba6da8,7.83,84,8127,1037.93,96.75,2.65,92,100,1.000105,0.011162,0.472,ICMP
FLW-0000350,VPN-SES-00065,0x4dba6da8,90.18,2054,252354,2798.34,122.86,25.8,84,161,0.020301,0.004076,0.53,VoIP
FLW-0000351,VPN-SES-00065,0x4dba6da8,45.81,180,15760,344.03,87.56,23.42,64,122,0.019608,0.003268,0.515,VoIP
FLW-0000352,VPN-SES-00066,0xda862225,52.42,201,148032,2823.96,736.48,378.9,168,1304,0.521466,0.580614,0.319,Web_Browsing
FLW-0000353,VPN-SES-00066,0xda862225,10.97,84,9240,842.3,110.0,9.94,95,124,1.000113,0.008398,0.493,ICMP
FLW-0000354,VPN-SES-00066,0xda862225,29.03,877,622564,21445.54,709.88,397.37,113,1305,0.436809,0.50616,0.297,Web_Browsing
FLW-0000355,VPN-SES-00066,0xda862225,13.23,515,50737,3835.0,98.52,17.56,72,124,0.999066,0.010195,0.478,ICMP
FLW-0000356,VPN-SES-00066,0xda862225,67.64,900,201744,2982.61,224.16,125.11,64,411,1.393889,1.052777,0.459,WhatsApp
FLW-0000357,VPN-SES-00067,0x8f072cb9,22.67,126,88593,3907.94,703.12,379.34,134,1272,0.337146,0.538003,0.282,Web_Browsing
FLW-0000358,VPN-SES-00067,0x8f072cb9,41.35,709,498079,12045.44,702.51,377.53,136,1268,0.393588,0.515959,0.32,Web_Browsing
FLW-0000359,VPN-SES-00067,0x8f072cb9,112.45,3714,807795,7183.59,217.5,130.92,64,413,1.373578,1.173847,0.486,WhatsApp
FLW-0000360,VPN-SES-00067,0x8f072cb9,216.24,6191,8487737,39251.47,1370.98,107.45,1209,1514,0.009015,0.02769,0.061,Video_Streaming
FLW-0000361,VPN-SES-00067,0x8f072cb9,17.2,395,103809,6035.41,262.81,129.51,68,457,1.283113,0.933491,0.426,WhatsApp
FLW-0000362,VPN-SES-00067,0x8f072cb9,44.92,651,547484,12187.98,840.99,322.14,357,1324,0.684339,0.378846,0.647,Email_IMAP
FLW-0000363,VPN-SES-00067,0x8f072cb9,24.58,107,9865,401.34,92.2,5.17,84,99,1.002418,0.010897,0.492,ICMP
FLW-0000364,VPN-SES-00068,0x2335e5db,28.25,539,58918,2085.59,109.31,1.5,107,111,0.019569,0.003916,0.47,VoIP
FLW-0000365,VPN-SES-00068,0x2335e5db,11.69,219,21115,1806.24,96.42,4.61,89,103,0.999663,0.00935,0.505,ICMP
FLW-0000366,VPN-SES-00068,0x2335e5db,5.33,49,42399,7954.78,865.3,311.28,398,1332,0.745238,0.445564,0.621,Email_IMAP
FLW-0000367,VPN-SES-00068,0x2335e5db,13.45,405,43132,3206.84,106.5,5.87,97,115,1.00143,0.010287,0.482,ICMP
FLW-0000368,VPN-SES-00068,0x2335e5db,29.42,215,155733,5293.44,724.34,370.85,168,1280,0.458142,0.498339,0.274,Web_Browsing
FLW-0000369,VPN-SES-00068,0x2335e5db,9.65,206,176842,18325.6,858.46,304.95,401,1315,0.612961,0.454178,0.625,Email_IMAP
FLW-0000370,VPN-SES-00069,0x75e58f34,46.48,1345,306216,6588.12,227.67,140.13,64,437,1.257081,1.20664,0.493,WhatsApp
FLW-0000371,VPN-SES-00069,0x75e58f34,43.17,1091,777064,18000.09,712.25,394.2,120,1303,0.360477,0.545958,0.31,Web_Browsing
FLW-0000372,VPN-SES-00069,0x75e58f34,63.11,429,588566,9326.03,1371.95,121.14,1190,1514,0.011062,0.025722,0.068,Video_Streaming
FLW-0000373,VPN-SES-00069,0x75e58f34,39.35,1538,366643,9317.48,238.39,136.49,64,443,1.530926,0.907661,0.519,WhatsApp
FLW-0000374,VPN-SES-00069,0x75e58f34,179.53,6998,1539909,8577.45,220.05,138.26,64,427,1.585906,0.979994,0.468,WhatsApp
FLW-0000375,VPN-SES-00069,0x75e58f34,24.32,375,31773,1306.46,84.73,2.28,81,88,0.999538,0.01078,0.539,ICMP
FLW-0000376,VPN-SES-00069,0x75e58f34,11.3,55,6050,535.4,110.0,1.5,107,112,0.999686,0.008317,0.476,ICMP
FLW-0000377,VPN-SES-00069,0x75e58f34,26.23,964,840203,32032.14,871.58,332.92,372,1370,0.566681,0.423339,0.619,Email_IMAP
FLW-0000378,VPN-SES-00070,0x5cc9f5f2,243.4,916,1267157,5206.07,1383.36,103.52,1228,1514,0.01359,0.023815,0.06,Video_Streaming
FLW-0000379,VPN-SES-00070,0x5cc9f5f2,35.47,825,599412,16899.13,726.56,380.05,156,1296,0.417271,0.49452,0.277,Web_Browsing
FLW-0000380,VPN-SES-00070,0x5cc9f5f2,146.62,4812,1133514,7730.96,235.56,127.93,64,427,1.663777,1.161701,0.471,WhatsApp
FLW-0000381,VPN-SES-00070,0x5cc9f5f2,195.23,1096,1521642,7794.1,1388.36,107.33,1227,1514,0.016399,0.025924,0.057,Video_Streaming
FLW-0000382,VPN-SES-00071,0x20d4de39,89.19,2297,563614,6319.25,245.37,117.43,69,421,1.214083,0.968668,0.484,WhatsApp
FLW-0000383,VPN-SES-00071,0x20d4de39,12.06,448,331873,27518.49,740.79,397.85,144,1337,0.497854,0.525042,0.226,Web_Browsing
FLW-0000384,VPN-SES-00071,0x20d4de39,30.23,432,368707,12196.73,853.49,313.7,382,1324,0.608093,0.442434,0.606,Email_IMAP
FLW-0000385,VPN-SES-00072,0xd48d5650,57.11,2239,1558903,27296.5,696.25,385.98,117,1275,0.369544,0.511962,0.342,Web_Browsing
FLW-0000386,VPN-SES-00072,0xd48d5650,51.53,616,436725,8475.16,708.97,359.76,169,1248,0.42855,0.555048,0.339,Web_Browsing
FLW-0000387,VPN-SES-00072,0xd48d5650,201.47,4914,6708838,33299.44,1365.25,113.97,1194,1514,0.010255,0.024735,0.139,Video_Streaming
FLW-0000388,VPN-SES-00072,0xd48d5650,11.88,178,124948,10517.51,701.96,382.03,128,1275,0.485077,0.554289,0.283,Web_Browsing
FLW-0000389,VPN-SES-00073,0xad4b2bf9,5.69,18,15546,2732.16,863.7,316.87,388,1339,0.668166,0.434556,0.639,Email_IMAP
FLW-0000390,VPN-SES-00073,0xad4b2bf9,19.77,695,80314,4062.42,115.56,21.02,84,147,0.019982,0.00445,0.498,VoIP
FLW-0000391,VPN-SES-00073,0xad4b2bf9,14.85,244,204647,13780.94,838.72,330.1,343,1333,0.588863,0.420581,0.602,Email_IMAP
FLW-0000392,VPN-SES-00073,0xad4b2bf9,21.08,696,610037,28939.14,876.49,302.91,422,1330,0.861798,0.497523,0.627,Email_IMAP
FLW-0000393,VPN-SES-00073,0xad4b2bf9,67.29,2368,282597,4199.69,119.34,20.28,88,149,0.020313,0.004258,0.517,VoIP
FLW-0000394,VPN-SES-00074,0x5a27ebf2,92.32,1019,245650,2660.85,241.07,128.42,64,433,1.37504,1.07856,0.514,WhatsApp
FLW-0000395,VPN-SES-00074,0x5a27ebf2,38.37,716,520617,13568.33,727.12,356.48,192,1261,0.499193,0.509737,0.279,Web_Browsing
FLW-0000396,VPN-SES-00074,0x5a27ebf2,10.71,197,18387,1716.81,93.34,12.99,73,112,1.001421,0.009227,0.512,ICMP
FLW-0000397,VPN-SES-00074,0x5a27ebf2,32.23,822,187695,5823.61,228.34,118.96,64,406,1.296592,1.194863,0.509,WhatsApp
FLW-0000398,VPN-SES-00074,0x5a27ebf2,27.03,707,612375,22655.38,866.16,325.8,377,1354,0.684842,0.421133,0.633,Email_IMAP
FLW-0000399,VPN-SES-00074,0x5a27ebf2,155.95,2502,3476779,22294.19,1389.6,116.03,1215,1514,0.016458,0.026771,0.071,Video_Streaming
FLW-0000400,VPN-SES-00075,0x8318b96d,10.57,411,45210,4277.2,110.0,3.79,104,115,0.998677,0.009837,0.478,ICMP
FLW-0000401,VPN-SES-00075,0x8318b96d,164.53,4545,6235285,37897.56,1371.9,108.84,1208,1514,0.009028,0.02423,0.01,Video_Streaming
FLW-0000402,VPN-SES-00075,0x8318b96d,94.79,1452,352197,3715.55,242.56,130.01,64,437,1.26518,1.172517,0.508,WhatsApp
FLW-0000403,VPN-SES-00075,0x8318b96d,13.94,429,94684,6792.25,220.71,123.9,64,406,1.273092,0.996611,0.505,WhatsApp
FLW-0000404,VPN-SES-00075,0x8318b96d,22.75,291,249581,10970.59,857.67,317.88,380,1334,0.514739,0.478594,0.583,Email_IMAP
FLW-0000405,VPN-SES-00075,0x8318b96d,187.5,773,1067296,5692.25,1380.72,112.22,1212,1514,0.017102,0.021728,0.01,Video_Streaming
FLW-0000406,VPN-SES-00075,0x8318b96d,44.54,1312,160339,3599.89,122.21,32.4,73,170,0.020743,0.004084,0.485,VoIP
FLW-0000407,VPN-SES-00076,0xf1e0fffc,57.06,911,118147,2070.57,129.69,10.21,114,145,0.020286,0.004202,0.532,VoIP
FLW-0000408,VPN-SES-00076,0xf1e0fffc,35.43,220,165686,4676.43,753.12,383.14,178,1327,0.411828,0.498721,0.227,Web_Browsing
FLW-0000409,VPN-SES-00076,0xf1e0fffc,95.72,3321,769342,8037.42,231.66,126.73,64,421,1.313525,1.116759,0.455,WhatsApp
FLW-0000410,VPN-SES-00076,0xf1e0fffc,15.47,151,131890,8525.53,873.45,320.0,393,1353,0.649372,0.435245,0.625,Email_IMAP
FLW-0000411,VPN-SES-00076,0xf1e0fffc,293.27,7039,9783506,33360.06,1389.9,103.06,1235,1514,0.009532,0.024241,0.02,Video_Streaming
FLW-0000412,VPN-SES-00077,0x6f89ed12,222.67,8206,11243615,50494.52,1370.17,106.19,1210,1514,0.015279,0.025656,0.066,Video_Streaming
FLW-0000413,VPN-SES-00077,0x6f89ed12,22.74,665,578689,25448.07,870.21,318.9,391,1348,0.676356,0.445355,0.628,Email_IMAP
FLW-0000414,VPN-SES-00077,0x6f89ed12,9.73,332,283199,29105.76,853.01,300.49,402,1303,0.640936,0.514024,0.648,Email_IMAP
FLW-0000415,VPN-SES-00078,0x618b2f21,53.68,1486,195527,3642.46,131.58,27.89,89,173,0.020053,0.004079,0.481,VoIP
FLW-0000416,VPN-SES-00078,0x618b2f21,117.89,2755,320158,2715.74,116.21,22.93,81,150,0.020722,0.003944,0.486,VoIP
FLW-0000417,VPN-SES-00078,0x618b2f21,22.31,688,67430,3022.41,98.01,8.81,84,111,0.997834,0.007704,0.483,ICMP
FLW-0000418,VPN-SES-00078,0x618b2f21,77.68,1242,130844,1684.4,105.35,13.93,84,126,0.019911,0.003819,0.544,VoIP
FLW-0000419,VPN-SES-00078,0x618b2f21,20.44,632,64413,3151.32,101.92,6.4,92,111,1.000933,0.008861,0.531,ICMP
FLW-0000420,VPN-SES-00078,0x618b2f21,13.33,52,44672,3351.24,859.09,325.36,371,1347,0.57765,0.380081,0.645,Email_IMAP
FLW-0000421,VPN-SES-00079,0xa561c813,35.03,973,121157,3458.66,124.52,10.78,108,140,0.019478,0.00445,0.464,VoIP
FLW-0000422,VPN-SES-00079,0xa561c813,28.03,901,666478,23777.31,739.71,372.8,180,1298,0.497879,0.483569,0.298,Web_Browsing
FLW-0000423,VPN-SES-00079,0xa561c813,8.28,272,24879,3004.71,91.47,2.7,87,95,1.000061,0.008998,0.522,ICMP
FLW-0000424,VPN-SES-00079,0xa561c813,41.74,1589,1356751,32504.82,853.84,318.17,376,1331,0.582881,0.334695,0.614,Email_IMAP
FLW-0000425,VPN-SES-00079,0xa561c813,5.31,45,4950,932.2,110.0,10.28,94,125,0.999971,0.009737,0.501,ICMP
FLW-0000426,VPN-SES-00079,0xa561c813,12.5,191,165514,13241.12,866.57,310.55,400,1332,0.725217,0.482192,0.642,Email_IMAP
FLW-0000427,VPN-SES-00079,0xa561c813,14.05,413,42646,3035.3,103.26,4.16,97,109,1.001009,0.010592,0.489,ICMP
FLW-0000428,VPN-SES-00079,0xa561c813,57.62,1997,1424100,24715.38,713.12,380.81,141,1284,0.566177,0.438045,0.236,Web_Browsing
FLW-0000429,VPN-SES-00080,0xf980f808,105.33,1432,1978995,18788.52,1381.98,110.41,1216,1514,0.01265,0.02561,0.053,Video_Streaming
FLW-0000430,VPN-SES-00080,0xf980f808,284.2,5444,7610058,26777.12,1397.88,97.19,1252,1514,0.008893,0.024742,0.011,Video_Streaming
FLW-0000431,VPN-SES-00080,0xf980f808,43.77,1500,1076835,24602.12,717.89,393.29,127,1307,0.451566,0.511535,0.242,Web_Browsing
FLW-0000432,VPN-SES-00080,0xf980f808,14.27,519,47021,3295.09,90.6,1.5,88,92,0.999523,0.011282,0.517,ICMP
FLW-0000433,VPN-SES-00081,0x694b2a3a,7.31,54,38159,5220.11,706.66,381.97,133,1279,0.487367,0.557007,0.327,Web_Browsing
FLW-0000434,VPN-SES-00081,0x694b2a3a,55.82,1161,821779,14721.95,707.82,373.51,147,1268,0.355682,0.488299,0.294,Web_Browsing
FLW-0000435,VPN-SES-00081,0x694b2a3a,14.06,234,25704,1828.17,109.85,3.39,104,114,0.99952,0.010152,0.475,ICMP
FLW-0000436,VPN-SES-00081,0x694b2a3a,15.12,308,272601,18029.17,885.07,307.14,424,1345,0.66247,0.541062,0.62,Email_IMAP
FLW-0000437,VPN-SES-00082,0x33245211,27.09,335,79636,2939.68,237.72,127.14,64,428,1.370235,1.251013,0.414,WhatsApp
FLW-0000438,VPN-SES-00082,0x33245211,116.27,1525,211060,1815.26,138.4,6.61,128,148,0.01984,0.003828,0.518,VoIP
FLW-0000439,VPN-SES-00082,0x33245211,120.99,4137,913532,7550.48,220.82,133.7,64,421,1.734011,0.950051,0.486,WhatsApp
FLW-0000440,VPN-SES-00082,0x33245211,120.59,2594,601963,4991.82,232.06,133.41,64,432,1.403159,1.029436,0.495,WhatsApp
FLW-0000441,VPN-SES-00082,0x33245211,20.7,101,74906,3618.65,741.65,378.47,173,1309,0.503982,0.435336,0.251,Web_Browsing
FLW-0000442,VPN-SES-00082,0x33245211,83.49,1117,140373,1681.32,125.67,29.87,80,170,0.020213,0.003875,0.5,VoIP
FLW-0000443,VPN-SES-00082,0x33245211,34.29,144,121680,3548.56,845.0,324.84,357,1332,0.709557,0.429656,0.606,Email_IMAP
FLW-0000444,VPN-SES-00082,0x33245211,142.83,1725,2386002,16705.19,1383.19,106.51,1223,1514,0.011752,0.030249,0.053,Video_Streaming
FLW-0000445,VPN-SES-00083,0xff158d5b,28.71,743,635785,22145.07,855.7,314.82,383,1327,0.700233,0.441845,0.601,Email_IMAP
FLW-0000446,VPN-SES-00083,0xff158d5b,29.99,1171,861692,28732.64,735.86,391.36,148,1322,0.404968,0.406673,0.31,Web_Browsing
FLW-0000447,VPN-SES-00083,0xff158d5b,24.25,185,157579,6498.1,851.78,326.33,362,1341,0.517018,0.490167,0.584,Email_IMAP
FLW-0000448,VPN-SES-00083,0xff158d5b,23.19,243,211111,9103.54,868.77,320.11,388,1348,0.585609,0.431683,0.641,Email_IMAP
FLW-0000449,VPN-SES-00083,0xff158d5b,49.72,1596,193546,3892.72,121.27,22.68,87,155,0.021186,0.003374,0.549,VoIP
FLW-0000450,VPN-SES-00084,0x857b6b29,97.6,550,132687,1359.5,241.25,122.81,64,425,1.180498,1.079197,0.508,WhatsApp
FLW-0000451,VPN-SES-00084,0x857b6b29,123.77,1760,419707,3391.02,238.47,142.09,64,451,1.160556,1.09867,0.442,WhatsApp
FLW-0000452,VPN-SES-00084,0x857b6b29,158.91,2349,3251861,20463.54,1384.36,117.1,1208,1514,0.010422,0.018489,0.066,Video_Streaming
FLW-0000453,VPN-SES-00084,0x857b6b29,42.38,566,70885,1672.61,125.24,21.23,93,157,0.020741,0.003572,0.52,VoIP
FLW-0000454,VPN-SES-00084,0x857b6b29,138.14,2976,756826,5478.69,254.31,115.77,80,427,1.452743,1.04454,0.478,WhatsApp
FLW-0000455,VPN-SES-00084,0x857b6b29,37.04,1247,903039,24380.1,724.17,376.1,160,1288,0.399322,0.501708,0.247,Web_Browsing
FLW-0000456,VPN-SES-00085,0x12ed73ce,6.47,246,20902,3230.6,84.97,9.43,70,99,0.998277,0.010666,0.514,ICMP
FLW-0000457,VPN-SES-00085,0x12ed73ce,25.21,276,193004,7655.85,699.29,374.58,137,1261,0.539558,0.450942,0.266,Web_Browsing
FLW-0000458,VPN-SES-00085,0x12ed73ce,288.49,8410,11652391,40390.97,1385.54,116.27,1211,1514,0.011057,0.023506,0.103,Video_Streaming
FLW-0000459,VPN-SES-00085,0x12ed73ce,152.84,5267,7378382,48275.2,1400.87,117.83,1224,1514,0.01232,0.022979,0.035,Video_Streaming
FLW-0000460,VPN-SES-00085,0x12ed73ce,27.87,1019,740069,26554.32,726.27,383.35,151,1301,0.55512,0.532523,0.235,Web_Browsing
FLW-0000461,VPN-SES-00086,0xd1e1b94a,111.31,1141,151319,1359.44,132.62,10.02,117,147,0.01977,0.0041,0.56,VoIP
FLW-0000462,VPN-SES-00086,0xd1e1b94a,102.02,3902,613862,6017.08,157.32,22.85,123,191,0.01989,0.004214,0.527,VoIP
FLW-0000463,VPN-SES-00086,0xd1e1b94a,12.29,298,255132,20759.32,856.15,334.36,354,1357,0.66553,0.472398,0.64,Email_IMAP
FLW-0000464,VPN-SES-00086,0xd1e1b94a,74.43,2279,3156551,42409.66,1385.06,116.71,1209,1514,0.009685,0.023604,0.027,Video_Streaming
FLW-0000465,VPN-SES-00086,0xd1e1b94a,29.76,479,117484,3947.72,245.27,136.23,64,449,1.475533,1.284194,0.48,WhatsApp
FLW-0000466,VPN-SES-00087,0xc787ef8d,124.37,2772,687511,5527.95,248.02,121.27,66,429,1.336129,1.176509,0.505,WhatsApp
FLW-0000467,VPN-SES-00087,0xc787ef8d,4.46,73,6896,1546.19,94.47,3.43,89,99,0.997723,0.009643,0.527,ICMP
FLW-0000468,VPN-SES-00087,0xc787ef8d,93.31,2554,324102,3473.39,126.9,22.01,93,159,0.02003,0.004003,0.48,VoIP
FLW-0000469,VPN-SES-00087,0xc787ef8d,19.76,391,50200,2540.49,128.39,21.37,96,160,0.020295,0.00379,0.435,VoIP
FLW-0000470,VPN-SES-00087,0xc787ef8d,5.34,25,2750,514.98,110.0,1.5,107,112,0.998706,0.010693,0.488,ICMP
FLW-0000471,VPN-SES-00087,0xc787ef8d,118.54,4104,544682,4594.92,132.72,22.94,98,167,0.02041,0.003454,0.536,VoIP
FLW-0000472,VPN-SES-00087,0xc787ef8d,45.14,458,56398,1249.4,123.14,15.05,100,145,0.020086,0.00329,0.512,VoIP
FLW-0000473,VPN-SES-00088,0xd4db5a62,86.69,2883,310354,3580.04,107.65,7.18,96,118,0.019087,0.004445,0.481,VoIP
FLW-0000474,VPN-SES-00088,0xd4db5a62,9.45,196,172166,18218.62,878.4,315.71,404,1351,0.534753,0.399756,0.657,Email_IMAP
FLW-0000475,VPN-SES-00088,0xd4db5a62,33.74,1167,137857,4085.86,118.13,13.61,97,138,0.020096,0.004201,0.534,VoIP
FLW-0000476,VPN-SES-00088,0xd4db5a62,99.9,3180,818468,8192.87,257.38,127.12,66,448,1.181202,1.054519,0.488,WhatsApp
FLW-0000477,VPN-SES-00088,0xd4db5a62,255.4,882,1206955,4725.74,1368.43,102.34,1214,1514,0.013289,0.024878,0.061,Video_Streaming
FLW-0000478,VPN-SES-00088,0xd4db5a62,30.47,1175,835307,27414.08,710.9,378.16,143,1278,0.380683,0.54451,0.311,Web_Browsing
FLW-0000479,VPN-SES-00089,0x7c93a791,35.41,102,85460,2413.44,837.85,312.56,369,1306,0.548984,0.420749,0.617,Email_IMAP
FLW-0000480,VPN-SES-00089,0x7c93a791,85.64,584,795758,9291.9,1362.6,102.63,1208,1514,0.008235,0.025518,0.062,Video_Streaming
FLW-0000481,VPN-SES-00089,0x7c93a791,5.38,163,138768,25793.31,851.34,321.41,369,1333,0.613099,0.437776,0.67,Email_IMAP
FLW-0000482,VPN-SES-00089,0x7c93a791,18.77,86,9460,504.0,110.0,1.5,107,112,1.001245,0.010811,0.466,ICMP
FLW-0000483,VPN-SES-00089,0x7c93a791,229.95,7049,9796911,42604.53,1389.83,122.3,1206,1514,0.00779,0.022706,0.091,Video_Streaming
FLW-0000484,VPN-SES-00089,0x7c93a791,49.84,543,132090,2650.28,243.26,134.41,64,444,1.456197,1.142977,0.44,WhatsApp
FLW-0000485,VPN-SES-00090,0xd11f6bf5,111.48,1395,1942635,17425.86,1392.57,119.36,1213,1514,0.01114,0.024891,0.014,Video_Streaming
FLW-0000486,VPN-SES-00090,0xd11f6bf5,14.95,452,47084,3149.43,104.17,8.58,91,117,0.999907,0.011124,0.49,ICMP
FLW-0000487,VPN-SES-00090,0xd11f6bf5,20.13,610,443335,22023.6,726.78,371.84,169,1284,0.448234,0.491282,0.287,Web_Browsing
FLW-0000488,VPN-SES-00090,0xd11f6bf5,40.07,438,374739,9352.11,855.57,318.95,377,1333,0.705758,0.430346,0.572,Email_IMAP
FLW-0000489,VPN-SES-00090,0xd11f6bf5,18.25,605,66550,3646.58,110.0,15.05,87,132,0.998062,0.01069,0.485,ICMP
FLW-0000490,VPN-SES-00091,0x8ee1011a,50.96,562,136655,2681.61,243.16,132.35,64,441,1.361323,1.013786,0.459,WhatsApp
FLW-0000491,VPN-SES-00091,0x8ee1011a,52.16,399,282894,5423.58,709.01,373.35,148,1269,0.444962,0.464212,0.3,Web_Browsing
FLW-0000492,VPN-SES-00091,0x8ee1011a,165.51,4938,1273263,7692.97,257.85,125.36,69,445,1.439502,1.154965,0.494,WhatsApp
FLW-0000493,VPN-SES-00091,0x8ee1011a,174.52,4914,1183831,6783.35,240.91,135.94,64,444,1.479571,0.963857,0.506,WhatsApp
FLW-0000494,VPN-SES-00091,0x8ee1011a,9.5,143,124502,13105.47,870.65,313.89,399,1341,0.652561,0.48075,0.614,Email_IMAP
FLW-0000495,VPN-SES-00091,0x8ee1011a,16.18,112,82082,5073.05,732.88,398.91,134,1331,0.391051,0.430948,0.289,Web_Browsing
FLW-0000496,VPN-SES-00091,0x8ee1011a,154.01,1065,264822,1719.51,248.66,128.15,64,440,1.639788,0.952753,0.501,WhatsApp
FLW-0000497,VPN-SES-00092,0x991f6912,15.74,521,47270,3003.18,90.73,17.76,64,117,1.002989,0.009233,0.484,ICMP
FLW-0000498,VPN-SES-00092,0x991f6912,264.76,5984,8319674,31423.46,1390.32,106.9,1229,1514,0.01183,0.025063,0.01,Video_Streaming
FLW-0000499,VPN-SES-00092,0x991f6912,57.64,177,127409,2210.43,719.83,374.48,158,1281,0.413016,0.572182,0.242,Web_Browsing
FLW-0000500,VPN-SES-00092,0x991f6912,283.03,2488,3457722,12216.8,1389.76,107.77,1228,1514,0.010951,0.026976,0.07,Video_Streaming
FLW-0000501,VPN-SES-00092,0x991f6912,24.99,539,56514,2261.46,104.85,11.75,87,122,0.999503,0.009388,0.467,ICMP
FLW-0000502,VPN-SES-00092,0x991f6912,217.82,3785,5185828,23807.86,1370.1,133.59,1169,1514,0.016668,0.021622,0.02,Video_Streaming
FLW-0000503,VPN-SES-00092,0x991f6912,165.57,4853,1192770,7204.02,245.78,134.38,64,447,1.490566,1.071955,0.476,WhatsApp
FLW-0000504,VPN-SES-00092,0x991f6912,47.65,874,632714,13278.36,723.93,380.69,152,1294,0.283552,0.48851,0.254,Web_Browsing
FLW-0000505,VPN-SES-00093,0x875c30b5,22.21,90,64989,2926.11,722.1,403.88,116,1327,0.477561,0.484324,0.308,Web_Browsing
FLW-0000506,VPN-SES-00093,0x875c30b5,39.43,376,325537,8256.07,865.79,323.36,380,1350,0.690962,0.542544,0.586,Email_IMAP
FLW-0000507,VPN-SES-00093,0x875c30b5,42.38,1280,160870,3795.89,125.68,10.59,109,141,0.020333,0.003633,0.487,VoIP
FLW-0000508,VPN-SES-00093,0x875c30b5,33.52,671,574684,17144.51,856.46,327.81,364,1348,0.711996,0.393943,0.622,Email_IMAP
FLW-0000509,VPN-SES-00094,0x37046f25,19.53,510,45639,2336.87,89.49,1.5,87,91,0.999674,0.009692,0.573,ICMP
FLW-0000510,VPN-SES-00094,0x37046f25,227.85,6225,8622870,37844.5,1385.2,98.98,1236,1514,0.009882,0.027553,0.123,Video_Streaming
FLW-0000511,VPN-SES-00094,0x37046f25,67.79,2373,3229581,47640.96,1360.97,94.96,1218,1503,0.019016,0.025974,0.034,Video_Streaming
FLW-0000512,VPN-SES-00094,0x37046f25,41.29,1192,293732,7113.88,246.42,108.91,83,409,1.400557,1.13606,0.508,WhatsApp
FLW-0000513,VPN-SES-00094,0x37046f25,24.1,584,50124,2079.83,85.83,4.69,78,92,0.998612,0.010255,0.473,ICMP
FLW-0000514,VPN-SES-00094,0x37046f25,103.1,510,58701,569.36,115.1,10.03,100,130,0.020391,0.004343,0.493,VoIP
FLW-0000515,VPN-SES-00094,0x37046f25,5.02,11,1083,215.74,98.46,1.5,96,100,0.99955,0.00995,0.579,ICMP
FLW-0000516,VPN-SES-00094,0x37046f25,33.37,539,122169,3661.04,226.66,141.71,64,439,1.564482,1.13087,0.533,WhatsApp
FLW-0000517,VPN-SES-00095,0x216658ce,70.88,1825,227157,3204.81,124.47,21.11,92,156,0.019968,0.004489,0.533,VoIP
FLW-0000518,VPN-SES-00095,0x216658ce,16.76,314,35321,2107.46,112.49,7.45,101,123,0.019878,0.00368,0.498,VoIP
FLW-0000519,VPN-SES-00095,0x216658ce,44.08,123,107606,2441.15,874.85,316.34,400,1349,0.647109,0.452611,0.645,Email_IMAP
FLW-0000520,VPN-SES-00096,0x90913ac1,14.35,390,324885,22640.07,833.04,315.15,360,1305,0.664262,0.504004,0.605,Email_IMAP
FLW-0000521,VPN-SES-00096,0x90913ac1,48.72,258,179949,3693.53,697.48,384.96,120,1274,0.402348,0.440517,0.261,Web_Browsing
FLW-0000522,VPN-SES-00096,0x90913ac1,57.76,1995,1431991,24792.09,717.79,375.16,155,1280,0.284583,0.544853,0.318,Web_Browsing
FLW-0000523,VPN-SES-00096,0x90913ac1,13.97,258,223897,16026.99,867.82,310.9,401,1334,0.636399,0.449707,0.638,Email_IMAP
FLW-0000524,VPN-SES-00096,0x90913ac1,42.62,250,182005,4270.41,728.02,374.13,166,1289,0.45615,0.522864,0.324,Web_Browsing
FLW-0000525,VPN-SES-00096,0x90913ac1,24.83,714,76005,3061.01,106.45,10.31,90,121,1.000126,0.01141,0.512,ICMP
FLW-0000526,VPN-SES-00096,0x90913ac1,24.82,437,47925,1930.9,109.67,29.23,65,153,0.020419,0.003823,0.486,VoIP
FLW-0000527,VPN-SES-00097,0x708e2f5c,39.13,1495,184722,4720.73,123.56,21.71,90,156,0.020118,0.004125,0.551,VoIP
FLW-0000528,VPN-SES-00097,0x708e2f5c,23.5,94,82048,3491.4,872.86,321.53,390,1355,0.713538,0.403536,0.632,Email_IMAP
FLW-0000529,VPN-SES-00097,0x708e2f5c,86.87,1321,187198,2154.92,141.71,16.26,117,166,0.019491,0.003739,0.467,VoIP
FLW-0000530,VPN-SES-00097,0x708e2f5c,27.1,121,102920,3797.79,850.58,317.04,375,1326,0.555124,0.450703,0.647,Email_IMAP
FLW-0000531,VPN-SES-00097,0x708e2f5c,280.77,5713,7821725,27858.12,1369.11,122.15,1185,1514,0.013915,0.027576,0.04,Video_Streaming
FLW-0000532,VPN-SES-00097,0x708e2f5c,115.95,1412,183913,1586.14,130.25,9.26,116,144,0.020534,0.004069,0.517,VoIP
FLW-0000533,VPN-SES-00097,0x708e2f5c,21.24,120,10080,474.58,84.0,1.5,81,86,1.000896,0.009052,0.514,ICMP
FLW-0000534,VPN-SES-00098,0x5c9d6907,67.58,1551,160668,2377.45,103.59,24.79,66,140,0.01926,0.004221,0.519,VoIP
FLW-0000535,VPN-SES-00098,0x5c9d6907,25.26,287,32040,1268.41,111.64,22.66,77,145,0.020156,0.003784,0.47,VoIP
FLW-0000536,VPN-SES-00098,0x5c9d6907,50.76,1675,161553,3182.68,96.45,20.8,65,127,0.019061,0.004038,0.492,VoIP
FLW-0000537,VPN-SES-00098,0x5c9d6907,43.15,898,779598,18067.16,868.15,317.58,391,1344,0.627762,0.482934,0.63,Email_IMAP
FLW-0000538,VPN-SES-00098,0x5c9d6907,6.63,82,59350,8951.73,723.79,383.75,148,1299,0.334832,0.537839,0.298,Web_Browsing
FLW-0000539,VPN-SES-00098,0x5c9d6907,93.4,1643,374275,4007.23,227.8,128.05,64,419,1.393514,1.085205,0.49,WhatsApp
FLW-0000540,VPN-SES-00098,0x5c9d6907,42.59,969,849987,19957.43,877.18,328.65,384,1370,0.561425,0.477993,0.66,Email_IMAP
FLW-0000541,VPN-SES-00098,0x5c9d6907,213.52,5839,8084912,37864.89,1384.64,118.73,1206,1514,0.019546,0.027559,0.067,Video_Streaming
FLW-0000542,VPN-SES-00099,0x714c721d,12.18,208,22880,1878.49,110.0,5.16,102,117,1.000036,0.009649,0.547,ICMP
FLW-0000543,VPN-SES-00099,0x714c721d,24.61,364,40105,1629.62,110.18,30.26,64,155,0.0203,0.00344,0.511,VoIP
FLW-0000544,VPN-SES-00099,0x714c721d,71.19,1246,267640,3759.52,214.8,135.0,64,417,1.546063,1.034841,0.484,WhatsApp
FLW-0000545,VPN-SES-00099,0x714c721d,28.91,440,63117,2183.22,143.45,13.95,122,164,0.019365,0.004593,0.559,VoIP
FLW-0000546,VPN-SES-00100,0x7e54ac6d,27.76,228,164169,5913.87,720.04,388.09,137,1302,0.550611,0.462876,0.265,Web_Browsing
FLW-0000547,VPN-SES-00100,0x7e54ac6d,22.92,293,32230,1406.2,110.0,17.48,83,136,1.000844,0.00912,0.56,ICMP
FLW-0000548,VPN-SES-00100,0x7e54ac6d,25.37,751,641076,25269.06,853.63,317.32,377,1329,0.673108,0.519937,0.646,Email_IMAP
FLW-0000549,VPN-SES-00101,0x7177a771,224.64,8572,11872048,52849.22,1384.98,113.71,1214,1514,0.012163,0.026395,0.01,Video_Streaming
FLW-0000550,VPN-SES-00101,0x7177a771,29.28,995,852157,29103.72,856.44,321.93,373,1339,0.572307,0.467385,0.614,Email_IMAP
FLW-0000551,VPN-SES-00101,0x7177a771,29.23,71,10015,342.63,141.07,30.58,95,186,0.019721,0.00394,0.498,VoIP
FLW-0000552,VPN-SES-00101,0x7177a771,66.48,1688,395971,5956.24,234.58,131.56,64,431,1.274883,0.975632,0.499,WhatsApp
FLW-0000553,VPN-SES-00101,0x7177a771,29.21,939,683169,23388.19,727.55,373.57,167,1287,0.517152,0.468421,0.288,Web_Browsing
FLW-0000554,VPN-SES-00102,0xe0c30018,45.42,1386,1011558,22271.2,729.84,379.73,160,1299,0.484106,0.474179,0.274,Web_Browsing
FLW-0000555,VPN-SES-00102,0xe0c30018,174.52,6754,1604277,9192.51,237.53,124.03,64,423,1.370832,0.929652,0.465,WhatsApp
FLW-0000556,VPN-SES-00102,0xe0c30018,117.99,2531,3484123,29528.97,1376.58,107.95,1214,1514,0.011094,0.024846,0.074,Video_Streaming
FLW-0000557,VPN-SES-00102,0xe0c30018,72.05,2453,614451,8528.12,250.49,124.8,64,437,1.201472,0.985375,0.465,WhatsApp
FLW-0000558,VPN-SES-00102,0xe0c30018,189.9,4848,6669781,35122.6,1375.78,103.84,1220,1514,0.00714,0.02386,0.065,Video_Streaming
FLW-0000559,VPN-SES-00103,0x3e0fb5b3,33.66,687,169785,5044.12,247.14,125.54,64,435,1.331855,0.998063,0.479,WhatsApp
FLW-0000560,VPN-SES-00103,0x3e0fb5b3,98.22,827,1132841,11533.71,1369.82,114.59,1197,1514,0.005303,0.024101,0.069,Video_Streaming
FLW-0000561,VPN-SES-00103,0x3e0fb5b3,12.89,218,21845,1694.72,100.21,25.54,64,138,1.000525,0.008996,0.497,ICMP
FLW-0000562,VPN-SES-00103,0x3e0fb5b3,62.15,2086,205867,3312.42,98.69,17.36,72,124,0.0195,0.004366,0.484,VoIP
FLW-0000563,VPN-SES-00103,0x3e0fb5b3,20.43,558,479098,23450.71,858.6,314.92,386,1330,0.767372,0.435544,0.675,Email_IMAP
FLW-0000564,VPN-SES-00103,0x3e0fb5b3,12.78,43,4634,362.6,107.77,7.86,95,119,1.000553,0.010394,0.442,ICMP
FLW-0000565,VPN-SES-00103,0x3e0fb5b3,43.59,1186,849946,19498.65,716.65,386.76,136,1296,0.446333,0.429741,0.278,Web_Browsing
FLW-0000566,VPN-SES-00103,0x3e0fb5b3,30.17,234,206025,6828.8,880.45,329.98,385,1375,0.645815,0.492815,0.609,Email_IMAP
FLW-0000567,VPN-SES-00104,0x2bffa279,28.01,257,56424,2014.42,219.55,122.6,64,403,1.657877,1.069861,0.473,WhatsApp
FLW-0000568,VPN-SES-00104,0x2bffa279,17.21,565,404766,23519.23,716.4,395.23,123,1309,0.571947,0.610939,0.275,Web_Browsing
FLW-0000569,VPN-SES-00104,0x2bffa279,27.8,507,437819,15748.88,863.55,307.87,401,1325,0.749693,0.39745,0.627,Email_IMAP
FLW-0000570,VPN-SES-00104,0x2bffa279,73.6,2043,463413,6296.37,226.83,125.29,64,414,1.261852,1.033134,0.464,WhatsApp
FLW-0000571,VPN-SES-00104,0x2bffa279,16.36,544,49732,3039.85,91.42,10.67,75,107,0.998343,0.010221,0.537,ICMP
FLW-0000572,VPN-SES-00105,0x3697384d,143.33,4554,1064907,7429.76,233.84,124.26,64,420,1.361963,1.22977,0.486,WhatsApp
FLW-0000573,VPN-SES-00105,0x3697384d,69.21,537,125459,1812.73,233.63,133.87,64,434,1.218122,1.17495,0.492,WhatsApp
FLW-0000574,VPN-SES-00105,0x3697384d,132.74,3971,938387,7069.36,236.31,123.29,64,421,1.253698,1.15883,0.517,WhatsApp
FLW-0000575,VPN-SES-00105,0x3697384d,8.69,39,27781,3196.89,712.35,383.67,136,1287,0.293473,0.470769,0.279,Web_Browsing
FLW-0000576,VPN-SES-00105,0x3697384d,6.42,229,19941,3106.07,87.08,1.5,84,89,0.998998,0.010292,0.494,ICMP
FLW-0000577,VPN-SES-00106,0x67d3f4dd,49.42,927,197580,3997.98,213.14,113.03,64,382,1.299867,1.150346,0.398,WhatsApp
FLW-0000578,VPN-SES-00106,0x67d3f4dd,7.87,236,21712,2758.83,92.0,1.5,89,94,1.002083,0.009615,0.511,ICMP
FLW-0000579,VPN-SES-00106,0x67d3f4dd,14.96,231,55832,3732.09,241.7,112.96,72,411,1.526754,1.123694,0.495,WhatsApp
FLW-0000580,VPN-SES-00106,0x67d3f4dd,110.67,3406,977896,8836.14,287.11,113.33,117,457,1.684575,1.068381,0.489,WhatsApp
FLW-0000581,VPN-SES-00106,0x67d3f4dd,89.0,1020,121839,1368.98,119.45,14.61,97,141,0.019658,0.004132,0.454,VoIP
FLW-0000582,VPN-SES-00106,0x67d3f4dd,46.38,1748,1274309,27475.4,729.01,376.67,164,1294,0.365245,0.477499,0.318,Web_Browsing
FLW-0000583,VPN-SES-00107,0xdbc72f1a,37.83,1326,946207,25012.08,713.58,382.87,139,1287,0.395178,0.537896,0.301,Web_Browsing
FLW-0000584,VPN-SES-00107,0xdbc72f1a,109.79,3069,804630,7328.81,262.18,128.6,69,455,1.510328,1.110787,0.519,WhatsApp
FLW-0000585,VPN-SES-00107,0xdbc72f1a,51.5,1367,972442,18882.37,711.37,385.96,132,1290,0.435398,0.496791,0.283,Web_Browsing
FLW-0000586,VPN-SES-00107,0xdbc72f1a,249.71,5372,7429637,29753.06,1383.03,109.07,1219,1514,0.012805,0.028945,0.09,Video_Streaming
FLW-0000587,VPN-SES-00107,0xdbc72f1a,28.2,330,287241,10185.85,870.43,316.36,395,1344,0.589976,0.492989,0.646,Email_IMAP
FLW-0000588,VPN-SES-00107,0xdbc72f1a,11.48,178,131305,11437.72,737.67,375.17,174,1300,0.432784,0.418026,0.268,Web_Browsing
FLW-0000589,VPN-SES-00107,0xdbc72f1a,34.22,357,47109,1376.65,131.96,14.27,110,153,0.020384,0.003924,0.51,VoIP
FLW-0000590,VPN-SES-00107,0xdbc72f1a,19.93,649,549203,27556.6,846.23,320.68,365,1327,0.448098,0.44159,0.571,Email_IMAP
FLW-0000591,VPN-SES-00108,0x334b4562,114.94,3923,5470505,47594.44,1394.47,116.22,1220,1514,0.01375,0.028803,0.032,Video_Streaming
FLW-0000592,VPN-SES-00108,0x334b4562,6.2,103,90739,14635.32,880.97,327.46,389,1372,0.634033,0.501103,0.587,Email_IMAP
FLW-0000593,VPN-SES-00108,0x334b4562,65.88,930,102402,1554.37,110.11,13.13,90,129,0.019683,0.003577,0.537,VoIP
FLW-0000594,VPN-SES-00108,0x334b4562,173.85,4487,1062925,6114.04,236.89,132.82,64,436,1.305892,0.899734,0.488,WhatsApp
FLW-0000595,VPN-SES-00109,0xb72f947d,43.86,1188,115295,2628.7,97.05,17.45,70,123,0.019179,0.004795,0.527,VoIP
FLW-0000596,VPN-SES-00109,0xb72f947d,14.25,496,357749,25105.19,721.27,390.11,136,1306,0.386526,0.527174,0.286,Web_Browsing
FLW-0000597,VPN-SES-00109,0xb72f947d,34.44,1082,933949,27118.15,863.17,330.18,367,1358,0.699443,0.462993,0.57,Email_IMAP
FLW-0000598,VPN-SES-00109,0xb72f947d,24.94,635,538784,21603.21,848.48,319.02,369,1327,0.656303,0.399141,0.692,Email_IMAP
FLW-0000599,VPN-SES-00109,0xb72f947d,43.13,1198,165563,3838.7,138.2,22.82,103,172,0.020043,0.003915,0.471,VoIP
FLW-0000600,VPN-SES-00110,0xe2c2a960,110.38,484,668370,6055.17,1380.93,112.06,1212,1514,0.007343,0.025835,0.055,Video_Streaming
FLW-0000601,VPN-SES-00110,0xe2c2a960,54.68,465,100956,1846.31,217.11,123.12,64,401,1.331755,1.307646,0.497,WhatsApp
FLW-0000602,VPN-SES-00110,0xe2c2a960,157.1,1275,285561,1817.7,223.97,133.89,64,424,1.144695,1.219096,0.466,WhatsApp
FLW-0000603,VPN-SES-00110,0xe2c2a960,86.67,3194,4404142,50815.07,1378.88,120.61,1197,1514,0.007173,0.021507,0.042,Video_Streaming
FLW-0000604,VPN-SES-00110,0xe2c2a960,32.25,940,820112,25429.83,872.46,307.85,410,1334,0.458829,0.429698,0.637,Email_IMAP
FLW-0000605,VPN-SES-00110,0xe2c2a960,196.36,6821,9511202,48437.57,1394.4,106.29,1234,1514,0.010457,0.027885,0.01,Video_Streaming
FLW-0000606,VPN-SES-00110,0xe2c2a960,249.65,1471,2023125,8103.85,1375.34,111.52,1208,1514,0.013685,0.023725,0.061,Video_Streaming
FLW-0000607,VPN-SES-00110,0xe2c2a960,18.38,323,268135,14588.41,830.14,314.73,358,1302,0.680612,0.405797,0.622,Email_IMAP
FLW-0000608,VPN-SES-00111,0xa8cbaa52,166.19,2603,638672,3843.02,245.36,127.26,64,436,1.428127,0.994099,0.474,WhatsApp
FLW-0000609,VPN-SES-00111,0xa8cbaa52,6.66,234,24644,3700.3,105.32,5.26,97,113,0.99912,0.010224,0.521,ICMP
FLW-0000610,VPN-SES-00111,0xa8cbaa52,97.41,3107,4211227,43231.98,1355.4,119.27,1176,1514,0.010739,0.026064,0.096,Video_Streaming
FLW-0000611,VPN-SES-00111,0xa8cbaa52,50.57,1660,1167876,23094.25,703.54,374.32,142,1265,0.428359,0.460812,0.332,Web_Browsing
FLW-0000612,VPN-SES-00112,0xe7f34368,34.74,824,700169,20154.55,849.72,315.56,376,1323,0.663796,0.395903,0.608,Email_IMAP
FLW-0000613,VPN-SES-00112,0xe7f34368,171.54,3024,737281,4298.01,243.81,127.34,64,434,1.384591,1.041773,0.435,WhatsApp
FLW-0000614,VPN-SES-00112,0xe7f34368,4.1,31,26779,6531.46,863.86,334.04,362,1364,0.651242,0.460137,0.641,Email_IMAP
FLW-0000615,VPN-SES-00112,0xe7f34368,24.42,698,58632,2400.98,84.0,17.62,64,110,1.000303,0.011632,0.478,ICMP
FLW-0000616,VPN-SES-00112,0xe7f34368,18.64,101,11110,596.03,110.0,10.2,94,125,1.00083,0.010234,0.493,ICMP
FLW-0000617,VPN-SES-00112,0xe7f34368,20.31,479,418842,20622.45,874.41,321.12,392,1356,0.517223,0.399727,0.614,Email_IMAP
FLW-0000618,VPN-SES-00113,0xe3293724,25.46,852,105409,4140.18,123.72,17.55,97,150,0.020731,0.00322,0.504,VoIP
FLW-0000619,VPN-SES-00113,0xe3293724,12.77,500,109090,8542.68,218.18,136.08,64,422,1.384414,1.146157,0.454,WhatsApp
FLW-0000620,VPN-SES-00113,0xe3293724,149.15,303,422791,2834.67,1395.35,118.33,1217,1514,0.014188,0.024676,0.077,Video_Streaming
FLW-0000621,VPN-SES-00114,0x7d84414d,9.53,359,255435,26803.25,711.52,386.84,131,1291,0.573711,0.553531,0.258,Web_Browsing
FLW-0000622,VPN-SES-00114,0x7d84414d,7.48,216,22105,2955.21,102.34,1.5,100,104,1.000859,0.010451,0.444,ICMP
FLW-0000623,VPN-SES-00114,0x7d84414d,10.42,378,31774,3049.33,84.06,1.73,81,86,0.999549,0.008791,0.512,ICMP
FLW-0000624,VPN-SES-00114,0x7d84414d,145.89,1038,1435574,9840.11,1383.02,108.45,1220,1514,0.009166,0.027622,0.11,Video_Streaming
FLW-0000625,VPN-SES-00114,0x7d84414d,6.0,66,6085,1014.17,92.2,1.5,89,94,1.000737,0.009642,0.496,ICMP
FLW-0000626,VPN-SES-00115,0x8a10013f,22.04,436,108511,4923.37,248.88,114.73,76,420,1.61752,1.107995,0.468,WhatsApp
FLW-0000627,VPN-SES-00115,0x8a10013f,91.73,602,71595,780.5,118.93,17.7,92,145,0.018961,0.004598,0.501,VoIP
FLW-0000628,VPN-SES-00115,0x8a10013f,47.9,1899,237982,4968.31,125.32,25.61,86,163,0.019387,0.004189,0.492,VoIP
FLW-0000629,VPN-SES-00115,0x8a10013f,12.54,421,307397,24513.32,730.16,362.98,185,1274,0.442568,0.469859,0.293,Web_Browsing
FLW-0000630,VPN-SES-00116,0xe038e153,19.71,460,47674,2418.77,103.64,1.5,101,105,0.998932,0.009889,0.473,ICMP
FLW-0000631,VPN-SES-00116,0xe038e153,32.15,508,442010,13748.37,870.1,317.05,394,1345,0.453778,0.433133,0.589,Email_IMAP
FLW-0000632,VPN-SES-00116,0xe038e153,109.14,1364,136972,1255.01,100.42,8.1,88,112,0.020066,0.004531,0.509,VoIP
FLW-0000633,VPN-SES-00116,0xe038e153,76.91,1725,194442,2528.18,112.72,21.65,80,145,0.019725,0.003722,0.465,VoIP
FLW-0000634,VPN-SES-00117,0x69fe3d53,22.39,254,21336,952.93,84.0,1.5,81,86,1.000237,0.009903,0.488,ICMP
FLW-0000635,VPN-SES-00117,0x69fe3d53,28.88,443,375951,13017.69,848.65,324.87,361,1335,0.561094,0.484921,0.59,Email_IMAP
FLW-0000636,VPN-SES-00117,0x69fe3d53,12.23,354,31495,2575.22,88.97,1.5,86,91,0.999248,0.010975,0.515,ICMP
FLW-0000637,VPN-SES-00118,0x1df83e12,12.26,464,339527,27693.88,731.74,384.18,155,1308,0.367225,0.483461,0.257,Web_Browsing
FLW-0000638,VPN-SES-00118,0x1df83e12,21.26,601,526457,24762.79,875.97,310.43,410,1341,0.710325,0.490183,0.675,Email_IMAP
FLW-0000639,VPN-SES-00118,0x1df83e12,7.63,256,23828,3122.94,93.08,9.7,78,107,1.003422,0.009382,0.454,ICMP
FLW-0000640,VPN-SES-00118,0x1df83e12,16.75,102,9938,593.31,97.44,23.7,64,132,0.01887,0.003851,0.513,VoIP
FLW-0000641,VPN-SES-00118,0x1df83e12,42.53,166,20288,477.03,122.22,21.4,90,154,0.020133,0.004512,0.471,VoIP
FLW-0000642,VPN-SES-00119,0xfc2e2815,26.04,208,177191,6804.57,851.88,313.82,381,1322,0.706038,0.490518,0.634,Email_IMAP
FLW-0000643,VPN-SES-00119,0xfc2e2815,9.6,59,43317,4512.19,734.2,370.58,178,1290,0.575042,0.576162,0.302,Web_Browsing
FLW-0000644,VPN-SES-00119,0xfc2e2815,41.76,401,353433,8463.43,881.38,306.75,421,1341,0.6146,0.416911,0.642,Email_IMAP
FLW-0000645,VPN-SES-00119,0xfc2e2815,17.4,634,537251,30876.49,847.4,326.06,358,1336,0.742511,0.481284,0.629,Email_IMAP
FLW-0000646,VPN-SES-00119,0xfc2e2815,20.03,705,60735,3032.2,86.15,1.5,83,88,1.001874,0.010779,0.499,ICMP
FLW-0000647,VPN-SES-00119,0xfc2e2815,17.51,352,32732,1869.33,92.99,1.5,90,95,0.998394,0.011911,0.462,ICMP
FLW-0000648,VPN-SES-00119,0xfc2e2815,13.19,514,51538,3907.35,100.27,12.06,82,118,0.998118,0.010185,0.528,ICMP
FLW-0000649,VPN-SES-00119,0xfc2e2815,45.63,267,368500,8075.83,1380.15,132.95,1180,1514,0.005743,0.027647,0.055,Video_Streaming
FLW-0000650,VPN-SES-00120,0xfcb4678c,164.03,3168,4401175,26831.52,1389.26,113.53,1218,1514,0.009251,0.025572,0.01,Video_Streaming
FLW-0000651,VPN-SES-00120,0xfcb4678c,25.21,892,773578,30685.36,867.24,322.39,383,1350,0.69311,0.497615,0.631,Email_IMAP
FLW-0000652,VPN-SES-00120,0xfcb4678c,9.44,208,20754,2198.52,99.78,1.5,97,102,0.998932,0.011187,0.543,ICMP
FLW-0000653,VPN-SES-00121,0x307e863f,29.73,1075,921425,30993.1,857.14,320.37,376,1337,0.588939,0.502774,0.64,Email_IMAP
FLW-0000654,VPN-SES-00121,0x307e863f,96.83,420,110581,1142.01,263.29,122.97,78,447,1.337629,1.125459,0.499,WhatsApp
FLW-0000655,VPN-SES-00121,0x307e863f,156.09,1679,398611,2553.73,237.41,123.02,64,421,1.545432,1.179325,0.453,WhatsApp
FLW-0000656,VPN-SES-00121,0x307e863f,13.65,132,97187,7119.93,736.27,389.36,152,1320,0.460072,0.50398,0.297,Web_Browsing
FLW-0000657,VPN-SES-00121,0x307e863f,31.64,299,254048,8029.33,849.66,320.24,369,1330,0.504714,0.489441,0.573,Email_IMAP
FLW-0000658,VPN-SES-00121,0x307e863f,230.01,502,701816,3051.24,1398.04,107.36,1237,1514,0.011206,0.023431,0.051,Video_Streaming
FLW-0000659,VPN-SES-00121,0x307e863f,105.16,260,35625,338.77,137.02,1.5,134,139,0.020766,0.004135,0.464,VoIP
FLW-0000660,VPN-SES-00121,0x307e863f,42.42,829,1133325,26716.76,1367.1,123.41,1181,1514,0.008454,0.022117,0.094,Video_Streaming
FLW-0000661,VPN-SES-00122,0x720af158,10.72,60,6123,571.18,102.06,1.5,99,104,1.000325,0.008974,0.533,ICMP
FLW-0000662,VPN-SES-00122,0x720af158,19.29,552,481752,24974.18,872.74,324.26,386,1359,0.674412,0.529253,0.62,Email_IMAP
FLW-0000663,VPN-SES-00122,0x720af158,22.94,228,19152,834.87,84.0,7.6,72,95,1.003129,0.008985,0.489,ICMP
FLW-0000664,VPN-SES-00122,0x720af158,247.17,1246,1725710,6981.87,1385.0,109.57,1220,1514,0.008316,0.027805,0.13,Video_Streaming
FLW-0000665,VPN-SES-00122,0x720af158,21.72,519,125779,5790.93,242.35,122.77,64,426,1.144422,1.128377,0.513,WhatsApp
FLW-0000666,VPN-SES-00122,0x720af158,47.54,731,530486,11158.73,725.7,379.98,155,1295,0.405805,0.445392,0.305,Web_Browsing
FLW-0000667,VPN-SES-00123,0x63c9fe59,22.91,823,89682,3914.54,108.97,1.5,106,111,1.002385,0.010574,0.542,ICMP
FLW-0000668,VPN-SES-00123,0x63c9fe59,70.65,1820,2482279,35134.88,1363.89,99.07,1215,1512,0.011441,0.026257,0.114,Video_Streaming
FLW-0000669,VPN-SES-00123,0x63c9fe59,39.46,787,101105,2562.21,128.47,16.06,104,152,0.019384,0.004492,0.471,VoIP
FLW-0000670,VPN-SES-00123,0x63c9fe59,21.63,52,5720,264.45,110.0,1.72,107,112,1.002386,0.010679,0.496,ICMP
FLW-0000671,VPN-SES-00124,0x65c3b2db,222.15,1968,2703579,12170.06,1373.77,107.27,1212,1514,0.013606,0.025193,0.042,Video_Streaming
FLW-0000672,VPN-SES-00124,0x65c3b2db,111.73,3606,425544,3808.68,118.01,18.63,90,145,0.018723,0.004183,0.471,VoIP
FLW-0000673,VPN-SES-00124,0x65c3b2db,22.81,514,43258,1896.45,84.16,1.5,81,86,0.997309,0.008645,0.479,ICMP
FLW-0000674,VPN-SES-00125,0xcf7655d7,19.35,360,267638,13831.42,743.44,375.79,179,1307,0.463331,0.520024,0.284,Web_Browsing
FLW-0000675,VPN-SES-00125,0xcf7655d7,129.12,2930,700475,5424.99,239.07,120.44,64,419,1.639403,1.298792,0.43,WhatsApp
FLW-0000676,VPN-SES-00125,0xcf7655d7,29.9,537,380040,12710.37,707.71,377.76,141,1274,0.37766,0.525298,0.258,Web_Browsing
FLW-0000677,VPN-SES-00125,0xcf7655d7,114.07,1343,196051,1718.69,145.98,27.52,104,187,0.020128,0.004411,0.533,VoIP
FLW-0000678,VPN-SES-00126,0xd7a9f33c,55.05,601,140171,2546.25,233.23,123.47,64,418,1.412894,1.19478,0.484,WhatsApp
FLW-0000679,VPN-SES-00126,0xd7a9f33c,31.55,686,69340,2197.78,101.08,11.58,83,118,0.019956,0.00397,0.559,VoIP
FLW-0000680,VPN-SES-00126,0xd7a9f33c,18.63,78,6552,351.69,84.0,8.04,71,96,1.002234,0.012271,0.488,ICMP
FLW-0000681,VPN-SES-00126,0xd7a9f33c,255.7,5881,8150477,31875.15,1385.9,114.56,1214,1514,0.012733,0.024753,0.073,Video_Streaming
FLW-0000682,VPN-SES-00126,0xd7a9f33c,54.63,1125,1518311,27792.62,1349.61,115.46,1176,1514,0.012473,0.024444,0.121,Video_Streaming
FLW-0000683,VPN-SES-00127,0x6b11f51f,14.24,501,426801,29971.98,851.9,316.78,376,1327,0.78443,0.412557,0.603,Email_IMAP
FLW-0000684,VPN-SES-00127,0x6b11f51f,99.41,770,91044,915.84,118.24,24.73,81,155,0.020125,0.003483,0.484,VoIP
FLW-0000685,VPN-SES-00127,0x6b11f51f,16.26,259,29191,1795.26,112.71,17.38,86,138,0.020256,0.004167,0.447,VoIP
FLW-0000686,VPN-SES-00127,0x6b11f51f,83.5,1807,2516735,30140.54,1392.77,112.02,1224,1514,0.017192,0.02611,0.093,Video_Streaming
FLW-0000687,VPN-SES-00127,0x6b11f51f,42.75,1405,1019468,23847.2,725.6,390.77,139,1311,0.489169,0.495104,0.348,Web_Browsing
FLW-0000688,VPN-SES-00127,0x6b11f51f,76.14,1212,158372,2080.01,130.67,22.59,96,164,0.019234,0.003485,0.509,VoIP
FLW-0000689,VPN-SES-00127,0x6b11f51f,17.29,100,12175,704.16,121.75,13.09,102,141,0.020085,0.004635,0.521,VoIP
FLW-0000690,VPN-SES-00127,0x6b11f51f,273.67,7812,10673613,39001.76,1366.31,109.11,1202,1514,0.008981,0.024031,0.048,Video_Streaming
FLW-0000691,VPN-SES-00128,0xdf2e3296,15.01,466,109169,7273.08,234.27,119.96,64,414,1.378937,1.038333,0.392,WhatsApp
FLW-0000692,VPN-SES-00128,0xdf2e3296,125.56,1784,2505877,19957.61,1404.64,118.71,1226,1514,0.010589,0.025047,0.025,Video_Streaming
FLW-0000693,VPN-SES-00128,0xdf2e3296,20.39,192,142147,6971.41,740.35,395.18,147,1333,0.461752,0.551177,0.285,Web_Browsing
FLW-0000694,VPN-SES-00128,0xdf2e3296,79.48,2685,279132,3511.98,103.96,14.71,81,126,0.020079,0.003818,0.493,VoIP
FLW-0000695,VPN-SES-00128,0xdf2e3296,204.77,4495,6198155,30268.86,1378.9,109.35,1214,1514,0.012196,0.022348,0.038,Video_Streaming
FLW-0000696,VPN-SES-00128,0xdf2e3296,160.07,4244,953117,5954.38,224.58,137.82,64,431,1.052568,1.226895,0.522,WhatsApp
FLW-0000697,VPN-SES-00129,0x1f9c5300,142.93,3226,762529,5334.98,236.37,109.17,72,400,1.340384,1.09294,0.45,WhatsApp
FLW-0000698,VPN-SES-00129,0x1f9c5300,102.57,2190,512065,4992.35,233.82,142.24,64,447,1.509713,0.998298,0.432,WhatsApp
FLW-0000699,VPN-SES-00129,0x1f9c5300,55.2,2167,1551745,28111.32,716.08,378.29,148,1283,0.487215,0.473234,0.295,Web_Browsing
FLW-0000700,VPN-SES-00130,0x6254aad3,44.98,415,366536,8148.87,883.22,326.52,393,1373,0.646754,0.441758,0.609,Email_IMAP
FLW-0000701,VPN-SES-00130,0x6254aad3,41.02,575,77147,1880.72,134.17,12.98,114,153,0.020027,0.00402,0.485,VoIP
FLW-0000702,VPN-SES-00130,0x6254aad3,34.35,182,128042,3727.57,703.53,382.58,129,1277,0.445425,0.525012,0.264,Web_Browsing
FLW-0000703,VPN-SES-00130,0x6254aad3,185.44,6902,9625874,51908.29,1394.65,102.99,1240,1514,0.01842,0.020631,0.073,Video_Streaming
FLW-0000704,VPN-SES-00130,0x6254aad3,70.32,851,209099,2973.54,245.71,123.64,64,431,1.470025,1.240747,0.413,WhatsApp
FLW-0000705,VPN-SES-00131,0x3d14e9f4,255.91,8575,11885207,46442.92,1386.03,90.05,1250,1514,0.008379,0.029073,0.043,Video_Streaming
FLW-0000706,VPN-SES-00131,0x3d14e9f4,16.67,535,452561,27148.23,845.91,318.42,368,1323,0.789584,0.367574,0.588,Email_IMAP
FLW-0000707,VPN-SES-00131,0x3d14e9f4,24.48,286,39459,1611.89,137.97,32.86,88,187,0.019938,0.003504,0.563,VoIP
FLW-0000708,VPN-SES-00131,0x3d14e9f4,12.97,294,258464,19927.83,879.13,325.43,390,1367,0.595163,0.447794,0.615,Email_IMAP
FLW-0000709,VPN-SES-00131,0x3d14e9f4,10.12,334,81485,8051.88,243.97,141.61,64,456,1.545104,0.981489,0.521,WhatsApp
FLW-0000710,VPN-SES-00131,0x3d14e9f4,247.74,6077,8409109,33943.28,1383.76,115.5,1210,1514,0.0175,0.022221,0.059,Video_Streaming
FLW-0000711,VPN-SES-00131,0x3d14e9f4,7.73,180,16491,2133.38,91.62,1.5,89,93,1.00052,0.012512,0.445,ICMP
FLW-0000712,VPN-SES-00132,0x1f3f0f48,12.31,75,7320,594.64,97.61,9.12,83,111,1.000185,0.009887,0.461,ICMP
FLW-0000713,VPN-SES-00132,0x1f3f0f48,21.6,182,131547,6090.14,722.79,373.95,161,1283,0.285756,0.55973,0.309,Web_Browsing
FLW-0000714,VPN-SES-00132,0x1f3f0f48,227.74,7612,10509279,46145.95,1380.62,111.83,1212,1514,0.016029,0.025561,0.087,Video_Streaming
FLW-0000715,VPN-SES-00132,0x1f3f0f48,24.17,712,67234,2781.71,94.43,14.5,72,116,1.000481,0.010194,0.462,ICMP
FLW-0000716,VPN-SES-00132,0x1f3f0f48,14.58,394,285035,19549.73,723.44,373.34,163,1283,0.402129,0.459231,0.248,Web_Browsing
FLW-0000717,VPN-SES-00132,0x1f3f0f48,209.69,7091,9966400,47529.21,1405.5,120.65,1224,1514,0.019201,0.021943,0.062,Video_Streaming
FLW-0000718,VPN-SES-00132,0x1f3f0f48,132.16,2676,3651348,27628.24,1364.48,104.43,1207,1514,0.008557,0.028099,0.048,Video_Streaming
FLW-0000719,VPN-SES-00132,0x1f3f0f48,77.98,162,225636,2893.51,1392.82,114.83,1220,1514,0.020639,0.021301,0.098,Video_Streaming
FLW-0000720,VPN-SES-00133,0xc3b6d344,15.88,539,59290,3733.63,110.0,1.5,107,112,1.001511,0.010336,0.493,ICMP
FLW-0000721,VPN-SES-00133,0xc3b6d344,119.42,875,1198846,10038.9,1370.11,104.25,1213,1514,0.019687,0.025002,0.083,Video_Streaming
FLW-0000722,VPN-SES-00133,0xc3b6d344,123.64,2864,3925140,31746.52,1370.51,103.76,1214,1514,0.016057,0.021626,0.048,Video_Streaming
FLW-0000723,VPN-SES-00133,0xc3b6d344,201.77,1129,1558482,7724.05,1380.41,110.89,1214,1514,0.011328,0.02599,0.081,Video_Streaming
FLW-0000724,VPN-SES-00134,0xe2586d90,20.06,488,62864,3133.8,128.82,10.11,113,143,0.01983,0.004478,0.527,VoIP
FLW-0000725,VPN-SES-00134,0xe2586d90,12.81,110,9240,721.31,84.0,6.81,73,94,0.997033,0.010047,0.557,ICMP
FLW-0000726,VPN-SES-00134,0xe2586d90,93.82,1738,397358,4235.32,228.63,123.33,64,413,1.526065,0.930292,0.461,WhatsApp
FLW-0000727,VPN-SES-00134,0xe2586d90,35.03,277,201423,5750.01,727.16,374.93,164,1289,0.432302,0.537209,0.293,Web_Browsing
FLW-0000728,VPN-SES-00134,0xe2586d90,144.08,5023,1221593,8478.57,243.2,127.29,64,434,1.46106,1.086389,0.494,WhatsApp
FLW-0000729,VPN-SES-00134,0xe2586d90,19.92,269,24758,1242.87,92.04,2.54,88,95,0.998515,0.009965,0.476,ICMP
FLW-0000730,VPN-SES-00134,0xe2586d90,151.85,576,787178,5183.92,1366.63,112.07,1198,1514,0.012798,0.026957,0.047,Video_Streaming
FLW-0000731,VPN-SES-00134,0xe2586d90,6.1,78,56542,9269.18,724.9,384.41,148,1301,0.483358,0.458717,0.284,Web_Browsing
FLW-0000732,VPN-SES-00135,0x2acf42c5,129.77,3792,926651,7140.72,244.37,130.06,64,439,1.055731,1.117654,0.546,WhatsApp
FLW-0000733,VPN-SES-00135,0x2acf42c5,7.46,236,22108,2963.54,93.68,1.5,91,95,1.00056,0.010312,0.536,ICMP
FLW-0000734,VPN-SES-00135,0x2acf42c5,44.46,766,1045521,23515.99,1364.91,115.85,1191,1514,0.014214,0.024645,0.07,Video_Streaming
FLW-0000735,VPN-SES-00135,0x2acf42c5,293.09,7291,10151623,34636.54,1392.35,116.98,1216,1514,0.007714,0.02705,0.058,Video_Streaming
FLW-0000736,VPN-SES-00135,0x2acf42c5,15.64,584,57740,3691.82,98.87,4.59,91,105,0.999775,0.011192,0.497,ICMP
FLW-0000737,VPN-SES-00135,0x2acf42c5,41.33,691,488239,11813.19,706.57,376.85,141,1271,0.463402,0.561461,0.298,Web_Browsing
FLW-0000738,VPN-SES-00135,0x2acf42c5,55.9,1720,2356038,42147.37,1369.79,129.88,1174,1514,0.012993,0.028188,0.055,Video_Streaming
FLW-0000739,VPN-SES-00136,0xa25f8199,76.12,1347,1867480,24533.37,1386.4,116.72,1211,1514,0.016568,0.027643,0.086,Video_Streaming
FLW-0000740,VPN-SES-00136,0xa25f8199,64.72,602,69964,1081.03,116.22,13.43,96,136,0.0202,0.004373,0.493,VoIP
FLW-0000741,VPN-SES-00136,0xa25f8199,48.17,1060,776746,16125.1,732.78,391.62,145,1320,0.381276,0.458154,0.276,Web_Browsing
FLW-0000742,VPN-SES-00137,0x8d3572cc,17.44,309,223620,12822.25,723.69,375.8,159,1287,0.551415,0.521203,0.281,Web_Browsing
FLW-0000743,VPN-SES-00137,0x8d3572cc,6.53,205,172767,26457.43,842.77,309.47,378,1306,0.668968,0.354033,0.65,Email_IMAP
FLW-0000744,VPN-SES-00137,0x8d3572cc,18.02,123,11820,655.94,96.1,29.94,64,141,1.003462,0.009819,0.497,ICMP
FLW-0000745,VPN-SES-00137,0x8d3572cc,11.22,299,32875,2930.04,109.95,17.63,83,136,0.997543,0.008214,0.481,ICMP
FLW-0000746,VPN-SES-00137,0x8d3572cc,175.02,5181,1279655,7311.48,246.99,133.97,64,447,1.576512,0.968033,0.411,WhatsApp
FLW-0000747,VPN-SES-00137,0x8d3572cc,179.47,3529,4906368,27338.1,1390.3,103.37,1235,1514,0.004431,0.025363,0.084,Video_Streaming
FLW-0000748,VPN-SES-00138,0xe183010f,67.72,2251,266833,3940.24,118.54,14.34,97,140,0.019904,0.003852,0.46,VoIP
FLW-0000749,VPN-SES-00138,0xe183010f,31.78,364,309916,9751.92,851.42,324.17,365,1337,0.671713,0.457563,0.59,Email_IMAP
FLW-0000750,VPN-SES-00138,0xe183010f,114.67,3907,460322,4014.32,117.82,1.5,115,120,0.020107,0.004572,0.456,VoIP
FLW-0000751,VPN-SES-00138,0xe183010f,286.25,3310,4544530,15876.09,1372.97,112.63,1204,1514,0.016698,0.023879,0.039,Video_Streaming
FLW-0000752,VPN-SES-00138,0xe183010f,248.28,2563,3476376,14001.84,1356.37,110.83,1190,1514,0.019658,0.025693,0.059,Video_Streaming
FLW-0000753,VPN-SES-00138,0xe183010f,59.45,1901,235457,3960.59,123.86,17.91,96,150,0.019512,0.004329,0.507,VoIP
FLW-0000754,VPN-SES-00138,0xe183010f,299.26,10874,15008403,50151.72,1380.21,102.2,1226,1514,0.016888,0.026662,0.043,Video_Streaming
FLW-0000755,VPN-SES-00138,0xe183010f,255.21,4735,6591214,25826.63,1392.02,106.02,1232,1514,0.009067,0.023101,0.01,Video_Streaming
FLW-0000756,VPN-SES-00139,0x61db1a37,28.09,915,792078,28197.86,865.66,305.35,407,1323,0.56708,0.356599,0.617,Email_IMAP
FLW-0000757,VPN-SES-00139,0x61db1a37,58.52,724,85576,1462.34,118.2,15.39,95,141,0.019374,0.003531,0.514,VoIP
FLW-0000758,VPN-SES-00139,0x61db1a37,28.11,261,222734,7923.66,853.39,322.53,369,1337,0.590246,0.458148,0.659,Email_IMAP
FLW-0000759,VPN-SES-00139,0x61db1a37,74.08,561,71263,961.97,127.03,14.7,104,149,0.020154,0.003904,0.5,VoIP
FLW-0000760,VPN-SES-00139,0x61db1a37,52.71,1907,1365583,25907.47,716.09,378.69,148,1284,0.465907,0.450332,0.25,Web_Browsing
FLW-0000761,VPN-SES-00139,0x61db1a37,53.28,646,454357,8527.72,703.34,367.2,152,1254,0.358704,0.507973,0.253,Web_Browsing
FLW-0000762,VPN-SES-00139,0x61db1a37,121.31,4117,1013440,8354.13,246.16,130.28,64,441,1.075197,1.172047,0.504,WhatsApp
FLW-0000763,VPN-SES-00139,0x61db1a37,33.08,891,96290,2910.82,108.07,21.36,76,140,0.019486,0.004039,0.462,VoIP
FLW-0000764,VPN-SES-00140,0x34d38751,50.48,1725,169878,3365.25,98.48,14.94,76,120,0.019926,0.003841,0.464,VoIP
FLW-0000765,VPN-SES-00140,0x34d38751,22.1,547,391214,17701.99,715.2,382.15,141,1288,0.446633,0.509125,0.26,Web_Browsing
FLW-0000766,VPN-SES-00140,0x34d38751,18.38,269,29590,1609.9,110.0,1.5,107,112,1.000731,0.011182,0.514,ICMP
FLW-0000767,VPN-SES-00140,0x34d38751,111.13,3851,5305022,47737.08,1377.57,105.77,1218,1514,0.015885,0.021443,0.031,Video_Streaming
FLW-0000768,VPN-SES-00140,0x34d38751,19.82,465,332581,16780.07,715.23,389.9,130,1300,0.478483,0.451598,0.271,Web_Browsing
FLW-0000769,VPN-SES-00141,0xaadfe981,47.72,1548,2124831,44527.05,1372.63,104.32,1216,1514,0.015671,0.021571,0.108,Video_Streaming
FLW-0000770,VPN-SES-00141,0xaadfe981,20.54,577,501955,24437.93,869.94,328.73,376,1363,0.618752,0.443253,0.577,Email_IMAP
FLW-0000771,VPN-SES-00141,0xaadfe981,5.19,59,50368,9704.82,853.7,323.95,367,1339,0.737484,0.400178,0.609,Email_IMAP
FLW-0000772,VPN-SES-00141,0xaadfe981,255.98,4598,6336871,24755.34,1378.18,98.83,1229,1514,0.014218,0.02319,0.054,Video_Streaming
FLW-0000773,VPN-SES-00141,0xaadfe981,62.93,1601,183442,2915.02,114.58,11.69,97,132,0.019996,0.003914,0.489,VoIP
FLW-0000774,VPN-SES-00141,0xaadfe981,8.18,204,18209,2226.04,89.26,6.56,79,99,1.00248,0.01014,0.53,ICMP
FLW-0000775,VPN-SES-00141,0xaadfe981,95.87,2793,623732,6506.02,223.32,131.26,64,420,1.218934,0.937538,0.458,WhatsApp
FLW-0000776,VPN-SES-00142,0xfc4e8cbb,21.45,134,14740,687.18,110.0,11.6,92,127,1.000365,0.008467,0.494,ICMP
FLW-0000777,VPN-SES-00142,0xfc4e8cbb,6.51,25,18090,2778.8,723.62,381.4,151,1295,0.311715,0.455484,0.278,Web_Browsing
FLW-0000778,VPN-SES-00142,0xfc4e8cbb,260.53,4032,5590126,21456.75,1386.44,92.43,1247,1514,0.011392,0.025358,0.085,Video_Streaming
FLW-0000779,VPN-SES-00142,0xfc4e8cbb,204.79,5960,8274327,40403.96,1388.31,114.66,1216,1514,0.009,0.02023,0.048,Video_Streaming
FLW-0000780,VPN-SES-00142,0xfc4e8cbb,102.65,1882,2619781,25521.49,1392.02,121.15,1210,1514,0.014665,0.026073,0.071,Video_Streaming
FLW-0000781,VPN-SES-00143,0x93666636,44.2,1540,1098528,24853.57,713.33,378.96,144,1281,0.57518,0.452872,0.328,Web_Browsing
FLW-0000782,VPN-SES-00143,0x93666636,9.78,211,19863,2030.98,94.14,14.6,72,116,0.99789,0.010586,0.478,ICMP
FLW-0000783,VPN-SES-00143,0x93666636,30.24,506,355728,11763.49,703.02,381.75,130,1275,0.52571,0.457753,0.235,Web_Browsing
FLW-0000784,VPN-SES-00143,0x93666636,61.36,2254,538480,8775.75,238.9,129.3,64,432,1.490473,1.204455,0.478,WhatsApp
FLW-0000785,VPN-SES-00143,0x93666636,20.28,144,127046,6264.6,882.27,321.79,399,1364,0.626616,0.377479,0.612,Email_IMAP
FLW-0000786,VPN-SES-00143,0x93666636,68.71,1669,193537,2816.72,115.96,25.68,77,154,0.020277,0.003528,0.505,VoIP
FLW-0000787,VPN-SES-00143,0x93666636,30.54,639,554690,18162.74,868.06,332.22,369,1366,0.709907,0.484238,0.622,Email_IMAP
FLW-0000788,VPN-SES-00144,0x5c68eb17,70.48,1124,1556357,22082.25,1384.66,120.0,1204,1514,0.007002,0.024126,0.037,Video_Streaming
FLW-0000789,VPN-SES-00144,0x5c68eb17,99.57,3485,434056,4359.31,124.55,27.84,82,166,0.019642,0.003044,0.488,VoIP
FLW-0000790,VPN-SES-00144,0x5c68eb17,20.57,368,320513,15581.58,870.96,324.3,384,1357,0.678903,0.4374,0.582,Email_IMAP
FLW-0000791,VPN-SES-00144,0x5c68eb17,6.94,26,2708,390.2,104.18,1.5,101,106,1.003276,0.010571,0.483,ICMP
FLW-0000792,VPN-SES-00144,0x5c68eb17,14.44,330,29917,2071.81,90.66,3.26,85,95,0.999641,0.011117,0.506,ICMP
FLW-0000793,VPN-SES-00145,0x5269c28c,20.48,727,64862,3167.09,89.22,19.12,64,117,1.000074,0.010769,0.482,ICMP
FLW-0000794,VPN-SES-00145,0x5269c28c,32.9,413,299160,9093.01,724.36,382.49,150,1298,0.308276,0.600764,0.319,Web_Browsing
FLW-0000795,VPN-SES-00145,0x5269c28c,22.41,229,21349,952.66,93.23,1.5,90,95,1.000521,0.010087,0.511,ICMP
FLW-0000796,VPN-SES-00145,0x5269c28c,10.37,85,61395,5920.44,722.3,384.05,146,1298,0.558548,0.528405,0.249,Web_Browsing
FLW-0000797,VPN-SES-00145,0x5269c28c,9.43,304,33440,3546.13,110.0,17.12,84,135,1.004728,0.008877,0.507,ICMP
FLW-0000798,VPN-SES-00145,0x5269c28c,285.67,6070,8224910,28791.65,1355.01,114.43,1183,1514,0.009944,0.029809,0.037,Video_Streaming
FLW-0000799,VPN-SES-00145,0x5269c28c,5.88,101,8484,1442.86,84.0,1.5,81,86,0.997037,0.010751,0.438,ICMP
FLW-0000800,VPN-SES-00146,0x492c04da,42.72,230,197878,4631.98,860.34,303.38,405,1315,0.62838,0.523952,0.631,Email_IMAP
FLW-0000801,VPN-SES-00146,0x492c04da,161.2,4421,1015238,6298.0,229.64,129.75,64,424,1.402973,1.151989,0.439,WhatsApp
FLW-0000802,VPN-SES-00146,0x492c04da,106.09,1775,225620,2126.68,127.11,1.5,124,129,0.019622,0.003805,0.519,VoIP
FLW-0000803,VPN-SES-00146,0x492c04da,16.23,87,74843,4611.4,860.27,308.76,397,1323,0.583513,0.458941,0.618,Email_IMAP
FLW-0000804,VPN-SES-00146,0x492c04da,67.09,954,1309889,19524.36,1373.05,106.15,1213,1514,0.014611,0.023706,0.057,Video_Streaming
FLW-0000805,VPN-SES-00146,0x492c04da,27.51,992,740071,26901.89,746.04,368.61,193,1298,0.311112,0.539179,0.26,Web_Browsing
FLW-0000806,VPN-SES-00146,0x492c04da,115.42,1707,2349139,20352.96,1376.18,103.75,1220,1514,0.011026,0.028996,0.084,Video_Streaming
FLW-0000807,VPN-SES-00147,0xd768b07f,143.49,1007,252102,1756.93,250.35,118.67,72,428,1.21006,0.787701,0.456,WhatsApp
FLW-0000808,VPN-SES-00147,0xd768b07f,195.91,5580,7764458,39632.78,1391.48,114.14,1220,1514,0.011169,0.024944,0.039,Video_Streaming
FLW-0000809,VPN-SES-00147,0xd768b07f,78.58,2112,512075,6516.61,242.46,136.13,64,446,1.133379,1.132961,0.508,WhatsApp
FLW-0000810,VPN-SES-00147,0xd768b07f,10.79,294,69095,6403.61,235.02,135.61,64,438,1.864418,1.088522,0.492,WhatsApp
FLW-0000811,VPN-SES-00148,0x430ccff5,217.25,6075,8329675,38341.43,1371.14,111.45,1203,1514,0.013726,0.025487,0.029,Video_Streaming
FLW-0000812,VPN-SES-00148,0x430ccff5,12.09,220,158945,13146.82,722.48,391.7,134,1310,0.483648,0.548099,0.273,Web_Browsing
FLW-0000813,VPN-SES-00148,0x430ccff5,28.14,398,345862,12290.76,869.0,322.23,385,1352,0.585814,0.464333,0.59,Email_IMAP
FLW-0000814,VPN-SES-00148,0x430ccff5,101.5,1424,160071,1577.05,112.41,19.51,83,141,0.020178,0.003524,0.532,VoIP
FLW-0000815,VPN-SES-00149,0x5a73b0bf,13.25,140,34560,2608.3,246.86,124.36,64,433,1.146299,1.08406,0.467,WhatsApp
FLW-0000816,VPN-SES-00149,0x5a73b0bf,24.68,265,26330,1066.86,99.36,1.5,97,101,0.996989,0.009612,0.491,ICMP
FLW-0000817,VPN-SES-00149,0x5a73b0bf,4.46,137,14467,3243.72,105.6,1.5,103,107,1.002518,0.008088,0.539,ICMP
FLW-0000818,VPN-SES-00149,0x5a73b0bf,63.25,279,384269,6075.4,1377.31,116.88,1201,1514,0.012299,0.027849,0.048,Video_Streaming
FLW-0000819,VPN-SES-00150,0x700c9c71,85.53,677,153557,1795.36,226.82,141.36,64,438,1.381276,1.124371,0.517,WhatsApp
FLW-0000820,VPN-SES-00150,0x700c9c71,14.36,184,155962,10860.86,847.62,324.76,360,1334,0.610182,0.444052,0.622,Email_IMAP
FLW-0000821,VPN-SES-00150,0x700c9c71,217.7,587,799494,3672.46,1362.0,103.77,1206,1514,0.017067,0.027215,0.058,Video_Streaming
FLW-0000822,VPN-SES-00151,0x5d15f7d8,8.83,75,64719,7329.45,862.92,317.65,386,1339,0.741569,0.440984,0.627,Email_IMAP
FLW-0000823,VPN-SES-00151,0x5d15f7d8,67.26,2628,351495,5225.91,133.75,11.78,116,151,0.020935,0.003388,0.549,VoIP
FLW-0000824,VPN-SES-00151,0x5d15f7d8,240.05,9051,12449922,51863.87,1375.53,108.06,1213,1514,0.004912,0.023863,0.029,Video_Streaming
FLW-0000825,VPN-SES-00151,0x5d15f7d8,126.64,3609,4954110,39119.63,1372.71,108.9,1209,1514,0.015592,0.025519,0.069,Video_Streaming
FLW-0000826,VPN-SES-00151,0x5d15f7d8,13.82,535,378164,27363.53,706.85,372.95,147,1266,0.584904,0.46324,0.33,Web_Browsing
FLW-0000827,VPN-SES-00151,0x5d15f7d8,215.82,8306,11438026,52997.99,1377.08,110.02,1212,1514,0.016014,0.02818,0.057,Video_Streaming
FLW-0000828,VPN-SES-00151,0x5d15f7d8,17.9,48,34336,1918.21,715.34,379.55,146,1284,0.475347,0.544565,0.28,Web_Browsing
FLW-0000829,VPN-SES-00151,0x5d15f7d8,5.87,39,4111,700.34,105.43,17.11,79,131,1.000572,0.010312,0.454,ICMP
FLW-0000830,VPN-SES-00152,0xe5d1c669,178.07,2781,579643,3255.14,208.43,133.11,64,408,1.384354,1.043374,0.487,WhatsApp
FLW-0000831,VPN-SES-00152,0xe5d1c669,30.54,265,190609,6241.29,719.28,389.02,135,1302,0.456458,0.462654,0.31,Web_Browsing
FLW-0000832,VPN-SES-00152,0xe5d1c669,266.02,5292,7289147,27400.75,1377.39,114.21,1206,1514,0.01021,0.023375,0.063,Video_Streaming
FLW-0000833,VPN-SES-00152,0xe5d1c669,49.09,738,531470,10826.44,720.15,383.84,144,1295,0.429852,0.408182,0.267,Web_Browsing
FLW-0000834,VPN-SES-00153,0x7d0e0597,53.32,296,215940,4049.89,729.53,377.62,163,1295,0.431521,0.549319,0.259,Web_Browsing
FLW-0000835,VPN-SES-00153,0x7d0e0597,49.82,473,331804,6660.06,701.49,378.71,133,1269,0.413687,0.451688,0.275,Web_Browsing
FLW-0000836,VPN-SES-00153,0x7d0e0597,57.08,1983,249659,4373.84,125.9,17.93,99,152,0.020184,0.004725,0.49,VoIP
FLW-0000837,VPN-SES-00153,0x7d0e0597,50.96,1513,1094413,21475.92,723.34,375.93,159,1287,0.386523,0.470755,0.266,Web_Browsing
FLW-0000838,VPN-SES-00153,0x7d0e0597,145.98,5606,1369601,9382.11,244.31,148.79,64,467,1.281853,1.054171,0.478,WhatsApp
FLW-0000839,VPN-SES-00153,0x7d0e0597,60.53,361,499894,8258.62,1384.75,112.11,1216,1514,0.016815,0.018934,0.01,Video_Streaming
FLW-0000840,VPN-SES-00153,0x7d0e0597,58.0,2093,2875886,49584.24,1374.05,118.78,1195,1514,0.006129,0.017481,0.077,Video_Streaming
FLW-0000841,VPN-SES-00154,0xdd613988,166.47,1257,305350,1834.26,242.92,121.28,64,424,1.237386,0.993328,0.483,WhatsApp
FLW-0000842,VPN-SES-00154,0xdd613988,84.92,428,99501,1171.7,232.48,133.95,64,433,0.928987,1.005746,0.446,WhatsApp
FLW-0000843,VPN-SES-00154,0xdd613988,41.02,107,76710,1870.06,716.92,375.7,153,1280,0.509838,0.407033,0.281,Web_Browsing
FLW-0000844,VPN-SES-00154,0xdd613988,22.23,581,60830,2736.39,104.7,18.85,76,132,0.999277,0.010324,0.446,ICMP
FLW-0000845,VPN-SES-00155,0xd47cc30b,122.49,2280,481764,3933.09,211.3,136.76,64,416,1.399083,1.229636,0.439,WhatsApp
FLW-0000846,VPN-SES-00155,0xd47cc30b,68.78,1713,421809,6132.73,246.24,144.95,64,463,1.469251,1.130424,0.48,WhatsApp
FLW-0000847,VPN-SES-00155,0xd47cc30b,256.54,9660,13148709,51254.03,1361.15,120.84,1179,1514,0.009709,0.026261,0.013,Video_Streaming
FLW-0000848,VPN-SES-00156,0xf45e2ad0,119.34,2516,3436478,28795.69,1365.85,121.48,1183,1514,0.010698,0.028633,0.058,Video_Streaming
FLW-0000849,VPN-SES-00156,0xf45e2ad0,68.23,2390,233981,3429.3,97.9,25.14,64,135,0.019646,0.004279,0.501,VoIP
FLW-0000850,VPN-SES-00156,0xf45e2ad0,11.95,441,37044,3099.92,84.0,5.31,76,91,1.003294,0.010493,0.498,ICMP
FLW-0000851,VPN-SES-00156,0xf45e2ad0,51.28,1011,1408221,27461.41,1392.9,111.69,1225,1514,0.012786,0.022271,0.067,Video_Streaming
FLW-0000852,VPN-SES-00156,0xf45e2ad0,22.37,554,483326,21605.99,872.43,313.31,402,1342,0.746153,0.445873,0.593,Email_IMAP
FLW-0000853,VPN-SES-00157,0x82730e7b,10.4,280,30791,2960.67,109.97,1.71,107,112,1.001139,0.009708,0.498,ICMP
FLW-0000854,VPN-SES-00157,0x82730e7b,12.48,367,317792,25464.1,865.92,322.33,382,1349,0.515302,0.399544,0.648,Email_IMAP
FLW-0000855,VPN-SES-00157,0x82730e7b,171.56,3319,791282,4612.28,238.41,125.81,64,427,1.175835,0.981229,0.419,WhatsApp
FLW-0000856,VPN-SES-00157,0x82730e7b,100.74,3659,434616,4314.23,118.78,13.21,98,138,0.01942,0.003973,0.511,VoIP
FLW-0000857,VPN-SES-00157,0x82730e7b,66.44,2589,686395,10331.05,265.12,117.9,88,441,1.591298,1.207041,0.457,WhatsApp
FLW-0000858,VPN-SES-00157,0x82730e7b,131.83,3239,785263,5956.63,242.44,126.34,64,431,1.430639,1.266004,0.498,WhatsApp
FLW-0000859,VPN-SES-00157,0x82730e7b,13.5,126,13116,971.56,104.1,1.5,101,106,0.997774,0.009792,0.536,ICMP
FLW-0000860,VPN-SES-00158,0xd262cad0,162.95,6197,8438268,51784.4,1361.67,101.56,1209,1514,0.012474,0.022538,0.036,Video_Streaming
FLW-0000861,VPN-SES-00158,0xd262cad0,19.15,147,13659,713.26,92.92,1.5,90,95,0.998539,0.010703,0.461,ICMP
FLW-0000862,VPN-SES-00158,0xd262cad0,38.6,461,323082,8370.0,700.83,374.96,138,1263,0.504897,0.490154,0.266,Web_Browsing
FLW-0000863,VPN-SES-00159,0x2ee93260,9.05,248,213411,23581.33,860.53,306.03,401,1319,0.683393,0.467255,0.608,Email_IMAP
FLW-0000864,VPN-SES-00159,0x2ee93260,121.94,4373,1102302,9039.71,252.07,120.98,70,433,1.586105,1.116994,0.47,WhatsApp
FLW-0000865,VPN-SES-00159,0x2ee93260,290.24,651,898223,3094.76,1379.76,109.14,1216,1514,0.016576,0.022308,0.037,Video_Streaming
FLW-0000866,VPN-SES-00159,0x2ee93260,34.18,1201,1047800,30655.35,872.44,315.24,399,1345,0.710786,0.526475,0.608,Email_IMAP
FLW-0000867,VPN-SES-00159,0x2ee93260,152.6,4261,1057494,6929.84,248.18,120.77,67,429,1.524531,1.121937,0.494,WhatsApp
FLW-0000868,VPN-SES-00159,0x2ee93260,36.02,434,369876,10268.63,852.25,306.71,392,1312,0.68397,0.357147,0.61,Email_IMAP
FLW-0000869,VPN-SES-00159,0x2ee93260,16.15,163,17814,1103.03,109.29,5.54,100,117,1.002923,0.011025,0.48,ICMP
FLW-0000870,VPN-SES-00159,0x2ee93260,55.68,1429,171951,3088.2,120.33,17.62,93,146,0.019051,0.003624,0.483,VoIP
FLW-0000871,VPN-SES-00160,0x910d5c57,67.31,2601,3525837,52382.07,1355.57,110.38,1190,1514,0.011066,0.020818,0.072,Video_Streaming
FLW-0000872,VPN-SES-00160,0x910d5c57,22.62,569,60649,2681.21,106.59,5.82,97,115,0.999514,0.010591,0.52,ICMP
FLW-0000873,VPN-SES-00160,0x910d5c57,51.37,1223,885072,17229.36,723.69,373.4,163,1283,0.470745,0.559774,0.262,Web_Browsing
FLW-0000874,VPN-SES-00160,0x910d5c57,44.15,1221,909864,20608.47,745.18,375.79,181,1308,0.452431,0.466376,0.287,Web_Browsing
FLW-0000875,VPN-SES-00160,0x910d5c57,8.56,124,10416,1216.82,84.0,1.5,81,86,0.998362,0.010135,0.53,ICMP
FLW-0000876,VPN-SES-00160,0x910d5c57,33.29,773,670770,20149.29,867.75,301.03,416,1319,0.78784,0.463288,0.597,Email_IMAP
FLW-0000877,VPN-SES-00161,0xfbd33927,23.7,631,543852,22947.34,861.89,321.41,379,1344,0.604988,0.458906,0.602,Email_IMAP
FLW-0000878,VPN-SES-00161,0xfbd33927,18.91,727,67720,3581.17,93.15,1.5,90,95,0.997851,0.010146,0.518,ICMP
FLW-0000879,VPN-SES-00161,0xfbd33927,22.77,591,61570,2704.0,104.18,10.56,88,120,1.000487,0.009467,0.525,ICMP
FLW-0000880,VPN-SES-00161,0xfbd33927,53.26,971,683302,12829.55,703.71,372.79,144,1262,0.377685,0.554003,0.308,Web_Browsing
FLW-0000881,VPN-SES-00161,0xfbd33927,69.89,242,30455,435.76,125.85,26.58,85,165,0.019472,0.004139,0.496,VoIP
FLW-0000882,VPN-SES-00162,0x7180b78a,16.22,586,427873,26379.35,730.16,379.08,161,1298,0.421129,0.527045,0.306,Web_Browsing
FLW-0000883,VPN-SES-00162,0x7180b78a,52.66,1031,115451,2192.39,111.98,17.51,85,138,0.019365,0.003001,0.506,VoIP
FLW-0000884,VPN-SES-00162,0x7180b78a,79.69,2925,372381,4672.87,127.31,20.1,97,157,0.01883,0.00386,0.433,VoIP
FLW-0000885,VPN-SES-00162,0x7180b78a,15.8,260,28600,1810.13,110.0,1.5,107,112,1.001883,0.010946,0.473,ICMP
FLW-0000886,VPN-SES-00162,0x7180b78a,17.59,433,36549,2077.83,84.41,6.8,74,94,0.998734,0.010102,0.486,ICMP
FLW-0000887,VPN-SES-00162,0x7180b78a,167.95,6037,8202049,48836.25,1358.63,92.16,1220,1496,0.01285,0.023596,0.043,Video_Streaming
FLW-0000888,VPN-SES-00162,0x7180b78a,43.11,182,132559,3074.9,728.35,389.39,144,1312,0.429559,0.48297,0.295,Web_Browsing
FLW-0000889,VPN-SES-00162,0x7180b78a,75.88,2957,661540,8718.24,223.72,131.79,64,421,1.491061,1.174825,0.422,WhatsApp
FLW-0000890,VPN-SES-00163,0x600a174e,17.6,637,56603,3216.08,88.86,1.5,86,91,1.00015,0.010481,0.545,ICMP
FLW-0000891,VPN-SES-00163,0x600a174e,34.28,470,401408,11709.68,854.06,316.02,380,1328,0.727603,0.463346,0.658,Email_IMAP
FLW-0000892,VPN-SES-00163,0x600a174e,24.25,349,35409,1460.16,101.46,1.5,99,103,0.998,0.008448,0.52,ICMP
FLW-0000893,VPN-SES-00163,0x600a174e,40.16,1478,375796,9357.47,254.26,144.79,64,471,1.539112,1.227912,0.463,WhatsApp
FLW-0000894,VPN-SES-00163,0x600a174e,34.63,424,44994,1299.28,106.12,24.8,68,143,0.020251,0.004043,0.512,VoIP
FLW-0000895,VPN-SES-00163,0x600a174e,14.79,415,42280,2858.69,101.88,14.27,80,123,1.001942,0.010544,0.525,ICMP
FLW-0000896,VPN-SES-00163,0x600a174e,59.99,2398,302555,5043.42,126.17,14.31,104,147,0.020454,0.003442,0.532,VoIP
FLW-0000897,VPN-SES-00163,0x600a174e,12.15,323,227931,18759.75,705.67,382.29,132,1279,0.386613,0.527669,0.279,Web_Browsing
FLW-0000898,VPN-SES-00164,0xe89462e8,31.98,1235,865562,27065.73,700.86,383.37,125,1275,0.406656,0.544057,0.28,Web_Browsing
FLW-0000899,VPN-SES-00164,0xe89462e8,18.68,362,313039,16757.98,864.75,312.34,396,1333,0.61022,0.429361,0.646,Email_IMAP
FLW-0000900,VPN-SES-00164,0xe89462e8,13.02,120,105615,8111.75,880.13,313.56,409,1350,0.722687,0.352365,0.584,Email_IMAP
FLW-0000901,VPN-SES-00164,0xe89462e8,6.8,271,229940,33814.71,848.49,309.18,384,1312,0.543108,0.468585,0.614,Email_IMAP
FLW-0000902,VPN-SES-00164,0xe89462e8,142.3,4683,6483847,45564.63,1384.55,115.52,1211,1514,0.012996,0.026644,0.058,Video_Streaming
FLW-0000903,VPN-SES-00164,0xe89462e8,25.63,277,62535,2439.91,225.76,138.46,64,433,1.302796,0.997084,0.475,WhatsApp
FLW-0000904,VPN-SES-00164,0xe89462e8,209.1,3130,4285126,20493.19,1369.05,106.66,1209,1514,0.01329,0.025871,0.033,Video_Streaming
FLW-0000905,VPN-SES-00164,0xe89462e8,21.15,812,579889,27417.92,714.15,388.59,131,1297,0.48723,0.603753,0.315,Web_Browsing
FLW-0000906,VPN-SES-00165,0xae47a339,14.0,68,59413,4243.79,873.73,308.9,410,1337,0.701561,0.44761,0.603,Email_IMAP
FLW-0000907,VPN-SES-00165,0xae47a339,22.6,435,43508,1925.13,100.02,11.56,82,117,1.000751,0.009122,0.522,ICMP
FLW-0000908,VPN-SES-00165,0xae47a339,55.52,1269,142572,2567.94,112.35,19.73,82,141,0.019818,0.003912,0.523,VoIP
FLW-0000909,VPN-SES-00165,0xae47a339,110.69,3292,353955,3197.71,107.52,33.56,64,157,0.018907,0.003761,0.511,VoIP
FLW-0000910,VPN-SES-00165,0xae47a339,36.92,985,854004,23131.2,867.01,319.2,388,1345,0.646126,0.468475,0.613,Email_IMAP
FLW-0000911,VPN-SES-00165,0xae47a339,17.45,231,59302,3398.4,256.72,136.71,64,461,1.544016,0.993723,0.478,WhatsApp
FLW-0000912,VPN-SES-00165,0xae47a339,33.26,262,187694,5643.24,716.39,371.96,158,1274,0.477012,0.473118,0.3,Web_Browsing
FLW-0000913,VPN-SES-00166,0x3ada62ce,36.59,964,103302,2823.23,107.16,31.75,64,154,0.019462,0.004088,0.524,VoIP
FLW-0000914,VPN-SES-00166,0x3ada62ce,21.15,115,10482,495.6,91.15,10.82,74,107,0.998156,0.011452,0.5,ICMP
FLW-0000915,VPN-SES-00166,0x3ada62ce,18.41,60,5450,296.03,90.84,1.61,88,93,1.001213,0.009416,0.478,ICMP
FLW-0000916,VPN-SES-00166,0x3ada62ce,131.87,573,135995,1031.28,237.34,120.58,64,418,1.70039,1.037697,0.505,WhatsApp
FLW-0000917,VPN-SES-00166,0x3ada62ce,22.69,227,27809,1225.61,122.51,10.12,107,137,0.019996,0.004314,0.494,VoIP
FLW-0000918,VPN-SES-00166,0x3ada62ce,35.69,1248,916431,25677.53,734.32,388.17,152,1316,0.518919,0.477017,0.248,Web_Browsing
FLW-0000919,VPN-SES-00167,0xe255a4de,19.13,102,9245,483.27,90.64,5.57,82,98,1.000819,0.007828,0.5,ICMP
FLW-0000920,VPN-SES-00167,0xe255a4de,16.3,106,10589,649.63,99.9,1.78,97,102,1.001937,0.010422,0.539,ICMP
FLW-0000921,VPN-SES-00167,0xe255a4de,56.04,546,391705,6989.74,717.41,387.5,136,1298,0.57263,0.565585,0.247,Web_Browsing
FLW-0000922,VPN-SES-00168,0x5a32bb22,13.01,408,349639,26874.63,856.96,317.24,381,1332,0.683025,0.480886,0.595,Email_IMAP
FLW-0000923,VPN-SES-00168,0x5a32bb22,145.45,4760,1146255,7880.75,240.81,113.84,70,411,1.637921,1.043639,0.482,WhatsApp
FLW-0000924,VPN-SES-00168,0x5a32bb22,57.81,705,504977,8735.12,716.28,389.17,132,1300,0.237187,0.499169,0.277,Web_Browsing
FLW-0000925,VPN-SES-00168,0x5a32bb22,42.25,1577,1126861,26671.27,714.56,393.81,123,1305,0.38345,0.53859,0.291,Web_Browsing
FLW-0000926,VPN-SES-00169,0xb5df6f85,232.04,6097,8506168,36658.2,1395.14,104.66,1238,1514,0.009251,0.02774,0.073,Video_Streaming
FLW-0000927,VPN-SES-00169,0xb5df6f85,141.42,5573,7587416,53651.65,1361.46,105.69,1202,1514,0.013449,0.027094,0.04,Video_Streaming
FLW-0000928,VPN-SES-00169,0xb5df6f85,9.84,113,93228,9474.39,825.03,324.19,338,1311,0.567628,0.35922,0.535,Email_IMAP
FLW-0000929,VPN-SES-00169,0xb5df6f85,196.56,2463,3423003,17414.55,1389.77,111.03,1223,1514,0.011154,0.028473,0.079,Video_Streaming
FLW-0000930,VPN-SES-00169,0xb5df6f85,60.95,343,479994,7875.21,1399.4,98.86,1251,1514,0.01187,0.020958,0.053,Video_Streaming
FLW-0000931,VPN-SES-00170,0xe9f48bbd,23.97,385,329952,13765.21,857.02,325.01,369,1344,0.653076,0.478053,0.641,Email_IMAP
FLW-0000932,VPN-SES-00170,0xe9f48bbd,12.05,359,267763,22221.0,745.86,377.48,179,1312,0.379423,0.512304,0.256,Web_Browsing
FLW-0000933,VPN-SES-00170,0xe9f48bbd,57.01,399,557714,9782.74,1397.78,107.73,1236,1514,0.009879,0.023822,0.082,Video_Streaming
FLW-0000934,VPN-SES-00170,0xe9f48bbd,115.8,3922,5404947,46674.84,1378.11,104.87,1220,1514,0.018245,0.02286,0.061,Video_Streaming
FLW-0000935,VPN-SES-00170,0xe9f48bbd,38.9,703,511664,13153.32,727.83,366.95,177,1278,0.48602,0.447245,0.305,Web_Browsing
FLW-0000936,VPN-SES-00170,0xe9f48bbd,16.27,611,52820,3246.47,86.45,9.54,72,100,1.001659,0.010861,0.508,ICMP
FLW-0000937,VPN-SES-00170,0xe9f48bbd,18.94,360,308599,16293.51,857.22,315.39,384,1330,0.749295,0.418523,0.589,Email_IMAP
FLW-0000938,VPN-SES-00170,0xe9f48bbd,38.67,718,178049,4604.32,247.98,123.63,64,433,1.24324,0.941204,0.466,WhatsApp
FLW-0000939,VPN-SES-00171,0x4f05557c,31.78,285,204917,6447.99,719.01,381.94,146,1291,0.521348,0.526345,0.274,Web_Browsing
FLW-0000940,VPN-SES-00171,0x4f05557c,204.3,1079,1486451,7275.82,1377.62,114.08,1206,1514,0.016772,0.025316,0.046,Video_Streaming
FLW-0000941,VPN-SES-00171,0x4f05557c,52.23,390,276155,5287.29,708.09,368.44,155,1260,0.49997,0.528899,0.297,Web_Browsing
FLW-0000942,VPN-SES-00171,0x4f05557c,12.05,399,342525,28425.31,858.46,331.26,361,1355,0.617322,0.492987,0.619,Email_IMAP
FLW-0000943,VPN-SES-00171,0x4f05557c,5.61,30,2721,485.03,90.7,8.74,77,103,1.000614,0.010357,0.502,ICMP
FLW-0000944,VPN-SES-00172,0xf4610160,121.16,1459,349503,2884.64,239.55,149.11,64,463,1.595402,1.179511,0.483,WhatsApp
FLW-0000945,VPN-SES-00172,0xf4610160,26.59,965,706466,26568.86,732.09,384.14,155,1308,0.451965,0.484822,0.278,Web_Browsing
FLW-0000946,VPN-SES-00172,0xf4610160,34.06,663,544952,15999.77,821.95,321.68,339,1304,0.617028,0.52167,0.621,Email_IMAP
FLW-0000947,VPN-SES-00172,0xf4610160,155.47,4491,6133493,39451.3,1365.73,109.6,1201,1514,0.008077,0.026184,0.069,Video_Streaming
FLW-0000948,VPN-SES-00172,0xf4610160,56.66,2169,285201,5033.55,131.49,11.67,113,148,0.02002,0.003454,0.521,VoIP
FLW-0000949,VPN-SES-00172,0xf4610160,84.58,2684,338801,4005.69,126.23,21.97,93,159,0.020001,0.004166,0.548,VoIP
FLW-0000950,VPN-SES-00172,0xf4610160,7.48,277,26198,3502.41,94.58,5.11,86,102,0.998371,0.009132,0.503,ICMP
FLW-0000951,VPN-SES-00173,0x33ef5561,235.6,4267,5944997,25233.43,1393.25,107.95,1231,1514,0.011115,0.023983,0.044,Video_Streaming
FLW-0000952,VPN-SES-00173,0x33ef5561,42.76,564,69676,1629.47,123.54,6.02,114,132,0.020769,0.003734,0.522,VoIP
FLW-0000953,VPN-SES-00173,0x33ef5561,85.2,2291,240005,2816.96,104.76,23.35,69,139,0.020403,0.004154,0.47,VoIP
FLW-0000954,VPN-SES-00174,0xf860bcb1,50.92,640,462713,9087.06,722.99,370.54,167,1278,0.431043,0.551471,0.304,Web_Browsing
FLW-0000955,VPN-SES-00174,0xf860bcb1,26.32,230,197841,7516.76,860.18,312.2,391,1328,0.693577,0.450872,0.55,Email_IMAP
FLW-0000956,VPN-SES-00174,0xf860bcb1,121.12,3234,806527,6658.91,249.39,129.81,64,444,1.598404,0.97952,0.385,WhatsApp
FLW-0000957,VPN-SES-00174,0xf860bcb1,30.79,220,189937,6168.79,863.35,322.33,379,1346,0.53588,0.405968,0.703,Email_IMAP
FLW-0000958,VPN-SES-00174,0xf860bcb1,14.32,256,219220,15308.66,856.33,325.85,367,1345,0.60608,0.355936,0.615,Email_IMAP
FLW-0000959,VPN-SES-00174,0xf860bcb1,20.64,394,337583,16355.77,856.81,316.8,381,1332,0.642262,0.461892,0.615,Email_IMAP
FLW-0000960,VPN-SES-00174,0xf860bcb1,144.75,5238,1177659,8135.81,224.83,133.89,64,425,1.078354,0.874461,0.502,WhatsApp
FLW-0000961,VPN-SES-00174,0xf860bcb1,67.69,704,88760,1311.27,126.08,17.54,99,152,0.019163,0.003717,0.492,VoIP
FLW-0000962,VPN-SES-00175,0x809d338b,44.61,1075,753413,16888.88,700.85,374.09,139,1261,0.498925,0.571365,0.267,Web_Browsing
FLW-0000963,VPN-SES-00175,0x809d338b,14.06,243,26020,1850.64,107.08,1.5,104,109,1.000989,0.009196,0.509,ICMP
FLW-0000964,VPN-SES-00175,0x809d338b,10.61,231,197973,18659.1,857.03,330.56,361,1352,0.590976,0.478242,0.612,Email_IMAP
FLW-0000965,VPN-SES-00175,0x809d338b,40.59,342,40390,995.07,118.1,16.53,93,142,0.019493,0.003994,0.498,VoIP
FLW-0000966,VPN-SES-00175,0x809d338b,28.29,331,285616,10096.01,862.89,320.68,381,1343,0.703865,0.491558,0.588,Email_IMAP
FLW-0000967,VPN-SES-00175,0x809d338b,14.77,179,19408,1314.01,108.43,1.5,106,110,1.000882,0.01062,0.443,ICMP
FLW-0000968,VPN-SES-00176,0x1e503fd8,151.28,4163,5749602,38006.36,1381.12,106.25,1221,1514,0.009155,0.028377,0.04,Video_Streaming
FLW-0000969,VPN-SES-00176,0x1e503fd8,39.0,919,211664,5427.28,230.32,130.61,64,426,1.513122,1.084419,0.515,WhatsApp
FLW-0000970,VPN-SES-00176,0x1e503fd8,9.85,317,274639,27882.13,866.37,302.57,412,1320,0.614261,0.424717,0.634,Email_IMAP
FLW-0000971,VPN-SES-00177,0xe209383b,59.31,946,1275681,21508.7,1348.5,130.39,1152,1514,0.013991,0.025372,0.095,Video_Streaming
FLW-0000972,VPN-SES-00177,0xe209383b,39.24,1110,985813,25122.66,888.12,326.97,397,1378,0.714045,0.455881,0.616,Email_IMAP
FLW-0000973,VPN-SES-00177,0xe209383b,12.82,101,9321,727.07,92.29,1.5,90,94,0.998969,0.008649,0.498,ICMP
FLW-0000974,VPN-SES-00177,0xe209383b,7.95,258,216663,27253.21,839.78,321.53,357,1322,0.647548,0.456612,0.604,Email_IMAP
FLW-0000975,VPN-SES-00177,0xe209383b,28.59,1087,974952,34101.15,896.92,330.88,400,1393,0.565993,0.460479,0.602,Email_IMAP
FLW-0000976,VPN-SES-00177,0xe209383b,24.78,724,78068,3150.44,107.83,7.28,96,118,0.020259,0.003727,0.529,VoIP
FLW-0000977,VPN-SES-00178,0x315d3b1f,21.59,536,467354,21646.78,871.93,330.99,375,1368,0.592464,0.471391,0.639,Email_IMAP
FLW-0000978,VPN-SES-00178,0x315d3b1f,69.59,2498,585306,8410.78,234.31,123.83,64,420,1.665571,1.125025,0.499,WhatsApp
FLW-0000979,VPN-SES-00178,0x315d3b1f,59.68,1161,127872,2142.63,110.14,8.25,97,122,0.019658,0.00395,0.468,VoIP
FLW-0000980,VPN-SES-00178,0x315d3b1f,140.2,966,231724,1652.81,239.88,116.49,65,414,1.215192,1.1738,0.498,WhatsApp
FLW-0000981,VPN-SES-00178,0x315d3b1f,37.91,1188,849776,22415.62,715.3,371.86,157,1273,0.372945,0.481337,0.299,Web_Browsing
FLW-0000982,VPN-SES-00178,0x315d3b1f,53.83,118,29634,550.51,251.14,126.03,64,440,1.209674,1.129463,0.455,WhatsApp
FLW-0000983,VPN-SES-00178,0x315d3b1f,19.62,46,4221,215.14,91.78,14.6,69,113,1.001241,0.010158,0.462,ICMP
FLW-0000984,VPN-SES-00178,0x315d3b1f,25.42,582,501998,19748.15,862.54,328.5,369,1355,0.624645,0.5108,0.659,Email_IMAP
FLW-0000985,VPN-SES-00179,0x11d77831,18.99,319,280707,14781.83,879.96,322.44,396,1363,0.689649,0.513638,0.633,Email_IMAP
FLW-0000986,VPN-SES-00179,0x11d77831,12.35,128,11774,953.36,91.99,1.5,89,94,1.000358,0.008709,0.496,ICMP
FLW-0000987,VPN-SES-00179,0x11d77831,103.86,2490,630368,6069.4,253.16,112.47,84,421,1.65319,1.223461,0.466,WhatsApp
FLW-0000988,VPN-SES-00179,0x11d77831,40.38,1225,301987,7478.63,246.52,130.03,64,441,1.602948,1.208095,0.438,WhatsApp
FLW-0000989,VPN-SES-00179,0x11d77831,23.83,361,313005,13134.91,867.05,318.35,389,1344,0.655591,0.417232,0.672,Email_IMAP
FLW-0000990,VPN-SES-00179,0x11d77831,18.12,443,386508,21330.46,872.48,314.08,401,1343,0.559914,0.432645,0.633,Email_IMAP
FLW-0000991,VPN-SES-00180,0xcc5c3cd8,32.58,171,147552,4528.91,862.88,330.03,367,1357,0.70332,0.493631,0.63,Email_IMAP
FLW-0000992,VPN-SES-00180,0xcc5c3cd8,135.06,313,426722,3159.5,1363.33,108.43,1200,1514,0.015975,0.024871,0.075,Video_Streaming
FLW-0000993,VPN-SES-00180,0xcc5c3cd8,101.44,2133,247811,2442.93,116.18,9.76,101,130,0.019926,0.004124,0.48,VoIP
FLW-0000994,VPN-SES-00180,0xcc5c3cd8,21.85,108,92574,4236.8,857.17,312.48,388,1325,0.725549,0.436749,0.664,Email_IMAP
FLW-0000995,VPN-SES-00180,0xcc5c3cd8,17.2,115,84909,4936.57,738.34,379.35,169,1307,0.374366,0.395705,0.236,Web_Browsing
FLW-0000996,VPN-SES-00180,0xcc5c3cd8,5.55,109,91942,16566.13,843.51,331.03,346,1340,0.657818,0.467532,0.553,Email_IMAP
FLW-0000997,VPN-SES-00180,0xcc5c3cd8,114.37,4496,1014387,8869.35,225.62,137.1,64,431,1.447318,1.083807,0.497,WhatsApp
FLW-0000998,VPN-SES-00181,0x59560c36,15.71,553,409015,26035.33,739.63,378.23,172,1306,0.455203,0.50963,0.352,Web_Browsing
FLW-0000999,VPN-SES-00181,0x59560c36,32.64,412,343941,10537.41,834.81,325.47,346,1323,0.642251,0.475505,0.6,Email_IMAP
FLW-0001000,VPN-SES-00181,0x59560c36,4.76,70,6818,1432.35,97.41,9.69,82,111,1.004669,0.010808,0.475,ICMP
FLW-0001001,VPN-SES-00181,0x59560c36,4.01,48,4459,1111.97,92.91,1.5,90,95,0.997307,0.00967,0.522,ICMP
FLW-0001002,VPN-SES-00181,0x59560c36,119.67,3511,367636,3072.08,104.71,26.39,65,144,0.020293,0.003706,0.496,VoIP
FLW-0001003,VPN-SES-00181,0x59560c36,41.83,913,674871,16133.66,739.18,385.87,160,1317,0.450659,0.488116,0.282,Web_Browsing
FLW-0001004,VPN-SES-00181,0x59560c36,12.21,31,26469,2167.81,853.86,303.16,399,1308,0.787847,0.45699,0.632,Email_IMAP
FLW-0001005,VPN-SES-00182,0xcca726eb,43.49,1017,873918,20094.69,859.31,314.12,388,1330,0.63745,0.378027,0.688,Email_IMAP
FLW-0001006,VPN-SES-00182,0xcca726eb,107.73,1284,289143,2683.96,225.19,121.74,64,407,1.327357,1.241688,0.48,WhatsApp
FLW-0001007,VPN-SES-00182,0xcca726eb,139.93,1151,1571310,11229.26,1365.17,120.03,1185,1514,0.014741,0.026346,0.081,Video_Streaming
FLW-0001008,VPN-SES-00182,0xcca726eb,6.97,163,144862,20783.64,888.73,337.48,382,1394,0.603647,0.523075,0.631,Email_IMAP
FLW-0001009,VPN-SES-00183,0x6708013e,140.89,3063,753467,5347.91,245.99,116.46,71,420,1.371886,1.010589,0.505,WhatsApp
FLW-0001010,VPN-SES-00183,0x6708013e,125.87,475,120103,954.18,252.85,113.4,82,422,1.396364,1.223405,0.474,WhatsApp
FLW-0001011,VPN-SES-00183,0x6708013e,29.77,197,49003,1646.05,248.75,132.81,64,447,1.456374,1.070155,0.444,WhatsApp
FLW-0001012,VPN-SES-00183,0x6708013e,117.72,2040,462141,3925.76,226.54,135.67,64,430,1.403211,1.084764,0.467,WhatsApp
FLW-0001013,VPN-SES-00183,0x6708013e,18.72,360,33962,1814.21,94.34,12.38,75,112,0.999497,0.008659,0.522,ICMP
FLW-0001014,VPN-SES-00183,0x6708013e,172.43,4575,1086745,6302.53,237.54,130.25,64,432,1.66525,1.097738,0.489,WhatsApp
FLW-0001015,VPN-SES-00183,0x6708013e,4.4,75,63438,14417.73,845.85,318.24,368,1323,0.691143,0.380008,0.626,Email_IMAP
FLW-0001016,VPN-SES-00184,0x4f8dcf96,285.72,3686,5091140,17818.63,1381.21,110.33,1215,1514,0.015889,0.025836,0.104,Video_Streaming
FLW-0001017,VPN-SES-00184,0x4f8dcf96,135.31,2193,500179,3696.54,228.08,131.09,64,424,1.413937,0.982382,0.509,WhatsApp
FLW-0001018,VPN-SES-00184,0x4f8dcf96,9.08,153,16830,1853.52,110.0,3.86,104,115,1.000758,0.010085,0.479,ICMP
FLW-0001019,VPN-SES-00184,0x4f8dcf96,91.89,3602,4892056,53238.18,1358.15,104.35,1201,1514,0.00678,0.02926,0.057,Video_Streaming
FLW-0001020,VPN-SES-00184,0x4f8dcf96,255.81,6344,8728392,34120.61,1375.85,117.11,1200,1514,0.007793,0.023083,0.062,Video_Streaming
FLW-0001021,VPN-SES-00185,0x37ef5357,39.14,1086,795332,20320.18,732.35,384.01,156,1308,0.468624,0.503906,0.292,Web_Browsing
FLW-0001022,VPN-SES-00185,0x37ef5357,39.62,1084,934863,23595.73,862.42,311.76,394,1330,0.65311,0.401684,0.622,Email_IMAP
FLW-0001023,VPN-SES-00185,0x37ef5357,295.79,8965,12319971,41651.07,1374.23,130.32,1178,1514,0.01185,0.021489,0.056,Video_Streaming
FLW-0001024,VPN-SES-00185,0x37ef5357,26.88,821,596234,22181.32,726.23,393.39,136,1316,0.405791,0.420879,0.305,Web_Browsing
FLW-0001025,VPN-SES-00185,0x37ef5357,9.26,287,242064,26140.82,843.43,316.51,368,1318,0.632611,0.446866,0.641,Email_IMAP
FLW-0001026,VPN-SES-00185,0x37ef5357,91.31,2396,555392,6082.49,231.8,127.81,64,423,1.397645,1.116456,0.483,WhatsApp
FLW-0001027,VPN-SES-00186,0x18560684,132.45,1089,1508515,11389.32,1385.23,116.75,1210,1514,0.013472,0.026134,0.013,Video_Streaming
FLW-0001028,VPN-SES-00186,0x18560684,24.89,931,670878,26953.72,720.6,383.84,144,1296,0.504671,0.465382,0.26,Web_Browsing
FLW-0001029,VPN-SES-00186,0x18560684,15.29,299,213219,13945.0,713.11,384.29,136,1289,0.527541,0.479627,0.307,Web_Browsing
FLW-0001030,VPN-SES-00186,0x18560684,102.74,2716,3752099,36520.33,1381.48,109.01,1217,1514,0.011207,0.026867,0.07,Video_Streaming
FLW-0001031,VPN-SES-00186,0x18560684,25.13,560,418493,16653.12,747.31,373.18,187,1307,0.488858,0.47354,0.254,Web_Browsing
FLW-0001032,VPN-SES-00186,0x18560684,45.79,1526,366041,7993.91,239.87,131.1,64,436,1.881499,1.079744,0.446,WhatsApp
FLW-0001033,VPN-SES-00186,0x18560684,25.08,460,332708,13265.87,723.28,363.4,178,1268,0.443103,0.500801,0.304,Web_Browsing
FLW-0001034,VPN-SES-00186,0x18560684,29.79,327,239259,8031.52,731.68,375.97,167,1295,0.438704,0.461694,0.246,Web_Browsing
FLW-0001035,VPN-SES-00187,0xa36db4a7,146.96,1739,423829,2883.98,243.72,119.81,64,423,1.331587,0.990531,0.496,WhatsApp
FLW-0001036,VPN-SES-00187,0xa36db4a7,94.93,3668,959622,10108.73,261.62,119.59,82,441,1.094252,1.086262,0.48,WhatsApp
FLW-0001037,VPN-SES-00187,0xa36db4a7,14.86,352,35418,2383.45,100.62,1.5,98,102,0.999699,0.010368,0.531,ICMP
FLW-0001038,VPN-SES-00187,0xa36db4a7,61.01,2424,524892,8603.38,216.54,127.05,64,407,1.435278,0.999023,0.532,WhatsApp
FLW-0001039,VPN-SES-00188,0xebc6c928,24.82,619,440963,17766.44,712.38,379.67,142,1281,0.491702,0.470436,0.225,Web_Browsing
FLW-0001040,VPN-SES-00188,0xebc6c928,23.93,468,334554,13980.53,714.86,388.24,132,1297,0.424733,0.457678,0.308,Web_Browsing
FLW-0001041,VPN-SES-00188,0xebc6c928,51.86,1494,173348,3342.61,116.03,13.92,95,136,0.02009,0.004308,0.571,VoIP
FLW-0001042,VPN-SES-00188,0xebc6c928,12.16,318,276637,22749.75,869.93,329.28,376,1363,0.615847,0.403836,0.622,Email_IMAP
FLW-0001043,VPN-SES-00188,0xebc6c928,17.63,213,21148,1199.55,99.29,1.5,97,101,0.999737,0.010399,0.511,ICMP
FLW-0001044,VPN-SES-00189,0xd7c2564a,264.43,6055,8392532,31738.2,1386.05,112.33,1217,1514,0.010099,0.023715,0.024,Video_Streaming
FLW-0001045,VPN-SES-00189,0xd7c2564a,117.32,3549,927779,7908.11,261.42,130.11,66,456,1.362899,0.997833,0.568,WhatsApp
FLW-0001046,VPN-SES-00189,0xd7c2564a,23.31,397,42526,1824.37,107.12,14.57,85,128,0.02025,0.00424,0.529,VoIP
FLW-0001047,VPN-SES-00189,0xd7c2564a,114.64,2615,3665419,31973.3,1401.69,114.05,1230,1514,0.00804,0.024358,0.069,Video_Streaming
FLW-0001048,VPN-SES-00189,0xd7c2564a,9.62,349,38390,3990.64,110.0,1.5,107,112,1.001804,0.01018,0.525,ICMP
FLW-0001049,VPN-SES-00189,0xd7c2564a,56.11,1934,461800,8230.26,238.78,123.26,64,423,1.523894,1.171987,0.509,WhatsApp
FLW-0001050,VPN-SES-00189,0xd7c2564a,46.13,1158,833574,18070.11,719.84,375.2,157,1282,0.333091,0.540969,0.293,Web_Browsing
FLW-0001051,VPN-SES-00189,0xd7c2564a,80.38,913,208538,2594.4,228.41,125.69,64,416,1.322985,0.936872,0.455,WhatsApp
FLW-0001052,VPN-SES-00190,0xeaada0b1,113.36,4102,436411,3849.78,106.39,14.7,84,128,0.019557,0.003349,0.561,VoIP
FLW-0001053,VPN-SES-00190,0xeaada0b1,6.21,209,182881,29449.44,875.03,313.77,404,1345,0.668388,0.468786,0.656,Email_IMAP
FLW-0001054,VPN-SES-00190,0xeaada0b1,99.08,538,123836,1249.86,230.18,138.74,64,438,1.309596,0.953055,0.502,WhatsApp
FLW-0001055,VPN-SES-00191,0x2a9b0d42,172.22,1741,2429548,14107.23,1395.49,130.7,1199,1514,0.007501,0.026747,0.048,Video_Streaming
FLW-0001056,VPN-SES-00191,0x2a9b0d42,18.69,402,52018,2783.2,129.4,6.24,120,138,0.019242,0.00369,0.502,VoIP
FLW-0001057,VPN-SES-00191,0x2a9b0d42,52.53,1061,755760,14387.21,712.31,385.27,134,1290,0.527017,0.529979,0.329,Web_Browsing
FLW-0001058,VPN-SES-00191,0x2a9b0d42,42.33,1207,1044042,24664.35,864.99,310.26,399,1330,0.742028,0.422768,0.647,Email_IMAP
FLW-0001059,VPN-SES-00192,0x81e15b9f,16.7,388,341005,20419.46,878.88,323.65,393,1364,0.549009,0.40868,0.66,Email_IMAP
FLW-0001060,VPN-SES-00192,0x81e15b9f,101.74,3499,832657,8184.17,237.97,130.64,64,433,1.525206,1.176596,0.488,WhatsApp
FLW-0001061,VPN-SES-00192,0x81e15b9f,61.4,1620,190350,3100.16,117.5,15.5,94,140,0.020515,0.004221,0.492,VoIP
FLW-0001062,VPN-SES-00192,0x81e15b9f,54.17,1351,341789,6309.56,252.99,128.97,64,446,1.259476,1.016513,0.451,WhatsApp
FLW-0001063,VPN-SES-00192,0x81e15b9f,15.01,169,19727,1314.26,116.73,27.87,74,158,0.019517,0.004075,0.48,VoIP
FLW-0001064,VPN-SES-00192,0x81e15b9f,20.77,588,421525,20294.9,716.88,367.92,165,1268,0.43346,0.490315,0.296,Web_Browsing
FLW-0001065,VPN-SES-00192,0x81e15b9f,87.22,2188,268423,3077.54,122.68,8.41,110,135,0.020651,0.004084,0.506,VoIP
FLW-0001066,VPN-SES-00192,0x81e15b9f,60.93,1884,451952,7417.56,239.89,125.86,64,428,1.435937,1.152315,0.428,WhatsApp
FLW-0001067,VPN-SES-00193,0xdc476b72,150.83,2108,492281,3263.81,233.53,127.96,64,425,1.442268,1.231264,0.457,WhatsApp
FLW-0001068,VPN-SES-00193,0xdc476b72,9.36,338,241338,25783.97,714.02,375.9,150,1277,0.389885,0.482641,0.303,Web_Browsing
FLW-0001069,VPN-SES-00193,0xdc476b72,169.48,5361,7330363,43252.08,1367.35,113.42,1197,1514,0.005618,0.023597,0.05,Video_Streaming
FLW-0001070,VPN-SES-00193,0xdc476b72,18.38,327,35970,1957.02,110.0,1.8,107,112,0.996698,0.008001,0.501,ICMP
FLW-0001071,VPN-SES-00193,0xdc476b72,19.6,314,33086,1688.06,105.37,7.0,94,115,1.000251,0.011162,0.484,ICMP
FLW-0001072,VPN-SES-00193,0xdc476b72,41.96,223,55915,1332.58,250.74,116.94,75,426,1.250684,0.901225,0.472,WhatsApp
FLW-0001073,VPN-SES-00193,0xdc476b72,66.89,585,806972,12064.17,1379.44,110.91,1213,1514,0.012232,0.022681,0.054,Video_Streaming
FLW-0001074,VPN-SES-00193,0xdc476b72,13.56,490,41160,3035.4,84.0,14.91,64,106,0.999545,0.009511,0.548,ICMP
FLW-0001075,VPN-SES-00194,0x55aa9503,133.61,2174,489345,3662.49,225.09,121.0,64,406,1.219124,1.092534,0.493,WhatsApp
FLW-0001076,VPN-SES-00194,0x55aa9503,30.82,1071,138030,4478.59,128.88,38.58,71,186,0.01865,0.004243,0.483,VoIP
FLW-0001077,VPN-SES-00194,0x55aa9503,122.32,2796,3838796,31383.22,1372.96,105.04,1215,1514,0.008592,0.029211,0.085,Video_Streaming
FLW-0001078,VPN-SES-00194,0x55aa9503,179.65,4157,998843,5559.94,240.28,140.81,64,451,1.150433,0.953622,0.415,WhatsApp
FLW-0001079,VPN-SES-00194,0x55aa9503,20.62,379,33962,1647.04,89.61,5.29,81,97,1.000154,0.010149,0.458,ICMP
FLW-0001080,VPN-SES-00194,0x55aa9503,103.57,4104,532042,5137.03,129.64,19.92,99,159,0.02044,0.003243,0.509,VoIP
FLW-0001081,VPN-SES-00194,0x55aa9503,45.13,1678,2291728,50780.59,1365.75,106.82,1205,1514,0.014004,0.025228,0.034,Video_Streaming
FLW-0001082,VPN-SES-00194,0x55aa9503,22.14,525,126042,5692.95,240.08,117.75,64,416,1.589794,1.077419,0.514,WhatsApp
FLW-0001083,VPN-SES-00195,0x3e7d952b,24.89,252,23103,928.2,91.68,1.5,89,93,0.998854,0.010876,0.479,ICMP
FLW-0001084,VPN-SES-00195,0x3e7d952b,135.0,1039,257401,1906.67,247.74,126.94,64,438,1.073966,1.037265,0.445,WhatsApp
FLW-0001085,VPN-SES-00195,0x3e7d952b,31.31,488,419880,13410.41,860.41,310.48,394,1326,0.712503,0.445902,0.615,Email_IMAP
FLW-0001086,VPN-SES-00195,0x3e7d952b,76.15,1430,354454,4654.68,247.87,137.71,64,454,1.396684,1.015168,0.427,WhatsApp
FLW-0001087,VPN-SES-00196,0xffabcd73,105.68,1103,123282,1166.56,111.77,13.06,92,131,0.020064,0.003862,0.521,VoIP
FLW-0001088,VPN-SES-00196,0xffabcd73,39.78,968,109035,2740.95,112.64,17.54,86,138,0.02071,0.004137,0.498,VoIP
FLW-0001089,VPN-SES-00196,0xffabcd73,5.83,214,152534,26163.64,712.78,374.93,150,1275,0.386204,0.47295,0.303,Web_Browsing
FLW-0001090,VPN-SES-00196,0xffabcd73,37.16,884,634128,17064.8,717.34,369.2,163,1271,0.582613,0.515998,0.238,Web_Browsing
FLW-0001091,VPN-SES-00196,0xffabcd73,32.41,150,206205,6362.39,1374.7,110.89,1208,1514,0.018392,0.02223,0.089,Video_Streaming
FLW-0001092,VPN-SES-00197,0xa4c176b9,52.33,419,57315,1095.26,136.79,12.97,117,156,0.019833,0.003585,0.494,VoIP
FLW-0001093,VPN-SES-00197,0xa4c176b9,15.26,139,13560,888.6,97.56,9.28,83,111,1.001635,0.009252,0.441,ICMP
FLW-0001094,VPN-SES-00197,0xa4c176b9,161.72,2917,4024730,24887.03,1379.75,112.35,1211,1514,0.012935,0.024183,0.064,Video_Streaming
FLW-0001095,VPN-SES-00198,0x9ef00de1,13.19,176,19360,1467.78,110.0,7.05,99,120,0.99944,0.0095,0.495,ICMP
FLW-0001096,VPN-SES-00198,0x9ef00de1,32.58,453,398476,12230.69,879.64,318.53,401,1357,0.648664,0.428296,0.653,Email_IMAP
FLW-0001097,VPN-SES-00198,0x9ef00de1,11.65,201,177587,15243.52,883.52,323.6,398,1368,0.655587,0.451655,0.548,Email_IMAP
FLW-0001098,VPN-SES-00198,0x9ef00de1,45.28,653,475997,10512.3,728.94,381.07,157,1300,0.482126,0.464427,0.268,Web_Browsing
FLW-0001099,VPN-SES-00198,0x9ef00de1,41.49,1217,1040620,25081.22,855.07,328.17,362,1347,0.624434,0.54372,0.633,Email_IMAP
FLW-0001100,VPN-SES-00198,0x9ef00de1,48.6,414,564981,11625.12,1364.69,108.97,1201,1514,0.009556,0.019514,0.108,Video_Streaming
FLW-0001101,VPN-SES-00199,0x830ad7de,116.59,751,1042718,8943.46,1388.44,114.27,1217,1514,0.01262,0.021545,0.045,Video_Streaming
FLW-0001102,VPN-SES-00199,0x830ad7de,24.31,886,95776,3939.78,108.1,1.5,105,110,0.996202,0.009773,0.496,ICMP
FLW-0001103,VPN-SES-00199,0x830ad7de,42.28,1483,358337,8475.33,241.63,135.83,64,445,1.505205,1.128465,0.516,WhatsApp
FLW-0001104,VPN-SES-00199,0x830ad7de,140.17,1542,341969,2439.67,221.77,134.04,64,422,1.503379,0.963648,0.435,WhatsApp
FLW-0001105,VPN-SES-00199,0x830ad7de,15.61,450,382972,24533.76,851.05,314.71,378,1323,0.700856,0.422346,0.594,Email_IMAP
FLW-0001106,VPN-SES-00199,0x830ad7de,10.76,70,6346,589.78,90.66,12.95,71,110,1.00002,0.009821,0.497,ICMP
FLW-0001107,VPN-SES-00199,0x830ad7de,31.01,151,132200,4263.14,875.5,314.01,404,1346,0.738797,0.459472,0.615,Email_IMAP
FLW-0001108,VPN-SES-00200,0xe5cf3b4c,32.75,589,524215,16006.56,890.01,311.55,422,1357,0.626126,0.394541,0.649,Email_IMAP
FLW-0001109,VPN-SES-00200,0xe5cf3b4c,53.47,1346,188803,3531.01,140.27,31.36,93,187,0.020734,0.003921,0.489,VoIP
FLW-0001110,VPN-SES-00200,0xe5cf3b4c,5.49,63,5292,963.93,84.0,20.29,64,114,1.000703,0.009508,0.54,ICMP
FLW-0001111,VPN-SES-00200,0xe5cf3b4c,14.32,109,9409,657.05,86.33,7.25,75,97,0.999741,0.010639,0.498,ICMP
FLW-0001112,VPN-SES-00200,0xe5cf3b4c,146.17,789,175623,1201.5,222.59,130.6,64,418,1.573063,1.096786,0.503,WhatsApp
FLW-0001113,VPN-SES-00200,0xe5cf3b4c,35.69,922,652268,18275.93,707.45,379.79,137,1277,0.403162,0.537349,0.281,Web_Browsing
FLW-0001114,VPN-SES-00200,0xe5cf3b4c,48.68,216,157308,3231.47,728.28,388.7,145,1311,0.501871,0.513656,0.25,Web_Browsing
FLW-0001115,VPN-SES-00201,0xe2da43ec,173.55,1899,2620563,15099.76,1379.97,105.74,1221,1514,0.01071,0.024064,0.031,Video_Streaming
FLW-0001116,VPN-SES-00201,0xe2da43ec,172.07,2381,3229850,18770.56,1356.51,104.65,1199,1513,0.012725,0.02163,0.06,Video_Streaming
FLW-0001117,VPN-SES-00201,0xe2da43ec,29.64,425,375190,12658.23,882.8,328.18,390,1375,0.760939,0.467601,0.655,Email_IMAP
FLW-0001118,VPN-SES-00201,0xe2da43ec,34.72,919,782353,22533.21,851.31,314.85,379,1323,0.465108,0.503377,0.666,Email_IMAP
FLW-0001119,VPN-SES-00201,0xe2da43ec,6.22,175,15988,2570.42,91.36,1.97,88,94,0.998869,0.010383,0.534,ICMP
FLW-0001120,VPN-SES-00201,0xe2da43ec,18.68,506,424579,22729.07,839.09,323.28,354,1324,0.631325,0.455103,0.634,Email_IMAP
FLW-0001121,VPN-SES-00201,0xe2da43ec,17.97,141,13499,751.2,95.74,3.17,90,100,0.999679,0.01097,0.513,ICMP
FLW-0001122,VPN-SES-00201,0xe2da43ec,243.96,9497,13131027,53824.51,1382.65,99.83,1232,1514,0.01058,0.027247,0.061,Video_Streaming
FLW-0001123,VPN-SES-00202,0x76cc7376,13.04,397,42046,3224.39,105.91,18.13,78,133,1.001558,0.010093,0.485,ICMP
FLW-0001124,VPN-SES-00202,0x76cc7376,38.46,1229,847223,22028.68,689.36,378.65,121,1257,0.425549,0.519518,0.275,Web_Browsing
FLW-0001125,VPN-SES-00202,0x76cc7376,12.77,417,357018,27957.56,856.16,305.76,397,1314,0.586552,0.471449,0.671,Email_IMAP
FLW-0001126,VPN-SES-00202,0x76cc7376,41.97,603,517874,12339.15,858.83,322.62,374,1342,0.714292,0.41351,0.631,Email_IMAP
FLW-0001127,VPN-SES-00202,0x76cc7376,57.89,1947,1384531,23916.58,711.11,386.92,130,1291,0.461355,0.514923,0.257,Web_Browsing
FLW-0001128,VPN-SES-00202,0x76cc7376,10.03,37,9193,916.55,248.48,146.68,64,468,1.233695,1.062627,0.487,WhatsApp
FLW-0001129,VPN-SES-00203,0x58d3d2ce,24.96,633,550355,22049.48,869.44,315.52,396,1342,0.45877,0.511164,0.643,Email_IMAP
FLW-0001130,VPN-SES-00203,0x58d3d2ce,10.34,39,32724,3164.8,839.08,315.14,366,1311,0.755852,0.515151,0.648,Email_IMAP
FLW-0001131,VPN-SES-00203,0x58d3d2ce,70.46,706,167950,2383.62,237.89,130.66,64,433,1.378397,1.224106,0.454,WhatsApp
FLW-0001132,VPN-SES-00203,0x58d3d2ce,25.19,646,458873,18216.47,710.33,388.08,128,1292,0.446673,0.568923,0.26,Web_Browsing
FLW-0001133,VPN-SES-00203,0x58d3d2ce,92.91,3507,4837345,52064.85,1379.34,102.62,1225,1514,0.012028,0.021304,0.045,Video_Streaming
FLW-0001134,VPN-SES-00204,0x5ce09ecb,37.6,270,227545,6051.73,842.76,325.55,354,1331,0.69837,0.372138,0.66,Email_IMAP
FLW-0001135,VPN-SES-00204,0x5ce09ecb,30.33,136,121035,3990.6,889.97,320.37,409,1370,0.606725,0.577095,0.58,Email_IMAP
FLW-0001136,VPN-SES-00204,0x5ce09ecb,20.98,431,42341,2018.16,98.24,5.44,90,106,1.002018,0.01036,0.485,ICMP
FLW-0001137,VPN-SES-00204,0x5ce09ecb,96.91,3350,363776,3753.75,108.59,15.27,85,131,0.019396,0.004019,0.483,VoIP
FLW-0001138,VPN-SES-00204,0x5ce09ecb,24.14,884,620629,25709.57,702.07,390.04,117,1287,0.412675,0.436593,0.275,Web_Browsing
FLW-0001139,VPN-SES-00204,0x5ce09ecb,80.81,654,157496,1948.97,240.82,116.03,66,414,1.454722,0.984813,0.531,WhatsApp
FLW-0001140,VPN-SES-00204,0x5ce09ecb,231.87,650,901088,3886.18,1386.29,106.8,1226,1514,0.009206,0.024738,0.078,Video_Streaming
FLW-0001141,VPN-SES-00204,0x5ce09ecb,20.33,431,42104,2071.03,97.69,2.26,94,101,1.000088,0.009396,0.49,ICMP
FLW-0001142,VPN-SES-00205,0x1ddb545b,27.59,239,199557,7232.95,834.97,327.79,343,1326,0.670169,0.415194,0.677,Email_IMAP
FLW-0001143,VPN-SES-00205,0x1ddb545b,146.62,3523,4865403,33183.76,1381.04,101.71,1228,1514,0.015213,0.025995,0.072,Video_Streaming
FLW-0001144,VPN-SES-00205,0x1ddb545b,65.69,469,644823,9816.15,1374.89,113.6,1204,1514,0.011018,0.02639,0.01,Video_Streaming
FLW-0001145,VPN-SES-00205,0x1ddb545b,107.14,415,97437,909.44,234.79,143.78,64,450,1.273434,1.033578,0.467,WhatsApp
FLW-0001146,VPN-SES-00205,0x1ddb545b,20.37,127,107368,5270.89,845.42,302.33,391,1298,0.634435,0.456114,0.618,Email_IMAP
FLW-0001147,VPN-SES-00205,0x1ddb545b,95.31,3359,800315,8396.97,238.26,130.34,64,433,1.568769,1.079051,0.463,WhatsApp
FLW-0001148,VPN-SES-00206,0xc2a7a475,42.96,965,112547,2619.81,116.63,22.63,82,150,0.020847,0.003749,0.503,VoIP
FLW-0001149,VPN-SES-00206,0xc2a7a475,42.66,1264,915211,21453.61,724.06,372.06,165,1282,0.451531,0.426716,0.227,Web_Browsing
FLW-0001150,VPN-SES-00206,0xc2a7a475,26.82,476,59214,2207.83,124.4,14.93,102,146,0.020121,0.003993,0.471,VoIP
FLW-0001151,VPN-SES-00206,0xc2a7a475,72.1,924,221261,3068.81,239.46,120.14,64,419,1.62951,0.950843,0.474,WhatsApp
FLW-0001152,VPN-SES-00207,0x621be8c2,83.92,1698,2321998,27669.18,1367.49,114.56,1195,1514,0.010757,0.023703,0.086,Video_Streaming
FLW-0001153,VPN-SES-00207,0x621be8c2,234.59,1874,2586775,11026.79,1380.35,114.13,1209,1514,0.00832,0.021488,0.063,Video_Streaming
FLW-0001154,VPN-SES-00207,0x621be8c2,92.66,1180,137080,1479.39,116.17,23.01,81,150,0.019952,0.004082,0.451,VoIP
FLW-0001155,VPN-SES-00208,0xaefa0407,12.69,304,268328,21144.84,882.66,318.69,404,1360,0.697087,0.412376,0.629,Email_IMAP
FLW-0001156,VPN-SES-00208,0xaefa0407,34.76,1192,1006489,28955.38,844.37,323.62,358,1329,0.625972,0.451314,0.641,Email_IMAP
FLW-0001157,VPN-SES-00208,0xaefa0407,115.92,1388,312591,2696.61,225.21,124.52,64,411,1.475459,1.330804,0.476,WhatsApp
FLW-0001158,VPN-SES-00208,0xaefa0407,18.67,55,5779,309.53,105.09,3.14,100,109,1.002913,0.008253,0.503,ICMP
FLW-0001159,VPN-SES-00208,0xaefa0407,109.11,574,126561,1159.94,220.49,109.95,64,385,1.449081,1.115345,0.471,WhatsApp
FLW-0001160,VPN-SES-00208,0xaefa0407,14.37,318,228556,15905.08,718.73,404.79,111,1325,0.430637,0.525506,0.261,Web_Browsing
FLW-0001161,VPN-SES-00208,0xaefa0407,243.08,4930,6820852,28060.11,1383.54,108.09,1221,1514,0.010461,0.029547,0.095,Video_Streaming
FLW-0001162,VPN-SES-00208,0xaefa0407,63.82,161,19584,306.86,121.64,1.5,119,123,0.019783,0.005081,0.493,VoIP
FLW-0001163,VPN-SES-00209,0x210c8d92,294.54,8920,12427700,42193.59,1393.24,121.54,1210,1514,0.012821,0.022895,0.01,Video_Streaming
FLW-0001164,VPN-SES-00209,0x210c8d92,6.09,92,9771,1604.43,106.21,1.5,103,108,1.000264,0.00875,0.492,ICMP
FLW-0001165,VPN-SES-00209,0x210c8d92,157.35,4668,1122187,7131.79,240.4,132.15,64,438,1.216054,1.23166,0.462,WhatsApp
FLW-0001166,VPN-SES-00209,0x210c8d92,34.57,1094,109301,3161.73,99.91,17.13,74,125,0.020021,0.004064,0.541,VoIP
FLW-0001167,VPN-SES-00209,0x210c8d92,105.32,3128,741836,7043.64,237.16,129.04,64,430,1.217975,1.190261,0.486,WhatsApp
FLW-0001168,VPN-SES-00209,0x210c8d92,19.17,580,66676,3478.14,114.96,2.76,110,119,0.020867,0.003509,0.482,VoIP
FLW-0001169,VPN-SES-00210,0x5e0fbae1,80.71,1746,217027,2688.97,124.3,8.43,111,136,0.019104,0.00315,0.522,VoIP
FLW-0001170,VPN-SES-00210,0x5e0fbae1,114.13,2523,286259,2508.18,113.46,41.42,64,175,0.019403,0.003631,0.483,VoIP
FLW-0001171,VPN-SES-00210,0x5e0fbae1,70.96,1750,2420110,34105.27,1382.92,106.24,1223,1514,0.014296,0.022554,0.019,Video_Streaming
FLW-0001172,VPN-SES-00210,0x5e0fbae1,6.88,208,17472,2539.53,84.0,1.5,81,86,0.999223,0.009699,0.481,ICMP
FLW-0001173,VPN-SES-00210,0x5e0fbae1,43.38,1340,1172392,27026.09,874.92,329.82,380,1369,0.627401,0.369274,0.603,Email_IMAP
FLW-0001174,VPN-SES-00211,0xef695d17,186.88,5976,8203852,43899.04,1372.8,104.74,1215,1514,0.009384,0.023366,0.048,Video_Streaming
FLW-0001175,VPN-SES-00211,0xef695d17,262.9,5587,7667431,29164.82,1372.37,111.67,1204,1514,0.013351,0.022723,0.098,Video_Streaming
FLW-0001176,VPN-SES-00211,0xef695d17,18.81,573,49415,2627.06,86.24,1.5,83,88,1.000571,0.009183,0.51,ICMP
FLW-0001177,VPN-SES-00211,0xef695d17,146.12,1481,2001067,13694.68,1351.16,121.14,1169,1514,0.014521,0.021249,0.016,Video_Streaming
FLW-0001178,VPN-SES-00211,0xef695d17,23.59,208,22880,969.9,110.0,1.5,107,112,0.998749,0.007734,0.489,ICMP
FLW-0001179,VPN-SES-00211,0xef695d17,8.73,289,207291,23744.67,717.27,385.72,138,1295,0.345069,0.423986,0.294,Web_Browsing
FLW-0001180,VPN-SES-00211,0xef695d17,6.49,93,10230,1576.27,110.0,1.5,107,112,1.001622,0.010038,0.533,ICMP
FLW-0001181,VPN-SES-00211,0xef695d17,226.31,5673,7823974,34571.93,1379.16,89.82,1244,1513,0.01143,0.02765,0.033,Video_Streaming
FLW-0001182,VPN-SES-00212,0xf15052f3,28.81,110,12687,440.37,115.34,16.59,90,140,0.01826,0.004669,0.473,VoIP
FLW-0001183,VPN-SES-00212,0xf15052f3,29.29,530,459017,15671.46,866.07,319.31,387,1345,0.734889,0.468273,0.613,Email_IMAP
FLW-0001184,VPN-SES-00212,0xf15052f3,13.52,53,45011,3329.22,849.28,326.38,359,1338,0.523543,0.479065,0.587,Email_IMAP
FLW-0001185,VPN-SES-00212,0xf15052f3,9.37,262,192577,20552.51,735.03,381.29,163,1306,0.498309,0.504099,0.227,Web_Browsing
FLW-0001186,VPN-SES-00213,0x32538040,112.17,3607,395579,3526.6,109.67,23.38,74,144,0.0201,0.004472,0.512,VoIP
FLW-0001187,VPN-SES-00213,0x32538040,230.44,3783,5176657,22464.23,1368.4,103.63,1212,1514,0.012386,0.019215,0.11,Video_Streaming
FLW-0001188,VPN-SES-00213,0x32538040,47.86,994,1376988,28771.17,1385.3,119.82,1205,1514,0.006073,0.028111,0.127,Video_Streaming
FLW-0001189,VPN-SES-00213,0x32538040,24.09,380,320777,13315.77,844.15,326.17,354,1333,0.650075,0.3805,0.635,Email_IMAP
FLW-0001190,VPN-SES-00213,0x32538040,160.89,3823,955750,5940.39,250.0,125.19,64,437,1.592376,0.916656,0.435,WhatsApp
FLW-0001191,VPN-SES-00213,0x32538040,141.96,5263,1271751,8958.52,241.64,130.2,64,436,1.281765,1.189055,0.496,WhatsApp
FLW-0001192,VPN-SES-00214,0xcc3eb402,8.48,249,216704,25554.72,870.3,319.01,391,1348,0.690674,0.429946,0.682,Email_IMAP
FLW-0001193,VPN-SES-00214,0xcc3eb402,107.17,1220,134505,1255.06,110.25,34.84,64,162,0.020021,0.00345,0.541,VoIP
FLW-0001194,VPN-SES-00214,0xcc3eb402,26.05,804,692654,26589.4,861.51,326.81,371,1351,0.73261,0.465208,0.602,Email_IMAP
FLW-0001195,VPN-SES-00215,0x1a0c64e5,60.05,343,86336,1437.74,251.71,130.01,64,446,1.513167,0.86309,0.493,WhatsApp
FLW-0001196,VPN-SES-00215,0x1a0c64e5,14.86,174,15719,1057.81,90.34,17.23,64,116,1.000935,0.01024,0.515,ICMP
FLW-0001197,VPN-SES-00215,0x1a0c64e5,151.08,4002,912536,6040.08,228.02,142.99,64,442,1.728576,1.14322,0.528,WhatsApp
FLW-0001198,VPN-SES-00215,0x1a0c64e5,90.88,644,72881,801.95,113.17,11.62,95,130,0.020025,0.004174,0.488,VoIP
FLW-0001199,VPN-SES-00216,0x3e057f79,25.33,381,93897,3706.95,246.45,132.45,64,445,1.235279,1.157067,0.506,WhatsApp
FLW-0001200,VPN-SES-00216,0x3e057f79,17.62,202,20212,1147.11,100.06,13.22,80,119,0.998174,0.010468,0.465,ICMP
FLW-0001201,VPN-SES-00216,0x3e057f79,19.4,131,11086,571.44,84.63,1.5,82,86,0.998587,0.009452,0.494,ICMP
FLW-0001202,VPN-SES-00216,0x3e057f79,89.15,2775,360888,4048.1,130.05,15.43,106,153,0.019049,0.004456,0.475,VoIP
FLW-0001203,VPN-SES-00217,0x6ce9dbbc,36.1,1422,1022844,28333.63,719.3,383.57,143,1294,0.464971,0.554709,0.294,Web_Browsing
FLW-0001204,VPN-SES-00217,0x6ce9dbbc,73.77,739,1012178,13720.73,1369.66,127.43,1178,1514,0.012729,0.024632,0.089,Video_Streaming
FLW-0001205,VPN-SES-00217,0x6ce9dbbc,237.67,1315,1818631,7651.92,1382.99,113.19,1213,1514,0.021346,0.024312,0.05,Video_Streaming
FLW-0001206,VPN-SES-00217,0x6ce9dbbc,62.37,1951,470971,7551.24,241.4,138.57,64,449,1.151422,0.883789,0.462,WhatsApp
FLW-0001207,VPN-SES-00218,0x59ed856e,40.19,567,476501,11856.21,840.39,316.6,365,1315,0.683919,0.409916,0.577,Email_IMAP
FLW-0001208,VPN-SES-00218,0x59ed856e,188.99,4274,5901667,31227.4,1380.83,116.9,1205,1514,0.005644,0.027051,0.085,Video_Streaming
FLW-0001209,VPN-SES-00218,0x59ed856e,79.73,484,121701,1526.41,251.45,139.75,64,461,1.763332,1.06083,0.483,WhatsApp
FLW-0001210,VPN-SES-00219,0xa9e95433,11.33,96,8928,788.0,93.0,4.02,86,99,1.002299,0.008655,0.474,ICMP
FLW-0001211,VPN-SES-00219,0xa9e95433,85.03,2641,360575,4240.56,136.53,26.16,97,175,0.019782,0.004342,0.51,VoIP
FLW-0001212,VPN-SES-00219,0xa9e95433,23.21,135,99630,4292.55,738.0,380.6,167,1308,0.526922,0.632101,0.298,Web_Browsing
FLW-0001213,VPN-SES-00220,0x1c8d51d2,18.77,73,62823,3346.99,860.59,325.78,371,1349,0.625344,0.557459,0.625,Email_IMAP
FLW-0001214,VPN-SES-00220,0x1c8d51d2,95.69,1513,176597,1845.51,116.72,11.31,99,133,0.020658,0.004347,0.485,VoIP
FLW-0001215,VPN-SES-00220,0x1c8d51d2,54.36,385,279864,5148.34,726.92,367.93,175,1278,0.463873,0.522638,0.331,Web_Browsing
FLW-0001216,VPN-SES-00220,0x1c8d51d2,153.36,837,193137,1259.37,230.75,119.77,64,410,1.252254,0.952977,0.52,WhatsApp
FLW-0001217,VPN-SES-00220,0x1c8d51d2,30.89,310,228959,7412.08,738.58,382.56,164,1312,0.541597,0.506698,0.277,Web_Browsing
FLW-0001218,VPN-SES-00220,0x1c8d51d2,22.05,381,35814,1624.22,94.0,1.52,91,96,0.997678,0.010264,0.499,ICMP
FLW-0001219,VPN-SES-00220,0x1c8d51d2,20.96,255,221579,10571.52,868.94,320.75,387,1350,0.639018,0.410796,0.622,Email_IMAP
FLW-0001220,VPN-SES-00220,0x1c8d51d2,8.39,45,4808,573.06,106.86,1.5,104,109,1.000131,0.010233,0.478,ICMP
FLW-0001221,VPN-SES-00221,0x2bfb3b3d,19.28,626,446306,23148.65,712.95,381.84,140,1285,0.364993,0.517496,0.253,Web_Browsing
FLW-0001222,VPN-SES-00221,0x2bfb3b3d,18.51,169,147494,7968.34,872.75,338.7,364,1380,0.591899,0.474039,0.598,Email_IMAP
FLW-0001223,VPN-SES-00221,0x2bfb3b3d,27.07,1073,936181,34583.71,872.49,309.88,407,1337,0.68244,0.410715,0.614,Email_IMAP
FLW-0001224,VPN-SES-00221,0x2bfb3b3d,147.36,5286,1203252,8165.39,227.63,136.58,64,432,1.261898,1.160716,0.47,WhatsApp
FLW-0001225,VPN-SES-00221,0x2bfb3b3d,221.32,3613,4980990,22505.83,1378.63,111.18,1211,1514,0.009143,0.025526,0.106,Video_Streaming
FLW-0001226,VPN-SES-00221,0x2bfb3b3d,27.41,1006,111323,4061.4,110.66,27.37,69,151,0.020899,0.003674,0.456,VoIP
FLW-0001227,VPN-SES-00221,0x2bfb3b3d,20.73,796,80889,3902.03,101.62,1.5,99,103,1.002803,0.010035,0.476,ICMP
FLW-0001228,VPN-SES-00222,0xe91b1a04,48.46,726,512722,10580.31,706.23,388.72,123,1289,0.407161,0.502191,0.309,Web_Browsing
FLW-0001229,VPN-SES-00222,0xe91b1a04,32.87,728,519930,15817.77,714.19,379.63,144,1283,0.448757,0.534166,0.298,Web_Browsing
FLW-0001230,VPN-SES-00222,0xe91b1a04,26.95,735,86259,3200.71,117.36,18.51,89,145,0.019777,0.003409,0.508,VoIP
FLW-0001231,VPN-SES-00222,0xe91b1a04,26.78,635,471620,17610.9,742.71,372.93,183,1302,0.392023,0.456464,0.302,Web_Browsing
FLW-0001232,VPN-SES-00222,0xe91b1a04,43.36,445,385094,8881.32,865.38,318.73,387,1343,0.588034,0.454157,0.573,Email_IMAP
FLW-0001233,VPN-SES-00223,0x41ab0158,40.73,1028,885848,21749.28,861.72,326.97,371,1352,0.565544,0.381037,0.667,Email_IMAP
FLW-0001234,VPN-SES-00223,0x41ab0158,167.72,793,184499,1100.04,232.66,139.09,64,441,1.37459,1.082185,0.493,WhatsApp
FLW-0001235,VPN-SES-00223,0x41ab0158,16.27,355,301533,18533.07,849.39,321.06,367,1330,0.624249,0.390578,0.63,Email_IMAP
FLW-0001236,VPN-SES-00223,0x41ab0158,25.97,264,226205,8710.24,856.84,318.74,378,1334,0.568314,0.521613,0.646,Email_IMAP
FLW-0001237,VPN-SES-00223,0x41ab0158,32.11,788,686797,21388.88,871.57,317.56,395,1347,0.53328,0.537881,0.618,Email_IMAP
FLW-0001238,VPN-SES-00223,0x41ab0158,116.81,2530,280855,2404.37,111.01,21.33,79,143,0.0207,0.003991,0.538,VoIP
FLW-0001239,VPN-SES-00224,0xe73aae7b,44.04,644,472052,10718.71,733.0,371.39,175,1290,0.399466,0.547877,0.199,Web_Browsing
FLW-0001240,VPN-SES-00224,0xe73aae7b,24.76,947,225584,9110.82,238.21,118.55,64,416,1.321369,1.06713,0.469,WhatsApp
FLW-0001241,VPN-SES-00224,0xe73aae7b,130.33,2739,3761660,28862.58,1373.37,101.22,1221,1514,0.020595,0.029669,0.025,Video_Streaming
FLW-0001242,VPN-SES-00224,0xe73aae7b,171.78,1776,2484606,14463.88,1398.99,106.8,1238,1514,0.012484,0.024842,0.04,Video_Streaming
FLW-0001243,VPN-SES-00224,0xe73aae7b,54.29,261,34402,633.67,131.81,19.01,103,160,0.019714,0.003478,0.473,VoIP
FLW-0001244,VPN-SES-00224,0xe73aae7b,276.61,7823,10641626,38471.59,1360.3,110.1,1195,1514,0.007513,0.024336,0.101,Video_Streaming
FLW-0001245,VPN-SES-00224,0xe73aae7b,5.02,133,116293,23165.94,874.39,319.74,394,1354,0.644122,0.534594,0.636,Email_IMAP
FLW-0001246,VPN-SES-00224,0xe73aae7b,10.32,194,166077,16092.73,856.07,308.59,393,1318,0.676586,0.48732,0.601,Email_IMAP
FLW-0001247,VPN-SES-00225,0xfc737598,4.77,108,10960,2297.69,101.49,1.5,99,103,0.999724,0.007512,0.493,ICMP
FLW-0001248,VPN-SES-00225,0xfc737598,22.16,162,17760,801.44,109.63,1.5,107,111,1.000079,0.009244,0.511,ICMP
FLW-0001249,VPN-SES-00225,0xfc737598,47.65,185,21719,455.8,117.4,10.49,101,133,0.0208,0.004372,0.482,VoIP
FLW-0001250,VPN-SES-00225,0xfc737598,21.81,132,13724,629.25,103.97,8.3,91,116,1.000963,0.008306,0.53,ICMP
FLW-0001251,VPN-SES-00226,0x65527a3c,81.99,1296,1779615,21705.27,1373.16,107.14,1212,1514,0.021892,0.025755,0.048,Video_Streaming
FLW-0001252,VPN-SES-00226,0x65527a3c,17.09,485,404266,23655.12,833.54,331.12,336,1330,0.559198,0.404845,0.61,Email_IMAP
FLW-0001253,VPN-SES-00226,0x65527a3c,6.47,50,5500,850.08,110.0,10.19,94,125,0.999763,0.010308,0.482,ICMP
FLW-0001254,VPN-SES-00226,0x65527a3c,103.88,269,371671,3577.89,1381.68,110.59,1215,1514,0.015633,0.027418,0.075,Video_Streaming
FLW-0001255,VPN-SES-00226,0x65527a3c,26.94,262,224180,8321.46,855.65,325.93,366,1344,0.643792,0.401314,0.608,Email_IMAP
FLW-0001256,VPN-SES-00227,0x44e24142,34.73,172,124013,3570.77,721.01,387.28,140,1301,0.436235,0.43954,0.282,Web_Browsing
FLW-0001257,VPN-SES-00227,0x44e24142,37.83,1458,2014022,53238.75,1381.36,111.49,1214,1514,0.01545,0.027547,0.042,Video_Streaming
FLW-0001258,VPN-SES-00227,0x44e24142,26.12,107,12049,461.29,112.61,9.68,98,127,0.020419,0.00458,0.491,VoIP
FLW-0001259,VPN-SES-00227,0x44e24142,59.78,852,99769,1668.94,117.1,29.73,72,161,0.020303,0.004174,0.464,VoIP
FLW-0001260,VPN-SES-00227,0x44e24142,16.52,639,67823,4105.51,106.14,1.5,103,108,0.998299,0.009653,0.482,ICMP
FLW-0001261,VPN-SES-00227,0x44e24142,21.56,759,72363,3356.35,95.34,1.5,93,97,1.001438,0.011128,0.442,ICMP
FLW-0001262,VPN-SES-00227,0x44e24142,114.77,2788,701851,6115.28,251.74,123.52,66,437,1.541401,1.092471,0.481,WhatsApp
FLW-0001263,VPN-SES-00228,0x6513b74f,62.84,2031,239211,3806.67,117.78,27.7,76,159,0.019256,0.004243,0.533,VoIP
FLW-0001264,VPN-SES-00228,0x6513b74f,49.39,556,138221,2798.56,248.6,148.6,64,471,1.312724,1.205304,0.477,WhatsApp
FLW-0001265,VPN-SES-00228,0x6513b74f,262.5,4752,6628089,25249.86,1394.8,109.94,1229,1514,0.010545,0.028265,0.045,Video_Streaming
FLW-0001266,VPN-SES-00228,0x6513b74f,26.56,769,540645,20355.61,703.05,375.87,139,1266,0.496427,0.569602,0.283,Web_Browsing
FLW-0001267,VPN-SES-00228,0x6513b74f,10.94,187,20570,1880.26,110.0,1.5,107,112,0.999335,0.009711,0.497,ICMP
FLW-0001268,VPN-SES-00228,0x6513b74f,92.88,452,108936,1172.87,241.01,135.53,64,444,1.326607,1.115293,0.479,WhatsApp
FLW-0001269,VPN-SES-00229,0x89af8348,35.59,216,153120,4302.33,708.89,379.09,140,1277,0.439226,0.491746,0.281,Web_Browsing
FLW-0001270,VPN-SES-00229,0x89af8348,34.3,888,640168,18663.79,720.91,376.54,156,1285,0.545454,0.441526,0.258,Web_Browsing
FLW-0001271,VPN-SES-00229,0x89af8348,20.95,676,603911,28826.3,893.36,311.7,425,1360,0.558622,0.483051,0.558,Email_IMAP
FLW-0001272,VPN-SES-00230,0x4e628981,8.96,356,33884,3781.7,95.18,21.17,64,126,0.997683,0.008018,0.455,ICMP
FLW-0001273,VPN-SES-00230,0x4e628981,5.64,193,20994,3722.34,108.78,13.0,89,128,0.999231,0.010683,0.542,ICMP
FLW-0001274,VPN-SES-00230,0x4e628981,38.31,310,273249,7132.58,881.45,318.03,404,1358,0.494651,0.41306,0.607,Email_IMAP
FLW-0001275,VPN-SES-00230,0x4e628981,28.44,722,618674,21753.66,856.89,318.5,379,1334,0.725525,0.507349,0.615,Email_IMAP
FLW-0001276,VPN-SES-00230,0x4e628981,8.0,243,212182,26522.75,873.18,322.86,388,1357,0.654354,0.490794,0.622,Email_IMAP
FLW-0001277,VPN-SES-00230,0x4e628981,113.17,3550,4986649,44063.35,1404.69,98.49,1256,1514,0.010068,0.024684,0.073,Video_Streaming
FLW-0001278,VPN-SES-00230,0x4e628981,77.82,2962,400521,5146.76,135.22,17.8,108,161,0.019147,0.004337,0.523,VoIP
FLW-0001279,VPN-SES-00231,0xe066ad21,94.49,2894,279849,2961.68,96.7,17.97,69,123,0.019046,0.003734,0.473,VoIP
FLW-0001280,VPN-SES-00231,0xe066ad21,152.3,2691,3739709,24554.89,1389.71,110.93,1223,1514,0.007179,0.0272,0.017,Video_Streaming
FLW-0001281,VPN-SES-00231,0xe066ad21,114.65,3892,949492,8281.66,243.96,123.49,64,429,1.339663,1.15547,0.496,WhatsApp
FLW-0001282,VPN-SES-00231,0xe066ad21,85.53,1467,2047990,23944.7,1396.04,109.34,1232,1514,0.013149,0.023906,0.065,Video_Streaming
FLW-0001283,VPN-SES-00231,0xe066ad21,36.37,695,504062,13859.28,725.27,379.21,156,1294,0.314719,0.516574,0.291,Web_Browsing
FLW-0001284,VPN-SES-00231,0xe066ad21,132.02,3084,714994,5415.8,231.84,119.72,64,411,1.64352,1.154059,0.473,WhatsApp
FLW-0001285,VPN-SES-00231,0xe066ad21,76.19,2656,282492,3707.73,106.36,11.43,89,123,0.020782,0.004055,0.483,VoIP
FLW-0001286,VPN-SES-00231,0xe066ad21,20.57,171,148106,7200.1,866.12,313.48,395,1336,0.751307,0.510876,0.606,Email_IMAP
FLW-0001287,VPN-SES-00232,0xea3dc780,129.38,3487,810588,6265.17,232.46,109.05,68,396,1.155539,0.952658,0.484,WhatsApp
FLW-0001288,VPN-SES-00232,0xea3dc780,10.68,216,20323,1902.9,94.09,1.5,91,96,0.999578,0.010505,0.516,ICMP
FLW-0001289,VPN-SES-00232,0xea3dc780,74.87,2381,517153,6907.35,217.2,128.97,64,410,1.171749,1.19919,0.504,WhatsApp
FLW-0001290,VPN-SES-00232,0xea3dc780,208.87,4307,5897230,28233.97,1369.22,103.87,1213,1514,0.01027,0.019368,0.07,Video_Streaming
FLW-0001291,VPN-SES-00233,0x339a046d,83.08,755,88131,1060.8,116.73,25.76,78,155,0.019341,0.003752,0.455,VoIP
FLW-0001292,VPN-SES-00233,0x339a046d,22.58,718,61712,2733.04,85.95,1.5,83,88,1.001494,0.009302,0.504,ICMP
FLW-0001293,VPN-SES-00233,0x339a046d,175.75,1463,344434,1959.8,235.43,119.84,64,415,1.37223,1.165901,0.444,WhatsApp
FLW-0001294,VPN-SES-00234,0x25ac80e4,103.85,2050,511905,4929.27,249.71,123.2,64,434,1.320308,1.158375,0.46,WhatsApp
FLW-0001295,VPN-SES-00234,0x25ac80e4,70.4,901,216645,3077.34,240.45,127.48,64,431,1.421346,0.838119,0.425,WhatsApp
FLW-0001296,VPN-SES-00234,0x25ac80e4,112.78,4305,1065013,9443.28,247.39,138.3,64,454,1.24977,1.073157,0.489,WhatsApp
FLW-0001297,VPN-SES-00234,0x25ac80e4,8.97,273,29025,3235.79,106.32,1.5,104,108,0.998671,0.009667,0.521,ICMP
FLW-0001298,VPN-SES-00234,0x25ac80e4,27.6,806,604483,21901.56,749.98,378.18,182,1317,0.344477,0.520113,0.32,Web_Browsing
FLW-0001299,VPN-SES-00234,0x25ac80e4,117.71,4193,508610,4320.87,121.3,10.75,105,137,0.020575,0.004265,0.469,VoIP
FLW-0001300,VPN-SES-00234,0x25ac80e4,11.74,320,32825,2796.0,102.58,11.98,84,120,1.001773,0.009934,0.489,ICMP
FLW-0001301,VPN-SES-00235,0x8b45bd9c,40.75,1372,184849,4536.17,134.73,8.32,122,147,0.020263,0.003452,0.532,VoIP
FLW-0001302,VPN-SES-00235,0x8b45bd9c,17.94,114,10818,603.01,94.9,14.15,73,116,1.000737,0.008777,0.543,ICMP
FLW-0001303,VPN-SES-00235,0x8b45bd9c,17.31,627,68970,3984.4,110.0,11.06,93,126,0.998858,0.009694,0.504,ICMP
FLW-0001304,VPN-SES-00235,0x8b45bd9c,38.72,780,555016,14334.09,711.56,393.54,121,1301,0.460824,0.364833,0.29,Web_Browsing
FLW-0001305,VPN-SES-00235,0x8b45bd9c,35.92,1031,882350,24564.31,855.82,319.4,376,1334,0.625118,0.486317,0.654,Email_IMAP
FLW-0001306,VPN-SES-00235,0x8b45bd9c,97.15,2115,514791,5298.93,243.4,127.29,64,434,1.393179,1.102156,0.456,WhatsApp
FLW-0001307,VPN-SES-00235,0x8b45bd9c,34.09,930,806263,23651.01,866.95,323.68,381,1352,0.75398,0.506491,0.599,Email_IMAP
FLW-0001308,VPN-SES-00236,0x6a589b67,108.28,638,159397,1472.08,249.84,122.39,66,433,1.514829,1.043172,0.449,WhatsApp
FLW-0001309,VPN-SES-00236,0x6a589b67,24.8,877,88892,3584.35,101.36,1.5,99,103,0.997374,0.009823,0.502,ICMP
FLW-0001310,VPN-SES-00236,0x6a589b67,17.11,327,30597,1788.25,93.57,1.5,91,95,0.998773,0.010391,0.517,ICMP
FLW-0001311,VPN-SES-00236,0x6a589b67,24.03,565,135492,5638.45,239.81,139.25,64,448,1.465571,1.01778,0.472,WhatsApp
FLW-0001312,VPN-SES-00236,0x6a589b67,104.4,1346,138866,1330.13,103.17,17.13,77,128,0.020667,0.004274,0.542,VoIP
FLW-0001313,VPN-SES-00236,0x6a589b67,12.29,167,119633,9734.17,716.37,390.77,130,1302,0.435502,0.573579,0.279,Web_Browsing
FLW-0001314,VPN-SES-00236,0x6a589b67,52.18,133,96889,1856.82,728.49,391.8,140,1316,0.435493,0.510919,0.319,Web_Browsing
FLW-0001315,VPN-SES-00236,0x6a589b67,6.34,56,5398,851.42,96.4,1.5,94,98,1.003215,0.00953,0.505,ICMP
FLW-0001316,VPN-SES-00237,0xf8fe6095,59.12,712,522515,8838.21,733.87,375.13,171,1296,0.37441,0.512687,0.226,Web_Browsing
FLW-0001317,VPN-SES-00237,0xf8fe6095,42.29,399,341763,8081.41,856.55,321.96,373,1339,0.631778,0.380545,0.668,Email_IMAP
FLW-0001318,VPN-SES-00237,0xf8fe6095,137.97,3657,882214,6394.25,241.24,141.45,64,453,1.357094,1.003199,0.488,WhatsApp
FLW-0001319,VPN-SES-00238,0xd536d2ce,155.28,4211,5800273,37353.64,1377.41,100.58,1226,1514,0.017512,0.023444,0.01,Video_Streaming
FLW-0001320,VPN-SES-00238,0xd536d2ce,31.19,1152,847802,27181.85,735.94,375.97,171,1299,0.404413,0.411731,0.332,Web_Browsing
FLW-0001321,VPN-SES-00238,0xd536d2ce,132.55,3460,4721273,35618.81,1364.53,110.47,1198,1514,0.015422,0.026054,0.058,Video_Streaming
FLW-0001322,VPN-SES-00239,0x897eb3e4,30.13,944,792563,26304.78,839.58,313.52,369,1309,0.662677,0.414577,0.626,Email_IMAP
FLW-0001323,VPN-SES-00239,0x897eb3e4,41.64,641,556503,13364.63,868.18,327.7,376,1359,0.567233,0.548849,0.643,Email_IMAP
FLW-0001324,VPN-SES-00239,0x897eb3e4,19.87,139,100077,5036.59,719.98,388.72,136,1303,0.627406,0.428064,0.273,Web_Browsing
FLW-0001325,VPN-SES-00240,0x515e3805,24.86,369,30996,1246.82,84.0,5.54,75,92,1.000548,0.009961,0.48,ICMP
FLW-0001326,VPN-SES-00240,0x515e3805,4.43,10,8354,1885.78,835.41,322.99,350,1319,0.748242,0.423404,0.633,Email_IMAP
FLW-0001327,VPN-SES-00240,0x515e3805,16.26,132,13355,821.34,101.18,21.66,68,133,0.019764,0.003695,0.477,VoIP
FLW-0001328,VPN-SES-00240,0x515e3805,8.26,244,208688,25264.89,855.28,323.06,370,1339,0.561429,0.43213,0.619,Email_IMAP
FLW-0001329,VPN-SES-00240,0x515e3805,17.07,324,229006,13415.7,706.81,394.37,115,1298,0.385988,0.466528,0.251,Web_Browsing
FLW-0001330,VPN-SES-00240,0x515e3805,15.62,55,40786,2611.14,741.58,384.42,164,1318,0.379756,0.555312,0.286,Web_Browsing
FLW-0001331,VPN-SES-00240,0x515e3805,7.77,126,108749,13996.01,863.09,317.24,387,1338,0.599414,0.465199,0.604,Email_IMAP
FLW-0001332,VPN-SES-00240,0x515e3805,30.16,305,268949,8917.41,881.8,309.85,417,1346,0.753691,0.444991,0.629,Email_IMAP
FLW-0001333,VPN-SES-00241,0x261d6acf,21.2,718,524140,24723.58,730.0,374.96,167,1292,0.514819,0.364623,0.258,Web_Browsing
FLW-0001334,VPN-SES-00241,0x261d6acf,82.07,1296,141147,1719.84,108.91,7.97,96,120,0.019871,0.004154,0.521,VoIP
FLW-0001335,VPN-SES-00241,0x261d6acf,127.68,2904,705352,5524.37,242.89,124.67,64,429,1.460888,1.113671,0.508,WhatsApp
FLW-0001336,VPN-SES-00241,0x261d6acf,13.91,102,74390,5347.95,729.32,380.24,158,1299,0.382706,0.467352,0.264,Web_Browsing
FLW-0001337,VPN-SES-00242,0x56fc4ff2,40.34,1087,256771,6365.17,236.22,132.14,64,434,1.518004,1.094377,0.48,WhatsApp
FLW-0001338,VPN-SES-00242,0x56fc4ff2,30.11,943,114781,3812.06,121.72,13.87,100,142,0.019445,0.003298,0.479,VoIP
FLW-0001339,VPN-SES-00242,0x56fc4ff2,195.77,1261,1747342,8925.48,1385.68,104.38,1229,1514,0.011108,0.026166,0.076,Video_Streaming
FLW-0001340,VPN-SES-00242,0x56fc4ff2,131.62,1109,251798,1913.07,227.05,137.98,64,434,1.586013,0.975717,0.455,WhatsApp
FLW-0001341,VPN-SES-00242,0x56fc4ff2,22.66,630,84602,3733.54,134.29,16.83,109,159,0.018668,0.00344,0.493,VoIP
FLW-0001342,VPN-SES-00242,0x56fc4ff2,9.26,246,20673,2232.51,84.04,1.5,81,86,1.000049,0.011462,0.491,ICMP
FLW-0001343,VPN-SES-00242,0x56fc4ff2,109.13,1437,190934,1749.6,132.87,29.43,88,177,0.020861,0.004114,0.441,VoIP
FLW-0001344,VPN-SES-00243,0xb7222ea2,78.67,3137,770227,9790.61,245.53,138.39,64,453,1.386624,1.291904,0.506,WhatsApp
FLW-0001345,VPN-SES-00243,0xb7222ea2,71.71,156,19783,275.88,126.82,26.69,86,166,0.0202,0.003003,0.485,VoIP
FLW-0001346,VPN-SES-00243,0xb7222ea2,172.21,6732,1712418,9943.78,254.37,123.54,69,439,1.363127,0.985068,0.534,WhatsApp
FLW-0001347,VPN-SES-00243,0xb7222ea2,30.6,1157,301028,9837.52,260.18,122.93,75,444,1.424304,1.025146,0.498,WhatsApp
FLW-0001348,VPN-SES-00243,0xb7222ea2,23.34,356,258498,11075.32,726.12,386.49,146,1305,0.474894,0.64677,0.249,Web_Browsing
FLW-0001349,VPN-SES-00243,0xb7222ea2,19.38,700,153629,7927.19,219.47,126.86,64,409,1.141282,0.935829,0.45,WhatsApp
FLW-0001350,VPN-SES-00244,0x2735f36b,122.32,2692,616279,5038.25,228.93,122.36,64,412,1.485506,1.044319,0.475,WhatsApp
FLW-0001351,VPN-SES-00244,0x2735f36b,12.19,78,8480,695.65,108.73,1.5,106,110,0.999603,0.010366,0.442,ICMP
FLW-0001352,VPN-SES-00244,0x2735f36b,18.47,534,44856,2428.59,84.0,6.77,73,94,1.000738,0.012064,0.505,ICMP
FLW-0001353,VPN-SES-00245,0x25b98c20,32.48,984,718162,22110.9,729.84,378.44,162,1297,0.472292,0.583363,0.216,Web_Browsing
FLW-0001354,VPN-SES-00245,0x25b98c20,18.89,94,11746,621.81,124.96,35.08,72,177,0.020169,0.00466,0.481,VoIP
FLW-0001355,VPN-SES-00245,0x25b98c20,48.33,183,131690,2724.81,719.62,380.27,149,1290,0.283681,0.441591,0.247,Web_Browsing
FLW-0001356,VPN-SES-00245,0x25b98c20,30.09,1131,282591,9391.53,249.86,136.98,64,455,1.453466,1.190651,0.475,WhatsApp
FLW-0001357,VPN-SES-00245,0x25b98c20,169.82,4734,1204424,7092.36,254.42,130.07,64,449,1.409548,1.070785,0.501,WhatsApp
FLW-0001358,VPN-SES-00245,0x25b98c20,230.08,4277,5880661,25559.2,1374.95,117.81,1198,1514,0.007754,0.022253,0.081,Video_Streaming
FLW-0001359,VPN-SES-00245,0x25b98c20,18.87,181,21528,1140.86,118.94,14.37,97,140,0.020534,0.003757,0.494,VoIP
FLW-0001360,VPN-SES-00245,0x25b98c20,121.15,4102,1053352,8694.61,256.79,142.31,64,470,1.659446,1.068966,0.517,WhatsApp
FLW-0001361,VPN-SES-00246,0xf83cdff9,255.55,1558,2132294,8343.94,1368.61,102.74,1214,1514,0.003186,0.029182,0.034,Video_Streaming
FLW-0001362,VPN-SES-00246,0xf83cdff9,26.99,504,59713,2212.41,118.48,10.72,102,134,0.020417,0.00385,0.461,VoIP
FLW-0001363,VPN-SES-00246,0xf83cdff9,99.47,1943,243457,2447.54,125.3,6.53,115,135,0.019498,0.003157,0.457,VoIP
FLW-0001364,VPN-SES-00246,0xf83cdff9,49.63,1610,1162645,23426.25,722.14,364.28,175,1268,0.338914,0.499882,0.264,Web_Browsing
FLW-0001365,VPN-SES-00246,0xf83cdff9,12.44,85,9350,751.61,110.0,18.67,81,138,0.998698,0.010557,0.522,ICMP
FLW-0001366,VPN-SES-00246,0xf83cdff9,16.1,172,15622,970.31,90.83,1.5,88,93,0.999982,0.009827,0.487,ICMP
FLW-0001367,VPN-SES-00246,0xf83cdff9,51.0,1726,1251885,24546.76,725.31,373.99,164,1286,0.3636,0.505454,0.292,Web_Browsing
FLW-0001368,VPN-SES-00247,0x46965c84,5.67,36,30451,5370.55,845.88,327.42,354,1337,0.530493,0.423985,0.612,Email_IMAP
FLW-0001369,VPN-SES-00247,0x46965c84,16.86,194,17531,1039.8,90.37,1.5,88,92,1.002807,0.009149,0.573,ICMP
FLW-0001370,VPN-SES-00247,0x46965c84,107.36,544,68136,634.65,125.25,18.74,97,153,0.020286,0.005012,0.47,VoIP
FLW-0001371,VPN-SES-00247,0x46965c84,15.76,122,12999,824.81,106.55,11.96,88,124,0.020019,0.00331,0.501,VoIP
FLW-0001372,VPN-SES-00248,0xc4ecfe8d,22.47,288,253532,11283.13,880.32,321.21,398,1362,0.630244,0.422183,0.647,Email_IMAP
FLW-0001373,VPN-SES-00248,0xc4ecfe8d,194.85,697,954952,4900.96,1370.09,124.77,1182,1514,0.01925,0.025642,0.06,Video_Streaming
FLW-0001374,VPN-SES-00248,0xc4ecfe8d,11.38,277,241646,21234.27,872.37,328.76,379,1365,0.595596,0.426305,0.58,Email_IMAP
FLW-0001375,VPN-SES-00248,0xc4ecfe8d,42.96,1369,1184061,27561.94,864.91,325.33,376,1352,0.55888,0.429516,0.58,Email_IMAP
FLW-0001376,VPN-SES-00248,0xc4ecfe8d,24.13,52,36878,1528.31,709.21,384.41,132,1285,0.394989,0.484959,0.231,Web_Browsing
FLW-0001377,VPN-SES-00249,0x9ec61be5,104.64,1002,1385004,13235.89,1382.24,109.65,1217,1514,0.009266,0.024527,0.065,Video_Streaming
FLW-0001378,VPN-SES-00249,0x9ec61be5,98.64,3003,330990,3355.54,110.22,6.19,100,119,0.021083,0.003747,0.497,VoIP
FLW-0001379,VPN-SES-00249,0x9ec61be5,94.58,843,212545,2247.25,252.13,158.23,64,489,1.19466,1.149481,0.459,WhatsApp
FLW-0001380,VPN-SES-00249,0x9ec61be5,23.38,101,9244,395.38,91.53,1.5,89,93,0.998312,0.009959,0.456,ICMP
FLW-0001381,VPN-SES-00249,0x9ec61be5,11.65,130,14216,1220.26,109.36,4.44,102,116,1.000634,0.009534,0.489,ICMP
FLW-0001382,VPN-SES-00249,0x9ec61be5,52.73,1368,333039,6315.93,243.45,120.69,64,424,1.340932,1.005443,0.453,WhatsApp
FLW-0001383,VPN-SES-00249,0x9ec61be5,17.36,87,18677,1075.86,214.68,140.71,64,425,1.286721,1.227971,0.512,WhatsApp
FLW-0001384,VPN-SES-00249,0x9ec61be5,11.21,424,358097,31944.42,844.57,311.29,377,1311,0.822834,0.528792,0.619,Email_IMAP
FLW-0001385,VPN-SES-00250,0x1770d18f,240.32,5823,8053733,33512.54,1383.09,104.95,1225,1514,0.013621,0.023207,0.01,Video_Streaming
FLW-0001386,VPN-SES-00250,0x1770d18f,56.48,1801,2456816,43498.87,1364.14,110.17,1198,1514,0.007758,0.024832,0.028,Video_Streaming
FLW-0001387,VPN-SES-00250,0x1770d18f,131.39,2069,2835792,21583.01,1370.61,116.83,1195,1514,0.012928,0.024976,0.086,Video_Streaming
FLW-0001388,VPN-SES-00250,0x1770d18f,64.45,2112,265626,4121.43,125.77,29.57,81,170,0.019724,0.003828,0.461,VoIP
FLW-0001389,VPN-SES-00250,0x1770d18f,108.5,1404,161249,1486.17,114.85,25.72,76,153,0.02078,0.004384,0.446,VoIP
FLW-0001390,VPN-SES-00251,0x4756999b,15.94,318,34980,2194.48,110.0,1.5,107,112,1.001347,0.009632,0.521,ICMP
FLW-0001391,VPN-SES-00251,0x4756999b,60.0,2026,2763484,46058.07,1364.01,119.37,1184,1514,0.006506,0.023329,0.03,Video_Streaming
FLW-0001392,VPN-SES-00251,0x4756999b,81.1,1569,343532,4235.91,218.95,130.76,64,415,1.698005,1.39336,0.483,WhatsApp
FLW-0001393,VPN-SES-00252,0x484852b6,155.69,4318,1094181,7027.95,253.4,131.86,64,451,1.482316,1.062364,0.486,WhatsApp
FLW-0001394,VPN-SES-00252,0x484852b6,189.73,7235,10030965,52869.68,1386.45,105.37,1228,1514,0.011709,0.024854,0.085,Video_Streaming
FLW-0001395,VPN-SES-00252,0x484852b6,57.46,1867,424201,7382.54,227.21,129.59,64,421,1.715481,1.228047,0.52,WhatsApp
FLW-0001396,VPN-SES-00253,0xcc7637a0,119.08,4368,525426,4412.38,120.29,20.57,89,151,0.020601,0.004624,0.441,VoIP
FLW-0001397,VPN-SES-00253,0xcc7637a0,59.7,1734,180700,3026.8,104.21,28.48,64,146,0.019834,0.003731,0.462,VoIP
FLW-0001398,VPN-SES-00253,0xcc7637a0,147.65,1097,255973,1733.65,233.34,118.78,64,411,1.745031,1.097532,0.478,WhatsApp
FLW-0001399,VPN-SES-00254,0x83d3328c,16.67,345,43835,2629.57,127.06,25.7,88,165,0.020568,0.004429,0.481,VoIP
FLW-0001400,VPN-SES-00254,0x83d3328c,219.89,838,1153448,5245.57,1376.43,116.15,1202,1514,0.010022,0.024987,0.072,Video_Streaming
FLW-0001401,VPN-SES-00254,0x83d3328c,88.84,744,185568,2088.79,249.42,115.78,75,423,1.517933,1.07429,0.501,WhatsApp
FLW-0001402,VPN-SES-00254,0x83d3328c,12.51,429,46040,3680.26,107.32,16.86,82,132,1.00203,0.011347,0.543,ICMP
FLW-0001403,VPN-SES-00254,0x83d3328c,39.47,1519,1098996,27843.83,723.5,380.26,153,1293,0.515461,0.536604,0.271,Web_Browsing
FLW-0001404,VPN-SES-00254,0x83d3328c,4.03,26,2674,663.52,102.86,3.72,97,108,0.998719,0.01129,0.502,ICMP
FLW-0001405,VPN-SES-00254,0x83d3328c,161.88,3050,806969,4984.98,264.58,117.0,89,440,1.308132,1.10359,0.514,WhatsApp
FLW-0001406,VPN-SES-00254,0x83d3328c,5.34,119,102910,19271.54,864.79,322.48,381,1348,0.57391,0.397938,0.63,Email_IMAP
FLW-0001407,VPN-SES-00255,0xd0bd44c0,42.76,1466,1236761,28923.32,843.63,315.74,370,1317,0.683812,0.405795,0.668,Email_IMAP
FLW-0001408,VPN-SES-00255,0xd0bd44c0,53.84,334,245386,4557.69,734.69,367.43,183,1285,0.380072,0.385711,0.257,Web_Browsing
FLW-0001409,VPN-SES-00255,0xd0bd44c0,72.15,2679,667606,9253.03,249.2,126.69,64,439,1.476032,0.932543,0.504,WhatsApp
FLW-0001410,VPN-SES-00256,0x1a76bd91,135.35,5022,1171833,8657.8,233.34,130.1,64,428,1.384676,0.96013,0.445,WhatsApp
FLW-0001411,VPN-SES-00256,0x1a76bd91,8.41,131,14358,1707.25,109.61,7.19,98,120,1.001575,0.010325,0.504,ICMP
FLW-0001412,VPN-SES-00256,0x1a76bd91,24.4,321,224472,9199.67,699.29,377.84,132,1266,0.447946,0.597655,0.301,Web_Browsing
FLW-0001413,VPN-SES-00256,0x1a76bd91,31.89,630,553410,17353.72,878.43,324.78,391,1365,0.601987,0.455271,0.627,Email_IMAP
FLW-0001414,VPN-SES-00256,0x1a76bd91,21.65,396,43057,1988.78,108.73,14.92,86,131,0.019877,0.004642,0.438,VoIP
FLW-0001415,VPN-SES-00256,0x1a76bd91,92.66,2342,595968,6431.77,254.47,122.51,70,438,1.173607,1.229794,0.502,WhatsApp
FLW-0001416,VPN-SES-00256,0x1a76bd91,64.37,2306,311425,4838.05,135.05,24.41,98,171,0.021236,0.004223,0.495,VoIP
FLW-0001417,VPN-SES-00256,0x1a76bd91,21.33,341,34822,1632.54,102.12,13.95,81,123,0.998831,0.009348,0.491,ICMP
FLW-0001418,VPN-SES-00257,0x83b4daf3,56.02,844,79969,1427.51,94.75,19.1,66,123,0.018868,0.004021,0.526,VoIP
FLW-0001419,VPN-SES-00257,0x83b4daf3,57.7,430,307140,5323.05,714.28,393.42,124,1304,0.340462,0.559563,0.3,Web_Browsing
FLW-0001420,VPN-SES-00257,0x83b4daf3,32.3,293,29127,901.76,99.41,39.69,64,158,0.019962,0.003649,0.458,VoIP
FLW-0001421,VPN-SES-00258,0xc273f93c,28.11,99,71018,2526.43,717.36,378.98,148,1285,0.457698,0.48511,0.299,Web_Browsing
FLW-0001422,VPN-SES-00258,0xc273f93c,15.4,52,37198,2415.45,715.35,364.52,168,1262,0.438798,0.381626,0.291,Web_Browsing
FLW-0001423,VPN-SES-00258,0xc273f93c,255.44,9023,12345719,48331.19,1368.25,111.31,1201,1514,0.016928,0.022628,0.092,Video_Streaming
FLW-0001424,VPN-SES-00258,0xc273f93c,11.05,318,29510,2670.59,92.8,18.03,65,119,0.999452,0.00916,0.521,ICMP
FLW-0001425,VPN-SES-00258,0xc273f93c,41.07,750,536077,13052.76,714.77,373.27,154,1274,0.414162,0.49777,0.32,Web_Browsing
FLW-0001426,VPN-SES-00258,0xc273f93c,110.87,3868,838543,7563.3,216.79,130.18,64,412,1.503109,1.121279,0.519,WhatsApp
FLW-0001427,VPN-SES-00259,0x853ff3e2,20.64,211,151732,7351.36,719.11,378.52,151,1286,0.494425,0.504966,0.268,Web_Browsing
FLW-0001428,VPN-SES-00259,0x853ff3e2,41.89,1540,1333932,31843.69,866.19,314.78,394,1338,0.608746,0.42624,0.661,Email_IMAP
FLW-0001429,VPN-SES-00259,0x853ff3e2,15.7,210,172483,10986.18,821.35,323.16,336,1306,0.652313,0.374361,0.629,Email_IMAP
FLW-0001430,VPN-SES-00259,0x853ff3e2,18.55,719,74567,4019.78,103.71,8.72,90,116,0.996022,0.011366,0.478,ICMP
FLW-0001431,VPN-SES-00260,0xdb618d75,58.79,722,525789,8943.51,728.24,385.93,149,1307,0.384248,0.533023,0.268,Web_Browsing
FLW-0001432,VPN-SES-00260,0xdb618d75,29.66,391,271799,9163.82,695.14,389.34,111,1279,0.391872,0.457275,0.268,Web_Browsing
FLW-0001433,VPN-SES-00260,0xdb618d75,16.36,57,49206,3007.7,863.27,319.54,383,1342,0.686995,0.389723,0.598,Email_IMAP
FLW-0001434,VPN-SES-00260,0xdb618d75,168.28,6631,1582222,9402.32,238.61,145.18,64,456,1.381221,1.219374,0.481,WhatsApp
FLW-0001435,VPN-SES-00260,0xdb618d75,285.9,5817,7993721,27959.85,1374.2,108.03,1212,1514,0.011368,0.026509,0.101,Video_Streaming
FLW-0001436,VPN-SES-00260,0xdb618d75,31.16,1180,1633497,52422.88,1384.32,119.5,1205,1514,0.008382,0.023963,0.038,Video_Streaming
FLW-0001437,VPN-SES-00260,0xdb618d75,17.58,337,291090,16558.02,863.77,317.13,388,1339,0.69926,0.408105,0.621,Email_IMAP
FLW-0001438,VPN-SES-00260,0xdb618d75,162.32,5023,1246909,7681.8,248.24,113.48,78,418,1.750069,1.068853,0.419,WhatsApp
FLW-0001439,VPN-SES-00261,0xbab9278d,6.36,170,122723,19296.07,721.9,380.27,151,1292,0.443858,0.54956,0.302,Web_Browsing
FLW-0001440,VPN-SES-00261,0xbab9278d,150.41,1057,1462433,9722.98,1383.57,113.6,1213,1514,0.011609,0.029439,0.016,Video_Streaming
FLW-0001441,VPN-SES-00261,0xbab9278d,8.03,115,82993,10335.37,721.68,380.52,150,1292,0.510996,0.457807,0.228,Web_Browsing
FLW-0001442,VPN-SES-00262,0xa55bc346,162.43,5265,7275598,44792.21,1381.88,112.25,1213,1514,0.017586,0.021824,0.095,Video_Streaming
FLW-0001443,VPN-SES-00262,0xa55bc346,24.97,106,94171,3771.37,888.41,316.98,412,1363,0.562861,0.431686,0.62,Email_IMAP
FLW-0001444,VPN-SES-00262,0xa55bc346,11.58,98,10267,886.61,104.77,1.5,102,107,1.002333,0.008885,0.448,ICMP
FLW-0001445,VPN-SES-00262,0xa55bc346,21.93,421,46310,2111.72,110.0,1.5,107,112,0.999694,0.013118,0.5,ICMP
FLW-0001446,VPN-SES-00262,0xa55bc346,73.38,1311,297007,4047.52,226.55,129.54,64,420,1.391618,1.117671,0.5,WhatsApp
FLW-0001447,VPN-SES-00262,0xa55bc346,24.32,504,356595,14662.62,707.53,393.5,117,1297,0.468384,0.53634,0.261,Web_Browsing
FLW-0001448,VPN-SES-00263,0xefd23d15,22.83,187,20570,901.01,110.0,1.94,107,112,1.000416,0.009067,0.47,ICMP
FLW-0001449,VPN-SES-00263,0xefd23d15,28.52,351,304759,10685.8,868.26,316.45,393,1342,0.592367,0.421057,0.641,Email_IMAP
FLW-0001450,VPN-SES-00263,0xefd23d15,111.87,2970,4076176,36436.72,1372.45,109.06,1208,1514,0.012056,0.020207,0.016,Video_Streaming
FLW-0001451,VPN-SES-00263,0xefd23d15,112.98,3303,409704,3626.34,124.04,12.1,105,142,0.020634,0.004387,0.522,VoIP
FLW-0001452,VPN-SES-00263,0xefd23d15,15.69,310,43970,2802.42,141.84,17.34,115,167,0.020389,0.003766,0.574,VoIP
FLW-0001453,VPN-SES-00263,0xefd23d15,39.73,1025,270395,6805.81,263.8,130.1,68,458,1.463787,1.249523,0.476,WhatsApp
FLW-0001454,VPN-SES-00264,0xc5d2bf7f,32.18,1013,721377,22416.94,712.12,386.99,131,1292,0.455883,0.50915,0.255,Web_Browsing
FLW-0001455,VPN-SES-00264,0xc5d2bf7f,37.25,79,107391,2882.98,1359.39,111.89,1191,1514,0.015394,0.024435,0.103,Video_Streaming
FLW-0001456,VPN-SES-00264,0xc5d2bf7f,100.92,2824,3873257,38379.48,1371.55,101.56,1219,1514,0.011748,0.024794,0.083,Video_Streaming
FLW-0001457,VPN-SES-00264,0xc5d2bf7f,13.92,321,28472,2045.4,88.7,14.94,66,111,1.00295,0.009961,0.537,ICMP
FLW-0001458,VPN-SES-00264,0xc5d2bf7f,40.49,1488,338252,8353.96,227.32,138.6,64,435,1.572801,1.194978,0.48,WhatsApp
FLW-0001459,VPN-SES-00264,0xc5d2bf7f,9.14,79,6636,726.04,84.0,1.5,81,86,0.999061,0.009022,0.504,ICMP
FLW-0001460,VPN-SES-00264,0xc5d2bf7f,32.12,200,142994,4451.87,714.97,373.4,154,1275,0.37059,0.464224,0.314,Web_Browsing
FLW-0001461,VPN-SES-00265,0xa950f11a,34.05,103,87763,2577.47,852.07,315.88,378,1325,0.619173,0.465255,0.634,Email_IMAP
FLW-0001462,VPN-SES-00265,0xa950f11a,13.96,86,58777,4210.39,683.46,388.17,101,1265,0.557728,0.447491,0.251,Web_Browsing
FLW-0001463,VPN-SES-00265,0xa950f11a,116.31,1341,1843338,15848.49,1374.6,103.95,1218,1514,0.01284,0.020134,0.026,Video_Streaming
FLW-0001464,VPN-SES-00265,0xa950f11a,13.98,306,225971,16163.88,738.47,372.57,179,1297,0.543257,0.517767,0.226,Web_Browsing
FLW-0001465,VPN-SES-00265,0xa950f11a,28.07,785,571181,20348.45,727.62,379.06,159,1296,0.41584,0.512248,0.294,Web_Browsing
FLW-0001466,VPN-SES-00266,0x1c78947b,50.48,1502,1094191,21675.73,728.49,389.43,144,1312,0.48061,0.431218,0.266,Web_Browsing
FLW-0001467,VPN-SES-00266,0x1c78947b,19.93,753,568755,28537.63,755.32,385.8,176,1334,0.627697,0.569772,0.287,Web_Browsing
FLW-0001468,VPN-SES-00266,0x1c78947b,11.61,296,30079,2590.78,101.62,3.71,96,107,0.997393,0.010018,0.536,ICMP
FLW-0001469,VPN-SES-00266,0x1c78947b,18.42,183,156062,8472.42,852.8,323.3,367,1337,0.707482,0.409064,0.606,Email_IMAP
FLW-0001470,VPN-SES-00266,0x1c78947b,29.38,634,68338,2326.0,107.79,11.42,90,124,0.019227,0.00364,0.543,VoIP
FLW-0001471,VPN-SES-00267,0x6f7ddbb1,21.46,580,50465,2351.58,87.01,5.01,79,94,0.999246,0.011179,0.539,ICMP
FLW-0001472,VPN-SES-00267,0x6f7ddbb1,33.21,299,260240,7836.19,870.37,322.45,386,1354,0.634403,0.396366,0.678,Email_IMAP
FLW-0001473,VPN-SES-00267,0x6f7ddbb1,88.28,488,112669,1276.27,230.88,135.31,64,433,1.574828,1.038919,0.511,WhatsApp
FLW-0001474,VPN-SES-00267,0x6f7ddbb1,100.98,3983,514484,5094.91,129.17,31.82,81,176,0.019718,0.003486,0.485,VoIP
FLW-0001475,VPN-SES-00267,0x6f7ddbb1,65.35,1406,172249,2635.79,122.51,18.47,94,150,0.019764,0.003236,0.514,VoIP
FLW-0001476,VPN-SES-00267,0x6f7ddbb1,11.61,441,48510,4178.29,110.0,7.71,98,121,1.000914,0.010572,0.512,ICMP
FLW-0001477,VPN-SES-00267,0x6f7ddbb1,161.25,5217,1310406,8126.55,251.18,133.16,64,450,1.348408,1.012441,0.473,WhatsApp
FLW-0001478,VPN-SES-00268,0x95eb43c8,86.66,494,683582,7888.09,1383.77,107.47,1222,1514,0.013179,0.026098,0.085,Video_Streaming
FLW-0001479,VPN-SES-00268,0x95eb43c8,127.44,1169,298550,2342.67,255.39,130.62,64,451,1.184217,1.062039,0.481,WhatsApp
FLW-0001480,VPN-SES-00268,0x95eb43c8,16.97,528,51728,3048.2,97.97,29.11,64,141,0.020085,0.004153,0.541,VoIP
FLW-0001481,VPN-SES-00268,0x95eb43c8,17.23,144,33471,1942.6,232.44,134.59,64,434,1.381872,1.07975,0.457,WhatsApp
FLW-0001482,VPN-SES-00268,0x95eb43c8,98.27,2299,321837,3275.03,139.99,15.0,117,162,0.02042,0.00325,0.535,VoIP
FLW-0001483,VPN-SES-00269,0xa7da64cb,79.89,1598,2225422,27856.08,1392.63,110.78,1226,1514,0.011149,0.026,0.129,Video_Streaming
FLW-0001484,VPN-SES-00269,0xa7da64cb,24.53,915,90438,3686.83,98.84,24.26,64,135,0.019453,0.003992,0.493,VoIP
FLW-0001485,VPN-SES-00269,0xa7da64cb,23.78,640,59430,2499.16,92.86,3.92,86,98,0.998299,0.011029,0.446,ICMP
FLW-0001486,VPN-SES-00269,0xa7da64cb,24.37,923,670541,27515.02,726.48,377.39,160,1292,0.362181,0.510119,0.233,Web_Browsing
FLW-0001487,VPN-SES-00269,0xa7da64cb,36.01,1327,1141856,31709.41,860.48,308.62,397,1323,0.681136,0.408404,0.606,Email_IMAP
FLW-0001488,VPN-SES-00269,0xa7da64cb,166.33,891,1232725,7411.32,1383.53,103.82,1227,1514,0.011783,0.021215,0.079,Video_Streaming
FLW-0001489,VPN-SES-00269,0xa7da64cb,101.06,3328,469847,4649.19,141.18,40.34,80,201,0.020055,0.004315,0.447,VoIP
FLW-0001490,VPN-SES-00270,0x139479c1,72.3,2558,660040,9129.18,258.03,136.21,64,462,1.320151,1.23609,0.472,WhatsApp
FLW-0001491,VPN-SES-00270,0x139479c1,148.71,1176,1616412,10869.56,1374.5,113.8,1203,1514,0.008012,0.027554,0.028,Video_Streaming
FLW-0001492,VPN-SES-00270,0x139479c1,255.38,6729,9201234,36029.58,1367.4,102.72,1213,1514,0.014848,0.023458,0.02,Video_Streaming
FLW-0001493,VPN-SES-00270,0x139479c1,46.43,558,129863,2796.96,232.73,129.74,64,427,1.20514,0.973315,0.543,WhatsApp
FLW-0001494,VPN-SES-00270,0x139479c1,29.18,701,160998,5517.41,229.67,127.42,64,420,1.339406,1.053651,0.499,WhatsApp
FLW-0001495,VPN-SES-00270,0x139479c1,63.92,2255,296261,4634.87,131.38,15.55,108,154,0.019258,0.00451,0.497,VoIP
FLW-0001496,VPN-SES-00270,0x139479c1,163.87,3286,4602897,28088.71,1400.76,92.04,1262,1514,0.012733,0.029797,0.049,Video_Streaming
FLW-0001497,VPN-SES-00270,0x139479c1,10.05,389,37067,3688.26,95.29,6.36,85,104,0.999162,0.009688,0.49,ICMP
FLW-0001498,VPN-SES-00271,0x1a6552a5,42.09,226,52538,1248.23,232.47,139.83,64,442,1.476078,1.127569,0.504,WhatsApp
FLW-0001499,VPN-SES-00271,0x1a6552a5,169.64,3349,793143,4675.45,236.83,123.81,64,422,1.300567,1.100196,0.448,WhatsApp
FLW-0001500,VPN-SES-00271,0x1a6552a5,33.45,1072,1472928,44033.72,1374.0,105.87,1215,1514,0.019967,0.018065,0.055,Video_Streaming
FLW-0001501,VPN-SES-00271,0x1a6552a5,6.21,124,13640,2196.46,110.0,4.97,102,117,1.00113,0.0101,0.48,ICMP
FLW-0001502,VPN-SES-00271,0x1a6552a5,31.0,236,196611,6342.29,833.1,321.64,350,1315,0.597647,0.413985,0.605,Email_IMAP
FLW-0001503,VPN-SES-00272,0x2e850f80,38.61,904,796369,20625.98,880.94,339.24,372,1389,0.664662,0.429085,0.585,Email_IMAP
FLW-0001504,VPN-SES-00272,0x2e850f80,39.45,947,118962,3015.51,125.62,32.26,77,174,0.019852,0.003048,0.52,VoIP
FLW-0001505,VPN-SES-00272,0x2e850f80,14.48,307,33714,2328.31,109.82,1.5,107,112,1.000265,0.010451,0.498,ICMP
FLW-0001506,VPN-SES-00272,0x2e850f80,23.81,411,36377,1527.8,88.51,12.13,70,106,0.999395,0.008515,0.439,ICMP
FLW-0001507,VPN-SES-00273,0x89cfc04f,38.03,184,256703,6750.01,1395.13,114.93,1222,1514,0.01233,0.023899,0.044,Video_Streaming
FLW-0001508,VPN-SES-00273,0x89cfc04f,67.3,243,26022,386.66,107.09,14.55,85,128,0.018728,0.003706,0.491,VoIP
FLW-0001509,VPN-SES-00273,0x89cfc04f,133.31,2944,4084270,30637.39,1387.32,109.68,1222,1514,0.014981,0.028373,0.092,Video_Streaming
FLW-0001510,VPN-SES-00273,0x89cfc04f,111.74,1012,1402277,12549.46,1385.65,110.09,1220,1514,0.008322,0.02685,0.11,Video_Streaming
FLW-0001511,VPN-SES-00273,0x89cfc04f,84.41,2297,285080,3377.32,124.11,33.34,74,174,0.019085,0.003538,0.526,VoIP
FLW-0001512,VPN-SES-00273,0x89cfc04f,144.76,1943,472479,3263.88,243.17,140.51,64,453,1.397447,1.004523,0.474,WhatsApp
FLW-0001513,VPN-SES-00273,0x89cfc04f,41.42,1086,761948,18395.65,701.61,370.97,145,1258,0.522933,0.543639,0.291,Web_Browsing
FLW-0001514,VPN-SES-00273,0x89cfc04f,14.73,380,318953,21653.29,839.35,317.13,363,1315,0.567313,0.502944,0.602,Email_IMAP
FLW-0001515,VPN-SES-00274,0xdf3a2f8d,16.12,213,48344,2999.01,226.97,130.24,64,422,1.294375,1.263212,0.458,WhatsApp
FLW-0001516,VPN-SES-00274,0xdf3a2f8d,31.04,682,575069,18526.71,843.21,302.78,389,1297,0.647922,0.424713,0.577,Email_IMAP
FLW-0001517,VPN-SES-00274,0xdf3a2f8d,7.45,234,25740,3455.03,110.0,9.34,95,124,0.999958,0.011364,0.52,ICMP
FLW-0001518,VPN-SES-00274,0xdf3a2f8d,114.36,3415,4678993,40914.59,1370.13,101.69,1217,1514,0.015067,0.025991,0.065,Video_Streaming
FLW-0001519,VPN-SES-00274,0xdf3a2f8d,139.88,4939,1135179,8115.38,229.84,134.86,64,432,1.275343,1.088781,0.523,WhatsApp
FLW-0001520,VPN-SES-00274,0xdf3a2f8d,14.3,509,45845,3205.94,90.07,1.5,87,92,0.998421,0.010994,0.508,ICMP
FLW-0001521,VPN-SES-00275,0x89d54e9f,17.96,81,9594,534.19,118.45,13.93,97,139,0.020291,0.00366,0.509,VoIP
FLW-0001522,VPN-SES-00275,0x89d54e9f,255.97,6226,8537215,33352.4,1371.22,102.82,1216,1514,0.009609,0.024061,0.059,Video_Streaming
FLW-0001523,VPN-SES-00275,0x89d54e9f,16.26,381,38416,2362.61,100.83,1.5,98,103,0.998789,0.009608,0.545,ICMP
FLW-0001524,VPN-SES-00275,0x89d54e9f,26.55,406,92178,3471.86,227.04,131.3,64,423,1.64668,0.955573,0.492,WhatsApp
FLW-0001525,VPN-SES-00275,0x89d54e9f,27.66,170,120762,4365.94,710.37,375.96,146,1274,0.389767,0.463407,0.362,Web_Browsing
FLW-0001526,VPN-SES-00276,0xb9470663,63.4,1856,241521,3809.48,130.13,26.81,89,170,0.020295,0.003357,0.512,VoIP
FLW-0001527,VPN-SES-00276,0xb9470663,25.11,481,419855,16720.63,872.88,313.17,403,1342,0.71516,0.481695,0.676,Email_IMAP
FLW-0001528,VPN-SES-00276,0xb9470663,6.12,132,94378,15421.24,714.99,371.22,158,1271,0.422878,0.571779,0.225,Web_Browsing
FLW-0001529,VPN-SES-00276,0xb9470663,4.91,90,75166,15308.76,835.18,320.72,354,1316,0.620125,0.450348,0.648,Email_IMAP
FLW-0001530,VPN-SES-00276,0xb9470663,106.96,1533,357756,3344.76,233.37,115.02,64,405,1.737339,0.990305,0.448,WhatsApp
FLW-0001531,VPN-SES-00277,0xa291e493,44.3,1389,351750,7940.18,253.24,126.92,64,443,1.389541,1.153107,0.513,WhatsApp
FLW-0001532,VPN-SES-00277,0xa291e493,103.24,2400,278400,2696.63,116.0,30.16,70,161,0.018719,0.004304,0.475,VoIP
FLW-0001533,VPN-SES-00277,0xa291e493,107.59,409,571156,5308.63,1396.47,111.14,1229,1514,0.009477,0.026657,0.087,Video_Streaming
FLW-0001534,VPN-SES-00277,0xa291e493,59.79,1765,1284390,21481.69,727.7,371.76,170,1285,0.413699,0.499796,0.279,Web_Browsing
FLW-0001535,VPN-SES-00277,0xa291e493,198.63,1150,1597350,8041.84,1389.0,93.88,1248,1514,0.013254,0.024275,0.035,Video_Streaming
FLW-0001536,VPN-SES-00278,0xc7bba2aa,36.97,959,816195,22077.22,851.09,318.28,373,1328,0.406927,0.418442,0.594,Email_IMAP
FLW-0001537,VPN-SES-00278,0xc7bba2aa,15.34,234,24427,1592.37,104.39,1.5,102,106,0.999677,0.011542,0.53,ICMP
FLW-0001538,VPN-SES-00278,0xc7bba2aa,78.39,2715,681003,8687.37,250.83,126.0,64,439,1.4896,1.074271,0.474,WhatsApp
FLW-0001539,VPN-SES-00278,0xc7bba2aa,22.58,826,714423,31639.64,864.92,315.22,392,1337,0.750778,0.442794,0.639,Email_IMAP
FLW-0001540,VPN-SES-00278,0xc7bba2aa,11.4,31,27201,2386.05,877.47,328.25,385,1369,0.554898,0.47002,0.646,Email_IMAP
FLW-0001541,VPN-SES-00279,0xb0ba6142,168.89,6289,1576652,9335.38,250.7,121.09,69,432,1.291589,1.209401,0.457,WhatsApp
FLW-0001542,VPN-SES-00279,0xb0ba6142,5.26,61,5758,1094.68,94.4,16.61,69,119,0.999928,0.009273,0.474,ICMP
FLW-0001543,VPN-SES-00279,0xb0ba6142,30.44,552,399642,13128.84,723.99,369.33,169,1277,0.43145,0.516662,0.319,Web_Browsing
FLW-0001544,VPN-SES-00279,0xb0ba6142,231.54,5382,7470269,32263.41,1388.01,104.29,1231,1514,0.016419,0.024251,0.023,Video_Streaming
FLW-0001545,VPN-SES-00279,0xb0ba6142,79.74,422,100410,1259.22,237.94,141.51,64,450,1.427265,1.101377,0.529,WhatsApp
FLW-0001546,VPN-SES-00279,0xb0ba6142,8.27,227,19068,2305.68,84.0,1.5,81,86,0.997576,0.010373,0.505,ICMP
FLW-0001547,VPN-SES-00279,0xb0ba6142,50.3,1423,1050899,20892.62,738.51,381.95,165,1311,0.419688,0.50009,0.284,Web_Browsing
FLW-0001548,VPN-SES-00280,0x391c0da1,119.98,542,119207,993.56,219.94,151.68,64,447,1.485779,1.123101,0.498,WhatsApp
FLW-0001549,VPN-SES-00280,0x391c0da1,73.03,704,977511,13385.06,1388.51,108.88,1225,1514,0.009633,0.026499,0.072,Video_Streaming
FLW-0001550,VPN-SES-00280,0x391c0da1,42.13,652,71902,1706.67,110.28,29.35,66,154,0.020176,0.004292,0.542,VoIP
FLW-0001551,VPN-SES-00280,0x391c0da1,15.56,74,7271,467.29,98.26,6.54,88,108,1.001215,0.009275,0.502,ICMP
FLW-0001552,VPN-SES-00280,0x391c0da1,14.2,48,4776,336.34,99.51,1.5,97,101,1.003476,0.008593,0.461,ICMP
FLW-0001553,VPN-SES-00280,0x391c0da1,105.26,553,75080,713.28,135.77,23.71,100,171,0.019384,0.004243,0.544,VoIP
FLW-0001554,VPN-SES-00281,0x605c1021,60.22,2169,2992439,49691.78,1379.64,130.79,1183,1514,0.005535,0.026735,0.095,Video_Streaming
FLW-0001555,VPN-SES-00281,0x605c1021,69.81,2516,328841,4710.51,130.7,16.37,106,155,0.019826,0.004178,0.524,VoIP
FLW-0001556,VPN-SES-00281,0x605c1021,14.32,120,104067,7267.25,867.23,328.32,374,1359,0.581226,0.43975,0.592,Email_IMAP
FLW-0001557,VPN-SES-00281,0x605c1021,191.95,6716,9236984,48121.82,1375.37,118.12,1198,1514,0.012405,0.031517,0.066,Video_Streaming
FLW-0001558,VPN-SES-00282,0xde830e27,291.88,7783,10746143,36816.99,1380.72,110.85,1214,1514,0.009608,0.024855,0.094,Video_Streaming
FLW-0001559,VPN-SES-00282,0xde830e27,53.23,1313,316918,5953.75,241.37,123.65,64,426,1.247361,1.050478,0.482,WhatsApp
FLW-0001560,VPN-SES-00282,0xde830e27,66.49,1666,223777,3365.57,134.32,7.28,123,145,0.019808,0.004058,0.445,VoIP
FLW-0001561,VPN-SES-00282,0xde830e27,23.92,371,32648,1364.88,88.0,1.5,85,90,0.998806,0.010192,0.495,ICMP
FLW-0001562,VPN-SES-00283,0x9bb5f242,24.3,668,61015,2510.91,91.34,7.42,80,102,1.002585,0.011639,0.442,ICMP
FLW-0001563,VPN-SES-00283,0x9bb5f242,103.35,2918,370352,3583.47,126.92,16.58,102,151,0.020093,0.003841,0.504,VoIP
FLW-0001564,VPN-SES-00283,0x9bb5f242,87.52,3405,414797,4739.45,121.82,13.37,101,141,0.019462,0.003821,0.507,VoIP
FLW-0001565,VPN-SES-00284,0xbbede2b6,11.34,223,55123,4860.93,247.19,136.83,64,452,1.318459,1.131223,0.509,WhatsApp
FLW-0001566,VPN-SES-00284,0xbbede2b6,21.55,817,599669,27826.87,733.99,379.53,164,1303,0.43343,0.509556,0.246,Web_Browsing
FLW-0001567,VPN-SES-00284,0xbbede2b6,110.3,1532,2110605,19135.13,1377.68,115.96,1203,1514,0.014407,0.024324,0.067,Video_Streaming
FLW-0001568,VPN-SES-00284,0xbbede2b6,117.33,3562,819616,6985.56,230.1,135.63,64,433,1.387159,1.069645,0.469,WhatsApp
FLW-0001569,VPN-SES-00284,0xbbede2b6,43.77,251,29931,683.82,119.25,14.42,97,140,0.020395,0.003842,0.548,VoIP
FLW-0001570,VPN-SES-00284,0xbbede2b6,90.09,1871,481932,5349.45,257.58,122.87,73,441,1.411501,1.028428,0.47,WhatsApp
FLW-0001571,VPN-SES-00285,0xfd2eebea,33.9,1188,1050227,30980.15,884.03,317.54,407,1360,0.674315,0.474359,0.59,Email_IMAP
FLW-0001572,VPN-SES-00285,0xfd2eebea,10.86,376,32990,3037.75,87.74,1.5,85,89,0.998671,0.00715,0.516,ICMP
FLW-0001573,VPN-SES-00285,0xfd2eebea,95.01,2817,407479,4288.8,144.65,19.18,115,173,0.01915,0.003743,0.486,VoIP
FLW-0001574,VPN-SES-00285,0xfd2eebea,7.86,242,20761,2641.35,85.79,10.88,69,102,1.001215,0.008845,0.522,ICMP
FLW-0001575,VPN-SES-00285,0xfd2eebea,6.86,218,23980,3495.63,110.0,19.22,81,138,1.004298,0.009098,0.585,ICMP
FLW-0001576,VPN-SES-00285,0xfd2eebea,199.64,2969,4084601,20459.83,1375.75,105.26,1217,1514,0.013227,0.023545,0.072,Video_Streaming
FLW-0001577,VPN-SES-00286,0xa3683dd6,29.83,332,233781,7837.11,704.16,378.09,137,1271,0.546419,0.497147,0.284,Web_Browsing
FLW-0001578,VPN-SES-00286,0xa3683dd6,14.54,364,264154,18167.4,725.7,389.37,141,1309,0.325858,0.529226,0.272,Web_Browsing
FLW-0001579,VPN-SES-00286,0xa3683dd6,15.93,455,328510,20622.1,722.0,388.48,139,1304,0.360436,0.449368,0.222,Web_Browsing
FLW-0001580,VPN-SES-00286,0xa3683dd6,15.0,416,296778,19785.2,713.41,390.64,127,1299,0.440956,0.432994,0.265,Web_Browsing
FLW-0001581,VPN-SES-00286,0xa3683dd6,13.2,511,430338,32601.36,842.15,311.0,375,1308,0.676245,0.397176,0.653,Email_IMAP
FLW-0001582,VPN-SES-00286,0xa3683dd6,111.93,2096,249738,2231.2,119.15,18.68,91,147,0.019833,0.004309,0.523,VoIP
FLW-0001583,VPN-SES-00287,0xf826fac7,14.36,148,107154,7461.98,724.02,384.52,147,1300,0.434093,0.52711,0.27,Web_Browsing
FLW-0001584,VPN-SES-00287,0xf826fac7,90.45,1962,235498,2603.63,120.03,15.8,96,143,0.019726,0.003724,0.514,VoIP
FLW-0001585,VPN-SES-00287,0xf826fac7,150.63,4349,1112169,7383.45,255.73,139.37,64,464,1.192667,1.241812,0.47,WhatsApp
FLW-0001586,VPN-SES-00288,0x2e56d346,12.84,446,386775,30122.66,867.21,312.75,398,1336,0.659584,0.464118,0.575,Email_IMAP
FLW-0001587,VPN-SES-00288,0x2e56d346,44.97,476,346194,7698.33,727.3,390.77,141,1313,0.436901,0.568008,0.274,Web_Browsing
FLW-0001588,VPN-SES-00288,0x2e56d346,40.66,379,94825,2332.14,250.2,112.25,81,418,1.799098,1.2645,0.471,WhatsApp
FLW-0001589,VPN-SES-00288,0x2e56d346,45.47,626,60302,1326.19,96.33,20.3,65,126,0.019134,0.004178,0.512,VoIP
FLW-0001590,VPN-SES-00289,0x4c48c936,126.76,3394,776207,6123.44,228.7,138.97,64,437,1.53292,1.207341,0.48,WhatsApp
FLW-0001591,VPN-SES-00289,0x4c48c936,12.89,330,27720,2150.5,84.0,11.82,66,101,0.999594,0.00861,0.541,ICMP
FLW-0001592,VPN-SES-00289,0x4c48c936,9.02,303,225792,25032.37,745.19,379.67,175,1314,0.611934,0.504566,0.269,Web_Browsing
FLW-0001593,VPN-SES-00289,0x4c48c936,20.47,280,31480,1537.86,112.43,31.1,65,159,0.019532,0.004294,0.483,VoIP
FLW-0001594,VPN-SES-00289,0x4c48c936,164.4,5295,1241571,7552.14,234.48,138.24,64,441,1.337294,1.055473,0.514,WhatsApp
FLW-0001595,VPN-SES-00289,0x4c48c936,24.31,660,72600,2986.43,110.0,9.16,96,123,0.999018,0.009489,0.502,ICMP
FLW-0001596,VPN-SES-00289,0x4c48c936,19.71,85,8657,439.22,101.85,1.5,99,104,1.001085,0.010086,0.449,ICMP
FLW-0001597,VPN-SES-00289,0x4c48c936,41.63,1352,147165,3535.07,108.85,13.97,87,129,0.019956,0.004756,0.507,VoIP
FLW-0001598,VPN-SES-00290,0x718521ab,53.28,376,266926,5009.87,709.91,381.77,137,1282,0.423593,0.516238,0.297,Web_Browsing
FLW-0001599,VPN-SES-00290,0x718521ab,48.32,1182,158990,3290.36,134.51,17.81,107,161,0.020983,0.004363,0.479,VoIP
FLW-0001600,VPN-SES-00290,0x718521ab,34.11,307,81821,2398.74,266.52,132.62,67,465,1.262204,1.28182,0.542,WhatsApp
FLW-0001601,VPN-SES-00290,0x718521ab,7.43,79,56848,7651.14,719.6,375.97,155,1283,0.437072,0.535737,0.318,Web_Browsing
FLW-0001602,VPN-SES-00290,0x718521ab,158.19,2617,646006,4083.73,246.85,130.81,64,443,1.647172,1.065588,0.511,WhatsApp
FLW-0001603,VPN-SES-00290,0x718521ab,11.57,243,22973,1985.57,94.54,7.45,83,105,0.99983,0.009944,0.489,ICMP
FLW-0001604,VPN-SES-00291,0x586dce57,180.03,5745,8020824,44552.71,1396.14,104.14,1239,1514,0.009224,0.030302,0.089,Video_Streaming
FLW-0001605,VPN-SES-00291,0x586dce57,20.76,95,7980,384.39,84.0,1.5,81,86,0.997282,0.009049,0.406,ICMP
FLW-0001606,VPN-SES-00291,0x586dce57,70.13,1081,1490007,21246.36,1378.36,100.86,1227,1514,0.012225,0.020937,0.062,Video_Streaming
FLW-0001607,VPN-SES-00291,0x586dce57,39.68,611,840137,21172.81,1375.02,122.02,1191,1514,0.017293,0.026963,0.05,Video_Streaming
FLW-0001608,VPN-SES-00291,0x586dce57,220.61,7591,10656397,48304.23,1403.82,97.58,1257,1514,0.006737,0.024791,0.128,Video_Streaming
FLW-0001609,VPN-SES-00291,0x586dce57,119.5,4293,504728,4223.67,117.57,16.53,92,142,0.019135,0.004378,0.529,VoIP
FLW-0001610,VPN-SES-00292,0x1a715350,255.44,8845,12289862,48112.52,1389.47,104.97,1232,1514,0.00935,0.021767,0.063,Video_Streaming
FLW-0001611,VPN-SES-00292,0x1a715350,35.98,1429,1010360,28081.16,707.04,370.58,151,1262,0.418223,0.475542,0.264,Web_Browsing
FLW-0001612,VPN-SES-00292,0x1a715350,12.71,27,23371,1838.79,865.6,320.63,384,1346,0.630549,0.458236,0.59,Email_IMAP
FLW-0001613,VPN-SES-00292,0x1a715350,35.44,439,378093,10668.54,861.26,321.2,379,1343,0.548544,0.494806,0.594,Email_IMAP
FLW-0001614,VPN-SES-00292,0x1a715350,166.47,2348,566055,3400.34,241.08,139.32,64,450,1.552737,1.103777,0.469,WhatsApp
FLW-0001615,VPN-SES-00293,0xd4ac41b5,37.8,1017,1415023,37434.47,1391.37,115.4,1218,1514,0.009681,0.023013,0.01,Video_Streaming
FLW-0001616,VPN-SES-00293,0xd4ac41b5,17.85,499,49825,2791.32,99.85,3.34,94,104,1.001704,0.010359,0.54,ICMP
FLW-0001617,VPN-SES-00293,0xd4ac41b5,24.06,656,58797,2443.77,89.63,13.11,69,109,0.999207,0.010778,0.456,ICMP
FLW-0001618,VPN-SES-00293,0xd4ac41b5,4.12,19,1915,464.81,100.82,1.5,98,103,0.999599,0.01044,0.484,ICMP
FLW-0001619,VPN-SES-00293,0xd4ac41b5,17.07,497,42438,2486.12,85.39,10.77,69,101,0.999845,0.00951,0.501,ICMP
FLW-0001620,VPN-SES-00294,0x632da8fe,93.1,2427,368030,3953.06,151.64,27.23,110,192,0.020698,0.004174,0.505,VoIP
FLW-0001621,VPN-SES-00294,0x632da8fe,19.64,447,371568,18918.94,831.25,314.57,359,1303,0.617561,0.36563,0.585,Email_IMAP
FLW-0001622,VPN-SES-00294,0x632da8fe,14.79,437,304252,20571.47,696.23,379.69,126,1265,0.511407,0.555339,0.292,Web_Browsing
FLW-0001623,VPN-SES-00294,0x632da8fe,17.15,247,26784,1561.75,108.44,2.54,104,112,0.018946,0.003492,0.473,VoIP
FLW-0001624,VPN-SES-00294,0x632da8fe,134.9,3565,4912855,36418.5,1378.08,101.89,1225,1514,0.013271,0.024419,0.06,Video_Streaming
FLW-0001625,VPN-SES-00295,0x58f18eed,41.6,835,612622,14726.49,733.68,370.56,177,1289,0.481403,0.499301,0.27,Web_Browsing
FLW-0001626,VPN-SES-00295,0x58f18eed,12.19,252,219396,17998.03,870.62,327.03,380,1361,0.586112,0.441803,0.628,Email_IMAP
FLW-0001627,VPN-SES-00295,0x58f18eed,90.99,2487,588722,6470.18,236.72,134.68,64,438,1.446397,1.301582,0.434,WhatsApp
FLW-0001628,VPN-SES-00295,0x58f18eed,21.35,816,700560,32813.11,858.53,312.73,389,1327,0.690777,0.377227,0.63,Email_IMAP
FLW-0001629,VPN-SES-00296,0x7c2b5781,281.28,9200,12626448,44889.25,1372.44,104.13,1216,1514,0.006576,0.023837,0.093,Video_Streaming
FLW-0001630,VPN-SES-00296,0x7c2b5781,17.59,120,11724,666.52,97.7,9.02,84,111,1.002497,0.010264,0.483,ICMP
FLW-0001631,VPN-SES-00296,0x7c2b5781,30.75,223,161811,5262.15,725.61,375.65,162,1289,0.412168,0.424005,0.308,Web_Browsing
FLW-0001632,VPN-SES-00296,0x7c2b5781,61.07,645,151813,2485.89,235.37,131.46,64,432,1.229066,1.147954,0.457,WhatsApp
FLW-0001633,VPN-SES-00296,0x7c2b5781,22.96,906,87247,3799.96,96.3,11.02,79,112,1.001186,0.009978,0.447,ICMP
FLW-0001634,VPN-SES-00296,0x7c2b5781,171.23,2762,3910743,22839.12,1415.91,123.97,1229,1514,0.01471,0.023117,0.057,Video_Streaming
FLW-0001635,VPN-SES-00296,0x7c2b5781,5.96,30,25604,4295.97,853.48,330.11,358,1348,0.667719,0.414713,0.606,Email_IMAP
FLW-0001636,VPN-SES-00296,0x7c2b5781,68.91,2228,297326,4314.7,133.45,30.8,87,179,0.020917,0.004303,0.492,VoIP
FLW-0001637,VPN-SES-00297,0x7cc721f0,17.89,218,18312,1023.59,84.0,6.38,74,93,0.999997,0.01014,0.502,ICMP
FLW-0001638,VPN-SES-00297,0x7cc721f0,257.59,1256,1713284,6651.21,1364.08,114.46,1192,1514,0.014371,0.026706,0.088,Video_Streaming
FLW-0001639,VPN-SES-00297,0x7cc721f0,58.71,1336,170006,2895.69,127.25,14.72,105,149,0.019957,0.004036,0.503,VoIP
FLW-0001640,VPN-SES-00298,0x605ec9d6,51.12,1339,1863861,36460.5,1391.98,115.15,1219,1514,0.01979,0.030516,0.062,Video_Streaming
FLW-0001641,VPN-SES-00298,0x605ec9d6,52.94,322,217015,4099.26,673.96,389.89,89,1258,0.409472,0.459926,0.268,Web_Browsing
FLW-0001642,VPN-SES-00298,0x605ec9d6,100.84,224,52559,521.21,234.64,134.9,64,436,1.142693,0.981451,0.49,WhatsApp
FLW-0001643,VPN-SES-00298,0x605ec9d6,29.84,410,101466,3400.34,247.48,135.13,64,450,1.270139,0.992391,0.465,WhatsApp
FLW-0001644,VPN-SES-00299,0xb7e29299,18.15,440,44387,2445.56,100.88,15.88,77,124,0.996929,0.009779,0.46,ICMP
FLW-0001645,VPN-SES-00299,0xb7e29299,9.82,88,61614,6274.34,700.17,387.74,118,1281,0.490847,0.522472,0.308,Web_Browsing
FLW-0001646,VPN-SES-00299,0xb7e29299,35.03,102,11652,332.63,114.24,14.54,92,136,0.021311,0.003901,0.522,VoIP
FLW-0001647,VPN-SES-00299,0xb7e29299,24.38,927,90920,3729.29,98.08,1.5,95,100,0.996933,0.009421,0.532,ICMP
FLW-0001648,VPN-SES-00299,0xb7e29299,36.97,1401,181373,4905.95,129.46,25.31,91,167,0.019408,0.004646,0.471,VoIP
FLW-0001649,VPN-SES-00300,0x3528d32d,27.23,366,44853,1647.19,122.55,17.92,95,149,0.019896,0.004535,0.479,VoIP
FLW-0001650,VPN-SES-00300,0x3528d32d,18.75,533,44772,2387.84,84.0,4.16,77,90,0.9994,0.013377,0.52,ICMP
FLW-0001651,VPN-SES-00300,0x3528d32d,13.34,256,60183,4511.47,235.09,121.55,64,417,1.089752,0.987226,0.483,WhatsApp
FLW-0001652,VPN-SES-00300,0x3528d32d,13.95,328,287698,20623.51,877.13,328.97,383,1370,0.665464,0.435457,0.628,Email_IMAP
FLW-0001653,VPN-SES-00300,0x3528d32d,38.01,878,749618,19721.6,853.78,333.75,353,1354,0.63723,0.446115,0.554,Email_IMAP
FLW-0001654,VPN-SES-00300,0x3528d32d,50.05,310,36471,728.69,117.65,24.69,80,154,0.019359,0.0037,0.524,VoIP
FLW-0001655,VPN-SES-00301,0xb1628abf,28.23,1055,888605,31477.33,842.28,328.46,349,1334,0.61408,0.432514,0.586,Email_IMAP
FLW-0001656,VPN-SES-00301,0xb1628abf,222.86,756,1046712,4696.72,1384.54,129.68,1190,1514,0.014931,0.022839,0.094,Video_Streaming
FLW-0001657,VPN-SES-00301,0xb1628abf,107.99,735,173607,1607.62,236.2,141.0,64,447,1.533102,0.776254,0.45,WhatsApp
FLW-0001658,VPN-SES-00301,0xb1628abf,54.11,1816,1328095,24544.35,731.33,381.21,159,1303,0.373218,0.468321,0.223,Web_Browsing
FLW-0001659,VPN-SES-00301,0xb1628abf,29.88,769,183744,6149.4,238.94,147.69,64,460,1.532814,1.340946,0.506,WhatsApp
FLW-0001660,VPN-SES-00301,0xb1628abf,128.58,427,107744,837.95,252.33,145.79,64,471,1.462248,1.079405,0.511,WhatsApp
FLW-0001661,VPN-SES-00302,0x394d25fc,32.3,664,170946,5292.45,257.45,126.16,68,446,1.280941,1.115274,0.505,WhatsApp
FLW-0001662,VPN-SES-00302,0x394d25fc,18.94,463,49809,2629.83,107.58,1.5,105,109,1.002867,0.009359,0.492,ICMP
FLW-0001663,VPN-SES-00302,0x394d25fc,17.7,403,35129,1984.69,87.17,25.59,64,125,1.000363,0.009149,0.526,ICMP
FLW-0001664,VPN-SES-00302,0x394d25fc,145.96,1618,403254,2762.77,249.23,128.5,64,441,1.5387,1.009218,0.465,WhatsApp
FLW-0001665,VPN-SES-00302,0x394d25fc,12.5,378,315962,25276.96,835.88,309.41,371,1299,0.772015,0.523864,0.622,Email_IMAP
FLW-0001666,VPN-SES-00302,0x394d25fc,5.81,134,14740,2537.01,110.0,2.72,105,114,0.999635,0.010057,0.496,ICMP
FLW-0001667,VPN-SES-00302,0x394d25fc,76.79,793,1092294,14224.43,1377.42,119.15,1198,1514,0.012563,0.026781,0.091,Video_Streaming
FLW-0001668,VPN-SES-00302,0x394d25fc,24.18,860,743607,30752.98,864.66,312.24,396,1333,0.558682,0.456695,0.615,Email_IMAP
FLW-0001669,VPN-SES-00303,0x7a7df379,99.72,1582,191501,1920.39,121.05,17.87,94,147,0.02155,0.003468,0.44,VoIP
FLW-0001670,VPN-SES-00303,0x7a7df379,29.37,522,127362,4336.47,243.99,126.99,64,434,1.452151,1.164227,0.519,WhatsApp
FLW-0001671,VPN-SES-00303,0x7a7df379,74.01,2140,218087,2946.72,101.91,13.55,81,122,0.020257,0.004308,0.566,VoIP
FLW-0001672,VPN-SES-00303,0x7a7df379,59.65,1574,1151333,19301.48,731.47,379.55,162,1300,0.383217,0.471786,0.262,Web_Browsing
FLW-0001673,VPN-SES-00303,0x7a7df379,95.86,2472,316069,3297.19,127.86,20.06,97,157,0.019206,0.003826,0.526,VoIP
FLW-0001674,VPN-SES-00303,0x7a7df379,54.3,534,386733,7122.15,724.22,384.55,147,1301,0.478719,0.581322,0.287,Web_Browsing
FLW-0001675,VPN-SES-00303,0x7a7df379,5.06,122,11391,2251.19,93.37,1.5,91,95,1.000374,0.007559,0.494,ICMP
FLW-0001676,VPN-SES-00304,0xdc8a6796,32.54,306,35964,1105.22,117.53,7.08,106,128,0.019443,0.004324,0.507,VoIP
FLW-0001677,VPN-SES-00304,0xdc8a6796,275.97,3123,4313550,15630.5,1381.22,112.45,1212,1514,0.012347,0.028107,0.064,Video_Streaming
FLW-0001678,VPN-SES-00304,0xdc8a6796,10.13,246,20664,2039.88,84.0,17.04,64,109,1.000556,0.009411,0.462,ICMP
FLW-0001679,VPN-SES-00304,0xdc8a6796,24.43,939,812000,33237.82,864.75,319.06,386,1343,0.756255,0.434434,0.595,Email_IMAP
FLW-0001680,VPN-SES-00304,0xdc8a6796,31.2,806,105384,3377.69,130.75,25.4,92,168,0.020101,0.004271,0.499,VoIP
FLW-0001681,VPN-SES-00304,0xdc8a6796,50.05,351,253706,5069.05,722.81,389.32,138,1306,0.496899,0.491536,0.321,Web_Browsing
FLW-0001682,VPN-SES-00304,0xdc8a6796,148.56,3702,5003697,33681.32,1351.62,126.42,1161,1514,0.005603,0.023432,0.059,Video_Streaming
FLW-0001683,VPN-SES-00305,0xd4eb8e5d,9.15,289,27813,3039.67,96.24,12.05,78,114,0.998413,0.010261,0.483,ICMP
FLW-0001684,VPN-SES-00305,0xd4eb8e5d,143.83,1417,345096,2399.33,243.54,129.48,64,437,1.415334,1.039508,0.465,WhatsApp
FLW-0001685,VPN-SES-00305,0xd4eb8e5d,80.28,1836,446974,5567.69,243.45,137.55,64,449,1.301284,1.004436,0.498,WhatsApp
FLW-0001686,VPN-SES-00305,0xd4eb8e5d,171.81,4571,1095257,6374.82,239.61,136.64,64,444,1.250543,0.904262,0.464,WhatsApp
FLW-0001687,VPN-SES-00305,0xd4eb8e5d,11.6,38,3374,290.86,88.8,3.37,83,93,0.999045,0.010741,0.491,ICMP
FLW-0001688,VPN-SES-00305,0xd4eb8e5d,34.75,89,21521,619.31,241.81,131.26,64,438,1.432168,1.097346,0.495,WhatsApp
FLW-0001689,VPN-SES-00305,0xd4eb8e5d,20.93,112,9906,473.29,88.45,15.2,65,111,0.999645,0.008688,0.506,ICMP
FLW-0001690,VPN-SES-00305,0xd4eb8e5d,50.52,923,101336,2005.86,109.79,23.32,74,144,0.021326,0.003685,0.51,VoIP
FLW-0001691,VPN-SES-00306,0xd5ba36af,22.39,346,29064,1298.08,84.0,7.63,72,95,0.998671,0.009375,0.467,ICMP
FLW-0001692,VPN-SES-00306,0xd5ba36af,78.34,2944,732437,9349.46,248.79,138.06,64,455,1.403859,1.004913,0.528,WhatsApp
FLW-0001693,VPN-SES-00306,0xd5ba36af,15.63,342,30438,1947.41,89.0,1.5,86,91,1.000688,0.008895,0.53,ICMP
FLW-0001694,VPN-SES-00306,0xd5ba36af,19.6,391,36531,1863.83,93.43,8.83,80,106,1.002102,0.008791,0.483,ICMP
FLW-0001695,VPN-SES-00306,0xd5ba36af,101.84,3890,463260,4548.9,119.09,30.3,73,164,0.019605,0.003762,0.514,VoIP
FLW-0001696,VPN-SES-00306,0xd5ba36af,29.03,358,305399,10520.12,853.07,321.22,371,1334,0.545271,0.549645,0.58,Email_IMAP
FLW-0001697,VPN-SES-00306,0xd5ba36af,12.48,353,33231,2662.74,94.14,3.74,88,99,1.002869,0.008675,0.56,ICMP
FLW-0001698,VPN-SES-00306,0xd5ba36af,269.65,10768,14957721,55470.87,1389.09,113.34,1219,1514,0.008308,0.026428,0.038,Video_Streaming
FLW-0001699,VPN-SES-00307,0xd9d0c0fc,17.71,164,143532,8104.57,875.2,312.23,406,1343,0.642362,0.425013,0.59,Email_IMAP
FLW-0001700,VPN-SES-00307,0xd9d0c0fc,44.67,670,582163,13032.53,868.9,324.28,382,1355,0.731608,0.369906,0.652,Email_IMAP
FLW-0001701,VPN-SES-00307,0xd9d0c0fc,55.06,1388,1957177,35546.26,1410.07,106.39,1250,1514,0.019107,0.024342,0.019,Video_Streaming
FLW-0001702,VPN-SES-00308,0x95764472,177.78,1259,297539,1673.64,236.33,138.39,64,443,1.261701,1.033963,0.498,WhatsApp
FLW-0001703,VPN-SES-00308,0x95764472,5.26,105,10294,1957.03,98.04,8.68,85,111,1.000357,0.01048,0.487,ICMP
FLW-0001704,VPN-SES-00308,0x95764472,39.48,803,580392,14700.91,722.78,372.58,163,1281,0.546633,0.468286,0.314,Web_Browsing
FLW-0001705,VPN-SES-00308,0x95764472,20.01,706,82743,4135.08,117.2,19.62,87,146,0.019703,0.003594,0.448,VoIP
FLW-0001706,VPN-SES-00308,0x95764472,62.12,2468,264915,4264.57,107.34,15.41,84,130,0.020127,0.004404,0.487,VoIP
FLW-0001707,VPN-SES-00308,0x95764472,4.11,94,8217,1999.27,87.42,1.5,85,89,1.00072,0.011383,0.538,ICMP
FLW-0001708,VPN-SES-00308,0x95764472,247.45,9760,13551955,54766.44,1388.52,115.11,1215,1514,0.018366,0.02583,0.079,Video_Streaming
FLW-0001709,VPN-SES-00308,0x95764472,22.78,687,64681,2839.38,94.15,1.5,91,96,0.998974,0.009991,0.502,ICMP
FLW-0001710,VPN-SES-00309,0xba5f8dfc,58.41,2231,3130360,53592.88,1403.12,110.65,1237,1514,0.016421,0.023912,0.051,Video_Streaming
FLW-0001711,VPN-SES-00309,0xba5f8dfc,11.89,421,355345,29886.04,844.05,314.06,372,1315,0.685571,0.45034,0.648,Email_IMAP
FLW-0001712,VPN-SES-00309,0xba5f8dfc,29.99,359,259262,8644.95,722.18,377.18,156,1287,0.611122,0.495305,0.315,Web_Browsing
FLW-0001713,VPN-SES-00309,0xba5f8dfc,12.94,235,21899,1692.35,93.19,9.68,78,107,1.001392,0.010208,0.429,ICMP
FLW-0001714,VPN-SES-00309,0xba5f8dfc,24.69,484,58186,2356.66,120.22,27.84,78,161,0.020316,0.004178,0.448,VoIP
FLW-0001715,VPN-SES-00309,0xba5f8dfc,158.59,3971,5445630,34337.79,1371.35,113.29,1201,1514,0.013539,0.028037,0.056,Video_Streaming
FLW-0001716,VPN-SES-00309,0xba5f8dfc,53.78,1184,147846,2749.09,124.87,18.13,97,152,0.019408,0.003098,0.513,VoIP
FLW-0001717,VPN-SES-00309,0xba5f8dfc,110.0,3454,836178,7601.62,242.09,125.05,64,429,1.132836,1.169271,0.472,WhatsApp
FLW-0001718,VPN-SES-00310,0xef3c5c8a,160.89,4070,5643787,35078.54,1386.68,124.91,1199,1514,0.00397,0.023251,0.054,Video_Streaming
FLW-0001719,VPN-SES-00310,0xef3c5c8a,291.37,8990,12563165,43117.57,1397.46,96.91,1252,1514,0.019259,0.02534,0.057,Video_Streaming
FLW-0001720,VPN-SES-00310,0xef3c5c8a,8.84,125,107202,12126.92,857.62,316.51,382,1332,0.720748,0.401917,0.63,Email_IMAP
FLW-0001721,VPN-SES-00310,0xef3c5c8a,90.47,3237,761957,8422.21,235.39,123.9,64,421,1.826686,1.146096,0.498,WhatsApp
FLW-0001722,VPN-SES-00310,0xef3c5c8a,284.9,6620,9225963,32383.16,1393.65,98.63,1245,1514,0.018571,0.018728,0.037,Video_Streaming
FLW-0001723,VPN-SES-00310,0xef3c5c8a,78.17,1829,209402,2678.8,114.49,22.65,80,148,0.020131,0.003933,0.5,VoIP
FLW-0001724,VPN-SES-00310,0xef3c5c8a,27.69,648,70152,2533.48,108.26,6.02,99,117,0.020436,0.004277,0.548,VoIP
FLW-0001725,VPN-SES-00311,0x1a4fee3b,53.9,990,703414,13050.35,710.52,385.54,132,1288,0.428722,0.559524,0.311,Web_Browsing
FLW-0001726,VPN-SES-00311,0x1a4fee3b,251.16,8510,11765330,46843.96,1382.53,107.28,1221,1514,0.015603,0.026617,0.039,Video_Streaming
FLW-0001727,VPN-SES-00311,0x1a4fee3b,27.84,769,80029,2874.6,104.07,15.69,80,127,0.020909,0.004459,0.467,VoIP
FLW-0001728,VPN-SES-00312,0x214be8ca,166.29,4107,5610120,33736.97,1365.99,120.2,1185,1514,0.007741,0.026273,0.042,Video_Streaming
FLW-0001729,VPN-SES-00312,0x214be8ca,123.43,1466,380280,3080.94,259.4,123.84,73,445,1.588655,1.120334,0.488,WhatsApp
FLW-0001730,VPN-SES-00312,0x214be8ca,10.83,430,36120,3335.18,84.0,1.5,81,86,0.999669,0.010247,0.466,ICMP
FLW-0001731,VPN-SES-00312,0x214be8ca,31.24,900,762246,24399.68,846.94,324.49,360,1333,0.687993,0.443802,0.643,Email_IMAP
FLW-0001732,VPN-SES-00313,0x7321d753,75.06,1415,149862,1996.56,105.91,15.15,83,128,0.020989,0.004027,0.504,VoIP
FLW-0001733,VPN-SES-00313,0x7321d753,30.45,1205,1069642,35127.82,887.67,308.81,424,1350,0.703759,0.524879,0.61,Email_IMAP
FLW-0001734,VPN-SES-00313,0x7321d753,35.2,1337,174237,4949.91,130.32,10.14,115,145,0.019588,0.004154,0.524,VoIP
FLW-0001735,VPN-SES-00313,0x7321d753,27.65,163,142372,5149.08,873.45,332.56,374,1372,0.645447,0.503713,0.61,Email_IMAP
FLW-0001736,VPN-SES-00313,0x7321d753,25.39,818,712338,28055.85,870.83,321.66,388,1353,0.680083,0.469058,0.572,Email_IMAP
FLW-0001737,VPN-SES-00313,0x7321d753,95.45,266,60251,631.23,226.51,130.82,64,422,1.121599,1.191433,0.506,WhatsApp
FLW-0001738,VPN-SES-00313,0x7321d753,84.12,2346,290739,3456.24,123.93,9.03,110,137,0.020828,0.004815,0.504,VoIP
FLW-0001739,VPN-SES-00313,0x7321d753,289.84,5083,7045698,24308.92,1386.13,111.61,1218,1514,0.013989,0.024701,0.059,Video_Streaming
FLW-0001740,VPN-SES-00314,0xd968e8ee,29.04,907,662899,22827.1,730.87,398.76,132,1329,0.344995,0.494809,0.245,Web_Browsing
FLW-0001741,VPN-SES-00314,0xd968e8ee,105.26,1509,209901,1994.12,139.1,13.3,119,159,0.019134,0.004255,0.552,VoIP
FLW-0001742,VPN-SES-00314,0xd968e8ee,53.72,341,84554,1573.98,247.96,131.64,64,445,1.467508,1.255632,0.454,WhatsApp
FLW-0001743,VPN-SES-00315,0x296dedc0,14.98,88,63242,4221.76,718.66,376.38,154,1283,0.36241,0.483581,0.313,Web_Browsing
FLW-0001744,VPN-SES-00315,0x296dedc0,26.45,379,275457,10414.25,726.8,385.15,149,1304,0.460986,0.526166,0.256,Web_Browsing
FLW-0001745,VPN-SES-00315,0x296dedc0,141.46,2937,4042163,28574.6,1376.29,111.54,1208,1514,0.013041,0.0258,0.056,Video_Streaming
FLW-0001746,VPN-SES-00315,0x296dedc0,25.65,898,642492,25048.42,715.47,405.26,107,1323,0.518009,0.520657,0.273,Web_Browsing
FLW-0001747,VPN-SES-00315,0x296dedc0,20.45,285,32658,1596.97,114.59,16.95,89,140,0.020176,0.003248,0.453,VoIP
FLW-0001748,VPN-SES-00315,0x296dedc0,28.03,1065,907763,32385.41,852.36,321.66,369,1334,0.633849,0.516515,0.576,Email_IMAP
FLW-0001749,VPN-SES-00315,0x296dedc0,34.85,857,729289,20926.51,850.98,332.16,352,1349,0.658851,0.489818,0.682,Email_IMAP
FLW-0001750,VPN-SES-00316,0x2d75f901,6.13,207,18561,3027.9,89.67,3.21,84,94,0.999591,0.008045,0.491,ICMP
FLW-0001751,VPN-SES-00316,0x2d75f901,30.71,318,276841,9014.69,870.57,324.32,384,1357,0.691788,0.433102,0.6,Email_IMAP
FLW-0001752,VPN-SES-00316,0x2d75f901,36.25,985,724201,19977.96,735.23,376.02,171,1299,0.472056,0.508167,0.324,Web_Browsing
FLW-0001753,VPN-SES-00316,0x2d75f901,103.86,2256,297024,2859.85,131.66,7.64,120,143,0.019287,0.004232,0.498,VoIP
FLW-0001754,VPN-SES-00316,0x2d75f901,241.38,2814,3867955,16024.34,1374.54,118.13,1197,1514,0.012703,0.025131,0.083,Video_Streaming
FLW-0001755,VPN-SES-00316,0x2d75f901,34.72,413,295501,8510.97,715.5,392.55,126,1304,0.390896,0.532846,0.323,Web_Browsing
FLW-0001756,VPN-SES-00316,0x2d75f901,175.13,3821,5209818,29748.29,1363.47,107.25,1202,1514,0.016283,0.027893,0.055,Video_Streaming
FLW-0001757,VPN-SES-00317,0xf957967a,37.88,1467,1043301,27542.27,711.18,387.65,129,1292,0.538766,0.441767,0.244,Web_Browsing
FLW-0001758,VPN-SES-00317,0xf957967a,179.87,5538,1344072,7472.46,242.7,135.03,64,445,1.350654,1.174722,0.459,WhatsApp
FLW-0001759,VPN-SES-00317,0xf957967a,187.99,4555,6170294,32822.46,1354.62,106.61,1194,1514,0.012237,0.02431,0.025,Video_Streaming
FLW-0001760,VPN-SES-00317,0xf957967a,7.5,288,201084,26811.2,698.21,375.89,134,1262,0.517324,0.56281,0.316,Web_Browsing
FLW-0001761,VPN-SES-00317,0xf957967a,6.87,58,49312,7177.87,850.21,310.77,384,1316,0.683523,0.47858,0.632,Email_IMAP
FLW-0001762,VPN-SES-00317,0xf957967a,128.73,1401,302377,2348.92,215.83,123.06,64,400,1.395101,1.153594,0.503,WhatsApp
FLW-0001763,VPN-SES-00318,0xc99e6f7b,58.88,1971,1422529,24159.8,721.73,382.65,147,1295,0.456365,0.534281,0.289,Web_Browsing
FLW-0001764,VPN-SES-00318,0xc99e6f7b,18.53,366,263809,14236.86,720.79,377.85,154,1287,0.456097,0.52423,0.288,Web_Browsing
FLW-0001765,VPN-SES-00318,0xc99e6f7b,16.58,646,468072,28231.12,724.57,390.74,138,1310,0.469887,0.46755,0.307,Web_Browsing
FLW-0001766,VPN-SES-00318,0xc99e6f7b,5.87,188,132278,22534.58,703.61,371.35,146,1260,0.475189,0.52582,0.243,Web_Browsing
FLW-0001767,VPN-SES-00318,0xc99e6f7b,204.54,425,584549,2857.87,1375.41,105.15,1217,1514,0.010175,0.027359,0.081,Video_Streaming
FLW-0001768,VPN-SES-00318,0xc99e6f7b,23.54,56,48147,2045.33,859.77,315.63,386,1333,0.558899,0.513908,0.638,Email_IMAP
FLW-0001769,VPN-SES-00318,0xc99e6f7b,7.64,299,26766,3503.4,89.52,9.76,74,104,0.999895,0.009713,0.513,ICMP
FLW-0001770,VPN-SES-00318,0xc99e6f7b,18.77,439,39114,2083.86,89.1,1.5,86,91,1.000182,0.009501,0.52,ICMP
FLW-0001771,VPN-SES-00319,0x99c2fba5,26.27,911,676353,25746.21,742.43,373.97,181,1303,0.325116,0.399913,0.275,Web_Browsing
FLW-0001772,VPN-SES-00319,0x99c2fba5,24.66,176,15847,642.62,90.04,5.66,81,98,1.000199,0.008397,0.446,ICMP
FLW-0001773,VPN-SES-00319,0x99c2fba5,72.98,935,227719,3120.29,243.55,131.08,64,440,1.32974,0.917714,0.494,WhatsApp
FLW-0001774,VPN-SES-00319,0x99c2fba5,11.59,403,102869,8875.67,255.26,132.22,64,453,1.260167,1.104901,0.439,WhatsApp
FLW-0001775,VPN-SES-00319,0x99c2fba5,94.63,2976,394915,4173.25,132.7,18.65,104,160,0.018939,0.00388,0.514,VoIP
FLW-0001776,VPN-SES-00319,0x99c2fba5,11.51,69,6486,563.51,94.0,1.79,91,96,0.998163,0.010567,0.481,ICMP
FLW-0001777,VPN-SES-00319,0x99c2fba5,29.63,511,426235,14385.25,834.12,317.03,358,1309,0.716228,0.432588,0.672,Email_IMAP
FLW-0001778,VPN-SES-00320,0x4bf85406,106.34,2543,318256,2992.82,125.15,20.71,94,156,0.019923,0.003973,0.492,VoIP
FLW-0001779,VPN-SES-00320,0x4bf85406,24.25,613,524954,21647.59,856.37,324.25,369,1342,0.586831,0.401585,0.586,Email_IMAP
FLW-0001780,VPN-SES-00320,0x4bf85406,208.16,5050,7092977,34074.64,1404.55,114.24,1233,1514,0.013142,0.022356,0.079,Video_Streaming
FLW-0001781,VPN-SES-00320,0x4bf85406,18.33,614,59312,3235.79,96.6,5.71,88,105,0.998535,0.01016,0.487,ICMP
FLW-0001782,VPN-SES-00320,0x4bf85406,47.65,357,489379,10270.28,1370.81,115.87,1197,1514,0.006234,0.026412,0.081,Video_Streaming
FLW-0001783,VPN-SES-00320,0x4bf85406,5.37,76,6645,1237.43,87.44,1.5,85,89,0.999665,0.010282,0.495,ICMP
FLW-0001784,VPN-SES-00321,0xfefe02c3,29.19,987,853952,29254.95,865.2,334.1,364,1366,0.615729,0.372817,0.645,Email_IMAP
FLW-0001785,VPN-SES-00321,0xfefe02c3,113.48,650,91129,803.04,140.2,21.14,108,171,0.019347,0.00395,0.466,VoIP
FLW-0001786,VPN-SES-00321,0xfefe02c3,28.79,890,647661,22496.04,727.71,369.19,173,1281,0.42749,0.449783,0.284,Web_Browsing
FLW-0001787,VPN-SES-00321,0xfefe02c3,11.69,288,206092,17629.77,715.6,381.41,143,1287,0.451676,0.450667,0.299,Web_Browsing
FLW-0001788,VPN-SES-00321,0xfefe02c3,94.25,2306,552079,5857.6,239.41,122.09,64,422,1.769753,1.152407,0.475,WhatsApp
FLW-0001789,VPN-SES-00321,0xfefe02c3,107.8,2054,281356,2609.98,136.98,32.73,87,186,0.019913,0.004139,0.47,VoIP
FLW-0001790,VPN-SES-00321,0xfefe02c3,44.18,948,112082,2536.94,118.23,16.41,93,142,0.020111,0.004133,0.517,VoIP
FLW-0001791,VPN-SES-00321,0xfefe02c3,22.4,49,42279,1887.46,862.85,310.31,397,1328,0.586653,0.425412,0.612,Email_IMAP
FLW-0001792,VPN-SES-00322,0x7450dd3c,118.89,751,1045850,8796.79,1392.61,100.7,1241,1514,0.01066,0.027383,0.051,Video_Streaming
FLW-0001793,VPN-SES-00322,0x7450dd3c,17.13,62,6418,374.66,103.52,2.88,99,107,1.000385,0.009772,0.52,ICMP
FLW-0001794,VPN-SES-00322,0x7450dd3c,83.43,264,58465,700.77,221.46,127.09,64,412,1.448934,1.158706,0.525,WhatsApp
FLW-0001795,VPN-SES-00322,0x7450dd3c,36.69,757,647469,17647.02,855.31,331.84,357,1353,0.605516,0.509789,0.645,Email_IMAP
FLW-0001796,VPN-SES-00323,0xe72b8154,139.9,5401,1237045,8842.35,229.04,132.46,64,427,1.391546,1.168814,0.473,WhatsApp
FLW-0001797,VPN-SES-00323,0xe72b8154,108.42,916,216459,1996.49,236.31,140.95,64,447,1.383711,1.190906,0.473,WhatsApp
FLW-0001798,VPN-SES-00323,0xe72b8154,111.26,3313,463820,4168.79,140.0,12.57,121,158,0.019632,0.00461,0.487,VoIP
FLW-0001799,VPN-SES-00323,0xe72b8154,53.95,373,275725,5110.75,739.21,387.13,158,1319,0.438401,0.409335,0.279,Web_Browsing
FLW-0001800,VPN-SES-00323,0xe72b8154,46.74,1736,2397797,51300.75,1381.22,119.34,1202,1514,0.017957,0.023288,0.084,Video_Streaming
FLW-0001801,VPN-SES-00323,0xe72b8154,19.31,663,165206,8555.46,249.18,138.59,64,457,1.482284,0.886325,0.475,WhatsApp
FLW-0001802,VPN-SES-00323,0xe72b8154,13.07,78,6562,502.07,84.13,2.38,80,87,1.00147,0.010305,0.534,ICMP
FLW-0001803,VPN-SES-00324,0xbd74dd43,75.27,1903,464522,6171.41,244.1,119.61,64,423,0.98406,1.116369,0.474,WhatsApp
FLW-0001804,VPN-SES-00324,0xbd74dd43,29.39,753,638754,21733.72,848.28,306.39,388,1307,0.600405,0.441248,0.64,Email_IMAP
FLW-0001805,VPN-SES-00324,0xbd74dd43,23.69,848,85020,3588.86,100.26,16.86,74,125,0.998447,0.010881,0.501,ICMP
FLW-0001806,VPN-SES-00325,0x16a61b3d,14.69,392,41685,2837.64,106.34,1.5,104,108,1.001608,0.010295,0.48,ICMP
FLW-0001807,VPN-SES-00325,0x16a61b3d,91.84,2726,653858,7119.53,239.86,128.08,64,431,1.480714,0.970225,0.479,WhatsApp
FLW-0001808,VPN-SES-00325,0x16a61b3d,41.61,364,89085,2140.95,244.74,130.26,64,440,1.622245,1.185143,0.48,WhatsApp
FLW-0001809,VPN-SES-00325,0x16a61b3d,21.35,361,44258,2072.97,122.6,20.37,92,153,0.020242,0.00327,0.491,VoIP
FLW-0001810,VPN-SES-00326,0xa5a340d9,58.36,2236,1570096,26903.63,702.19,390.23,116,1287,0.445436,0.490333,0.307,Web_Browsing
FLW-0001811,VPN-SES-00326,0xa5a340d9,30.96,357,308829,9975.1,865.07,310.97,398,1331,0.645214,0.434917,0.568,Email_IMAP
FLW-0001812,VPN-SES-00326,0xa5a340d9,39.93,1224,136745,3424.62,111.72,16.53,86,136,0.019931,0.003407,0.535,VoIP
FLW-0001813,VPN-SES-00326,0xa5a340d9,59.32,918,109030,1838.0,118.77,18.3,91,146,0.02024,0.003685,0.514,VoIP
FLW-0001814,VPN-SES-00326,0xa5a340d9,202.95,2053,2824106,13915.28,1375.6,102.83,1221,1514,0.01415,0.028729,0.082,Video_Streaming
FLW-0001815,VPN-SES-00327,0xd9070c97,16.28,368,320557,19690.23,871.08,315.83,397,1344,0.542161,0.517056,0.682,Email_IMAP
FLW-0001816,VPN-SES-00327,0xd9070c97,58.31,288,402770,6907.39,1398.51,107.31,1237,1514,0.00767,0.022336,0.01,Video_Streaming
FLW-0001817,VPN-SES-00327,0xd9070c97,47.3,101,24109,509.7,238.71,142.85,64,452,1.376626,1.133256,0.521,WhatsApp
FLW-0001818,VPN-SES-00327,0xd9070c97,8.68,134,12482,1438.02,93.15,20.28,64,123,1.002988,0.009869,0.483,ICMP
FLW-0001819,VPN-SES-00327,0xd9070c97,116.07,2190,543930,4686.22,248.37,127.22,64,439,1.209168,1.240936,0.516,WhatsApp
FLW-0001820,VPN-SES-00328,0x8b122ee5,52.58,1241,151240,2876.38,121.87,7.9,110,133,0.019262,0.004043,0.485,VoIP
FLW-0001821,VPN-SES-00328,0x8b122ee5,29.95,960,111273,3715.29,115.91,26.18,76,155,0.02044,0.004551,0.47,VoIP
FLW-0001822,VPN-SES-00328,0x8b122ee5,200.46,7876,10836430,54057.82,1375.88,116.07,1201,1514,0.01368,0.028831,0.073,Video_Streaming
FLW-0001823,VPN-SES-00329,0xd3f9f409,35.8,607,851123,23774.39,1402.18,114.32,1230,1514,0.015983,0.024191,0.06,Video_Streaming
FLW-0001824,VPN-SES-00329,0xd3f9f409,17.2,174,22781,1324.48,130.93,30.9,84,177,0.020438,0.003967,0.541,VoIP
FLW-0001825,VPN-SES-00329,0xd3f9f409,121.33,1151,245968,2027.26,213.7,118.62,64,391,1.51247,1.101552,0.498,WhatsApp
FLW-0001826,VPN-SES-00329,0xd3f9f409,56.49,1361,980967,17365.32,720.77,384.57,143,1297,0.38892,0.528524,0.31,Web_Browsing
FLW-0001827,VPN-SES-00330,0x84c9c3ad,30.17,327,44030,1459.4,134.65,34.11,83,185,0.020146,0.00411,0.454,VoIP
FLW-0001828,VPN-SES-00330,0x84c9c3ad,81.75,1712,2351637,28766.2,1373.62,108.46,1210,1514,0.015939,0.023472,0.084,Video_Streaming
FLW-0001829,VPN-SES-00330,0x84c9c3ad,11.86,329,32235,2717.96,97.98,2.58,94,101,1.000373,0.009609,0.487,ICMP
FLW-0001830,VPN-SES-00331,0x7df65800,81.09,1309,130297,1606.82,99.54,16.02,75,123,0.019712,0.003794,0.513,VoIP
FLW-0001831,VPN-SES-00331,0x7df65800,259.91,10088,14001135,53869.17,1387.9,111.86,1220,1514,0.015733,0.026439,0.051,Video_Streaming
FLW-0001832,VPN-SES-00331,0x7df65800,45.57,257,60253,1322.21,234.45,132.5,64,433,1.494672,1.253763,0.516,WhatsApp
FLW-0001833,VPN-SES-00331,0x7df65800,144.47,5325,1243387,8606.54,233.5,129.18,64,427,1.510718,1.21748,0.508,WhatsApp
FLW-0001834,VPN-SES-00332,0x209b851a,32.47,1077,925390,28499.85,859.23,309.97,394,1324,0.582572,0.462269,0.63,Email_IMAP
FLW-0001835,VPN-SES-00332,0x209b851a,55.62,1753,397615,7148.78,226.82,130.36,64,422,1.504152,0.973365,0.513,WhatsApp
FLW-0001836,VPN-SES-00332,0x209b851a,23.34,643,60101,2575.02,93.47,14.06,72,114,0.9992,0.008973,0.486,ICMP
FLW-0001837,VPN-SES-00332,0x209b851a,4.77,65,6295,1319.71,96.86,1.5,94,99,0.999676,0.010334,0.495,ICMP
FLW-0001838,VPN-SES-00332,0x209b851a,152.06,2224,3067363,20172.06,1379.21,96.33,1234,1514,0.013469,0.024777,0.108,Video_Streaming
FLW-0001839,VPN-SES-00333,0x7559b365,18.41,633,537246,29182.29,848.73,305.53,390,1307,0.69172,0.465594,0.59,Email_IMAP
FLW-0001840,VPN-SES-00333,0x7559b365,63.85,1504,152866,2394.14,101.64,30.3,64,147,0.020848,0.003005,0.486,VoIP
FLW-0001841,VPN-SES-00333,0x7559b365,86.7,1944,505381,5829.08,259.97,126.19,70,449,1.319049,1.068896,0.446,WhatsApp
FLW-0001842,VPN-SES-00333,0x7559b365,72.48,2181,478816,6606.18,219.54,138.42,64,427,1.095915,1.1272,0.507,WhatsApp
FLW-0001843,VPN-SES-00333,0x7559b365,20.02,65,45668,2281.12,702.59,372.61,143,1261,0.540988,0.526645,0.261,Web_Browsing
FLW-0001844,VPN-SES-00333,0x7559b365,149.26,2473,3448425,23103.48,1394.43,119.65,1214,1514,0.013009,0.02275,0.048,Video_Streaming
FLW-0001845,VPN-SES-00334,0xb535f9d7,7.11,116,83919,11802.95,723.44,378.49,155,1291,0.520422,0.423511,0.235,Web_Browsing
FLW-0001846,VPN-SES-00334,0xb535f9d7,15.82,368,265758,16798.86,722.17,376.07,158,1286,0.402971,0.411597,0.281,Web_Browsing
FLW-0001847,VPN-SES-00334,0xb535f9d7,21.65,829,596357,27545.36,719.37,385.23,141,1297,0.455168,0.49337,0.315,Web_Browsing
FLW-0001848,VPN-SES-00335,0xbefc6ef1,48.07,923,650022,13522.4,704.25,384.29,127,1280,0.324664,0.458082,0.244,Web_Browsing
FLW-0001849,VPN-SES-00335,0xbefc6ef1,149.72,5667,1413236,9439.19,249.38,129.48,64,443,1.397772,0.978259,0.471,WhatsApp
FLW-0001850,VPN-SES-00335,0xbefc6ef1,64.56,2228,246951,3825.14,110.84,21.07,79,142,0.019405,0.004532,0.45,VoIP
FLW-0001851,VPN-SES-00335,0xbefc6ef1,263.68,4255,5830711,22112.83,1370.32,123.42,1185,1514,0.010368,0.021713,0.067,Video_Streaming
FLW-0001852,VPN-SES-00335,0xbefc6ef1,225.3,3888,5343278,23716.28,1374.3,103.31,1219,1514,0.00789,0.031921,0.052,Video_Streaming
FLW-0001853,VPN-SES-00336,0x8974c90b,45.63,1012,219492,4810.26,216.89,141.95,64,429,1.500827,1.015689,0.452,WhatsApp
FLW-0001854,VPN-SES-00336,0x8974c90b,5.23,45,39063,7469.02,868.08,318.02,391,1345,0.519996,0.530426,0.607,Email_IMAP
FLW-0001855,VPN-SES-00336,0x8974c90b,39.82,704,618076,15521.75,877.95,330.23,382,1373,0.582432,0.496494,0.6,Email_IMAP
FLW-0001856,VPN-SES-00336,0x8974c90b,4.2,98,8232,1960.0,84.0,1.5,81,86,1.000596,0.009537,0.491,ICMP
FLW-0001857,VPN-SES-00336,0x8974c90b,17.4,469,344114,19776.67,733.72,380.85,162,1304,0.386753,0.535102,0.286,Web_Browsing
FLW-0001858,VPN-SES-00336,0x8974c90b,19.81,746,62664,3163.25,84.0,7.43,72,95,1.000588,0.01002,0.527,ICMP
FLW-0001859,VPN-SES-00336,0x8974c90b,16.29,633,539271,33104.42,851.93,322.69,367,1335,0.54423,0.468319,0.679,Email_IMAP
FLW-0001860,VPN-SES-00336,0x8974c90b,74.6,280,30256,405.58,108.06,11.92,90,125,0.019574,0.004052,0.468,VoIP
FLW-0001861,VPN-SES-00337,0xfc11a44d,20.83,436,106841,5129.19,245.05,136.77,64,450,1.488167,0.905474,0.51,WhatsApp
FLW-0001862,VPN-SES-00337,0xfc11a44d,158.19,3009,4186271,26463.56,1391.25,116.64,1216,1514,0.013398,0.02555,0.091,Video_Streaming
FLW-0001863,VPN-SES-00337,0xfc11a44d,43.44,1394,1231013,28338.24,883.08,312.38,414,1351,0.722773,0.44612,0.616,Email_IMAP
FLW-0001864,VPN-SES-00337,0xfc11a44d,10.13,73,51213,5055.58,701.56,377.72,134,1268,0.375205,0.476807,0.247,Web_Browsing
FLW-0001865,VPN-SES-00338,0xbcc54c62,15.01,495,45841,3054.03,92.61,1.5,90,94,1.000145,0.008385,0.457,ICMP
FLW-0001866,VPN-SES-00338,0xbcc54c62,53.71,129,16039,298.62,124.34,11.62,106,141,0.020645,0.00409,0.518,VoIP
FLW-0001867,VPN-SES-00338,0xbcc54c62,118.23,3601,5030344,42547.1,1396.93,107.52,1235,1514,0.009846,0.027179,0.075,Video_Streaming
FLW-0001868,VPN-SES-00338,0xbcc54c62,36.7,299,71087,1936.98,237.75,141.13,64,449,1.36498,1.103605,0.481,WhatsApp
FLW-0001869,VPN-SES-00338,0xbcc54c62,174.84,4266,5839215,33397.48,1368.78,110.62,1202,1514,0.017238,0.026112,0.061,Video_Streaming
FLW-0001870,VPN-SES-00339,0xce3e9a90,37.31,1103,792020,21228.09,718.06,382.65,144,1292,0.506232,0.530462,0.27,Web_Browsing
FLW-0001871,VPN-SES-00339,0xce3e9a90,18.38,318,32404,1763.0,101.9,7.84,90,113,0.998489,0.010168,0.435,ICMP
FLW-0001872,VPN-SES-00339,0xce3e9a90,32.01,356,493341,15412.09,1385.79,115.28,1212,1514,0.014803,0.024012,0.069,Video_Streaming
FLW-0001873,VPN-SES-00339,0xce3e9a90,20.87,449,115433,5531.05,257.09,141.31,64,469,1.395187,1.115325,0.513,WhatsApp
FLW-0001874,VPN-SES-00339,0xce3e9a90,37.11,1150,968288,26092.37,841.99,317.42,365,1318,0.740151,0.493884,0.631,Email_IMAP
FLW-0001875,VPN-SES-00339,0xce3e9a90,55.07,2120,1488091,27021.81,701.93,379.6,132,1271,0.405756,0.516552,0.256,Web_Browsing
FLW-0001876,VPN-SES-00339,0xce3e9a90,88.66,337,76731,865.45,227.69,113.48,64,397,1.601598,1.056025,0.485,WhatsApp
FLW-0001877,VPN-SES-00340,0xccbf1583,78.49,2686,3706599,47223.84,1379.97,101.46,1227,1514,0.007279,0.022487,0.038,Video_Streaming
FLW-0001878,VPN-SES-00340,0xccbf1583,13.07,222,22732,1739.25,102.4,1.5,100,104,1.00262,0.011027,0.524,ICMP
FLW-0001879,VPN-SES-00340,0xccbf1583,7.85,306,29547,3763.95,96.56,16.11,72,120,0.999673,0.009969,0.505,ICMP
FLW-0001880,VPN-SES-00340,0xccbf1583,56.32,290,37241,661.24,128.42,23.1,93,163,0.019715,0.003787,0.519,VoIP
FLW-0001881,VPN-SES-00340,0xccbf1583,269.1,3125,4339312,16125.28,1388.58,106.85,1228,1514,0.006048,0.024482,0.079,Video_Streaming
FLW-0001882,VPN-SES-00340,0xccbf1583,53.54,1208,895937,16733.97,741.67,370.42,186,1297,0.418007,0.48053,0.321,Web_Browsing
FLW-0001883,VPN-SES-00341,0x5ab946a2,94.32,2254,269533,2857.64,119.58,10.74,103,135,0.020335,0.003838,0.463,VoIP
FLW-0001884,VPN-SES-00341,0x5ab946a2,27.56,392,278041,10088.57,709.29,393.87,118,1300,0.478816,0.505388,0.273,Web_Browsing
FLW-0001885,VPN-SES-00341,0x5ab946a2,16.41,77,55710,3394.88,723.51,382.24,150,1296,0.471913,0.505742,0.306,Web_Browsing
FLW-0001886,VPN-SES-00341,0x5ab946a2,14.54,501,120380,8279.23,240.28,122.18,64,423,1.29895,0.882308,0.541,WhatsApp
FLW-0001887,VPN-SES-00341,0x5ab946a2,68.42,1771,443369,6480.11,250.35,123.36,65,435,1.353496,1.029944,0.526,WhatsApp
FLW-0001888,VPN-SES-00342,0xeb13f2ec,72.58,1137,117065,1612.91,102.96,18.92,74,131,0.019935,0.004331,0.497,VoIP
FLW-0001889,VPN-SES-00342,0xeb13f2ec,23.95,190,15960,666.39,84.0,1.99,81,86,0.998542,0.01008,0.543,ICMP
FLW-0001890,VPN-SES-00342,0xeb13f2ec,149.47,1619,354771,2373.53,219.13,123.6,64,404,1.308806,1.058021,0.502,WhatsApp
FLW-0001891,VPN-SES-00343,0x3babba12,70.87,1028,244581,3451.12,237.92,133.33,64,437,1.296747,1.125292,0.503,WhatsApp
FLW-0001892,VPN-SES-00343,0x3babba12,4.72,181,16147,3420.97,89.21,10.25,73,104,1.000079,0.011045,0.494,ICMP
FLW-0001893,VPN-SES-00343,0x3babba12,12.86,381,329401,25614.39,864.57,319.68,385,1344,0.643506,0.461652,0.636,Email_IMAP
FLW-0001894,VPN-SES-00343,0x3babba12,102.83,3528,370475,3602.79,105.01,29.47,64,149,0.018884,0.003726,0.497,VoIP
FLW-0001895,VPN-SES-00344,0x95db19d7,54.98,928,672753,12236.32,724.95,392.61,136,1313,0.310628,0.474615,0.216,Web_Browsing
FLW-0001896,VPN-SES-00344,0x95db19d7,16.68,61,7343,440.23,120.38,20.17,90,150,0.020954,0.004048,0.531,VoIP
FLW-0001897,VPN-SES-00344,0x95db19d7,50.4,493,62615,1242.36,127.01,14.52,105,148,0.019155,0.00411,0.455,VoIP
FLW-0001898,VPN-SES-00344,0x95db19d7,18.05,261,28710,1590.58,110.0,2.7,105,114,1.001793,0.00952,0.508,ICMP
FLW-0001899,VPN-SES-00345,0xf1dd7fdf,7.98,121,12161,1523.93,100.51,3.64,95,105,0.999351,0.010392,0.472,ICMP
FLW-0001900,VPN-SES-00345,0xf1dd7fdf,20.2,478,404144,20007.13,845.49,329.94,350,1340,0.699084,0.452965,0.67,Email_IMAP
FLW-0001901,VPN-SES-00345,0xf1dd7fdf,39.4,294,34336,871.47,116.79,28.58,73,159,0.020105,0.00359,0.555,VoIP
FLW-0001902,VPN-SES-00345,0xf1dd7fdf,22.79,60,43913,1926.85,731.89,379.03,163,1300,0.504538,0.479815,0.305,Web_Browsing
FLW-0001903,VPN-SES-00345,0xf1dd7fdf,121.18,340,71845,592.88,211.31,121.84,64,394,1.561578,1.072538,0.486,WhatsApp
FLW-0001904,VPN-SES-00345,0xf1dd7fdf,46.17,542,121321,2627.7,223.84,144.78,64,441,1.596437,1.077925,0.468,WhatsApp
FLW-0001905,VPN-SES-00345,0xf1dd7fdf,84.09,1308,173126,2058.82,132.36,33.86,81,183,0.020572,0.004869,0.472,VoIP
FLW-0001906,VPN-SES-00346,0xb662cb92,57.75,1443,1024775,17745.02,710.17,370.49,154,1265,0.483132,0.50878,0.275,Web_Browsing
FLW-0001907,VPN-SES-00346,0xb662cb92,18.62,731,78736,4228.57,107.71,13.86,86,128,0.997712,0.009403,0.525,ICMP
FLW-0001908,VPN-SES-00346,0xb662cb92,6.79,102,9423,1387.78,92.39,1.5,90,94,1.001528,0.00871,0.491,ICMP
FLW-0001909,VPN-SES-00346,0xb662cb92,20.0,744,75843,3792.15,101.94,1.5,99,104,1.001175,0.009431,0.542,ICMP
FLW-0001910,VPN-SES-00347,0x6166488b,24.76,287,27692,1118.42,96.49,9.37,82,110,1.001119,0.009372,0.438,ICMP
FLW-0001911,VPN-SES-00347,0x6166488b,79.72,667,82928,1040.24,124.33,18.58,96,152,0.020333,0.003909,0.487,VoIP
FLW-0001912,VPN-SES-00347,0x6166488b,18.0,474,352703,19594.61,744.1,368.22,191,1296,0.505046,0.47127,0.27,Web_Browsing
FLW-0001913,VPN-SES-00347,0x6166488b,197.34,884,1216551,6164.75,1376.19,103.57,1220,1514,0.014142,0.028477,0.074,Video_Streaming
FLW-0001914,VPN-SES-00347,0x6166488b,131.12,2691,3716916,28347.44,1381.24,102.11,1228,1514,0.013938,0.030391,0.049,Video_Streaming
FLW-0001915,VPN-SES-00347,0x6166488b,70.95,978,1345229,18960.24,1375.49,105.51,1217,1514,0.010165,0.018137,0.072,Video_Streaming
FLW-0001916,VPN-SES-00347,0x6166488b,4.8,162,14231,2964.79,87.85,1.5,85,90,1.00113,0.008918,0.49,ICMP
FLW-0001917,VPN-SES-00348,0x81980a55,39.05,756,104025,2663.89,137.6,6.73,127,147,0.01908,0.004108,0.534,VoIP
FLW-0001918,VPN-SES-00348,0x81980a55,18.32,588,412252,22502.84,701.11,383.26,126,1276,0.493575,0.397042,0.304,Web_Browsing
FLW-0001919,VPN-SES-00348,0x81980a55,110.2,2254,294192,2669.62,130.52,15.51,107,153,0.020751,0.004455,0.503,VoIP
FLW-0001920,VPN-SES-00348,0x81980a55,18.62,264,24441,1312.62,92.58,1.5,90,94,0.999944,0.01057,0.49,ICMP
FLW-0001921,VPN-SES-00348,0x81980a55,39.78,1146,955339,24015.56,833.63,330.15,338,1328,0.66284,0.432917,0.646,Email_IMAP
FLW-0001922,VPN-SES-00349,0x6256cd59,190.01,7189,10052378,52904.47,1398.3,87.58,1266,1514,0.013628,0.021433,0.075,Video_Streaming
FLW-0001923,VPN-SES-00349,0x6256cd59,93.8,507,700440,7467.38,1381.54,115.09,1208,1514,0.010128,0.020317,0.046,Video_Streaming
FLW-0001924,VPN-SES-00349,0x6256cd59,133.25,2817,689826,5176.93,244.88,138.12,64,452,1.206648,1.212977,0.461,WhatsApp
FLW-0001925,VPN-SES-00350,0x3a064fd2,26.9,396,286842,10663.27,724.35,375.92,160,1288,0.463663,0.544594,0.243,Web_Browsing
FLW-0001926,VPN-SES-00350,0x3a064fd2,85.03,2239,519089,6104.77,231.84,131.48,64,429,1.796261,1.005049,0.541,WhatsApp
FLW-0001927,VPN-SES-00350,0x3a064fd2,34.13,387,342127,10024.23,884.05,319.22,405,1362,0.629875,0.418857,0.618,Email_IMAP
FLW-0001928,VPN-SES-00351,0xe1d18e0b,99.47,2097,2858462,28736.93,1363.12,109.39,1199,1514,0.017613,0.023472,0.053,Video_Streaming
FLW-0001929,VPN-SES-00351,0xe1d18e0b,29.95,827,578560,19317.53,699.59,382.99,125,1274,0.469836,0.503185,0.273,Web_Browsing
FLW-0001930,VPN-SES-00351,0xe1d18e0b,28.85,204,174723,6056.26,856.49,324.02,370,1342,0.648055,0.464174,0.626,Email_IMAP
FLW-0001931,VPN-SES-00351,0xe1d18e0b,12.52,265,194372,15524.92,733.48,385.42,155,1311,0.464465,0.575921,0.293,Web_Browsing
FLW-0001932,VPN-SES-00351,0xe1d18e0b,71.78,919,1282611,17868.64,1395.66,114.86,1223,1514,0.005093,0.028262,0.064,Video_Streaming
FLW-0001933,VPN-SES-00351,0xe1d18e0b,16.35,544,64942,3971.99,119.38,20.25,89,149,0.019793,0.004091,0.482,VoIP
FLW-0001934,VPN-SES-00351,0xe1d18e0b,19.23,541,59510,3094.64,110.0,3.09,105,114,0.999426,0.009075,0.508,ICMP
FLW-0001935,VPN-SES-00351,0xe1d18e0b,167.37,3566,863863,5161.4,242.25,133.11,64,441,1.230503,0.92387,0.499,WhatsApp
FLW-0001936,VPN-SES-00352,0xce006ccb,236.0,4654,6505454,27565.48,1397.82,101.79,1245,1514,0.01796,0.02571,0.06,Video_Streaming
FLW-0001937,VPN-SES-00352,0xce006ccb,11.32,385,35893,3170.76,93.23,1.5,90,95,1.001482,0.009224,0.477,ICMP
FLW-0001938,VPN-SES-00352,0xce006ccb,117.95,3251,818926,6942.99,251.9,114.94,79,424,1.148606,1.098005,0.489,WhatsApp
FLW-0001939,VPN-SES-00352,0xce006ccb,5.21,108,11212,2152.02,103.82,1.59,101,106,1.003796,0.009772,0.493,ICMP
FLW-0001940,VPN-SES-00353,0xfd305556,100.56,2066,2831329,28155.62,1370.44,110.99,1203,1514,0.014306,0.028009,0.015,Video_Streaming
FLW-0001941,VPN-SES-00353,0xfd305556,7.09,140,13307,1876.87,95.05,7.57,83,106,1.000881,0.010007,0.516,ICMP
FLW-0001942,VPN-SES-00353,0xfd305556,27.71,385,327361,11813.82,850.29,332.46,351,1348,0.717002,0.389478,0.588,Email_IMAP
FLW-0001943,VPN-SES-00353,0xfd305556,27.26,243,26107,957.7,107.44,23.42,72,142,0.019229,0.003868,0.514,VoIP
FLW-0001944,VPN-SES-00353,0xfd305556,18.94,430,41800,2206.97,97.21,6.07,88,106,0.998401,0.010595,0.482,ICMP
FLW-0001945,VPN-SES-00353,0xfd305556,130.03,918,216739,1666.84,236.1,131.9,64,433,1.417008,1.102638,0.457,WhatsApp
FLW-0001946,VPN-SES-00353,0xfd305556,41.31,948,811876,19653.26,856.41,320.02,376,1336,0.557182,0.429186,0.632,Email_IMAP
FLW-0001947,VPN-SES-00353,0xfd305556,254.03,4651,6347080,24985.55,1364.67,119.25,1185,1514,0.016761,0.021887,0.101,Video_Streaming
FLW-0001948,VPN-SES-00354,0xc11c377f,16.02,384,36971,2307.8,96.28,7.35,85,107,0.999255,0.010923,0.512,ICMP
FLW-0001949,VPN-SES-00354,0xc11c377f,102.64,1063,1456554,14190.9,1370.23,100.68,1219,1514,0.006524,0.02547,0.077,Video_Streaming
FLW-0001950,VPN-SES-00354,0xc11c377f,12.36,181,19151,1549.43,105.81,3.06,101,110,0.998265,0.009318,0.535,ICMP
FLW-0001951,VPN-SES-00355,0x11a4c2d1,15.25,167,119268,7820.85,714.18,381.15,142,1285,0.369326,0.516829,0.266,Web_Browsing
FLW-0001952,VPN-SES-00355,0x11a4c2d1,161.35,4439,6181573,38311.58,1392.56,116.19,1218,1514,0.010141,0.024683,0.043,Video_Streaming
FLW-0001953,VPN-SES-00355,0x11a4c2d1,62.32,994,102352,1642.36,102.97,11.14,86,119,0.020119,0.00413,0.504,VoIP
FLW-0001954,VPN-SES-00355,0x11a4c2d1,84.25,3239,4458094,52915.06,1376.38,117.46,1200,1514,0.012238,0.026758,0.01,Video_Streaming
FLW-0001955,VPN-SES-00356,0x3ec75a83,45.78,864,63011,1376.39,72.93,20.27,64,103,0.019145,0.003915,0.491,VoIP
FLW-0001956,VPN-SES-00356,0x3ec75a83,44.06,788,109571,2486.86,139.05,21.2,107,170,0.0201,0.004335,0.511,VoIP
FLW-0001957,VPN-SES-00356,0x3ec75a83,76.49,2109,241501,3157.29,114.51,26.57,74,154,0.019334,0.004129,0.454,VoIP
FLW-0001958,VPN-SES-00356,0x3ec75a83,124.38,1073,260148,2091.56,242.45,131.54,64,439,1.676615,0.927853,0.462,WhatsApp
FLW-0001959,VPN-SES-00357,0x126f05f6,56.27,2050,1496233,26590.24,729.87,382.68,155,1303,0.463523,0.452193,0.262,Web_Browsing
FLW-0001960,VPN-SES-00357,0x126f05f6,38.24,765,562229,14702.64,734.94,379.59,165,1304,0.478152,0.494241,0.245,Web_Browsing
FLW-0001961,VPN-SES-00357,0x126f05f6,42.5,787,575462,13540.28,731.21,384.03,155,1307,0.622923,0.449221,0.305,Web_Browsing
FLW-0001962,VPN-SES-00357,0x126f05f6,49.93,838,590169,11819.93,704.26,381.26,132,1276,0.523238,0.396393,0.274,Web_Browsing
FLW-0001963,VPN-SES-00357,0x126f05f6,12.37,336,30656,2478.25,91.24,1.5,88,93,1.000578,0.011121,0.496,ICMP
FLW-0001964,VPN-SES-00357,0x126f05f6,117.41,2939,359939,3065.66,122.47,18.91,94,150,0.020001,0.003564,0.533,VoIP
FLW-0001965,VPN-SES-00357,0x126f05f6,15.32,441,54481,3556.2,123.54,21.16,91,155,0.019516,0.003816,0.495,VoIP
FLW-0001966,VPN-SES-00358,0xc9a807ba,17.84,521,43764,2453.14,84.0,1.5,81,86,0.999099,0.010523,0.48,ICMP
FLW-0001967,VPN-SES-00358,0xc9a807ba,20.94,233,197530,9433.14,847.77,313.48,377,1317,0.619264,0.434076,0.685,Email_IMAP
FLW-0001968,VPN-SES-00358,0xc9a807ba,118.55,2876,381530,3218.3,132.66,26.2,93,171,0.020701,0.0036,0.463,VoIP
FLW-0001969,VPN-SES-00358,0xc9a807ba,81.55,350,37352,458.03,106.72,28.68,64,149,0.019672,0.003499,0.487,VoIP
FLW-0001970,VPN-SES-00358,0xc9a807ba,10.84,248,23594,2176.57,95.14,6.15,85,104,1.000376,0.009172,0.521,ICMP
FLW-0001971,VPN-SES-00358,0xc9a807ba,193.83,3665,5029589,25948.45,1372.33,108.75,1209,1514,0.014575,0.023395,0.043,Video_Streaming
FLW-0001972,VPN-SES-00358,0xc9a807ba,16.86,116,12191,723.07,105.1,1.5,102,107,0.999423,0.010556,0.562,ICMP
FLW-0001973,VPN-SES-00359,0x692c6a0e,222.22,8711,12084421,54380.44,1387.26,113.78,1216,1514,0.013991,0.022317,0.063,Video_Streaming
FLW-0001974,VPN-SES-00359,0x692c6a0e,28.43,234,27995,984.7,119.64,20.57,88,150,0.02007,0.004152,0.491,VoIP
FLW-0001975,VPN-SES-00359,0x692c6a0e,50.78,1224,882136,17371.72,720.7,370.18,165,1275,0.426007,0.569542,0.29,Web_Browsing
FLW-0001976,VPN-SES-00359,0x692c6a0e,38.57,990,237352,6153.8,239.75,145.17,64,457,1.175462,0.97796,0.531,WhatsApp
FLW-0001977,VPN-SES-00359,0x692c6a0e,65.63,2345,282689,4307.31,120.55,16.06,96,144,0.01928,0.004179,0.516,VoIP
FLW-0001978,VPN-SES-00359,0x692c6a0e,95.71,889,1215147,12696.13,1366.87,108.88,1203,1514,0.010742,0.02564,0.026,Video_Streaming
FLW-0001979,VPN-SES-00359,0x692c6a0e,18.7,145,15950,852.94,110.0,11.33,93,126,0.999455,0.009784,0.496,ICMP
FLW-0001980,VPN-SES-00360,0x7f552c9e,6.85,264,23406,3416.93,88.66,1.5,86,90,0.999595,0.011613,0.528,ICMP
FLW-0001981,VPN-SES-00360,0x7f552c9e,98.53,1560,204703,2077.57,131.22,20.96,99,162,0.01933,0.003983,0.529,VoIP
FLW-0001982,VPN-SES-00360,0x7f552c9e,281.58,10404,14200419,50431.21,1364.9,115.09,1192,1514,0.02071,0.027655,0.102,Video_Streaming
FLW-0001983,VPN-SES-00361,0x208e04ac,99.96,1390,1921841,19226.1,1382.62,117.74,1206,1514,0.009308,0.02699,0.08,Video_Streaming
FLW-0001984,VPN-SES-00361,0x208e04ac,26.7,401,49515,1854.49,123.48,28.53,80,166,0.019677,0.003925,0.503,VoIP
FLW-0001985,VPN-SES-00361,0x208e04ac,16.44,224,19183,1166.85,85.64,5.82,76,94,0.997422,0.011047,0.501,ICMP
FLW-0001986,VPN-SES-00361,0x208e04ac,23.78,633,58077,2442.26,91.75,1.5,89,94,0.999648,0.010688,0.516,ICMP
FLW-0001987,VPN-SES-00362,0x6e24038e,47.42,1727,1228812,25913.37,711.53,373.23,151,1271,0.499267,0.463883,0.282,Web_Browsing
FLW-0001988,VPN-SES-00362,0x6e24038e,23.61,176,17510,741.63,99.49,6.5,89,109,1.001287,0.008737,0.443,ICMP
FLW-0001989,VPN-SES-00362,0x6e24038e,31.21,516,440246,14105.93,853.19,334.41,351,1354,0.786497,0.532403,0.614,Email_IMAP
FLW-0001990,VPN-SES-00362,0x6e24038e,56.51,1999,197121,3488.25,98.61,1.5,96,100,0.019632,0.003921,0.539,VoIP
FLW-0001991,VPN-SES-00362,0x6e24038e,12.96,507,370317,28573.84,730.41,381.82,157,1303,0.383262,0.451961,0.288,Web_Browsing
FLW-0001992,VPN-SES-00362,0x6e24038e,51.05,1125,819405,16051.03,728.36,383.14,153,1303,0.372405,0.532533,0.293,Web_Browsing
FLW-0001993,VPN-SES-00363,0xbe133adc,6.59,230,19584,2971.78,85.15,1.5,82,87,1.001033,0.009765,0.548,ICMP
FLW-0001994,VPN-SES-00363,0xbe133adc,16.05,252,26210,1633.02,104.01,1.5,101,106,0.999985,0.010063,0.478,ICMP
FLW-0001995,VPN-SES-00363,0xbe133adc,59.55,1661,380452,6388.78,229.05,135.61,64,432,1.53947,1.166416,0.525,WhatsApp
FLW-0001996,VPN-SES-00363,0xbe133adc,118.02,2965,336527,2851.44,113.5,31.39,66,160,0.019459,0.003595,0.447,VoIP
FLW-0001997,VPN-SES-00363,0xbe133adc,253.53,3957,5439490,21455.02,1374.65,105.97,1215,1514,0.013972,0.02561,0.024,Video_Streaming
FLW-0001998,VPN-SES-00363,0xbe133adc,23.62,277,25841,1094.03,93.29,1.5,91,95,0.997336,0.009019,0.477,ICMP
FLW-0001999,VPN-SES-00363,0xbe133adc,19.45,221,24310,1249.87,110.0,5.53,101,118,1.000993,0.008501,0.536,ICMP
FLW-0002000,VPN-SES-00364,0xeb55daf5,13.94,383,42130,3022.24,110.0,1.5,107,112,0.998942,0.010496,0.519,ICMP
FLW-0002001,VPN-SES-00364,0xeb55daf5,76.48,2314,536524,7015.22,231.86,127.56,64,423,1.301432,1.112146,0.516,WhatsApp
FLW-0002002,VPN-SES-00364,0xeb55daf5,9.94,375,33281,3348.19,88.75,12.01,70,106,0.998827,0.009152,0.525,ICMP
FLW-0002003,VPN-SES-00364,0xeb55daf5,219.3,6889,9583012,43698.19,1391.06,116.81,1215,1514,0.007066,0.023835,0.085,Video_Streaming
FLW-0002004,VPN-SES-00364,0xeb55daf5,28.74,167,20123,700.17,120.5,9.41,106,134,0.020275,0.003714,0.554,VoIP
FLW-0002005,VPN-SES-00364,0xeb55daf5,10.39,355,39050,3758.42,110.0,8.83,96,123,1.002042,0.010065,0.523,ICMP
FLW-0002006,VPN-SES-00365,0x39e7e176,44.93,1267,934703,20803.54,737.73,381.96,164,1310,0.430861,0.414769,0.278,Web_Browsing
FLW-0002007,VPN-SES-00365,0x39e7e176,86.22,776,100786,1168.94,129.88,25.57,91,168,0.020303,0.003783,0.441,VoIP
FLW-0002008,VPN-SES-00365,0x39e7e176,171.57,3841,899024,5239.98,234.06,127.57,64,425,1.348367,1.168041,0.54,WhatsApp
FLW-0002009,VPN-SES-00366,0xbdf01fe0,21.79,195,167988,7709.41,861.48,318.27,384,1338,0.632503,0.455597,0.595,Email_IMAP
FLW-0002010,VPN-SES-00366,0xbdf01fe0,19.17,288,28638,1493.9,99.44,7.61,88,110,1.000315,0.010458,0.513,ICMP
FLW-0002011,VPN-SES-00366,0xbdf01fe0,27.47,866,85508,3112.78,98.74,23.09,64,133,0.019597,0.003562,0.467,VoIP
FLW-0002012,VPN-SES-00366,0xbdf01fe0,61.46,828,203025,3303.37,245.2,128.22,64,437,1.122475,1.152584,0.437,WhatsApp
FLW-0002013,VPN-SES-00366,0xbdf01fe0,19.65,747,74460,3789.31,99.68,5.91,90,108,1.001328,0.011782,0.459,ICMP
FLW-0002014,VPN-SES-00367,0xdb9a6ed5,23.68,547,65295,2757.39,119.37,15.79,95,143,0.02026,0.004086,0.489,VoIP
FLW-0002015,VPN-SES-00367,0xdb9a6ed5,18.04,557,51639,2862.47,92.71,1.5,90,94,1.001482,0.010459,0.528,ICMP
FLW-0002016,VPN-SES-00367,0xdb9a6ed5,36.22,1245,1713468,47307.23,1376.28,104.75,1219,1514,0.007956,0.025897,0.029,Video_Streaming
FLW-0002017,VPN-SES-00368,0xa297eaac,8.49,291,215974,25438.63,742.18,369.54,187,1296,0.470525,0.578343,0.298,Web_Browsing
FLW-0002018,VPN-SES-00368,0xa297eaac,139.44,439,606746,4351.31,1382.11,102.25,1228,1514,0.006818,0.026925,0.105,Video_Streaming
FLW-0002019,VPN-SES-00368,0xa297eaac,104.53,2406,564760,5402.85,234.73,120.89,64,416,0.994402,0.992116,0.477,WhatsApp
FLW-0002020,VPN-SES-00369,0xd891c9c6,262.74,3473,4859386,18495.04,1399.19,115.39,1226,1514,0.013144,0.024,0.043,Video_Streaming
FLW-0002021,VPN-SES-00369,0xd891c9c6,73.25,1433,196134,2677.6,136.87,19.61,107,166,0.018738,0.003731,0.474,VoIP
FLW-0002022,VPN-SES-00369,0xd891c9c6,19.11,626,71013,3716.01,113.44,22.5,79,147,0.019936,0.003969,0.539,VoIP
FLW-0002023,VPN-SES-00370,0x44cb7b9a,176.11,5743,1330308,7553.85,231.64,144.91,64,449,1.289234,1.109812,0.472,WhatsApp
FLW-0002024,VPN-SES-00370,0x44cb7b9a,41.08,176,21380,520.45,121.48,21.56,89,153,0.02026,0.003699,0.466,VoIP
FLW-0002025,VPN-SES-00370,0x44cb7b9a,41.09,682,607007,14772.62,890.04,316.13,415,1364,0.697197,0.377656,0.612,Email_IMAP
FLW-0002026,VPN-SES-00370,0x44cb7b9a,15.22,173,16689,1096.52,96.47,7.78,84,108,0.995916,0.010166,0.466,ICMP
FLW-0002027,VPN-SES-00371,0xa3baf4a3,39.92,369,510655,12791.96,1383.89,101.71,1231,1514,0.008792,0.024316,0.028,Video_Streaming
FLW-0002028,VPN-SES-00371,0xa3baf4a3,52.08,544,388573,7461.08,714.29,370.45,158,1269,0.312512,0.550898,0.241,Web_Browsing
FLW-0002029,VPN-SES-00371,0xa3baf4a3,192.58,2154,2967910,15411.31,1377.86,116.02,1203,1514,0.009694,0.022937,0.067,Video_Streaming
FLW-0002030,VPN-SES-00372,0xa77f199a,12.93,380,41800,3232.79,110.0,1.5,107,112,0.999775,0.008268,0.488,ICMP
FLW-0002031,VPN-SES-00372,0xa77f199a,174.69,927,1279640,7325.2,1380.41,103.16,1225,1514,0.010286,0.021479,0.062,Video_Streaming
FLW-0002032,VPN-SES-00372,0xa77f199a,19.39,686,75460,3891.7,110.0,1.5,107,112,0.999066,0.010503,0.536,ICMP
FLW-0002033,VPN-SES-00372,0xa77f199a,17.56,416,34944,1989.98,84.0,2.65,80,87,1.000425,0.009898,0.426,ICMP
FLW-0002034,VPN-SES-00372,0xa77f199a,30.95,1108,959539,31002.88,866.01,332.15,367,1364,0.657875,0.4036,0.605,Email_IMAP
FLW-0002035,VPN-SES-00373,0xaadda7c8,8.51,297,261728,30755.35,881.24,327.28,390,1372,0.693202,0.466039,0.6,Email_IMAP
FLW-0002036,VPN-SES-00373,0xaadda7c8,21.21,697,165600,7807.64,237.59,129.38,64,431,1.49068,1.265981,0.514,WhatsApp
FLW-0002037,VPN-SES-00373,0xaadda7c8,53.1,789,81243,1530.0,102.97,19.79,73,132,0.020442,0.004248,0.481,VoIP
FLW-0002038,VPN-SES-00374,0xd72fa86e,33.86,694,621109,18343.44,894.97,309.78,430,1359,0.576885,0.460512,0.684,Email_IMAP
FLW-0002039,VPN-SES-00374,0xd72fa86e,37.68,1077,915417,24294.51,849.97,317.87,373,1326,0.722717,0.449196,0.61,Email_IMAP
FLW-0002040,VPN-SES-00374,0xd72fa86e,70.54,2484,314946,4464.79,126.79,20.18,96,157,0.020618,0.004517,0.509,VoIP
FLW-0002041,VPN-SES-00374,0xd72fa86e,35.33,1314,950679,26908.55,723.5,381.71,150,1296,0.486685,0.502759,0.28,Web_Browsing
FLW-0002042,VPN-SES-00375,0x295c663b,110.69,2343,595965,5384.09,254.36,142.13,64,467,1.151254,1.101102,0.459,WhatsApp
FLW-0002043,VPN-SES-00375,0x295c663b,87.1,3095,359855,4131.52,116.27,21.22,84,148,0.020402,0.003955,0.443,VoIP
FLW-0002044,VPN-SES-00375,0x295c663b,207.54,1583,2166208,10437.54,1368.42,117.17,1192,1514,0.001723,0.027969,0.076,Video_Streaming
FLW-0002045,VPN-SES-00375,0x295c663b,106.49,1307,334317,3139.42,255.79,128.41,64,448,1.059868,1.14734,0.518,WhatsApp
FLW-0002046,VPN-SES-00375,0x295c663b,111.44,3254,426599,3828.06,131.1,12.7,112,150,0.020052,0.003787,0.475,VoIP
FLW-0002047,VPN-SES-00375,0x295c663b,20.33,734,80343,3951.94,109.46,1.5,107,111,0.998659,0.008896,0.455,ICMP
FLW-0002048,VPN-SES-00376,0xabd3f580,39.96,257,185492,4641.94,721.76,389.29,137,1305,0.436134,0.424713,0.305,Web_Browsing
FLW-0002049,VPN-SES-00376,0xabd3f580,27.36,694,513719,18776.28,740.23,374.83,177,1302,0.414108,0.525783,0.329,Web_Browsing
FLW-0002050,VPN-SES-00376,0xabd3f580,81.64,477,54263,664.66,113.76,7.34,102,124,0.020379,0.00432,0.5,VoIP
FLW-0002051,VPN-SES-00376,0xabd3f580,9.04,65,5934,656.42,91.3,11.96,73,109,1.000792,0.009232,0.501,ICMP
FLW-0002052,VPN-SES-00377,0x3a44da88,6.86,267,22428,3269.39,84.0,9.49,69,98,0.999607,0.009564,0.499,ICMP
FLW-0002053,VPN-SES-00377,0x3a44da88,32.09,1154,992993,30944.0,860.48,327.16,369,1351,0.689899,0.442962,0.643,Email_IMAP
FLW-0002054,VPN-SES-00377,0x3a44da88,6.62,16,1644,248.34,102.81,1.5,100,105,0.999813,0.009852,0.515,ICMP
FLW-0002055,VPN-SES-00377,0x3a44da88,11.8,448,383308,32483.73,855.6,316.88,380,1330,0.782891,0.492288,0.597,Email_IMAP
FLW-0002056,VPN-SES-00377,0x3a44da88,4.15,116,12162,2930.6,104.85,4.95,97,112,1.000587,0.010137,0.536,ICMP
FLW-0002057,VPN-SES-00377,0x3a44da88,15.22,383,39123,2570.5,102.15,3.5,96,107,1.001563,0.010233,0.504,ICMP
FLW-0002058,VPN-SES-00377,0x3a44da88,298.44,11428,15813723,52987.95,1383.77,109.25,1219,1514,0.012035,0.023533,0.037,Video_Streaming
FLW-0002059,VPN-SES-00378,0xfba332b1,50.28,1819,2488428,49491.41,1368.02,98.86,1219,1514,0.008701,0.024564,0.063,Video_Streaming
FLW-0002060,VPN-SES-00378,0xfba332b1,168.69,754,1038061,6153.66,1376.74,91.15,1240,1513,0.017905,0.027716,0.073,Video_Streaming
FLW-0002061,VPN-SES-00378,0xfba332b1,94.24,886,232920,2471.56,262.89,122.18,79,446,1.711458,0.993826,0.487,WhatsApp
FLW-0002062,VPN-SES-00378,0xfba332b1,58.34,1500,1057065,18119.04,704.71,380.12,134,1274,0.478962,0.492265,0.301,Web_Browsing
FLW-0002063,VPN-SES-00379,0xf9fedd48,15.95,253,25095,1573.35,99.19,1.5,96,101,0.99915,0.010811,0.48,ICMP
FLW-0002064,VPN-SES-00379,0xf9fedd48,56.1,2223,1624968,28965.56,730.98,389.78,146,1315,0.324846,0.556646,0.342,Web_Browsing
FLW-0002065,VPN-SES-00379,0xf9fedd48,113.22,4225,519759,4590.7,123.02,22.79,88,157,0.020622,0.00389,0.505,VoIP
FLW-0002066,VPN-SES-00379,0xf9fedd48,52.35,1364,142169,2715.74,104.23,19.11,75,132,0.020299,0.004206,0.532,VoIP
FLW-0002067,VPN-SES-00379,0xf9fedd48,65.85,1580,364506,5535.4,230.7,125.74,64,419,1.712759,1.083464,0.486,WhatsApp
FLW-0002068,VPN-SES-00379,0xf9fedd48,15.54,221,26343,1695.17,119.2,11.43,102,136,0.020974,0.003789,0.466,VoIP
FLW-0002069,VPN-SES-00379,0xf9fedd48,70.27,555,130197,1852.81,234.59,113.99,64,405,1.292538,0.993506,0.499,WhatsApp
FLW-0002070,VPN-SES-00379,0xf9fedd48,93.65,534,123845,1322.42,231.92,137.1,64,437,1.63075,1.185929,0.474,WhatsApp
FLW-0002071,VPN-SES-00380,0x9772df4a,161.67,4717,1140051,7051.72,241.69,117.8,64,418,1.377926,1.005352,0.501,WhatsApp
FLW-0002072,VPN-SES-00380,0x9772df4a,10.98,245,183963,16754.37,750.87,384.0,174,1326,0.300664,0.481938,0.284,Web_Browsing
FLW-0002073,VPN-SES-00380,0x9772df4a,21.63,208,20602,952.47,99.05,1.5,96,101,1.000368,0.008757,0.472,ICMP
FLW-0002074,VPN-SES-00380,0x9772df4a,125.51,3806,5281776,42082.51,1387.75,101.87,1234,1514,0.014018,0.021576,0.113,Video_Streaming
FLW-0002075,VPN-SES-00380,0x9772df4a,52.72,1887,208909,3962.61,110.71,16.21,86,135,0.020198,0.003774,0.504,VoIP
FLW-0002076,VPN-SES-00381,0xc58f67b6,11.53,273,198443,17211.01,726.9,387.68,145,1308,0.509362,0.491409,0.276,Web_Browsing
FLW-0002077,VPN-SES-00381,0xc58f67b6,24.32,746,662589,27244.61,888.19,327.6,396,1379,0.587777,0.454499,0.61,Email_IMAP
FLW-0002078,VPN-SES-00381,0xc58f67b6,6.68,205,19757,2957.63,96.38,1.5,94,98,0.999382,0.011812,0.517,ICMP
FLW-0002079,VPN-SES-00381,0xc58f67b6,95.32,3228,678235,7115.35,210.11,139.73,64,419,1.579789,1.060479,0.502,WhatsApp
FLW-0002080,VPN-SES-00381,0xc58f67b6,32.34,284,65231,2017.04,229.69,126.24,64,419,1.64726,1.07011,0.424,WhatsApp
FLW-0002081,VPN-SES-00381,0xc58f67b6,28.24,760,90622,3208.99,119.24,17.37,93,145,0.020719,0.004006,0.487,VoIP
FLW-0002082,VPN-SES-00381,0xc58f67b6,4.56,69,60205,13202.85,872.54,320.97,391,1353,0.599373,0.501975,0.626,Email_IMAP
FLW-0002083,VPN-SES-00381,0xc58f67b6,86.22,1573,188822,2190.0,120.04,19.42,90,149,0.019358,0.003789,0.5,VoIP
FLW-0002084,VPN-SES-00382,0x7dfe8745,105.91,682,939564,8871.34,1377.66,120.18,1197,1514,0.012815,0.027137,0.06,Video_Streaming
FLW-0002085,VPN-SES-00382,0x7dfe8745,59.68,1132,829393,13897.34,732.68,383.18,157,1307,0.451007,0.499336,0.251,Web_Browsing
FLW-0002086,VPN-SES-00382,0x7dfe8745,21.23,245,25499,1201.08,104.08,3.68,98,109,0.999247,0.011106,0.462,ICMP
FLW-0002087,VPN-SES-00382,0x7dfe8745,130.1,1104,259362,1993.56,234.93,138.22,64,442,1.452061,1.094736,0.488,WhatsApp
FLW-0002088,VPN-SES-00383,0xc37e3c41,59.47,716,517059,8694.45,722.15,367.87,170,1273,0.423805,0.580826,0.26,Web_Browsing
FLW-0002089,VPN-SES-00383,0xc37e3c41,13.0,128,30231,2325.46,236.18,125.67,64,424,1.385642,1.035856,0.495,WhatsApp
FLW-0002090,VPN-SES-00383,0xc37e3c41,105.76,1768,216350,2045.67,122.37,24.19,86,158,0.019369,0.003864,0.493,VoIP
FLW-0002091,VPN-SES-00384,0x7844a0e3,20.43,399,289462,14168.48,725.47,373.65,164,1285,0.518674,0.559321,0.25,Web_Browsing
FLW-0002092,VPN-SES-00384,0x7844a0e3,12.78,188,17316,1354.93,92.11,1.5,89,94,1.003949,0.00957,0.55,ICMP
FLW-0002093,VPN-SES-00384,0x7844a0e3,34.08,69,7231,212.18,104.8,10.08,89,119,0.019588,0.003662,0.492,VoIP
FLW-0002094,VPN-SES-00384,0x7844a0e3,84.35,1485,165562,1962.8,111.49,11.45,94,128,0.020695,0.00449,0.528,VoIP
FLW-0002095,VPN-SES-00384,0x7844a0e3,107.04,1361,1886740,17626.49,1386.29,110.74,1220,1514,0.010136,0.022617,0.071,Video_Streaming
FLW-0002096,VPN-SES-00385,0xf892464d,45.77,831,586619,12816.67,705.92,372.05,147,1263,0.536468,0.595032,0.292,Web_Browsing
FLW-0002097,VPN-SES-00385,0xf892464d,20.35,581,63910,3140.54,110.0,2.03,106,113,0.997993,0.010612,0.517,ICMP
FLW-0002098,VPN-SES-00385,0xf892464d,19.24,703,605184,31454.47,860.86,318.06,383,1337,0.714949,0.405642,0.597,Email_IMAP
FLW-0002099,VPN-SES-00385,0xf892464d,16.55,426,301565,18221.45,707.9,380.68,136,1278,0.368408,0.465788,0.259,Web_Browsing
FLW-0002100,VPN-SES-00385,0xf892464d,108.16,1284,150061,1387.4,116.87,6.1,107,126,0.020052,0.004499,0.504,VoIP
FLW-0002101,VPN-SES-00386,0xb12ac11c,29.38,675,592987,20183.36,878.5,330.67,382,1374,0.702497,0.453361,0.621,Email_IMAP
FLW-0002102,VPN-SES-00386,0xb12ac11c,13.96,233,24970,1788.68,107.17,1.5,104,109,0.997176,0.010492,0.466,ICMP
FLW-0002103,VPN-SES-00386,0xb12ac11c,33.55,156,132358,3945.1,848.45,320.0,368,1328,0.643579,0.386457,0.625,Email_IMAP
FLW-0002104,VPN-SES-00387,0x30b99830,19.06,484,53041,2782.84,109.59,1.5,107,111,1.001909,0.00844,0.564,ICMP
FLW-0002105,VPN-SES-00387,0x30b99830,65.7,2276,261876,3985.94,115.06,19.16,86,143,0.018865,0.003975,0.507,VoIP
FLW-0002106,VPN-SES-00387,0x30b99830,36.43,413,354754,9737.96,858.97,315.5,385,1332,0.586107,0.500874,0.621,Email_IMAP
FLW-0002107,VPN-SES-00387,0x30b99830,15.24,162,142315,9338.25,878.49,315.79,404,1352,0.620651,0.486702,0.571,Email_IMAP
FLW-0002108,VPN-SES-00387,0x30b99830,7.5,46,32450,4326.67,705.44,388.78,122,1288,0.362105,0.409047,0.336,Web_Browsing
FLW-0002109,VPN-SES-00387,0x30b99830,7.99,218,18312,2291.86,84.0,5.47,75,92,1.000104,0.007189,0.492,ICMP
FLW-0002110,VPN-SES-00388,0x8eba0464,30.97,1232,1706788,55111.01,1385.38,112.83,1216,1514,0.015388,0.024031,0.081,Video_Streaming
FLW-0002111,VPN-SES-00388,0x8eba0464,189.87,451,618650,3258.28,1371.73,98.72,1223,1514,0.007134,0.021345,0.09,Video_Streaming
FLW-0002112,VPN-SES-00388,0x8eba0464,22.67,769,647367,28556.11,841.83,322.19,358,1325,0.63205,0.445381,0.661,Email_IMAP
FLW-0002113,VPN-SES-00388,0x8eba0464,15.03,340,31531,2097.87,92.74,8.89,79,106,1.000056,0.009848,0.569,ICMP
FLW-0002114,VPN-SES-00389,0xea3bce8e,53.04,211,148269,2795.42,702.7,390.31,117,1288,0.49923,0.476024,0.329,Web_Browsing
FLW-0002115,VPN-SES-00389,0xea3bce8e,24.58,892,74928,3048.33,84.0,1.5,81,86,0.998187,0.010412,0.467,ICMP
FLW-0002116,VPN-SES-00389,0xea3bce8e,174.34,359,497286,2852.39,1385.2,108.51,1222,1514,0.010202,0.025972,0.052,Video_Streaming
FLW-0002117,VPN-SES-00389,0xea3bce8e,11.3,331,28115,2488.05,84.94,26.41,64,124,0.999269,0.007782,0.475,ICMP
FLW-0002118,VPN-SES-00390,0x6e7e00e5,17.06,320,225532,13219.93,704.79,386.61,124,1284,0.474124,0.519936,0.269,Web_Browsing
FLW-0002119,VPN-SES-00390,0x6e7e00e5,99.12,262,360682,3638.84,1376.65,107.03,1216,1514,0.011696,0.027088,0.07,Video_Streaming
FLW-0002120,VPN-SES-00390,0x6e7e00e5,30.95,278,240748,7778.61,866.0,324.0,380,1352,0.7097,0.462967,0.631,Email_IMAP
FLW-0002121,VPN-SES-00391,0xc8fc7513,16.22,436,320141,19737.42,734.27,374.68,172,1296,0.385819,0.440704,0.285,Web_Browsing
FLW-0002122,VPN-SES-00391,0xc8fc7513,150.44,3854,5232807,34783.35,1357.76,113.7,1187,1514,0.011591,0.027837,0.04,Video_Streaming
FLW-0002123,VPN-SES-00391,0xc8fc7513,13.16,271,194458,14776.44,717.56,388.98,134,1301,0.553735,0.465992,0.285,Web_Browsing
FLW-0002124,VPN-SES-00391,0xc8fc7513,67.08,2015,248912,3710.67,123.53,20.99,92,155,0.019842,0.004513,0.443,VoIP
FLW-0002125,VPN-SES-00391,0xc8fc7513,250.21,3385,4654205,18601.19,1374.95,113.58,1204,1514,0.013715,0.028382,0.096,Video_Streaming
FLW-0002126,VPN-SES-00392,0x40591fbc,49.45,600,825942,16702.57,1376.57,120.4,1195,1514,0.009322,0.027327,0.114,Video_Streaming
FLW-0002127,VPN-SES-00392,0x40591fbc,164.55,3626,923107,5609.89,254.58,130.85,64,450,1.345257,0.931855,0.489,WhatsApp
FLW-0002128,VPN-SES-00392,0x40591fbc,91.05,744,79325,871.22,106.62,11.65,89,124,0.019286,0.003816,0.499,VoIP
FLW-0002129,VPN-SES-00393,0xca0d3f1f,43.1,1370,168893,3918.63,123.28,13.2,103,143,0.020642,0.003917,0.476,VoIP
FLW-0002130,VPN-SES-00393,0xca0d3f1f,4.55,11,9489,2085.49,862.72,335.71,359,1366,0.672623,0.433671,0.574,Email_IMAP
FLW-0002131,VPN-SES-00393,0xca0d3f1f,71.95,1529,179458,2494.2,117.37,19.88,87,147,0.019767,0.003334,0.474,VoIP
FLW-0002132,VPN-SES-00393,0xca0d3f1f,5.78,46,5060,875.43,110.0,15.47,86,133,0.99867,0.010673,0.465,ICMP
FLW-0002133,VPN-SES-00394,0x8afd2923,101.62,624,85394,840.33,136.85,19.96,106,166,0.02057,0.003314,0.52,VoIP
FLW-0002134,VPN-SES-00394,0x8afd2923,16.17,555,477250,29514.53,859.91,326.82,369,1350,0.711754,0.45296,0.602,Email_IMAP
FLW-0002135,VPN-SES-00394,0x8afd2923,34.11,527,131412,3852.59,249.36,129.52,64,443,1.25599,0.998783,0.436,WhatsApp
FLW-0002136,VPN-SES-00395,0x1624ebdf,297.51,4273,5870589,19732.41,1373.88,118.82,1195,1514,0.012667,0.023676,0.084,Video_Streaming
FLW-0002137,VPN-SES-00395,0x1624ebdf,115.43,2538,279205,2418.83,110.01,18.76,81,138,0.019892,0.004312,0.453,VoIP
FLW-0002138,VPN-SES-00395,0x1624ebdf,9.2,188,133442,14504.57,709.8,366.89,159,1260,0.43053,0.560571,0.265,Web_Browsing
FLW-0002139,VPN-SES-00395,0x1624ebdf,52.85,1998,227512,4304.86,113.87,24.97,76,151,0.020641,0.003965,0.521,VoIP
FLW-0002140,VPN-SES-00395,0x1624ebdf,109.04,1455,155801,1428.84,107.08,29.02,64,150,0.021289,0.004208,0.437,VoIP
FLW-0002141,VPN-SES-00395,0x1624ebdf,145.73,3034,4166592,28591.18,1373.3,114.9,1200,1514,0.010419,0.02818,0.078,Video_Streaming
FLW-0002142,VPN-SES-00396,0xa9802368,11.75,158,14144,1203.74,89.52,4.26,83,95,0.998659,0.009817,0.483,ICMP
FLW-0002143,VPN-SES-00396,0xa9802368,20.77,43,4730,227.73,110.0,20.93,78,141,0.997853,0.008077,0.493,ICMP
FLW-0002144,VPN-SES-00396,0xa9802368,240.0,2881,3923288,16347.03,1361.78,110.37,1196,1514,0.014809,0.028735,0.066,Video_Streaming
FLW-0002145,VPN-SES-00396,0xa9802368,13.13,254,182290,13883.47,717.68,364.17,171,1263,0.451964,0.503564,0.299,Web_Browsing
FLW-0002146,VPN-SES-00396,0xa9802368,20.73,530,47435,2288.23,89.5,1.5,87,91,0.997783,0.007709,0.467,ICMP
FLW-0002147,VPN-SES-00396,0xa9802368,26.88,490,49568,1844.05,101.16,20.69,70,132,0.019689,0.003785,0.47,VoIP
FLW-0002148,VPN-SES-00397,0xca098484,11.0,432,36288,3298.91,84.0,16.07,64,108,0.9985,0.009588,0.456,ICMP
FLW-0002149,VPN-SES-00397,0xca098484,23.35,438,48031,2057.0,109.66,5.15,101,117,0.99876,0.009608,0.55,ICMP
FLW-0002150,VPN-SES-00397,0xca098484,103.39,2412,576757,5578.46,239.12,128.55,64,431,1.244672,0.891596,0.475,WhatsApp
FLW-0002151,VPN-SES-00397,0xca098484,24.2,597,515754,21312.15,863.91,328.8,370,1357,0.498226,0.399371,0.603,Email_IMAP
FLW-0002152,VPN-SES-00397,0xca098484,133.85,5026,6935678,51816.79,1379.96,108.84,1216,1514,0.011544,0.02602,0.033,Video_Streaming
FLW-0002153,VPN-SES-00397,0xca098484,12.86,320,34947,2717.5,109.21,7.47,98,120,0.99952,0.011601,0.547,ICMP
FLW-0002154,VPN-SES-00397,0xca098484,21.04,266,29044,1380.42,109.19,1.5,106,111,1.002368,0.010795,0.56,ICMP
FLW-0002155,VPN-SES-00398,0xc3fdec76,24.85,918,674592,27146.56,734.85,392.63,145,1323,0.515899,0.567435,0.34,Web_Browsing
FLW-0002156,VPN-SES-00398,0xc3fdec76,109.57,1399,1934257,17653.16,1382.6,97.42,1236,1514,0.010847,0.025975,0.062,Video_Streaming
FLW-0002157,VPN-SES-00398,0xc3fdec76,43.84,949,801942,18292.47,845.04,306.95,384,1305,0.599972,0.486348,0.667,Email_IMAP
FLW-0002158,VPN-SES-00399,0x4e144f6a,88.65,2891,378721,4272.09,131.0,26.46,91,170,0.019952,0.003303,0.486,VoIP
FLW-0002159,VPN-SES-00399,0x4e144f6a,7.02,94,80547,11473.93,856.89,316.02,382,1330,0.653692,0.469864,0.646,Email_IMAP
FLW-0002160,VPN-SES-00399,0x4e144f6a,30.42,349,40714,1338.4,116.66,2.77,112,120,0.01971,0.004017,0.537,VoIP
FLW-0002161,VPN-SES-00399,0x4e144f6a,40.73,106,11998,294.57,113.19,22.1,80,146,0.020174,0.004018,0.528,VoIP
FLW-0002162,VPN-SES-00399,0x4e144f6a,38.07,928,790720,20770.16,852.07,315.4,378,1325,0.649197,0.421193,0.635,Email_IMAP
FLW-0002163,VPN-SES-00400,0x3653de2b,45.11,409,45578,1010.37,111.44,19.81,81,141,0.01994,0.004086,0.486,VoIP
FLW-0002164,VPN-SES-00400,0x3653de2b,107.52,346,40111,373.06,115.93,18.77,87,144,0.020121,0.003998,0.551,VoIP
FLW-0002165,VPN-SES-00400,0x3653de2b,34.8,1099,932072,26783.68,848.11,319.49,368,1327,0.54378,0.466744,0.587,Email_IMAP
FLW-0002166,VPN-SES-00400,0x3653de2b,32.93,932,1283047,38962.86,1376.66,107.02,1216,1514,0.013053,0.023618,0.042,Video_Streaming
FLW-0002167,VPN-SES-00400,0x3653de2b,23.91,512,56320,2355.5,110.0,6.28,100,119,0.999158,0.009749,0.549,ICMP
FLW-0002168,VPN-SES-00400,0x3653de2b,33.17,594,509164,15350.14,857.18,314.49,385,1328,0.603763,0.425289,0.602,Email_IMAP
FLW-0002169,VPN-SES-00400,0x3653de2b,24.58,775,654596,26631.24,844.64,311.01,378,1311,0.594021,0.476621,0.609,Email_IMAP
FLW-0002170,VPN-SES-00400,0x3653de2b,144.39,1572,2165445,14997.2,1377.51,120.16,1197,1514,0.016856,0.024295,0.041,Video_Streaming
FLW-0002171,VPN-SES-00401,0x55967e76,38.51,1495,1270196,32983.54,849.63,325.54,361,1337,0.636182,0.432608,0.596,Email_IMAP
FLW-0002172,VPN-SES-00401,0x55967e76,91.16,2855,658819,7227.06,230.76,132.56,64,429,1.182953,1.209436,0.464,WhatsApp
FLW-0002173,VPN-SES-00401,0x55967e76,12.51,219,21067,1684.01,96.2,1.5,93,98,0.999981,0.009672,0.498,ICMP
FLW-0002174,VPN-SES-00401,0x55967e76,44.76,849,1186613,26510.57,1397.66,111.42,1230,1514,0.00902,0.023222,0.078,Video_Streaming
FLW-0002175,VPN-SES-00401,0x55967e76,12.91,163,17930,1388.85,110.0,6.26,100,119,1.001033,0.01061,0.543,ICMP
FLW-0002176,VPN-SES-00401,0x55967e76,25.96,422,40765,1570.3,96.6,23.34,64,131,0.02059,0.003465,0.473,VoIP
FLW-0002177,VPN-SES-00401,0x55967e76,35.93,758,644140,17927.64,849.79,314.17,378,1321,0.617484,0.460917,0.646,Email_IMAP
FLW-0002178,VPN-SES-00402,0x172e35dd,9.68,310,227223,23473.45,732.98,373.3,173,1292,0.386647,0.565791,0.299,Web_Browsing
FLW-0002179,VPN-SES-00402,0x172e35dd,5.84,213,183390,31402.4,860.99,323.79,375,1346,0.647988,0.473606,0.61,Email_IMAP
FLW-0002180,VPN-SES-00402,0x172e35dd,17.77,357,86833,4886.49,243.23,117.92,66,420,1.286516,1.025529,0.469,WhatsApp
FLW-0002181,VPN-SES-00402,0x172e35dd,114.07,297,32337,283.48,108.88,13.73,88,129,0.019091,0.004219,0.498,VoIP
FLW-0002182,VPN-SES-00403,0x6b4d5bbf,14.58,543,45612,3128.4,84.0,1.5,81,86,1.000505,0.009457,0.479,ICMP
FLW-0002183,VPN-SES-00403,0x6b4d5bbf,36.4,854,1177751,32355.8,1379.1,112.75,1209,1514,0.006614,0.026375,0.036,Video_Streaming
FLW-0002184,VPN-SES-00403,0x6b4d5bbf,109.68,525,125884,1147.74,239.78,129.72,64,434,1.313034,0.987397,0.471,WhatsApp
FLW-0002185,VPN-SES-00403,0x6b4d5bbf,13.87,501,370489,26711.54,739.5,369.11,185,1293,0.576923,0.487014,0.281,Web_Browsing
FLW-0002186,VPN-SES-00403,0x6b4d5bbf,107.95,979,104713,970.01,106.96,11.83,89,124,0.019698,0.003582,0.494,VoIP
FLW-0002187,VPN-SES-00403,0x6b4d5bbf,8.86,127,11826,1334.76,93.12,18.81,64,121,0.998251,0.010103,0.507,ICMP
FLW-0002188,VPN-SES-00404,0xdeb6bfdc,143.51,3064,696018,4849.96,227.16,135.49,64,430,1.334276,0.825837,0.5,WhatsApp
FLW-0002189,VPN-SES-00404,0xdeb6bfdc,24.82,925,653605,26333.8,706.6,371.62,149,1264,0.501593,0.482642,0.308,Web_Browsing
FLW-0002190,VPN-SES-00404,0xdeb6bfdc,16.8,429,109189,6499.35,254.52,124.84,67,441,1.530888,1.016899,0.547,WhatsApp
FLW-0002191,VPN-SES-00404,0xdeb6bfdc,86.38,2672,3665128,42430.28,1371.68,118.21,1194,1514,0.015164,0.02579,0.04,Video_Streaming
FLW-0002192,VPN-SES-00404,0xdeb6bfdc,7.07,92,78952,11167.19,858.18,302.77,404,1312,0.665148,0.465733,0.624,Email_IMAP
FLW-0002193,VPN-SES-00405,0xa1206a37,62.75,820,69142,1101.86,84.32,7.87,72,96,0.019551,0.004117,0.509,VoIP
FLW-0002194,VPN-SES-00405,0xa1206a37,13.88,313,224721,16190.27,717.96,385.08,140,1295,0.373032,0.530512,0.294,Web_Browsing
FLW-0002195,VPN-SES-00405,0xa1206a37,18.9,128,110659,5854.97,864.53,318.54,386,1342,0.773575,0.472194,0.591,Email_IMAP
FLW-0002196,VPN-SES-00405,0xa1206a37,33.81,1010,124209,3673.74,122.98,24.02,86,159,0.019647,0.004436,0.511,VoIP
FLW-0002197,VPN-SES-00405,0xa1206a37,59.24,1166,806743,13618.21,691.89,382.4,118,1265,0.419548,0.526859,0.308,Web_Browsing
FLW-0002198,VPN-SES-00405,0xa1206a37,120.55,1391,337094,2796.3,242.34,143.32,64,457,1.370513,1.16873,0.504,WhatsApp
FLW-0002199,VPN-SES-00406,0x2fbc4004,25.55,749,538403,21072.52,718.83,386.23,139,1298,0.4054,0.478872,0.241,Web_Browsing
FLW-0002200,VPN-SES-00406,0x2fbc4004,96.01,1268,307997,3207.97,242.9,132.6,64,441,1.594578,1.187025,0.471,WhatsApp
FLW-0002201,VPN-SES-00406,0x2fbc4004,4.9,173,14532,2965.71,84.0,7.46,72,95,1.001666,0.010755,0.533,ICMP
FLW-0002202,VPN-SES-00406,0x2fbc4004,92.81,1187,139425,1502.26,117.46,14.27,96,138,0.019558,0.003978,0.498,VoIP
FLW-0002203,VPN-SES-00406,0x2fbc4004,21.25,50,5024,236.42,100.48,2.97,96,104,0.9998,0.009223,0.528,ICMP
FLW-0002204,VPN-SES-00406,0x2fbc4004,260.33,5282,7294019,28018.36,1380.92,108.6,1218,1514,0.009197,0.02167,0.099,Video_Streaming
FLW-0002205,VPN-SES-00406,0x2fbc4004,36.89,890,219527,5950.85,246.66,117.01,71,422,1.525918,1.201473,0.484,WhatsApp
FLW-0002206,VPN-SES-00407,0xea948cdf,6.28,248,27280,4343.95,110.0,5.73,101,118,0.997875,0.010365,0.507,ICMP
FLW-0002207,VPN-SES-00407,0xea948cdf,140.6,1915,445735,3170.23,232.76,134.59,64,434,1.124835,1.208962,0.454,WhatsApp
FLW-0002208,VPN-SES-00407,0xea948cdf,65.88,1430,326297,4952.9,228.18,129.09,64,421,1.471441,1.118032,0.458,WhatsApp
FLW-0002209,VPN-SES-00407,0xea948cdf,59.8,2110,1506392,25190.5,713.93,370.94,157,1270,0.433149,0.553751,0.28,Web_Browsing
FLW-0002210,VPN-SES-00408,0x466f4268,20.61,411,102877,4991.61,250.31,141.64,64,462,1.302977,1.079477,0.545,WhatsApp
FLW-0002211,VPN-SES-00408,0x466f4268,176.36,2100,540393,3064.15,257.33,116.62,82,432,1.463879,1.100062,0.505,WhatsApp
FLW-0002212,VPN-SES-00408,0x466f4268,37.21,120,13327,358.16,111.06,11.28,94,127,0.019594,0.003771,0.524,VoIP
FLW-0002213,VPN-SES-00408,0x466f4268,12.88,154,12936,1004.35,84.0,1.5,81,86,0.997316,0.011007,0.538,ICMP
FLW-0002214,VPN-SES-00408,0x466f4268,7.7,87,8184,1062.86,94.08,1.62,91,96,1.00068,0.011474,0.512,ICMP
FLW-0002215,VPN-SES-00408,0x466f4268,43.76,254,28354,647.94,111.63,5.05,104,119,0.019331,0.004029,0.48,VoIP
FLW-0002216,VPN-SES-00408,0x466f4268,53.06,1030,744010,14022.05,722.34,375.58,158,1285,0.370639,0.441148,0.327,Web_Browsing
FLW-0002217,VPN-SES-00409,0xef0ccde7,124.3,3681,5119056,41183.07,1390.67,123.84,1204,1514,0.014025,0.023925,0.1,Video_Streaming
FLW-0002218,VPN-SES-00409,0xef0ccde7,90.83,3002,719279,7918.96,239.6,131.77,64,437,1.392934,0.775841,0.528,WhatsApp
FLW-0002219,VPN-SES-00409,0xef0ccde7,290.71,7737,10722630,36884.28,1385.89,112.64,1216,1514,0.011768,0.025409,0.042,Video_Streaming
FLW-0002220,VPN-SES-00409,0xef0ccde7,55.19,1703,1238762,22445.41,727.4,369.54,173,1281,0.463955,0.528079,0.274,Web_Browsing
FLW-0002221,VPN-SES-00410,0xe2b12838,19.4,52,5327,274.59,102.45,1.5,100,104,0.998551,0.010237,0.52,ICMP
FLW-0002222,VPN-SES-00410,0xe2b12838,272.06,2960,4018200,14769.54,1357.5,114.18,1186,1514,0.009963,0.024518,0.02,Video_Streaming
FLW-0002223,VPN-SES-00410,0xe2b12838,156.93,1243,285616,1820.02,229.78,137.73,64,436,1.405422,1.057894,0.477,WhatsApp
FLW-0002224,VPN-SES-00410,0xe2b12838,12.53,291,30226,2412.29,103.87,7.52,92,115,0.999887,0.011093,0.529,ICMP
FLW-0002225,VPN-SES-00410,0xe2b12838,4.08,123,12664,3103.92,102.96,4.44,96,109,1.000986,0.010314,0.532,ICMP
FLW-0002226,VPN-SES-00410,0xe2b12838,201.26,5636,7838492,38947.09,1390.79,101.85,1238,1514,0.007928,0.023247,0.089,Video_Streaming
FLW-0002227,VPN-SES-00410,0xe2b12838,8.0,127,106817,13352.12,841.08,323.16,356,1325,0.674472,0.502319,0.625,Email_IMAP
FLW-0002228,VPN-SES-00410,0xe2b12838,24.56,479,40236,1638.27,84.0,1.5,81,86,0.998227,0.009462,0.495,ICMP
FLW-0002229,VPN-SES-00411,0xc24a4a6d,54.32,2164,1527805,28126.01,706.01,391.77,118,1293,0.350604,0.567305,0.316,Web_Browsing
FLW-0002230,VPN-SES-00411,0xc24a4a6d,88.43,2833,370499,4189.74,130.78,12.45,112,149,0.020205,0.003489,0.527,VoIP
FLW-0002231,VPN-SES-00411,0xc24a4a6d,80.39,1600,382576,4759.0,239.11,126.73,64,429,1.198082,0.827474,0.449,WhatsApp
FLW-0002232,VPN-SES-00412,0x6a2a83bd,74.87,2850,722047,9644.01,253.35,126.78,64,443,1.372061,1.172111,0.534,WhatsApp
FLW-0002233,VPN-SES-00412,0x6a2a83bd,18.29,685,75350,4119.74,110.0,1.5,107,112,0.997086,0.01236,0.568,ICMP
FLW-0002234,VPN-SES-00412,0x6a2a83bd,43.62,290,209455,4801.81,722.26,369.84,167,1277,0.522242,0.494601,0.277,Web_Browsing
FLW-0002235,VPN-SES-00412,0x6a2a83bd,99.62,624,81575,818.86,130.73,20.67,99,161,0.019289,0.00387,0.52,VoIP
FLW-0002236,VPN-SES-00412,0x6a2a83bd,83.21,2690,339262,4077.18,126.12,20.1,95,156,0.02056,0.003855,0.505,VoIP
FLW-0002237,VPN-SES-00412,0x6a2a83bd,27.62,259,51667,1870.64,199.49,126.4,64,389,1.526044,1.057057,0.466,WhatsApp
FLW-0002238,VPN-SES-00412,0x6a2a83bd,13.33,323,27616,2071.72,85.5,12.03,67,103,1.000823,0.010825,0.448,ICMP
FLW-0002239,VPN-SES-00413,0xde4d89f3,80.2,2801,666834,8314.64,238.07,127.76,64,429,1.353706,1.032237,0.47,WhatsApp
FLW-0002240,VPN-SES-00413,0xde4d89f3,20.48,445,48149,2351.03,108.2,1.5,105,110,1.002666,0.010484,0.499,ICMP
FLW-0002241,VPN-SES-00413,0xde4d89f3,113.66,2061,269743,2373.24,130.88,6.39,121,140,0.019601,0.003952,0.541,VoIP
FLW-0002242,VPN-SES-00413,0xde4d89f3,15.63,301,258691,16550.93,859.44,323.6,374,1344,0.610203,0.471908,0.67,Email_IMAP
FLW-0002243,VPN-SES-00413,0xde4d89f3,51.12,1730,1266273,24770.6,731.95,379.35,162,1300,0.500662,0.528876,0.295,Web_Browsing
FLW-0002244,VPN-SES-00414,0xf8ca5b2e,23.43,631,462737,19749.77,733.34,388.84,150,1316,0.440463,0.532094,0.269,Web_Browsing
FLW-0002245,VPN-SES-00414,0xf8ca5b2e,51.11,903,206714,4044.49,228.92,127.84,64,420,1.387414,0.917226,0.506,WhatsApp
FLW-0002246,VPN-SES-00414,0xf8ca5b2e,196.39,3614,4867299,24783.84,1346.79,131.72,1149,1514,0.017632,0.024347,0.06,Video_Streaming
FLW-0002247,VPN-SES-00414,0xf8ca5b2e,99.14,2564,317012,3197.62,123.64,13.29,103,143,0.020116,0.003942,0.497,VoIP
FLW-0002248,VPN-SES-00414,0xf8ca5b2e,31.91,862,208759,6542.12,242.18,119.49,64,421,1.406529,1.117979,0.484,WhatsApp
FLW-0002249,VPN-SES-00414,0xf8ca5b2e,7.65,177,16887,2207.45,95.41,13.1,75,115,0.99947,0.010227,0.539,ICMP
FLW-0002250,VPN-SES-00414,0xf8ca5b2e,10.5,139,119407,11372.1,859.05,321.72,376,1341,0.643494,0.505682,0.612,Email_IMAP
FLW-0002251,VPN-SES-00415,0x297df05f,55.18,215,300011,5436.95,1395.4,109.17,1231,1514,0.008777,0.026698,0.051,Video_Streaming
FLW-0002252,VPN-SES-00415,0x297df05f,11.96,417,103186,8627.59,247.45,108.16,85,409,1.400859,1.049443,0.448,WhatsApp
FLW-0002253,VPN-SES-00415,0x297df05f,10.27,336,286728,27918.99,853.36,315.41,380,1326,0.646761,0.38847,0.629,Email_IMAP
FLW-0002254,VPN-SES-00415,0x297df05f,15.42,110,12100,784.7,110.0,6.25,100,119,1.001213,0.011095,0.537,ICMP
FLW-0002255,VPN-SES-00415,0x297df05f,19.68,172,151779,7712.35,882.44,316.01,408,1356,0.601502,0.485256,0.641,Email_IMAP
FLW-0002256,VPN-SES-00416,0x842617e7,41.26,645,470404,11400.97,729.31,395.11,136,1321,0.450853,0.521308,0.251,Web_Browsing
FLW-0002257,VPN-SES-00416,0x842617e7,113.17,415,60432,533.99,145.62,15.31,122,168,0.019815,0.003861,0.481,VoIP
FLW-0002258,VPN-SES-00416,0x842617e7,24.68,936,83538,3384.85,89.25,1.5,87,91,0.997951,0.009215,0.558,ICMP
FLW-0002259,VPN-SES-00416,0x842617e7,26.65,1002,129087,4843.79,128.83,25.41,90,166,0.020706,0.004734,0.447,VoIP
FLW-0002260,VPN-SES-00416,0x842617e7,9.03,90,76071,8424.25,845.24,313.57,374,1315,0.618293,0.436474,0.607,Email_IMAP
FLW-0002261,VPN-SES-00416,0x842617e7,19.41,222,160423,8264.97,722.63,380.28,152,1293,0.395787,0.391223,0.25,Web_Browsing
FLW-0002262,VPN-SES-00417,0x27c03e28,215.58,6579,9035664,41913.28,1373.41,108.02,1211,1514,0.007764,0.023773,0.026,Video_Streaming
FLW-0002263,VPN-SES-00417,0x27c03e28,39.85,1002,719926,18065.9,718.49,371.42,161,1275,0.386332,0.434566,0.275,Web_Browsing
FLW-0002264,VPN-SES-00417,0x27c03e28,78.55,198,271180,3452.32,1369.6,117.25,1193,1514,0.013522,0.024825,0.036,Video_Streaming
FLW-0002265,VPN-SES-00418,0xf754d4c3,170.87,2425,3357582,19649.92,1384.57,115.53,1211,1514,0.012535,0.029009,0.074,Video_Streaming
FLW-0002266,VPN-SES-00418,0xf754d4c3,35.25,130,17024,482.95,130.96,19.07,102,159,0.020405,0.003681,0.486,VoIP
FLW-0002267,VPN-SES-00418,0xf754d4c3,4.94,140,120986,24491.09,864.19,322.74,380,1348,0.684264,0.499518,0.577,Email_IMAP
FLW-0002268,VPN-SES-00419,0xd2ce56bd,43.87,275,62785,1431.16,228.31,131.84,64,426,1.28048,1.471555,0.495,WhatsApp
FLW-0002269,VPN-SES-00419,0xd2ce56bd,43.94,1422,1022503,23270.44,719.06,375.88,155,1282,0.413988,0.501507,0.283,Web_Browsing
FLW-0002270,VPN-SES-00419,0xd2ce56bd,30.69,1076,768823,25051.25,714.52,377.81,147,1281,0.550821,0.569225,0.288,Web_Browsing
FLW-0002271,VPN-SES-00419,0xd2ce56bd,97.15,1832,410184,4222.17,223.9,134.31,64,425,1.656457,1.250676,0.502,WhatsApp
FLW-0002272,VPN-SES-00419,0xd2ce56bd,97.53,1005,1404055,14396.13,1397.07,110.43,1231,1514,0.014355,0.023298,0.069,Video_Streaming
FLW-0002273,VPN-SES-00420,0xbfe2ff5c,160.09,3791,970306,6061.0,255.95,125.28,68,443,1.257862,1.110724,0.473,WhatsApp
FLW-0002274,VPN-SES-00420,0xbfe2ff5c,34.63,721,625676,18067.46,867.79,316.37,393,1342,0.765995,0.391965,0.658,Email_IMAP
FLW-0002275,VPN-SES-00420,0xbfe2ff5c,8.41,212,180373,21447.44,850.82,305.63,392,1309,0.666057,0.438543,0.587,Email_IMAP
FLW-0002276,VPN-SES-00420,0xbfe2ff5c,43.95,809,177834,4046.28,219.82,129.93,64,414,1.561013,1.164345,0.482,WhatsApp
FLW-0002277,VPN-SES-00420,0xbfe2ff5c,54.38,371,269253,4951.32,725.75,379.78,156,1295,0.342771,0.428955,0.274,Web_Browsing
FLW-0002278,VPN-SES-00420,0xbfe2ff5c,38.43,145,34520,898.26,238.07,136.81,64,443,1.524955,1.166565,0.472,WhatsApp
FLW-0002279,VPN-SES-00421,0x92e847ae,28.62,437,307398,10740.67,703.43,383.3,128,1278,0.489388,0.380573,0.255,Web_Browsing
FLW-0002280,VPN-SES-00421,0x92e847ae,18.49,256,182197,9853.81,711.71,380.95,140,1283,0.389748,0.498093,0.274,Web_Browsing
FLW-0002281,VPN-SES-00421,0x92e847ae,11.8,97,9320,789.83,96.09,1.5,93,98,0.999042,0.00892,0.511,ICMP
FLW-0002282,VPN-SES-00421,0x92e847ae,11.73,186,135194,11525.49,726.85,373.84,166,1287,0.564048,0.48427,0.326,Web_Browsing
FLW-0002283,VPN-SES-00422,0xc033ee83,12.92,312,265914,20581.58,852.29,303.79,396,1307,0.677148,0.461185,0.621,Email_IMAP
FLW-0002284,VPN-SES-00422,0xc033ee83,44.39,1741,1240096,27936.38,712.29,379.72,142,1281,0.411656,0.484883,0.305,Web_Browsing
FLW-0002285,VPN-SES-00422,0xc033ee83,5.57,176,17636,3166.25,100.21,8.88,86,113,0.999652,0.009658,0.465,ICMP
FLW-0002286,VPN-SES-00422,0xc033ee83,125.96,3816,898896,7136.36,235.56,103.43,80,390,1.302613,1.090994,0.497,WhatsApp
FLW-0002287,VPN-SES-00423,0x615a3eea,19.7,629,538914,27356.04,856.78,322.78,372,1340,0.502864,0.447442,0.57,Email_IMAP
FLW-0002288,VPN-SES-00423,0x615a3eea,44.93,1407,148438,3303.76,105.5,16.5,80,130,0.020766,0.004148,0.501,VoIP
FLW-0002289,VPN-SES-00423,0x615a3eea,44.51,1034,889002,19973.08,859.77,314.29,388,1331,0.613281,0.469232,0.578,Email_IMAP
FLW-0002290,VPN-SES-00423,0x615a3eea,12.21,230,167237,13696.72,727.12,376.89,161,1292,0.511917,0.548055,0.23,Web_Browsing
FLW-0002291,VPN-SES-00423,0x615a3eea,109.06,538,60804,557.53,113.02,11.16,96,129,0.018912,0.003587,0.573,VoIP
FLW-0002292,VPN-SES-00424,0x665f2ea8,35.76,1082,938429,26242.42,867.31,335.34,364,1370,0.705964,0.416617,0.609,Email_IMAP
FLW-0002293,VPN-SES-00424,0x665f2ea8,5.93,87,75434,12720.74,867.06,323.5,381,1352,0.611029,0.38205,0.719,Email_IMAP
FLW-0002294,VPN-SES-00424,0x665f2ea8,24.66,554,53355,2163.63,96.31,1.5,94,98,1.00017,0.009757,0.504,ICMP
FLW-0002295,VPN-SES-00425,0xe94296b6,52.38,1587,1167143,22282.23,735.44,379.0,166,1303,0.362797,0.491918,0.266,Web_Browsing
FLW-0002296,VPN-SES-00425,0xe94296b6,48.48,276,70956,1463.61,257.09,139.37,64,466,1.417742,0.959339,0.443,WhatsApp
FLW-0002297,VPN-SES-00425,0xe94296b6,225.51,6494,8962888,39744.97,1380.18,112.69,1211,1514,0.010595,0.0238,0.042,Video_Streaming
FLW-0002298,VPN-SES-00426,0xe0ef0cd4,23.11,673,484371,20959.37,719.72,360.94,178,1261,0.367401,0.468647,0.316,Web_Browsing
FLW-0002299,VPN-SES-00426,0xe0ef0cd4,55.89,808,186025,3328.41,230.23,131.44,64,427,1.43738,1.242771,0.518,WhatsApp
FLW-0002300,VPN-SES-00426,0xe0ef0cd4,187.53,1357,1871723,9980.93,1379.31,106.2,1220,1514,0.009511,0.024397,0.047,Video_Streaming
FLW-0002301,VPN-SES-00427,0x305474fa,186.03,5789,8027258,43150.34,1386.64,113.36,1216,1514,0.014219,0.028148,0.116,Video_Streaming
FLW-0002302,VPN-SES-00427,0x305474fa,175.98,2988,721602,4100.48,241.5,138.8,64,449,1.341976,1.230351,0.512,WhatsApp
FLW-0002303,VPN-SES-00427,0x305474fa,14.14,122,13420,949.08,110.0,4.75,102,117,0.998997,0.008605,0.499,ICMP
FLW-0002304,VPN-SES-00427,0x305474fa,47.14,1550,1144520,24279.17,738.4,377.52,172,1304,0.508884,0.542198,0.271,Web_Browsing
FLW-0002305,VPN-SES-00427,0x305474fa,52.07,1815,246477,4733.57,135.8,1.5,133,138,0.019266,0.003634,0.475,VoIP
FLW-0002306,VPN-SES-00427,0x305474fa,208.06,6439,8911833,42833.0,1384.04,112.32,1215,1514,0.013477,0.02649,0.031,Video_Streaming
FLW-0002307,VPN-SES-00427,0x305474fa,217.64,1666,2274723,10451.77,1365.38,113.17,1195,1514,0.009637,0.021074,0.089,Video_Streaming
FLW-0002308,VPN-SES-00428,0x8e9e7b8a,39.2,716,627745,16013.9,876.74,332.46,378,1375,0.662623,0.478167,0.661,Email_IMAP
FLW-0002309,VPN-SES-00428,0x8e9e7b8a,13.53,184,16615,1228.01,90.3,12.89,70,109,1.000413,0.010914,0.506,ICMP
FLW-0002310,VPN-SES-00428,0x8e9e7b8a,8.33,82,71795,8618.85,875.56,321.79,392,1358,0.549831,0.515337,0.592,Email_IMAP
FLW-0002311,VPN-SES-00428,0x8e9e7b8a,277.51,6872,9586714,34545.47,1395.04,109.28,1231,1514,0.01641,0.027837,0.073,Video_Streaming
FLW-0002312,VPN-SES-00428,0x8e9e7b8a,157.54,4521,1112618,7062.45,246.1,133.38,64,446,1.067719,1.113016,0.447,WhatsApp
FLW-0002313,VPN-SES-00428,0x8e9e7b8a,240.61,3560,4920098,20448.44,1382.05,100.86,1230,1514,0.007556,0.029012,0.092,Video_Streaming
FLW-0002314,VPN-SES-00428,0x8e9e7b8a,44.17,424,50858,1151.41,119.95,19.48,90,149,0.019851,0.004228,0.48,VoIP
FLW-0002315,VPN-SES-00429,0xbfaf20ec,65.01,2304,303943,4675.33,131.92,15.98,107,155,0.019748,0.004009,0.482,VoIP
FLW-0002316,VPN-SES-00429,0xbfaf20ec,69.83,623,151974,2176.34,243.94,125.7,64,432,1.477306,1.233761,0.458,WhatsApp
FLW-0002317,VPN-SES-00429,0xbfaf20ec,7.45,234,200872,26962.68,858.43,323.69,372,1343,0.62058,0.470894,0.637,Email_IMAP
FLW-0002318,VPN-SES-00429,0xbfaf20ec,70.67,2197,3060421,43305.8,1393.0,105.15,1235,1514,0.008465,0.024231,0.031,Video_Streaming
FLW-0002319,VPN-SES-00429,0xbfaf20ec,96.35,409,100928,1047.51,246.77,120.71,65,427,1.784948,1.242552,0.48,WhatsApp
FLW-0002320,VPN-SES-00430,0x80fbb28e,28.91,1119,973988,33690.35,870.41,306.91,410,1330,0.820328,0.42344,0.616,Email_IMAP
FLW-0002321,VPN-SES-00430,0x80fbb28e,28.56,159,34619,1212.15,217.73,133.89,64,418,1.217453,1.111182,0.464,WhatsApp
FLW-0002322,VPN-SES-00430,0x80fbb28e,9.23,74,6295,682.02,85.07,1.5,82,87,1.000339,0.008719,0.478,ICMP
FLW-0002323,VPN-SES-00430,0x80fbb28e,61.1,268,371973,6087.94,1387.96,130.82,1191,1514,0.013791,0.022707,0.049,Video_Streaming
FLW-0002324,VPN-SES-00430,0x80fbb28e,14.91,96,82596,5539.64,860.38,317.2,384,1336,0.710956,0.459786,0.647,Email_IMAP
FLW-0002325,VPN-SES-00431,0x9839c8e4,44.97,1698,401118,8919.68,236.23,140.6,64,447,1.37253,0.993169,0.545,WhatsApp
FLW-0002326,VPN-SES-00431,0x9839c8e4,123.86,2606,3539208,28574.26,1358.1,104.09,1201,1514,0.009649,0.031271,0.114,Video_Streaming
FLW-0002327,VPN-SES-00431,0x9839c8e4,16.52,36,3960,239.71,110.0,1.5,107,112,1.003639,0.010368,0.529,ICMP
FLW-0002328,VPN-SES-00431,0x9839c8e4,34.43,1342,163938,4761.49,122.16,17.6,95,148,0.019849,0.003916,0.518,VoIP
FLW-0002329,VPN-SES-00431,0x9839c8e4,135.65,2225,543812,4008.93,244.41,129.75,64,439,1.649071,0.773657,0.495,WhatsApp
FLW-0002330,VPN-SES-00432,0x3b945cbb,293.08,1847,2564762,8751.06,1388.61,119.18,1209,1514,0.011757,0.02552,0.09,Video_Streaming
FLW-0002331,VPN-SES-00432,0x3b945cbb,213.38,7414,10363956,48570.42,1397.89,107.6,1236,1514,0.013001,0.029196,0.01,Video_Streaming
FLW-0002332,VPN-SES-00432,0x3b945cbb,77.37,2094,233941,3023.67,111.72,29.73,67,156,0.020656,0.004209,0.487,VoIP
FLW-0002333,VPN-SES-00433,0xa549e631,239.32,2116,2897692,12108.02,1369.42,105.27,1211,1514,0.017805,0.023429,0.063,Video_Streaming
FLW-0002334,VPN-SES-00433,0xa549e631,49.21,785,558103,11341.25,710.96,386.74,130,1291,0.409596,0.49512,0.229,Web_Browsing
FLW-0002335,VPN-SES-00433,0xa549e631,93.41,1622,357878,3831.26,220.64,130.06,64,415,1.181349,1.33156,0.418,WhatsApp
FLW-0002336,VPN-SES-00433,0xa549e631,14.55,527,448160,30801.37,850.4,320.13,370,1330,0.625354,0.400313,0.591,Email_IMAP
FLW-0002337,VPN-SES-00434,0x50e7ca76,43.34,1149,124218,2866.13,108.11,15.71,84,131,0.021171,0.004031,0.535,VoIP
FLW-0002338,VPN-SES-00434,0x50e7ca76,17.44,185,19254,1104.01,104.08,12.91,84,123,0.9958,0.009696,0.539,ICMP
FLW-0002339,VPN-SES-00434,0x50e7ca76,155.57,5712,1331695,8560.1,233.14,144.1,64,449,1.644842,1.048396,0.465,WhatsApp
FLW-0002340,VPN-SES-00434,0x50e7ca76,126.44,505,690759,5463.14,1367.84,104.96,1210,1514,0.007378,0.026072,0.016,Video_Streaming
FLW-0002341,VPN-SES-00434,0x50e7ca76,185.95,6071,8421934,45291.39,1387.24,115.02,1214,1514,0.00577,0.028875,0.075,Video_Streaming
FLW-0002342,VPN-SES-00434,0x50e7ca76,71.1,507,126243,1775.57,249.0,123.93,64,434,1.502693,1.223903,0.477,WhatsApp
FLW-0002343,VPN-SES-00435,0x419fa2f7,55.07,1538,1144302,20779.04,744.02,380.35,173,1314,0.535559,0.51465,0.298,Web_Browsing
FLW-0002344,VPN-SES-00435,0x419fa2f7,26.51,480,335971,12673.37,699.94,382.97,125,1274,0.394877,0.45768,0.332,Web_Browsing
FLW-0002345,VPN-SES-00435,0x419fa2f7,22.01,86,61698,2803.18,717.43,371.97,159,1275,0.423065,0.434977,0.323,Web_Browsing
FLW-0002346,VPN-SES-00435,0x419fa2f7,25.32,401,341511,13487.8,851.65,324.23,365,1337,0.741537,0.427493,0.636,Email_IMAP
FLW-0002347,VPN-SES-00436,0xe58c449e,155.91,1541,2107533,13517.63,1367.64,129.57,1173,1514,0.015511,0.024518,0.037,Video_Streaming
FLW-0002348,VPN-SES-00436,0xe58c449e,43.63,1364,1171171,26843.25,858.63,317.28,382,1334,0.781824,0.394851,0.624,Email_IMAP
FLW-0002349,VPN-SES-00436,0xe58c449e,31.24,683,587229,18797.34,859.78,319.06,381,1338,0.642668,0.444777,0.646,Email_IMAP
FLW-0002350,VPN-SES-00436,0xe58c449e,59.0,1325,327685,5553.98,247.31,133.35,64,447,0.899392,1.132977,0.43,WhatsApp
FLW-0002351,VPN-SES-00436,0xe58c449e,62.66,1015,129676,2069.52,127.76,29.8,83,172,0.019444,0.003895,0.482,VoIP
FLW-0002352,VPN-SES-00436,0xe58c449e,50.4,352,258660,5132.14,734.83,380.76,163,1305,0.579625,0.520688,0.287,Web_Browsing
FLW-0002353,VPN-SES-00436,0xe58c449e,66.28,152,18364,277.07,120.82,24.54,84,157,0.018957,0.004034,0.498,VoIP
FLW-0002354,VPN-SES-00436,0xe58c449e,69.88,141,35068,501.83,248.71,128.5,64,441,1.228609,1.100809,0.448,WhatsApp
FLW-0002355,VPN-SES-00437,0x1cc66163,12.85,400,278760,21693.39,696.9,385.82,118,1275,0.49343,0.523355,0.319,Web_Browsing
FLW-0002356,VPN-SES-00437,0x1cc66163,146.65,954,1308907,8925.38,1372.02,98.55,1224,1514,0.011737,0.024131,0.035,Video_Streaming
FLW-0002357,VPN-SES-00437,0x1cc66163,17.04,518,372462,21858.1,719.04,375.11,156,1281,0.3123,0.477941,0.246,Web_Browsing
FLW-0002358,VPN-SES-00437,0x1cc66163,18.68,731,528352,28284.37,722.78,374.75,160,1284,0.533372,0.580193,0.3,Web_Browsing
FLW-0002359,VPN-SES-00437,0x1cc66163,12.11,228,19152,1581.5,84.0,16.04,64,108,1.002364,0.010019,0.54,ICMP
FLW-0002360,VPN-SES-00437,0x1cc66163,108.77,2691,305105,2805.05,113.38,3.07,108,117,0.019544,0.004692,0.455,VoIP
FLW-0002361,VPN-SES-00437,0x1cc66163,16.74,610,524593,31337.69,859.99,320.27,379,1340,0.615374,0.430042,0.622,Email_IMAP
FLW-0002362,VPN-SES-00437,0x1cc66163,125.42,2891,674325,5376.53,233.25,118.62,64,411,1.43548,1.21807,0.506,WhatsApp
FLW-0002363,VPN-SES-00438,0xddebdd3c,11.52,423,359668,31221.18,850.28,309.99,385,1315,0.630817,0.520551,0.639,Email_IMAP
FLW-0002364,VPN-SES-00438,0xddebdd3c,26.33,591,146833,5576.64,248.45,137.12,64,454,1.469426,1.113267,0.5,WhatsApp
FLW-0002365,VPN-SES-00438,0xddebdd3c,128.0,4383,1023211,7993.84,233.45,118.68,64,411,1.519294,1.236151,0.446,WhatsApp
FLW-0002366,VPN-SES-00438,0xddebdd3c,18.96,516,55655,2935.39,107.86,17.45,81,134,0.999997,0.009182,0.504,ICMP
FLW-0002367,VPN-SES-00438,0xddebdd3c,28.52,918,654892,22962.55,713.39,375.07,150,1275,0.482489,0.419814,0.237,Web_Browsing
FLW-0002368,VPN-SES-00438,0xddebdd3c,88.42,2465,592166,6697.2,240.23,129.82,64,434,1.456687,1.306275,0.483,WhatsApp
FLW-0002369,VPN-SES-00439,0x16c3998e,40.9,681,590549,14438.85,867.18,312.2,398,1335,0.701836,0.426312,0.622,Email_IMAP
FLW-0002370,VPN-SES-00439,0x16c3998e,94.31,1796,213167,2260.28,118.69,26.26,79,158,0.019214,0.003087,0.494,VoIP
FLW-0002371,VPN-SES-00439,0x16c3998e,138.79,325,450326,3244.66,1385.62,111.22,1218,1514,0.016621,0.026093,0.043,Video_Streaming
FLW-0002372,VPN-SES-00439,0x16c3998e,147.27,4537,962252,6533.93,212.09,128.1,64,404,1.569613,1.056875,0.481,WhatsApp
FLW-0002373,VPN-SES-00439,0x16c3998e,152.66,998,244569,1602.05,245.06,121.88,64,427,1.502834,1.280083,0.475,WhatsApp
FLW-0002374,VPN-SES-00439,0x16c3998e,43.37,1416,150733,3475.51,106.45,17.47,80,132,0.018665,0.004135,0.514,VoIP
FLW-0002375,VPN-SES-00439,0x16c3998e,50.02,299,41892,837.5,140.11,16.45,115,164,0.020245,0.003655,0.489,VoIP
FLW-0002376,VPN-SES-00440,0xe26aab27,181.75,4420,6018714,33115.35,1361.7,108.44,1199,1514,0.010855,0.025748,0.041,Video_Streaming
FLW-0002377,VPN-SES-00440,0xe26aab27,90.36,2947,4069807,45039.92,1381.0,107.33,1220,1514,0.010757,0.025201,0.061,Video_Streaming
FLW-0002378,VPN-SES-00440,0xe26aab27,21.9,351,37602,1716.99,107.13,3.03,102,111,0.999475,0.009819,0.479,ICMP
FLW-0002379,VPN-SES-00440,0xe26aab27,10.53,24,2248,213.49,93.68,20.25,64,124,0.998631,0.009721,0.488,ICMP
FLW-0002380,VPN-SES-00440,0xe26aab27,116.02,1876,444668,3832.68,237.03,127.35,64,428,1.446075,0.911881,0.511,WhatsApp
FLW-0002381,VPN-SES-00440,0xe26aab27,22.05,200,25518,1157.28,127.59,8.06,115,139,0.018639,0.003609,0.493,VoIP
FLW-0002382,VPN-SES-00440,0xe26aab27,40.08,1144,1019258,25430.59,890.96,324.35,404,1377,0.527988,0.418966,0.618,Email_IMAP
FLW-0002383,VPN-SES-00441,0x28cc0e29,14.67,478,412533,28120.86,863.04,309.48,398,1327,0.640888,0.417706,0.587,Email_IMAP
FLW-0002384,VPN-SES-00441,0x28cc0e29,16.96,475,48032,2832.08,101.12,10.19,85,116,1.001262,0.010574,0.485,ICMP
FLW-0002385,VPN-SES-00441,0x28cc0e29,201.77,1916,2660500,13185.81,1388.57,112.47,1219,1514,0.012502,0.023471,0.045,Video_Streaming
FLW-0002386,VPN-SES-00441,0x28cc0e29,251.01,4445,6138056,24453.43,1380.89,129.52,1186,1514,0.01313,0.023472,0.035,Video_Streaming
FLW-0002387,VPN-SES-00442,0x3bb7f146,128.6,1136,265937,2067.94,234.1,147.42,64,455,1.334123,1.199756,0.469,WhatsApp
FLW-0002388,VPN-SES-00442,0x3bb7f146,80.87,1901,462190,5715.22,243.13,136.33,64,447,1.305636,1.029478,0.53,WhatsApp
FLW-0002389,VPN-SES-00442,0x3bb7f146,37.55,1011,1407130,37473.5,1391.82,116.33,1217,1514,0.014952,0.026149,0.121,Video_Streaming
FLW-0002390,VPN-SES-00442,0x3bb7f146,74.24,193,23262,313.34,120.53,22.62,86,154,0.019129,0.00367,0.464,VoIP
FLW-0002391,VPN-SES-00442,0x3bb7f146,16.41,487,426266,25975.99,875.29,299.58,425,1324,0.622844,0.315283,0.595,Email_IMAP
FLW-0002392,VPN-SES-00442,0x3bb7f146,110.35,3125,356593,3231.47,114.11,29.08,70,157,0.020238,0.003667,0.532,VoIP
FLW-0002393,VPN-SES-00443,0x33a9654d,20.02,104,89461,4468.58,860.21,320.3,379,1340,0.56882,0.405449,0.595,Email_IMAP
FLW-0002394,VPN-SES-00443,0x33a9654d,207.1,3296,4550325,21971.63,1380.56,110.62,1214,1514,0.01779,0.025963,0.01,Video_Streaming
FLW-0002395,VPN-SES-00443,0x33a9654d,19.1,385,38942,2038.85,101.15,1.5,98,103,0.998551,0.009188,0.48,ICMP
FLW-0002396,VPN-SES-00443,0x33a9654d,131.58,1410,315135,2395.01,223.5,131.63,64,420,1.167218,1.139233,0.547,WhatsApp
FLW-0002397,VPN-SES-00443,0x33a9654d,48.17,1444,1016648,21105.42,704.05,377.72,137,1270,0.260741,0.484953,0.299,Web_Browsing
FLW-0002398,VPN-SES-00443,0x33a9654d,55.79,390,284173,5093.62,728.65,380.62,157,1299,0.516695,0.627303,0.331,Web_Browsing
FLW-0002399,VPN-SES-00443,0x33a9654d,14.16,511,46874,3310.31,91.73,1.5,89,93,0.999391,0.009053,0.514,ICMP
FLW-0002400,VPN-SES-00443,0x33a9654d,31.02,1100,930413,29993.97,845.83,319.42,366,1324,0.706566,0.445469,0.592,Email_IMAP
FLW-0002401,VPN-SES-00444,0xd6807bb4,92.56,2909,4055436,43814.13,1394.1,94.97,1251,1514,0.010771,0.024896,0.06,Video_Streaming
FLW-0002402,VPN-SES-00444,0xd6807bb4,67.44,2085,254724,3777.05,122.17,22.88,87,156,0.019979,0.003853,0.488,VoIP
FLW-0002403,VPN-SES-00444,0xd6807bb4,46.8,1673,1192280,25476.07,712.66,386.3,133,1292,0.40151,0.542339,0.281,Web_Browsing
FLW-0002404,VPN-SES-00444,0xd6807bb4,20.71,148,13577,655.58,91.74,8.95,78,105,0.998909,0.010638,0.506,ICMP
FLW-0002405,VPN-SES-00444,0xd6807bb4,226.6,6745,9259805,40864.1,1372.84,114.23,1201,1514,0.01405,0.027894,0.089,Video_Streaming
FLW-0002406,VPN-SES-00444,0xd6807bb4,166.8,840,206556,1238.35,245.9,120.98,64,427,1.804017,0.945602,0.508,WhatsApp
FLW-0002407,VPN-SES-00444,0xd6807bb4,14.27,66,57101,4001.47,865.18,310.61,399,1331,0.64161,0.446456,0.659,Email_IMAP
FLW-0002408,VPN-SES-00444,0xd6807bb4,5.53,206,18424,3331.65,89.44,1.9,86,92,0.996496,0.011735,0.468,ICMP
FLW-0002409,VPN-SES-00445,0x6fd392e2,32.01,649,469824,14677.41,723.92,379.19,155,1292,0.44265,0.540493,0.33,Web_Browsing
FLW-0002410,VPN-SES-00445,0x6fd392e2,84.32,831,1149289,13630.09,1383.02,115.24,1210,1514,0.013233,0.027544,0.046,Video_Streaming
FLW-0002411,VPN-SES-00445,0x6fd392e2,148.35,1871,473175,3189.59,252.9,138.88,64,461,1.578619,1.027384,0.475,WhatsApp
FLW-0002412,VPN-SES-00445,0x6fd392e2,76.12,2728,335189,4403.43,122.87,7.03,112,133,0.020957,0.003995,0.509,VoIP
FLW-0002413,VPN-SES-00446,0xbb2d2fef,17.49,542,49365,2822.47,91.08,1.5,88,93,0.999094,0.010219,0.52,ICMP
FLW-0002414,VPN-SES-00446,0xbb2d2fef,254.75,9853,13616254,53449.48,1381.94,112.77,1212,1514,0.010736,0.026241,0.104,Video_Streaming
FLW-0002415,VPN-SES-00446,0xbb2d2fef,95.14,1650,409959,4309.01,248.46,136.48,64,453,1.448513,0.934653,0.449,WhatsApp
FLW-0002416,VPN-SES-00446,0xbb2d2fef,40.89,363,314161,7683.08,865.46,319.91,385,1345,0.679689,0.525439,0.642,Email_IMAP
FLW-0002417,VPN-SES-00446,0xbb2d2fef,61.08,1662,224552,3676.36,135.11,18.76,106,163,0.019516,0.003977,0.476,VoIP
FLW-0002418,VPN-SES-00446,0xbb2d2fef,74.76,669,92790,1241.17,138.7,24.32,102,175,0.020312,0.004494,0.439,VoIP
FLW-0002419,VPN-SES-00446,0xbb2d2fef,16.23,152,131793,8120.33,867.06,309.51,402,1331,0.64951,0.435973,0.64,Email_IMAP
FLW-0002420,VPN-SES-00446,0xbb2d2fef,49.2,1329,322601,6556.93,242.74,140.76,64,453,1.300687,1.178003,0.485,WhatsApp
FLW-0002421,VPN-SES-00447,0x9a60b332,71.11,1130,113429,1595.12,100.38,10.65,84,116,0.01991,0.004445,0.514,VoIP
FLW-0002422,VPN-SES-00447,0x9a60b332,42.2,1108,937356,22212.23,845.99,318.88,367,1324,0.786202,0.455005,0.61,Email_IMAP
FLW-0002423,VPN-SES-00447,0x9a60b332,26.96,169,122677,4550.33,725.9,386.11,146,1305,0.415787,0.525129,0.27,Web_Browsing
FLW-0002424,VPN-SES-00447,0x9a60b332,32.6,292,253639,7780.34,868.63,321.36,386,1350,0.682533,0.415837,0.595,Email_IMAP
FLW-0002425,VPN-SES-00447,0x9a60b332,23.31,315,274475,11774.99,871.35,319.36,392,1350,0.66924,0.436212,0.647,Email_IMAP
FLW-0002426,VPN-SES-00448,0xb73a366e,163.26,4945,6788050,41578.16,1372.71,108.92,1209,1514,0.014947,0.027932,0.044,Video_Streaming
FLW-0002427,VPN-SES-00448,0xb73a366e,32.83,137,121042,3686.93,883.52,322.51,399,1367,0.579602,0.466607,0.609,Email_IMAP
FLW-0002428,VPN-SES-00448,0xb73a366e,58.96,1821,1320607,22398.35,725.21,379.66,155,1294,0.455571,0.45442,0.31,Web_Browsing
FLW-0002429,VPN-SES-00449,0xa92033eb,28.73,678,478756,16663.97,706.13,371.13,149,1262,0.477552,0.580142,0.269,Web_Browsing
FLW-0002430,VPN-SES-00449,0xa92033eb,35.79,184,255467,7137.94,1388.41,118.59,1210,1514,0.015055,0.024222,0.027,Video_Streaming
FLW-0002431,VPN-SES-00449,0xa92033eb,96.23,3515,328687,3415.64,93.51,15.9,69,117,0.020707,0.00355,0.521,VoIP
FLW-0002432,VPN-SES-00449,0xa92033eb,174.23,3455,4728513,27139.49,1368.6,110.85,1202,1514,0.014654,0.023351,0.065,Video_Streaming
FLW-0002433,VPN-SES-00449,0xa92033eb,18.36,54,5023,273.58,93.02,9.64,78,107,1.000353,0.010057,0.547,ICMP
FLW-0002434,VPN-SES-00449,0xa92033eb,23.77,443,384501,16175.89,867.95,314.48,396,1339,0.644204,0.446585,0.622,Email_IMAP
FLW-0002435,VPN-SES-00449,0xa92033eb,128.22,3776,1020615,7959.87,270.29,132.97,70,469,1.064076,1.040292,0.422,WhatsApp
FLW-0002436,VPN-SES-00449,0xa92033eb,12.96,95,8933,689.27,94.04,1.5,91,96,0.998693,0.008479,0.512,ICMP
FLW-0002437,VPN-SES-00450,0x2d96dc53,141.53,4675,6451546,45584.3,1380.01,112.42,1211,1514,0.011608,0.021514,0.075,Video_Streaming
FLW-0002438,VPN-SES-00450,0x2d96dc53,5.88,216,190743,32439.29,883.07,323.27,398,1367,0.62125,0.385737,0.593,Email_IMAP
FLW-0002439,VPN-SES-00450,0x2d96dc53,106.69,1236,155043,1453.21,125.44,26.58,85,165,0.020157,0.00432,0.521,VoIP
FLW-0002440,VPN-SES-00451,0xe007fd07,91.38,683,168072,1839.26,246.08,124.73,64,433,1.428697,1.006678,0.481,WhatsApp
FLW-0002441,VPN-SES-00451,0xe007fd07,5.61,75,7647,1363.1,101.97,17.43,75,128,0.998035,0.010482,0.544,ICMP
FLW-0002442,VPN-SES-00451,0xe007fd07,12.44,385,334607,26897.67,869.11,326.66,379,1359,0.689669,0.508425,0.587,Email_IMAP
FLW-0002443,VPN-SES-00451,0xe007fd07,21.08,267,22428,1063.95,84.0,3.95,78,89,0.996758,0.011231,0.537,ICMP
FLW-0002444,VPN-SES-00451,0xe007fd07,131.23,3267,767091,5845.39,234.8,127.03,64,425,1.388063,1.105722,0.484,WhatsApp
FLW-0002445,VPN-SES-00451,0xe007fd07,16.0,282,244409,15275.56,866.7,318.62,388,1344,0.713666,0.470068,0.602,Email_IMAP
FLW-0002446,VPN-SES-00451,0xe007fd07,40.61,734,642998,15833.49,876.02,309.13,412,1339,0.643779,0.493511,0.598,Email_IMAP
FLW-0002447,VPN-SES-00452,0xc2a12a55,45.8,522,377776,8248.38,723.71,384.35,147,1300,0.385461,0.496376,0.275,Web_Browsing
FLW-0002448,VPN-SES-00452,0xc2a12a55,54.1,689,78118,1443.96,113.38,36.41,64,167,0.019542,0.004402,0.488,VoIP
FLW-0002449,VPN-SES-00452,0xc2a12a55,117.68,3841,410833,3491.1,106.96,18.82,78,135,0.020389,0.004368,0.547,VoIP
FLW-0002450,VPN-SES-00452,0xc2a12a55,20.05,156,17160,855.86,110.0,6.0,101,119,0.999005,0.010453,0.492,ICMP
FLW-0002451,VPN-SES-00453,0x15733d10,75.39,331,83117,1102.49,251.11,119.62,71,430,1.790775,1.194165,0.429,WhatsApp
FLW-0002452,VPN-SES-00453,0x15733d10,85.55,926,1269999,14845.11,1371.49,116.53,1196,1514,0.016411,0.021819,0.081,Video_Streaming
FLW-0002453,VPN-SES-00453,0x15733d10,13.05,52,4368,334.71,84.0,3.29,79,88,1.001668,0.009448,0.455,ICMP
FLW-0002454,VPN-SES-00454,0xb91022b8,50.8,1799,219028,4311.57,121.75,13.16,102,141,0.020378,0.003646,0.477,VoIP
FLW-0002455,VPN-SES-00454,0xb91022b8,21.8,480,401160,18401.83,835.75,321.36,353,1317,0.639139,0.396523,0.626,Email_IMAP
FLW-0002456,VPN-SES-00454,0xb91022b8,23.5,817,89870,3824.26,110.0,2.28,106,113,1.000402,0.010273,0.464,ICMP
FLW-0002457,VPN-SES-00454,0xb91022b8,99.78,2465,356636,3574.22,144.68,14.23,123,166,0.020394,0.004308,0.496,VoIP
FLW-0002458,VPN-SES-00455,0x735b36bd,289.28,8234,11422863,39487.22,1387.28,111.97,1219,1514,0.006684,0.024169,0.042,Video_Streaming
FLW-0002459,VPN-SES-00455,0x735b36bd,24.84,292,26998,1086.88,92.46,1.5,90,94,1.00169,0.011602,0.529,ICMP
FLW-0002460,VPN-SES-00455,0x735b36bd,275.08,5148,7182747,26111.48,1395.25,107.24,1234,1514,0.009614,0.023054,0.079,Video_Streaming
FLW-0002461,VPN-SES-00455,0x735b36bd,23.97,134,13496,563.04,100.72,3.38,95,105,1.001943,0.010405,0.475,ICMP
FLW-0002462,VPN-SES-00455,0x735b36bd,238.26,5322,7300879,30642.49,1371.83,115.46,1198,1514,0.015906,0.026379,0.117,Video_Streaming
FLW-0002463,VPN-SES-00456,0x66688530,10.74,156,17160,1597.77,110.0,7.53,98,121,0.998742,0.00869,0.488,ICMP
FLW-0002464,VPN-SES-00456,0x66688530,149.83,440,611177,4079.14,1389.04,124.61,1202,1514,0.013565,0.027922,0.053,Video_Streaming
FLW-0002465,VPN-SES-00456,0x66688530,11.51,41,10146,881.49,247.47,136.59,64,452,1.073367,1.054522,0.508,WhatsApp
FLW-0002466,VPN-SES-00456,0x66688530,31.41,1201,868671,27655.87,723.29,370.43,167,1278,0.267741,0.481711,0.278,Web_Browsing
FLW-0002467,VPN-SES-00456,0x66688530,140.32,5027,6883923,49058.74,1369.39,111.14,1202,1514,0.013899,0.026677,0.01,Video_Streaming
FLW-0002468,VPN-SES-00456,0x66688530,44.03,1337,139355,3165.0,104.23,15.56,80,127,0.020343,0.004196,0.514,VoIP
FLW-0002469,VPN-SES-00456,0x66688530,16.88,98,83829,4966.17,855.4,317.38,379,1331,0.600838,0.484569,0.592,Email_IMAP
FLW-0002470,VPN-SES-00457,0x80c0a4f6,39.43,1418,184623,4682.3,130.2,19.66,100,159,0.019973,0.003737,0.459,VoIP
FLW-0002471,VPN-SES-00457,0x80c0a4f6,34.35,1105,124014,3610.31,112.23,15.36,89,135,0.018579,0.003921,0.528,VoIP
FLW-0002472,VPN-SES-00457,0x80c0a4f6,108.58,560,138213,1272.91,246.81,126.03,64,435,1.407744,1.038822,0.484,WhatsApp
FLW-0002473,VPN-SES-00457,0x80c0a4f6,33.41,190,166911,4995.84,878.48,327.75,386,1370,0.685154,0.42782,0.642,Email_IMAP
FLW-0002474,VPN-SES-00457,0x80c0a4f6,24.83,312,26208,1055.5,84.0,1.98,81,86,1.000876,0.01074,0.52,ICMP
FLW-0002475,VPN-SES-00457,0x80c0a4f6,86.23,1619,200011,2319.51,123.54,16.43,98,148,0.020323,0.003619,0.475,VoIP
FLW-0002476,VPN-SES-00457,0x80c0a4f6,33.45,1295,1114658,33323.11,860.74,321.39,378,1342,0.526771,0.470482,0.643,Email_IMAP
FLW-0002477,VPN-SES-00457,0x80c0a4f6,124.43,882,1216339,9775.29,1379.07,129.0,1185,1514,0.009439,0.024097,0.048,Video_Streaming
FLW-0002478,VPN-SES-00458,0x91c6af40,49.29,1712,203882,4136.38,119.09,15.37,96,142,0.019156,0.003781,0.497,VoIP
FLW-0002479,VPN-SES-00458,0x91c6af40,23.42,463,340184,14525.36,734.74,397.62,138,1331,0.550161,0.461231,0.259,Web_Browsing
FLW-0002480,VPN-SES-00458,0x91c6af40,11.87,173,16623,1400.42,96.09,18.28,68,123,0.999752,0.008672,0.485,ICMP
FLW-0002481,VPN-SES-00458,0x91c6af40,5.28,104,90384,17118.18,869.08,325.52,380,1357,0.636485,0.480754,0.552,Email_IMAP
FLW-0002482,VPN-SES-00459,0x1b6b9944,56.7,1664,1200160,21166.84,721.25,386.89,140,1301,0.387535,0.458183,0.224,Web_Browsing
FLW-0002483,VPN-SES-00459,0x1b6b9944,5.34,195,171420,32101.12,879.08,314.24,407,1350,0.66627,0.477176,0.665,Email_IMAP
FLW-0002484,VPN-SES-00459,0x1b6b9944,132.89,907,1249982,9406.14,1378.15,105.68,1219,1514,0.012649,0.02821,0.055,Video_Streaming
FLW-0002485,VPN-SES-00459,0x1b6b9944,115.66,2070,224677,1942.56,108.54,5.67,100,117,0.019267,0.004346,0.49,VoIP
FLW-0002486,VPN-SES-00459,0x1b6b9944,24.64,637,543176,22044.48,852.71,314.27,381,1324,0.655741,0.439225,0.612,Email_IMAP
FLW-0002487,VPN-SES-00459,0x1b6b9944,15.51,459,50490,3255.32,110.0,16.3,85,134,0.997585,0.010328,0.477,ICMP
FLW-0002488,VPN-SES-00459,0x1b6b9944,34.05,1148,983858,28894.51,857.02,322.47,373,1340,0.635641,0.460371,0.64,Email_IMAP
FLW-0002489,VPN-SES-00459,0x1b6b9944,78.75,2857,352925,4481.59,123.53,12.83,104,142,0.019622,0.003424,0.474,VoIP
FLW-0002490,VPN-SES-00460,0x96423a80,46.15,328,243881,5284.53,743.54,373.66,183,1304,0.360497,0.515996,0.277,Web_Browsing
FLW-0002491,VPN-SES-00460,0x96423a80,9.06,227,21712,2396.47,95.65,15.27,72,118,1.000824,0.00947,0.487,ICMP
FLW-0002492,VPN-SES-00460,0x96423a80,9.38,304,217046,23139.23,713.97,387.0,133,1294,0.426889,0.410342,0.279,Web_Browsing
FLW-0002493,VPN-SES-00460,0x96423a80,7.13,199,167470,23488.08,841.56,337.47,335,1347,0.584817,0.442716,0.628,Email_IMAP
FLW-0002494,VPN-SES-00460,0x96423a80,14.17,263,24864,1754.69,94.54,1.68,92,97,1.000633,0.011526,0.523,ICMP
FLW-0002495,VPN-SES-00460,0x96423a80,143.67,2169,559038,3891.13,257.74,121.63,75,440,1.452365,1.117077,0.491,WhatsApp
FLW-0002496,VPN-SES-00461,0xa1c069ee,11.49,231,170133,14807.05,736.51,378.23,169,1303,0.419587,0.526699,0.227,Web_Browsing
FLW-0002497,VPN-SES-00461,0xa1c069ee,95.85,798,189253,1974.47,237.16,128.93,64,430,1.248141,1.216276,0.448,WhatsApp
FLW-0002498,VPN-SES-00461,0xa1c069ee,24.26,950,815451,33612.98,858.37,322.35,374,1341,0.741358,0.449525,0.648,Email_IMAP
FLW-0002499,VPN-SES-00461,0xa1c069ee,272.97,7984,11085065,40609.1,1388.41,110.99,1221,1514,0.007914,0.021414,0.063,Video_Streaming
FLW-0002500,VPN-SES-00461,0xa1c069ee,32.51,922,104637,3218.61,113.49,25.35,75,151,0.020448,0.003926,0.465,VoIP
FLW-0002501,VPN-SES-00462,0x536c9e18,39.54,873,756131,19123.19,866.13,311.86,398,1333,0.598804,0.405926,0.616,Email_IMAP
FLW-0002502,VPN-SES-00462,0x536c9e18,70.24,1787,453969,6463.11,254.04,129.96,64,448,1.326869,0.932182,0.497,WhatsApp
FLW-0002503,VPN-SES-00462,0x536c9e18,15.7,331,29339,1868.73,88.64,4.94,81,96,0.999469,0.010838,0.495,ICMP
FLW-0002504,VPN-SES-00462,0x536c9e18,50.36,1789,213409,4237.67,119.29,21.89,86,152,0.021264,0.004355,0.497,VoIP
FLW-0002505,VPN-SES-00463,0xf5fa855d,135.92,3840,921753,6781.58,240.04,125.8,64,428,1.243251,1.039197,0.457,WhatsApp
FLW-0002506,VPN-SES-00463,0xf5fa855d,46.67,1526,1110683,23798.65,727.84,371.43,170,1284,0.549991,0.537602,0.281,Web_Browsing
FLW-0002507,VPN-SES-00463,0xf5fa855d,228.03,8801,12145380,53262.2,1380.0,105.54,1221,1514,0.013013,0.02772,0.039,Video_Streaming
FLW-0002508,VPN-SES-00463,0xf5fa855d,30.99,76,7721,249.14,101.6,23.63,66,137,0.020195,0.003552,0.478,VoIP
FLW-0002509,VPN-SES-00463,0xf5fa855d,28.31,984,836094,29533.52,849.69,314.2,378,1320,0.628151,0.438005,0.6,Email_IMAP
FLW-0002510,VPN-SES-00463,0xf5fa855d,64.47,851,196495,3047.85,230.9,128.17,64,423,1.427669,1.065207,0.515,WhatsApp
FLW-0002511,VPN-SES-00463,0xf5fa855d,33.62,639,553437,16461.54,866.1,307.27,405,1327,0.685352,0.477249,0.607,Email_IMAP
FLW-0002512,VPN-SES-00463,0xf5fa855d,39.39,1088,111041,2819.01,102.06,18.06,74,129,0.019995,0.003551,0.456,VoIP
FLW-0002513,VPN-SES-00464,0x67537534,22.53,793,76881,3412.38,96.95,2.14,93,100,0.999374,0.009917,0.467,ICMP
FLW-0002514,VPN-SES-00464,0x67537534,146.25,2571,3534559,24167.92,1374.78,114.27,1203,1514,0.010688,0.02082,0.046,Video_Streaming
FLW-0002515,VPN-SES-00464,0x67537534,40.06,723,612496,15289.47,847.16,322.14,363,1330,0.671522,0.375355,0.643,Email_IMAP
FLW-0002516,VPN-SES-00465,0x2976a39a,209.94,1574,2151107,10246.29,1366.65,122.47,1182,1514,0.011817,0.021884,0.026,Video_Streaming
FLW-0002517,VPN-SES-00465,0x2976a39a,36.72,1114,138336,3767.32,124.18,14.87,101,146,0.019942,0.004645,0.479,VoIP
FLW-0002518,VPN-SES-00465,0x2976a39a,37.38,155,214011,5725.28,1380.72,121.36,1198,1514,0.013014,0.020983,0.075,Video_Streaming
FLW-0002519,VPN-SES-00466,0xf401461a,13.34,90,7563,566.94,84.04,15.25,64,106,0.998766,0.01297,0.544,ICMP
FLW-0002520,VPN-SES-00466,0xf401461a,60.14,568,130889,2176.41,230.44,130.16,64,425,1.524351,1.186203,0.493,WhatsApp
FLW-0002521,VPN-SES-00466,0xf401461a,18.83,159,17490,928.84,110.0,3.02,105,114,0.99945,0.009653,0.526,ICMP
FLW-0002522,VPN-SES-00466,0xf401461a,161.11,4362,1065985,6616.5,244.38,132.33,64,442,1.531214,0.874384,0.489,WhatsApp
FLW-0002523,VPN-SES-00466,0xf401461a,9.78,89,64313,6575.97,722.62,393.35,132,1312,0.335356,0.577859,0.282,Web_Browsing
FLW-0002524,VPN-SES-00466,0xf401461a,45.24,328,238085,5262.71,725.87,393.41,135,1315,0.492057,0.520018,0.287,Web_Browsing
FLW-0002525,VPN-SES-00467,0x6a8d785e,18.45,75,6915,374.8,92.2,3.77,86,97,0.998927,0.009955,0.43,ICMP
FLW-0002526,VPN-SES-00467,0x6a8d785e,27.07,704,172585,6375.51,245.15,129.03,64,438,1.344526,1.124173,0.437,WhatsApp
FLW-0002527,VPN-SES-00467,0x6a8d785e,257.19,1097,1539255,5984.89,1403.15,109.18,1239,1514,0.011453,0.022587,0.061,Video_Streaming
FLW-0002528,VPN-SES-00468,0xb26e67da,14.43,162,17820,1234.93,110.0,12.29,91,128,1.001282,0.010546,0.489,ICMP
FLW-0002529,VPN-SES-00468,0xb26e67da,201.39,1128,1537012,7632.02,1362.6,108.39,1200,1514,0.011115,0.027622,0.069,Video_Streaming
FLW-0002530,VPN-SES-00468,0xb26e67da,39.14,516,453744,11592.85,879.35,329.58,384,1373,0.619187,0.369219,0.662,Email_IMAP
FLW-0002531,VPN-SES-00468,0xb26e67da,60.6,2130,290340,4791.09,136.31,7.07,125,146,0.020906,0.004153,0.505,VoIP
FLW-0002532,VPN-SES-00469,0x9ec7dccb,30.93,429,377254,12197.03,879.38,330.76,383,1375,0.693965,0.471295,0.638,Email_IMAP
FLW-0002533,VPN-SES-00469,0x9ec7dccb,51.24,1894,1354588,26436.14,715.2,379.56,145,1284,0.382326,0.483348,0.269,Web_Browsing
FLW-0002534,VPN-SES-00469,0x9ec7dccb,41.74,1086,773644,18534.83,712.38,381.09,140,1284,0.425701,0.525112,0.231,Web_Browsing
FLW-0002535,VPN-SES-00469,0x9ec7dccb,12.24,206,19907,1626.39,96.64,5.05,89,104,0.999534,0.009828,0.452,ICMP
FLW-0002536,VPN-SES-00469,0x9ec7dccb,23.72,145,125320,5283.31,864.28,325.18,376,1352,0.683314,0.496743,0.626,Email_IMAP
FLW-0002537,VPN-SES-00469,0x9ec7dccb,60.34,1296,1795919,29763.32,1385.74,111.25,1218,1514,0.014578,0.021057,0.033,Video_Streaming
FLW-0002538,VPN-SES-00470,0x7b6a838e,152.82,4312,1116980,7309.12,259.04,110.32,93,424,1.376871,1.22895,0.477,WhatsApp
FLW-0002539,VPN-SES-00470,0x7b6a838e,20.89,281,240294,11502.82,855.14,321.04,373,1336,0.626164,0.451388,0.599,Email_IMAP
FLW-0002540,VPN-SES-00470,0x7b6a838e,45.55,1130,150629,3306.89,133.3,29.39,89,177,0.01992,0.003445,0.484,VoIP
FLW-0002541,VPN-SES-00470,0x7b6a838e,270.25,7241,9976577,36916.1,1377.79,114.04,1206,1514,0.00822,0.023077,0.075,Video_Streaming
FLW-0002542,VPN-SES-00471,0x1f90cd63,121.76,616,857022,7038.62,1391.27,105.03,1233,1514,0.007,0.03321,0.083,Video_Streaming
FLW-0002543,VPN-SES-00471,0x1f90cd63,29.62,512,367001,12390.31,716.8,386.95,136,1297,0.440666,0.543358,0.285,Web_Browsing
FLW-0002544,VPN-SES-00471,0x1f90cd63,39.9,1176,1012653,25379.77,861.1,319.09,382,1339,0.552302,0.537214,0.592,Email_IMAP
FLW-0002545,VPN-SES-00471,0x1f90cd63,240.48,2287,3118736,12968.8,1363.68,108.3,1201,1514,0.008394,0.024871,0.081,Video_Streaming
FLW-0002546,VPN-SES-00471,0x1f90cd63,29.04,322,280764,9668.18,871.94,326.52,382,1361,0.62937,0.452232,0.632,Email_IMAP
FLW-0002547,VPN-SES-00471,0x1f90cd63,26.13,1025,859882,32907.85,838.91,324.56,352,1325,0.551632,0.541816,0.608,Email_IMAP
FLW-0002548,VPN-SES-00471,0x1f90cd63,4.44,105,10056,2264.86,95.78,1.5,93,98,0.999055,0.012274,0.528,ICMP
FLW-0002549,VPN-SES-00471,0x1f90cd63,96.95,1558,157996,1629.66,101.41,30.03,64,146,0.020716,0.003888,0.509,VoIP
FLW-0002550,VPN-SES-00472,0xf987cfb2,108.35,1538,2122163,19586.18,1379.82,125.78,1191,1514,0.009014,0.025365,0.047,Video_Streaming
FLW-0002551,VPN-SES-00472,0xf987cfb2,23.23,266,186944,8047.52,702.8,397.53,106,1299,0.361383,0.511006,0.228,Web_Browsing
FLW-0002552,VPN-SES-00472,0xf987cfb2,34.07,95,81244,2384.62,855.21,323.38,370,1340,0.59433,0.476406,0.612,Email_IMAP
FLW-0002553,VPN-SES-00472,0xf987cfb2,103.78,3299,441802,4257.1,133.92,28.89,90,177,0.019648,0.004031,0.506,VoIP
FLW-0002554,VPN-SES-00472,0xf987cfb2,8.2,219,189967,23166.71,867.43,320.12,387,1347,0.662839,0.439047,0.623,Email_IMAP
FLW-0002555,VPN-SES-00472,0xf987cfb2,17.19,323,82552,4802.33,255.58,135.17,64,458,1.515707,1.179538,0.475,WhatsApp
FLW-0002556,VPN-SES-00472,0xf987cfb2,6.33,173,125222,19782.31,723.83,371.32,166,1280,0.545161,0.360852,0.277,Web_Browsing
FLW-0002557,VPN-SES-00472,0xf987cfb2,9.19,157,17270,1879.22,110.0,1.5,107,112,1.0006,0.009319,0.489,ICMP
FLW-0002558,VPN-SES-00473,0xcffa749e,12.72,32,3499,275.08,109.35,5.58,100,117,0.996948,0.009024,0.529,ICMP
FLW-0002559,VPN-SES-00473,0xcffa749e,21.44,661,68340,3187.5,103.39,17.99,76,130,1.002524,0.009658,0.575,ICMP
FLW-0002560,VPN-SES-00473,0xcffa749e,55.8,1713,2364436,42373.41,1380.29,102.3,1226,1514,0.009624,0.019358,0.108,Video_Streaming
FLW-0002561,VPN-SES-00473,0xcffa749e,254.5,5623,7867364,30913.02,1399.14,101.88,1246,1514,0.011145,0.025239,0.031,Video_Streaming
FLW-0002562,VPN-SES-00473,0xcffa749e,28.38,103,71990,2536.65,698.94,378.32,131,1266,0.425919,0.480579,0.287,Web_Browsing
FLW-0002563,VPN-SES-00473,0xcffa749e,20.07,247,182076,9072.05,737.15,377.58,170,1303,0.462783,0.536344,0.297,Web_Browsing
FLW-0002564,VPN-SES-00473,0xcffa749e,42.75,1428,160835,3762.22,112.63,18.77,84,140,0.020329,0.003549,0.538,VoIP
FLW-0002565,VPN-SES-00473,0xcffa749e,23.33,344,301749,12933.95,877.18,314.22,405,1348,0.663073,0.478903,0.604,Email_IMAP
FLW-0002566,VPN-SES-00474,0x7df5fa4a,171.75,6591,1619935,9431.94,245.78,131.31,64,442,1.157794,1.150508,0.447,WhatsApp
FLW-0002567,VPN-SES-00474,0x7df5fa4a,33.3,992,864299,25954.92,871.27,314.63,399,1343,0.639113,0.511753,0.635,Email_IMAP
FLW-0002568,VPN-SES-00474,0x7df5fa4a,186.03,575,786053,4225.41,1367.05,101.88,1214,1514,0.009753,0.025987,0.071,Video_Streaming
FLW-0002569,VPN-SES-00474,0x7df5fa4a,141.1,3944,906646,6425.56,229.88,120.66,64,410,1.446461,1.079995,0.545,WhatsApp
FLW-0002570,VPN-SES-00474,0x7df5fa4a,31.22,285,205325,6576.71,720.44,394.51,128,1312,0.362221,0.421339,0.246,Web_Browsing
FLW-0002571,VPN-SES-00474,0x7df5fa4a,10.52,94,10340,982.89,110.0,18.05,82,137,0.998827,0.009539,0.465,ICMP
FLW-0002572,VPN-SES-00474,0x7df5fa4a,24.49,145,12180,497.35,84.0,9.75,69,98,1.000335,0.01001,0.458,ICMP
FLW-0002573,VPN-SES-00474,0x7df5fa4a,10.94,271,238393,21790.95,879.68,315.97,405,1353,0.68602,0.384545,0.614,Email_IMAP
FLW-0002574,VPN-SES-00475,0xa7e9afe2,45.73,1799,1301576,28462.19,723.5,382.62,149,1297,0.461599,0.524726,0.246,Web_Browsing
FLW-0002575,VPN-SES-00475,0xa7e9afe2,39.86,1490,2059731,51674.13,1382.37,110.91,1216,1514,0.012869,0.025181,0.022,Video_Streaming
FLW-0002576,VPN-SES-00475,0xa7e9afe2,28.55,68,57404,2010.65,844.19,302.29,390,1297,0.705184,0.487245,0.645,Email_IMAP
FLW-0002577,VPN-SES-00475,0xa7e9afe2,42.97,1631,1180322,27468.51,723.68,362.94,179,1268,0.372997,0.508521,0.284,Web_Browsing
FLW-0002578,VPN-SES-00475,0xa7e9afe2,36.58,1190,1020222,27890.16,857.33,322.95,372,1341,0.650786,0.455435,0.601,Email_IMAP
FLW-0002579,VPN-SES-00475,0xa7e9afe2,63.21,1091,274691,4345.69,251.78,126.55,64,441,1.180443,1.01519,0.47,WhatsApp
FLW-0002580,VPN-SES-00476,0x6263f8e0,234.36,3123,4346997,18548.37,1391.93,109.66,1227,1514,0.011302,0.021878,0.084,Video_Streaming
FLW-0002581,VPN-SES-00476,0x6263f8e0,34.67,409,348541,10053.1,852.18,319.2,373,1330,0.749912,0.472894,0.571,Email_IMAP
FLW-0002582,VPN-SES-00476,0x6263f8e0,148.15,1227,1667210,11253.53,1358.77,109.49,1194,1514,0.007452,0.026621,0.061,Video_Streaming
FLW-0002583,VPN-SES-00476,0x6263f8e0,107.98,4271,520976,4824.75,121.98,12.35,103,140,0.021045,0.005137,0.492,VoIP
FLW-0002584,VPN-SES-00476,0x6263f8e0,199.06,4695,6499006,32648.48,1384.24,110.78,1218,1514,0.011026,0.02292,0.027,Video_Streaming
FLW-0002585,VPN-SES-00476,0x6263f8e0,33.78,1187,268701,7954.44,226.37,133.24,64,426,1.314254,0.816388,0.493,WhatsApp
FLW-0002586,VPN-SES-00477,0x7b0bb457,7.48,162,15801,2112.43,97.54,14.77,75,119,1.00056,0.008521,0.433,ICMP
FLW-0002587,VPN-SES-00477,0x7b0bb457,32.09,824,701528,21861.27,851.37,315.0,378,1323,0.713663,0.449601,0.654,Email_IMAP
FLW-0002588,VPN-SES-00477,0x7b0bb457,28.79,1023,863514,29993.54,844.1,327.72,352,1335,0.698667,0.359179,0.66,Email_IMAP
FLW-0002589,VPN-SES-00477,0x7b0bb457,45.8,767,184939,4037.97,241.12,133.14,64,440,1.257292,1.240277,0.444,WhatsApp
FLW-0002590,VPN-SES-00477,0x7b0bb457,19.12,176,19006,994.04,107.99,10.56,92,123,0.998539,0.011983,0.507,ICMP
FLW-0002591,VPN-SES-00477,0x7b0bb457,171.58,4224,5862278,34166.44,1387.85,97.78,1241,1514,0.019941,0.021939,0.091,Video_Streaming
FLW-0002592,VPN-SES-00477,0x7b0bb457,48.36,463,50031,1034.55,108.06,13.05,88,127,0.020473,0.004411,0.462,VoIP
FLW-0002593,VPN-SES-00478,0x367d46e7,23.22,206,179856,7745.74,873.09,328.36,380,1365,0.586688,0.521939,0.576,Email_IMAP
FLW-0002594,VPN-SES-00478,0x367d46e7,51.8,1248,140400,2710.42,112.5,21.83,79,145,0.019488,0.004106,0.507,VoIP
FLW-0002595,VPN-SES-00478,0x367d46e7,123.14,361,497371,4039.07,1377.76,116.66,1202,1514,0.011144,0.025579,0.094,Video_Streaming
FLW-0002596,VPN-SES-00479,0xfd8982c2,17.85,114,12253,686.44,107.49,10.29,92,122,0.998276,0.010525,0.474,ICMP
FLW-0002597,VPN-SES-00479,0xfd8982c2,10.25,394,332780,32466.34,844.62,319.43,365,1323,0.58896,0.485578,0.644,Email_IMAP
FLW-0002598,VPN-SES-00479,0xfd8982c2,105.6,1287,1746677,16540.5,1357.17,103.37,1202,1512,0.006526,0.023843,0.074,Video_Streaming
FLW-0002599,VPN-SES-00479,0xfd8982c2,8.2,283,242556,29580.0,857.09,315.28,384,1330,0.737762,0.346281,0.657,Email_IMAP
FLW-0002600,VPN-SES-00479,0xfd8982c2,30.44,844,720328,23663.86,853.47,319.38,374,1332,0.614403,0.51943,0.583,Email_IMAP
FLW-0002601,VPN-SES-00479,0xfd8982c2,36.66,1285,925379,25242.2,720.14,384.22,143,1296,0.329175,0.454005,0.276,Web_Browsing
FLW-0002602,VPN-SES-00479,0xfd8982c2,15.37,514,436571,28404.1,849.36,313.48,379,1319,0.626384,0.479231,0.61,Email_IMAP
FLW-0002603,VPN-SES-00480,0x45951ffd,29.38,958,127356,4334.79,132.94,10.02,117,147,0.019249,0.004771,0.48,VoIP
FLW-0002604,VPN-SES-00480,0x45951ffd,123.02,2925,655989,5332.38,224.27,116.06,64,398,1.577392,1.062457,0.472,WhatsApp
FLW-0002605,VPN-SES-00480,0x45951ffd,32.52,305,219017,6734.84,718.09,388.1,135,1300,0.436535,0.617203,0.284,Web_Browsing
FLW-0002606,VPN-SES-00481,0x4da34aca,21.51,771,84810,3942.82,110.0,10.44,94,125,0.999945,0.009413,0.51,ICMP
FLW-0002607,VPN-SES-00481,0x4da34aca,256.77,9696,13439819,52341.86,1386.12,105.42,1227,1514,0.012624,0.028091,0.122,Video_Streaming
FLW-0002608,VPN-SES-00481,0x4da34aca,93.32,3417,855104,9163.14,250.25,144.9,64,467,1.296153,1.177207,0.52,WhatsApp
FLW-0002609,VPN-SES-00481,0x4da34aca,42.7,1227,870237,20380.26,709.24,376.12,145,1273,0.580343,0.451245,0.24,Web_Browsing
FLW-0002610,VPN-SES-00482,0xf656cfbc,73.61,190,49084,666.81,258.34,139.57,64,467,1.4713,1.094972,0.467,WhatsApp
FLW-0002611,VPN-SES-00482,0xf656cfbc,149.36,4607,6373231,42670.27,1383.38,122.64,1199,1514,0.012895,0.030417,0.033,Video_Streaming
FLW-0002612,VPN-SES-00482,0xf656cfbc,31.52,698,963072,30554.31,1379.76,107.02,1219,1514,0.007931,0.024617,0.073,Video_Streaming
FLW-0002613,VPN-SES-00482,0xf656cfbc,10.18,208,151068,14839.69,726.29,397.36,130,1322,0.484835,0.557507,0.282,Web_Browsing
FLW-0002614,VPN-SES-00483,0xfa725584,5.2,156,17160,3300.0,110.0,23.19,75,144,1.000797,0.009007,0.484,ICMP
FLW-0002615,VPN-SES-00483,0xfa725584,105.63,4010,494753,4683.83,123.38,21.65,90,155,0.020419,0.004184,0.5,VoIP
FLW-0002616,VPN-SES-00483,0xfa725584,179.53,5538,1286865,7167.97,232.37,133.21,64,432,1.706073,1.212192,0.496,WhatsApp
FLW-0002617,VPN-SES-00483,0xfa725584,93.35,2125,536243,5744.43,252.35,127.03,64,442,1.316136,1.017744,0.476,WhatsApp
FLW-0002618,VPN-SES-00483,0xfa725584,22.37,812,75467,3373.58,92.94,13.67,72,113,0.999287,0.009197,0.558,ICMP
FLW-0002619,VPN-SES-00484,0x9bab9c9c,151.79,1281,300496,1979.68,234.58,131.23,64,431,1.474468,0.974964,0.517,WhatsApp
FLW-0002620,VPN-SES-00484,0x9bab9c9c,61.55,378,48251,783.93,127.65,30.47,81,173,0.019592,0.00404,0.501,VoIP
FLW-0002621,VPN-SES-00484,0x9bab9c9c,10.36,298,215504,20801.54,723.17,368.36,170,1275,0.458313,0.428677,0.291,Web_Browsing
FLW-0002622,VPN-SES-00485,0x5708cf0f,33.4,891,618763,18525.84,694.46,365.19,146,1242,0.511391,0.472658,0.25,Web_Browsing
FLW-0002623,VPN-SES-00485,0x5708cf0f,152.41,5789,1477642,9695.18,255.25,132.62,64,454,1.543895,1.081713,0.56,WhatsApp
FLW-0002624,VPN-SES-00485,0x5708cf0f,21.82,822,92680,4247.48,112.75,31.96,64,160,0.019963,0.003338,0.514,VoIP
FLW-0002625,VPN-SES-00485,0x5708cf0f,10.05,156,134749,13407.86,863.78,311.59,396,1331,0.58775,0.448889,0.63,Email_IMAP
FLW-0002626,VPN-SES-00485,0x5708cf0f,33.12,157,14184,428.26,90.35,26.42,64,129,0.019703,0.003467,0.528,VoIP
FLW-0002627,VPN-SES-00485,0x5708cf0f,38.47,1486,1069503,27800.96,719.72,389.73,135,1304,0.482846,0.499924,0.275,Web_Browsing
FLW-0002628,VPN-SES-00485,0x5708cf0f,20.78,691,598260,28790.18,865.79,316.69,390,1340,0.592451,0.477446,0.616,Email_IMAP
FLW-0002629,VPN-SES-00485,0x5708cf0f,21.68,46,4526,208.76,98.4,12.72,79,117,0.999829,0.010015,0.482,ICMP
FLW-0002630,VPN-SES-00486,0x5fa87a65,5.81,92,9491,1633.56,103.17,6.8,92,113,1.001351,0.009421,0.486,ICMP
FLW-0002631,VPN-SES-00486,0x5fa87a65,29.69,100,86951,2928.63,869.51,322.02,386,1352,0.58883,0.508795,0.569,Email_IMAP
FLW-0002632,VPN-SES-00486,0x5fa87a65,242.96,4048,5624331,23149.21,1389.41,99.88,1239,1514,0.019072,0.021139,0.095,Video_Streaming
FLW-0002633,VPN-SES-00486,0x5fa87a65,11.87,64,6209,523.08,97.02,1.5,94,99,1.000278,0.010632,0.473,ICMP
FLW-0002634,VPN-SES-00487,0xf09012d7,54.83,1284,141509,2580.87,110.21,23.2,75,145,0.018976,0.003766,0.591,VoIP
FLW-0002635,VPN-SES-00487,0xf09012d7,105.32,2524,3453791,32793.31,1368.38,119.18,1189,1514,0.009803,0.026273,0.08,Video_Streaming
FLW-0002636,VPN-SES-00487,0xf09012d7,27.77,440,322762,11622.69,733.55,378.4,165,1301,0.599166,0.470533,0.287,Web_Browsing
FLW-0002637,VPN-SES-00487,0xf09012d7,53.6,469,339058,6325.71,722.94,371.02,166,1279,0.42856,0.508076,0.267,Web_Browsing
FLW-0002638,VPN-SES-00487,0xf09012d7,19.26,488,365653,18985.1,749.29,373.29,189,1309,0.538457,0.542823,0.28,Web_Browsing
FLW-0002639,VPN-SES-00488,0x53b93b02,19.81,589,500426,25261.28,849.62,313.85,378,1320,0.615037,0.369642,0.59,Email_IMAP
FLW-0002640,VPN-SES-00488,0x53b93b02,12.64,384,323408,25586.08,842.21,330.77,346,1338,0.691746,0.485369,0.638,Email_IMAP
FLW-0002641,VPN-SES-00488,0x53b93b02,68.98,1319,319198,4627.4,242.0,141.69,64,454,1.299224,1.111734,0.502,WhatsApp
FLW-0002642,VPN-SES-00489,0x451b3e63,6.73,72,50698,7533.14,704.15,404.77,96,1311,0.452142,0.507099,0.318,Web_Browsing
FLW-0002643,VPN-SES-00489,0x451b3e63,30.99,442,384973,12422.49,870.98,320.3,390,1351,0.658784,0.382313,0.603,Email_IMAP
FLW-0002644,VPN-SES-00489,0x451b3e63,33.77,1268,312194,9244.71,246.21,133.55,64,446,1.601492,1.086745,0.438,WhatsApp
FLW-0002645,VPN-SES-00489,0x451b3e63,25.48,436,319448,12537.21,732.68,391.49,145,1319,0.517368,0.491818,0.311,Web_Browsing
FLW-0002646,VPN-SES-00489,0x451b3e63,16.36,66,7260,443.77,110.0,4.92,102,117,0.998032,0.009414,0.519,ICMP
FLW-0002647,VPN-SES-00489,0x451b3e63,43.57,1376,964218,22130.32,700.74,381.36,128,1272,0.478525,0.576756,0.319,Web_Browsing
FLW-0002648,VPN-SES-00490,0x6bdfd4ce,233.05,7658,10647530,45687.75,1390.38,92.7,1251,1514,0.015454,0.026764,0.068,Video_Streaming
FLW-0002649,VPN-SES-00490,0x6bdfd4ce,22.71,634,532078,23429.24,839.24,313.79,368,1309,0.571239,0.359325,0.62,Email_IMAP
FLW-0002650,VPN-SES-00490,0x6bdfd4ce,13.13,230,20338,1548.97,88.43,25.0,64,125,0.999747,0.011294,0.453,ICMP
FLW-0002651,VPN-SES-00490,0x6bdfd4ce,151.8,2372,554194,3650.82,233.64,130.78,64,429,1.250155,1.053558,0.473,WhatsApp
FLW-0002652,VPN-SES-00490,0x6bdfd4ce,11.84,195,18562,1567.74,95.19,18.84,66,123,1.000567,0.01048,0.516,ICMP
FLW-0002653,VPN-SES-00490,0x6bdfd4ce,125.35,2709,670071,5345.6,247.35,129.34,64,441,1.347077,1.11835,0.515,WhatsApp
FLW-0002654,VPN-SES-00490,0x6bdfd4ce,116.93,2152,287313,2457.14,133.51,16.08,109,157,0.020461,0.003922,0.501,VoIP
FLW-0002655,VPN-SES-00491,0xd35f4e12,43.57,1160,991011,22745.26,854.32,318.55,376,1332,0.74054,0.454159,0.624,Email_IMAP
FLW-0002656,VPN-SES-00491,0xd35f4e12,286.9,9878,13460059,46915.51,1362.63,107.53,1201,1514,0.011095,0.022927,0.061,Video_Streaming
FLW-0002657,VPN-SES-00491,0xd35f4e12,65.07,1494,2054025,31566.39,1374.85,110.64,1208,1514,0.012456,0.022611,0.048,Video_Streaming
FLW-0002658,VPN-SES-00491,0xd35f4e12,116.88,2766,334492,2861.84,120.93,27.47,79,162,0.020154,0.003735,0.512,VoIP
FLW-0002659,VPN-SES-00491,0xd35f4e12,246.4,8007,11213723,45510.24,1400.49,117.33,1224,1514,0.014053,0.026814,0.103,Video_Streaming
FLW-0002660,VPN-SES-00492,0x755fdaa5,91.03,813,108055,1187.03,132.91,22.53,99,166,0.020641,0.003567,0.455,VoIP
FLW-0002661,VPN-SES-00492,0x755fdaa5,15.66,414,41354,2640.74,99.89,4.55,93,106,0.999184,0.010826,0.444,ICMP
FLW-0002662,VPN-SES-00492,0x755fdaa5,65.12,1541,175026,2687.75,113.58,14.12,92,134,0.019018,0.004598,0.459,VoIP
FLW-0002663,VPN-SES-00492,0x755fdaa5,64.43,1742,196741,3053.56,112.94,25.26,75,150,0.020388,0.003557,0.52,VoIP
FLW-0002664,VPN-SES-00492,0x755fdaa5,8.46,257,26080,3082.74,101.48,22.66,67,135,1.000606,0.009859,0.474,ICMP
FLW-0002665,VPN-SES-00492,0x755fdaa5,11.9,260,23158,1946.05,89.07,1.5,86,91,1.002057,0.010018,0.517,ICMP
FLW-0002666,VPN-SES-00493,0xc4cb1a42,111.48,809,208859,1873.51,258.17,111.13,91,424,1.611014,1.106094,0.493,WhatsApp
FLW-0002667,VPN-SES-00493,0xc4cb1a42,31.86,1264,897515,28170.59,710.06,373.96,149,1271,0.486663,0.61923,0.31,Web_Browsing
FLW-0002668,VPN-SES-00493,0xc4cb1a42,38.28,1322,178721,4668.78,135.19,16.46,110,159,0.01964,0.003688,0.485,VoIP
FLW-0002669,VPN-SES-00493,0xc4cb1a42,237.32,6521,8838367,37242.4,1355.37,104.2,1199,1511,0.009899,0.024562,0.064,Video_Streaming
FLW-0002670,VPN-SES-00493,0xc4cb1a42,23.69,889,643947,27182.23,724.35,379.88,154,1294,0.406392,0.401832,0.263,Web_Browsing
FLW-0002671,VPN-SES-00493,0xc4cb1a42,79.11,1788,193694,2448.41,108.33,21.73,75,140,0.020546,0.004375,0.523,VoIP
FLW-0002672,VPN-SES-00493,0xc4cb1a42,82.79,730,86432,1043.99,118.4,13.82,97,139,0.019552,0.003397,0.53,VoIP
FLW-0002673,VPN-SES-00493,0xc4cb1a42,41.95,515,122518,2920.57,237.9,120.03,64,417,1.263629,1.004633,0.481,WhatsApp
FLW-0002674,VPN-SES-00494,0x5d4bcdb2,137.52,4513,6285751,45707.9,1392.81,107.22,1231,1514,0.003553,0.024527,0.055,Video_Streaming
FLW-0002675,VPN-SES-00494,0x5d4bcdb2,63.82,465,54544,854.65,117.3,12.98,97,136,0.02013,0.004026,0.499,VoIP
FLW-0002676,VPN-SES-00494,0x5d4bcdb2,42.73,292,211685,4954.01,724.95,376.56,160,1289,0.413506,0.569006,0.297,Web_Browsing
FLW-0002677,VPN-SES-00494,0x5d4bcdb2,22.11,866,93458,4226.96,107.92,13.81,87,128,1.000789,0.010928,0.453,ICMP
FLW-0002678,VPN-SES-00495,0xde9205ae,53.97,581,140863,2610.02,242.45,128.54,64,435,1.676818,1.202041,0.461,WhatsApp
FLW-0002679,VPN-SES-00495,0xde9205ae,37.09,996,861012,23214.13,864.47,321.34,382,1346,0.680667,0.404152,0.631,Email_IMAP
FLW-0002680,VPN-SES-00495,0xde9205ae,19.29,522,447489,23197.98,857.26,322.26,373,1340,0.601104,0.423672,0.655,Email_IMAP
FLW-0002681,VPN-SES-00495,0xde9205ae,11.04,295,25187,2281.43,85.38,1.5,83,87,0.999923,0.009228,0.473,ICMP
FLW-0002682,VPN-SES-00495,0xde9205ae,11.14,113,81502,7316.16,721.26,367.96,169,1273,0.374403,0.602705,0.294,Web_Browsing
FLW-0002683,VPN-SES-00496,0x7c8f8833,83.93,2070,478252,5698.22,231.04,133.35,64,431,1.49361,1.209386,0.476,WhatsApp
FLW-0002684,VPN-SES-00496,0x7c8f8833,7.19,264,193174,26867.04,731.72,363.69,186,1277,0.370777,0.508194,0.29,Web_Browsing
FLW-0002685,VPN-SES-00496,0x7c8f8833,72.41,2598,595097,8218.44,229.06,132.08,64,427,1.297066,1.069534,0.511,WhatsApp
FLW-0002686,VPN-SES-00496,0x7c8f8833,11.76,240,26138,2222.62,108.91,1.5,106,111,0.998414,0.009589,0.499,ICMP
FLW-0002687,VPN-SES-00496,0x7c8f8833,42.12,1654,1177829,27963.65,712.11,388.33,129,1294,0.476054,0.520304,0.242,Web_Browsing
FLW-0002688,VPN-SES-00496,0x7c8f8833,71.99,875,117258,1628.81,134.01,1.5,131,136,0.0205,0.004374,0.487,VoIP
FLW-0002689,VPN-SES-00496,0x7c8f8833,24.63,66,48527,1970.24,735.27,379.5,166,1304,0.454682,0.516976,0.376,Web_Browsing
FLW-0002690,VPN-SES-00496,0x7c8f8833,65.19,275,70435,1080.46,256.13,135.61,64,459,1.249387,1.115795,0.456,WhatsApp
FLW-0002691,VPN-SES-00497,0xa884f76d,24.0,517,377342,15722.58,729.87,381.12,158,1301,0.365661,0.504056,0.255,Web_Browsing
FLW-0002692,VPN-SES-00497,0xa884f76d,16.96,569,56791,3348.53,99.81,1.5,97,102,1.000041,0.01075,0.498,ICMP
FLW-0002693,VPN-SES-00497,0xa884f76d,22.8,123,105203,4614.17,855.31,321.63,372,1337,0.69706,0.400177,0.628,Email_IMAP
FLW-0002694,VPN-SES-00497,0xa884f76d,25.5,201,147897,5799.88,735.81,384.59,158,1312,0.454332,0.531987,0.294,Web_Browsing
FLW-0002695,VPN-SES-00497,0xa884f76d,44.05,1394,1211441,27501.5,869.04,303.81,413,1324,0.545142,0.495217,0.575,Email_IMAP
FLW-0002696,VPN-SES-00497,0xa884f76d,55.1,432,53922,978.62,124.82,15.18,102,147,0.019402,0.00414,0.506,VoIP
FLW-0002697,VPN-SES-00498,0x66784633,184.14,2851,4006567,21758.27,1405.32,105.0,1247,1514,0.0174,0.025881,0.04,Video_Streaming
FLW-0002698,VPN-SES-00498,0x66784633,25.08,924,803501,32037.52,869.59,324.53,382,1356,0.652419,0.461983,0.602,Email_IMAP
FLW-0002699,VPN-SES-00498,0x66784633,217.45,1234,1690691,7775.08,1370.09,116.08,1195,1514,0.01116,0.0248,0.068,Video_Streaming
FLW-0002700,VPN-SES-00499,0x6fcdf4b8,9.98,21,2124,212.83,101.18,1.5,98,103,1.001929,0.010121,0.494,ICMP
FLW-0002701,VPN-SES-00499,0x6fcdf4b8,45.21,1691,414582,9170.14,245.17,131.89,64,443,1.526565,1.159178,0.502,WhatsApp
FLW-0002702,VPN-SES-00499,0x6fcdf4b8,121.73,2493,638731,5247.11,256.21,137.07,64,461,1.37352,0.976481,0.53,WhatsApp
FLW-0002703,VPN-SES-00499,0x6fcdf4b8,30.43,711,509893,16756.26,717.15,376.22,152,1281,0.319745,0.516924,0.284,Web_Browsing
FLW-0002704,VPN-SES-00500,0x28deabfe,34.78,1043,731998,21046.52,701.82,383.63,126,1277,0.412636,0.634516,0.263,Web_Browsing
FLW-0002705,VPN-SES-00500,0x28deabfe,4.52,96,82058,18154.42,854.78,313.0,385,1324,0.736257,0.433225,0.598,Email_IMAP
FLW-0002706,VPN-SES-00500,0x28deabfe,24.05,503,366425,15235.97,728.48,368.96,175,1281,0.496883,0.58907,0.297,Web_Browsing
FLW-0002707,VPN-SES-00500,0x28deabfe,154.73,4396,6100109,39424.22,1387.65,116.96,1212,1514,0.018411,0.028025,0.073,Video_Streaming
FLW-0002708,VPN-SES-00500,0x28deabfe,173.7,1739,2418688,13924.51,1390.85,102.91,1236,1514,0.014911,0.022486,0.049,Video_Streaming
FLW-0002709,VPN-SES-00500,0x28deabfe,12.19,230,19320,1584.91,84.0,7.21,73,94,0.999034,0.011111,0.512,ICMP
FLW-0002710,VPN-SES-00500,0x28deabfe,84.37,2508,334792,3968.14,133.49,9.33,119,147,0.020623,0.004842,0.523,VoIP
FLW-0002711,VPN-SES-00501,0x241fb001,31.37,403,52180,1663.37,129.48,19.36,100,158,0.019685,0.004304,0.455,VoIP
FLW-0002712,VPN-SES-00501,0x241fb001,18.42,477,407830,22140.61,854.99,305.83,396,1313,0.602503,0.478892,0.635,Email_IMAP
FLW-0002713,VPN-SES-00501,0x241fb001,179.29,549,132094,736.76,240.61,131.36,64,437,1.088832,1.059018,0.46,WhatsApp
FLW-0002714,VPN-SES-00501,0x241fb001,35.6,1076,766208,21522.7,712.09,384.8,134,1289,0.385462,0.469766,0.217,Web_Browsing
FLW-0002715,VPN-SES-00501,0x241fb001,131.33,4665,6421232,48893.87,1376.47,101.3,1224,1514,0.012297,0.022622,0.063,Video_Streaming
FLW-0002716,VPN-SES-00501,0x241fb001,132.18,1275,1757281,13294.61,1378.26,123.38,1193,1514,0.013865,0.020401,0.022,Video_Streaming
FLW-0002717,VPN-SES-00502,0x28d3ab67,46.32,948,683185,14749.24,720.66,372.56,161,1279,0.227372,0.567477,0.302,Web_Browsing
FLW-0002718,VPN-SES-00502,0x28d3ab67,15.43,401,347366,22512.38,866.25,315.14,393,1338,0.678868,0.418304,0.626,Email_IMAP
FLW-0002719,VPN-SES-00502,0x28d3ab67,6.22,238,20694,3327.01,86.95,16.13,64,111,0.997645,0.011232,0.501,ICMP
FLW-0002720,VPN-SES-00502,0x28d3ab67,24.17,828,76283,3156.1,92.13,5.34,84,100,1.0011,0.011367,0.509,ICMP
FLW-0002721,VPN-SES-00502,0x28d3ab67,10.67,295,25756,2413.87,87.31,4.45,80,93,1.002725,0.011348,0.527,ICMP
FLW-0002722,VPN-SES-00502,0x28d3ab67,20.08,453,393906,19616.83,869.55,325.6,381,1357,0.728216,0.429452,0.579,Email_IMAP
FLW-0002723,VPN-SES-00503,0x8ead63bc,214.5,1234,1703944,7943.79,1380.83,103.46,1225,1514,0.008044,0.023199,0.135,Video_Streaming
FLW-0002724,VPN-SES-00503,0x8ead63bc,108.63,3642,880016,8101.04,241.63,132.9,64,440,1.19831,0.897187,0.455,WhatsApp
FLW-0002725,VPN-SES-00503,0x8ead63bc,79.75,2765,711323,8919.41,257.26,132.67,64,456,1.498768,1.181242,0.462,WhatsApp
FLW-0002726,VPN-SES-00503,0x8ead63bc,79.98,726,99215,1240.5,136.66,12.94,117,156,0.020844,0.004177,0.446,VoIP
FLW-0002727,VPN-SES-00503,0x8ead63bc,29.42,222,188926,6421.69,851.02,305.72,392,1309,0.728522,0.448887,0.553,Email_IMAP
FLW-0002728,VPN-SES-00503,0x8ead63bc,27.39,891,770278,28122.6,864.51,315.7,390,1338,0.549843,0.525508,0.623,Email_IMAP
FLW-0002729,VPN-SES-00503,0x8ead63bc,49.13,609,70936,1443.84,116.48,14.8,94,138,0.019092,0.003478,0.539,VoIP
FLW-0002730,VPN-SES-00503,0x8ead63bc,183.71,4232,5816079,31659.02,1374.31,110.18,1209,1514,0.004334,0.021705,0.078,Video_Streaming
FLW-0002731,VPN-SES-00504,0xbf326af5,44.77,579,419502,9370.16,724.53,394.03,133,1315,0.550722,0.488464,0.294,Web_Browsing
FLW-0002732,VPN-SES-00504,0xbf326af5,157.49,6153,8467758,53766.96,1376.2,126.44,1186,1514,0.016309,0.025424,0.066,Video_Streaming
FLW-0002733,VPN-SES-00504,0xbf326af5,117.14,2634,3680593,31420.46,1397.34,114.64,1225,1514,0.017845,0.019516,0.074,Video_Streaming
FLW-0002734,VPN-SES-00504,0xbf326af5,108.92,1912,217604,1997.83,113.81,32.05,65,161,0.020928,0.004013,0.546,VoIP
FLW-0002735,VPN-SES-00504,0xbf326af5,22.91,295,260013,11349.32,881.4,320.6,400,1362,0.816856,0.44859,0.614,Email_IMAP
FLW-0002736,VPN-SES-00504,0xbf326af5,16.67,280,30349,1820.58,108.39,1.5,106,110,1.000128,0.011409,0.501,ICMP
FLW-0002737,VPN-SES-00505,0xdbf80a9f,24.21,55,4620,190.83,84.0,6.94,73,94,0.998956,0.010865,0.521,ICMP
FLW-0002738,VPN-SES-00505,0xdbf80a9f,4.68,182,20020,4277.78,110.0,11.26,93,126,1.001635,0.009331,0.524,ICMP
FLW-0002739,VPN-SES-00505,0xdbf80a9f,157.4,4165,1097977,6975.71,263.62,124.49,76,450,1.696957,1.039571,0.454,WhatsApp
FLW-0002740,VPN-SES-00505,0xdbf80a9f,21.96,470,114468,5212.57,243.55,135.73,64,447,1.550439,0.994206,0.493,WhatsApp
FLW-0002741,VPN-SES-00505,0xdbf80a9f,53.58,1207,859106,16034.08,711.77,368.09,159,1263,0.380345,0.462455,0.296,Web_Browsing
FLW-0002742,VPN-SES-00505,0xdbf80a9f,90.16,2666,356790,3957.3,133.83,6.21,124,143,0.020211,0.003529,0.519,VoIP
FLW-0002743,VPN-SES-00506,0xb5a7a595,26.97,954,679753,25204.04,712.53,371.59,155,1269,0.509975,0.470654,0.271,Web_Browsing
FLW-0002744,VPN-SES-00506,0xb5a7a595,143.86,1135,242163,1683.32,213.36,137.57,64,419,1.53545,1.1006,0.434,WhatsApp
FLW-0002745,VPN-SES-00506,0xb5a7a595,258.71,10016,13967412,53988.68,1394.51,104.67,1237,1514,0.0103,0.03078,0.039,Video_Streaming
FLW-0002746,VPN-SES-00507,0xd0ea7a67,40.31,231,168378,4177.08,728.91,384.5,152,1305,0.479263,0.5141,0.291,Web_Browsing
FLW-0002747,VPN-SES-00507,0xd0ea7a67,162.86,4351,1058424,6498.98,243.26,129.58,64,437,1.649362,0.955607,0.511,WhatsApp
FLW-0002748,VPN-SES-00507,0xd0ea7a67,234.38,6078,8447629,36042.45,1389.87,115.59,1216,1514,0.016189,0.024769,0.01,Video_Streaming
FLW-0002749,VPN-SES-00508,0x5b9842c5,35.99,667,479659,13327.56,719.13,372.07,161,1277,0.395111,0.437879,0.266,Web_Browsing
FLW-0002750,VPN-SES-00508,0x5b9842c5,56.96,761,542471,9523.72,712.84,360.98,171,1254,0.502517,0.611016,0.298,Web_Browsing
FLW-0002751,VPN-SES-00508,0x5b9842c5,29.99,1032,885001,29509.87,857.56,319.56,378,1336,0.621583,0.454052,0.619,Email_IMAP
FLW-0002752,VPN-SES-00508,0x5b9842c5,13.24,176,15472,1168.58,87.91,17.46,64,114,0.997769,0.010718,0.497,ICMP
FLW-0002753,VPN-SES-00509,0x378976c9,4.49,101,89163,19858.13,882.81,322.73,398,1366,0.625706,0.438853,0.621,Email_IMAP
FLW-0002754,VPN-SES-00509,0x378976c9,14.68,558,47033,3203.88,84.29,1.5,82,86,0.997323,0.009077,0.503,ICMP
FLW-0002755,VPN-SES-00509,0x378976c9,91.09,879,214124,2350.69,243.6,114.17,72,414,1.37736,1.161975,0.475,WhatsApp
FLW-0002756,VPN-SES-00509,0x378976c9,40.41,1282,913283,22600.42,712.39,376.7,147,1277,0.409443,0.468163,0.285,Web_Browsing
FLW-0002757,VPN-SES-00510,0xea44ae00,85.22,435,64245,753.87,147.69,12.05,129,165,0.019809,0.003979,0.479,VoIP
FLW-0002758,VPN-SES-00510,0xea44ae00,17.37,245,179629,10341.34,733.18,361.03,191,1274,0.410171,0.540916,0.271,Web_Browsing
FLW-0002759,VPN-SES-00510,0xea44ae00,70.52,2633,3607604,51157.18,1370.15,113.53,1199,1514,0.015399,0.025527,0.036,Video_Streaming
FLW-0002760,VPN-SES-00510,0xea44ae00,20.57,706,73049,3551.24,103.47,1.5,101,105,1.001118,0.011483,0.422,ICMP
FLW-0002761,VPN-SES-00510,0xea44ae00,126.26,4014,5544658,43914.6,1381.33,96.11,1237,1514,0.021157,0.02383,0.082,Video_Streaming
FLW-0002762,VPN-SES-00510,0xea44ae00,41.42,106,91115,2199.78,859.58,313.58,389,1329,0.587761,0.521356,0.649,Email_IMAP
FLW-0002763,VPN-SES-00511,0xe708bdc7,32.91,620,460858,14003.59,743.32,380.44,172,1313,0.471594,0.48664,0.271,Web_Browsing
FLW-0002764,VPN-SES-00511,0xe708bdc7,43.43,1604,1359390,31300.71,847.5,320.67,366,1328,0.596726,0.469886,0.625,Email_IMAP
FLW-0002765,VPN-SES-00511,0xe708bdc7,39.78,193,166645,4189.17,863.45,333.4,363,1363,0.647454,0.484053,0.682,Email_IMAP
FLW-0002766,VPN-SES-00512,0x825687c2,40.16,1327,339287,8448.38,255.68,139.23,64,464,1.349396,1.125261,0.44,WhatsApp
FLW-0002767,VPN-SES-00512,0x825687c2,35.36,257,186579,5276.56,725.99,382.2,152,1299,0.451754,0.55136,0.244,Web_Browsing
FLW-0002768,VPN-SES-00512,0x825687c2,7.99,47,5170,647.06,110.0,11.21,93,126,0.999894,0.009851,0.514,ICMP
FLW-0002769,VPN-SES-00512,0x825687c2,171.09,840,1174530,6864.98,1398.25,110.81,1232,1514,0.01254,0.025045,0.113,Video_Streaming
FLW-0002770,VPN-SES-00512,0x825687c2,91.45,2580,3548970,38807.76,1375.57,109.76,1210,1514,0.017488,0.025368,0.094,Video_Streaming
FLW-0002771,VPN-SES-00512,0x825687c2,23.57,147,124811,5295.33,849.06,318.36,371,1326,0.750199,0.419565,0.615,Email_IMAP
FLW-0002772,VPN-SES-00512,0x825687c2,40.15,184,158806,3955.32,863.08,312.09,394,1331,0.622068,0.455069,0.621,Email_IMAP
FLW-0002773,VPN-SES-00512,0x825687c2,48.45,245,180163,3718.53,735.36,392.33,146,1323,0.385794,0.505563,0.3,Web_Browsing
FLW-0002774,VPN-SES-00513,0x4248f699,22.62,841,92510,4089.74,110.0,9.75,95,124,1.000436,0.010667,0.52,ICMP
FLW-0002775,VPN-SES-00513,0x4248f699,8.09,249,21630,2673.67,86.87,5.54,78,95,1.002189,0.009793,0.504,ICMP
FLW-0002776,VPN-SES-00513,0x4248f699,41.43,915,107137,2585.98,117.09,1.5,114,119,0.020012,0.004121,0.485,VoIP
FLW-0002777,VPN-SES-00514,0xa9f2587c,15.79,347,29196,1849.02,84.14,1.5,81,86,1.001146,0.011973,0.541,ICMP
FLW-0002778,VPN-SES-00514,0xa9f2587c,13.24,526,44184,3337.16,84.0,10.84,67,100,0.999005,0.009418,0.486,ICMP
FLW-0002779,VPN-SES-00514,0xa9f2587c,161.65,2937,4077936,25226.95,1388.47,117.67,1211,1514,0.011632,0.024797,0.074,Video_Streaming
FLW-0002780,VPN-SES-00514,0xa9f2587c,23.29,213,184632,7927.52,866.82,329.41,372,1360,0.563305,0.450901,0.588,Email_IMAP
FLW-0002781,VPN-SES-00514,0xa9f2587c,47.7,979,1350422,28310.73,1379.39,108.19,1217,1514,0.011825,0.023001,0.015,Video_Streaming
FLW-0002782,VPN-SES-00515,0xbc482af2,32.6,720,500306,15346.81,694.87,378.95,126,1263,0.417675,0.466203,0.32,Web_Browsing
FLW-0002783,VPN-SES-00515,0xbc482af2,23.35,747,634718,27182.78,849.69,331.33,352,1346,0.759609,0.362209,0.623,Email_IMAP
FLW-0002784,VPN-SES-00515,0xbc482af2,56.02,973,695889,12422.15,715.2,356.71,180,1250,0.341652,0.538747,0.341,Web_Browsing
FLW-0002785,VPN-SES-00515,0xbc482af2,31.55,726,632222,20038.73,870.83,322.59,386,1354,0.64856,0.52572,0.684,Email_IMAP
FLW-0002786,VPN-SES-00516,0x380906a9,9.66,153,13916,1440.58,90.96,1.5,88,93,0.996853,0.011322,0.499,ICMP
FLW-0002787,VPN-SES-00516,0x380906a9,168.84,2824,683972,4051.01,242.2,115.67,68,415,1.275724,1.067497,0.486,WhatsApp
FLW-0002788,VPN-SES-00516,0x380906a9,12.97,195,139467,10753.05,715.22,371.7,157,1272,0.391157,0.560416,0.287,Web_Browsing
FLW-0002789,VPN-SES-00516,0x380906a9,11.43,403,42456,3714.44,105.35,1.5,103,107,0.995569,0.009477,0.474,ICMP
FLW-0002790,VPN-SES-00516,0x380906a9,29.73,930,673496,22653.75,724.19,406.29,114,1333,0.502137,0.636798,0.297,Web_Browsing
FLW-0002791,VPN-SES-00516,0x380906a9,20.14,467,398089,19766.09,852.44,322.78,368,1336,0.770193,0.53233,0.603,Email_IMAP
FLW-0002792,VPN-SES-00517,0x1173c12e,208.75,2513,3475579,16649.48,1383.04,98.57,1235,1514,0.015093,0.028883,0.061,Video_Streaming
FLW-0002793,VPN-SES-00517,0x1173c12e,50.79,149,106086,2088.72,711.99,382.88,137,1286,0.481309,0.504057,0.285,Web_Browsing
FLW-0002794,VPN-SES-00517,0x1173c12e,28.51,840,603044,21152.02,717.91,387.97,135,1299,0.505217,0.450845,0.25,Web_Browsing
FLW-0002795,VPN-SES-00517,0x1173c12e,35.69,479,343419,9622.28,716.95,385.89,138,1295,0.461104,0.467842,0.288,Web_Browsing
FLW-0002796,VPN-SES-00518,0xdc274beb,12.19,385,36201,2969.73,94.03,11.04,77,110,1.0005,0.009685,0.507,ICMP
FLW-0002797,VPN-SES-00518,0xdc274beb,52.47,1346,344279,6561.44,255.78,125.44,67,443,1.466438,1.092249,0.493,WhatsApp
FLW-0002798,VPN-SES-00518,0xdc274beb,19.38,141,120153,6199.85,852.15,320.88,370,1333,0.724778,0.407835,0.58,Email_IMAP
FLW-0002799,VPN-SES-00519,0x1e5d8626,150.13,1532,343934,2290.91,224.5,120.63,64,405,1.498228,0.945355,0.471,WhatsApp
FLW-0002800,VPN-SES-00519,0x1e5d8626,16.25,236,204711,12597.6,867.42,323.33,382,1352,0.623975,0.458592,0.623,Email_IMAP
FLW-0002801,VPN-SES-00519,0x1e5d8626,7.61,140,120023,15771.75,857.31,318.31,379,1334,0.800891,0.486419,0.694,Email_IMAP
FLW-0002802,VPN-SES-00519,0x1e5d8626,36.5,1426,1018221,27896.47,714.04,379.32,145,1283,0.350091,0.459522,0.337,Web_Browsing
FLW-0002803,VPN-SES-00519,0x1e5d8626,35.62,667,476064,13365.08,713.74,395.35,120,1306,0.356748,0.447327,0.27,Web_Browsing
FLW-0002804,VPN-SES-00519,0x1e5d8626,4.46,25,2431,545.07,97.24,11.38,80,114,1.000676,0.009584,0.496,ICMP
FLW-0002805,VPN-SES-00519,0x1e5d8626,18.94,358,33712,1779.94,94.17,1.5,91,96,0.998668,0.011028,0.445,ICMP
FLW-0002806,VPN-SES-00519,0x1e5d8626,54.78,1935,1430758,26118.25,739.41,377.26,173,1305,0.392062,0.536988,0.325,Web_Browsing
FLW-0002807,VPN-SES-00520,0xcf4d4bd8,62.18,1806,2516498,40471.18,1393.41,114.01,1222,1514,0.016076,0.020709,0.044,Video_Streaming
FLW-0002808,VPN-SES-00520,0xcf4d4bd8,77.37,2146,491584,6353.68,229.07,139.8,64,438,1.336726,1.192995,0.496,WhatsApp
FLW-0002809,VPN-SES-00520,0xcf4d4bd8,102.33,450,49342,482.19,109.65,13.3,89,129,0.020776,0.00369,0.504,VoIP
FLW-0002810,VPN-SES-00521,0xf9b9339e,36.61,1372,974956,26630.87,710.61,377.49,144,1276,0.446538,0.460857,0.251,Web_Browsing
FLW-0002811,VPN-SES-00521,0xf9b9339e,92.12,2499,308476,3348.63,123.44,11.24,106,140,0.019514,0.003624,0.498,VoIP
FLW-0002812,VPN-SES-00521,0xf9b9339e,117.29,1154,151543,1292.04,131.32,30.05,86,176,0.019564,0.00486,0.47,VoIP
FLW-0002813,VPN-SES-00521,0xf9b9339e,10.49,282,246186,23468.64,873.0,314.23,401,1344,0.591213,0.416486,0.618,Email_IMAP
FLW-0002814,VPN-SES-00521,0xf9b9339e,75.26,2068,262553,3488.61,126.96,23.36,91,162,0.019434,0.003604,0.473,VoIP
FLW-0002815,VPN-SES-00521,0xf9b9339e,30.66,451,387255,12630.63,858.66,318.32,381,1336,0.585863,0.462132,0.688,Email_IMAP
FLW-0002816,VPN-SES-00522,0xd07d0001,17.93,575,491015,27385.11,853.94,316.53,379,1328,0.687777,0.424853,0.64,Email_IMAP
FLW-0002817,VPN-SES-00522,0xd07d0001,19.53,481,42991,2201.28,89.38,18.66,64,117,1.000517,0.00938,0.482,ICMP
FLW-0002818,VPN-SES-00522,0xd07d0001,57.15,1317,149914,2623.17,113.83,28.98,70,157,0.019239,0.003733,0.483,VoIP
FLW-0002819,VPN-SES-00522,0xd07d0001,80.49,1757,210506,2615.31,119.81,15.83,96,143,0.019105,0.00384,0.497,VoIP
FLW-0002820,VPN-SES-00522,0xd07d0001,15.9,361,40598,2553.33,112.46,23.49,77,147,0.020552,0.003969,0.507,VoIP
FLW-0002821,VPN-SES-00522,0xd07d0001,35.58,527,112814,3170.71,214.07,126.63,64,404,1.565796,1.053422,0.458,WhatsApp
FLW-0002822,VPN-SES-00522,0xd07d0001,31.66,731,648638,20487.62,887.33,334.55,385,1389,0.681561,0.501251,0.553,Email_IMAP
FLW-0002823,VPN-SES-00522,0xd07d0001,22.77,726,617499,27118.97,850.55,316.24,376,1324,0.634071,0.427953,0.543,Email_IMAP
FLW-0002824,VPN-SES-00523,0x4348eda0,57.24,275,380773,6652.22,1384.63,114.35,1213,1514,0.018007,0.023029,0.034,Video_Streaming
FLW-0002825,VPN-SES-00523,0x4348eda0,175.82,918,1237317,7037.41,1347.84,107.65,1186,1509,0.015379,0.023471,0.124,Video_Streaming
FLW-0002826,VPN-SES-00523,0x4348eda0,52.88,2006,1438141,27196.31,716.92,381.18,145,1288,0.347767,0.514361,0.221,Web_Browsing
FLW-0002827,VPN-SES-00523,0x4348eda0,207.71,2067,2869657,13815.69,1388.32,115.8,1214,1514,0.017097,0.02245,0.065,Video_Streaming
FLW-0002828,VPN-SES-00523,0x4348eda0,13.98,304,220938,15803.86,726.77,383.54,151,1302,0.385103,0.380401,0.29,Web_Browsing
FLW-0002829,VPN-SES-00524,0x4ba4807e,8.38,41,3942,470.41,96.17,1.5,93,98,1.001146,0.009955,0.46,ICMP
FLW-0002830,VPN-SES-00524,0x4ba4807e,84.55,982,212917,2518.24,216.82,120.97,64,398,1.794847,1.179505,0.486,WhatsApp
FLW-0002831,VPN-SES-00524,0x4ba4807e,238.17,2518,3469350,14566.7,1377.82,108.02,1215,1514,0.016377,0.023774,0.077,Video_Streaming
FLW-0002832,VPN-SES-00524,0x4ba4807e,116.77,4383,507639,4347.34,115.82,33.52,65,166,0.020445,0.004498,0.482,VoIP
FLW-0002833,VPN-SES-00524,0x4ba4807e,33.71,316,275773,8180.75,872.7,317.5,396,1348,0.657427,0.523577,0.589,Email_IMAP
FLW-0002834,VPN-SES-00524,0x4ba4807e,234.28,2439,3371771,14392.06,1382.44,113.5,1212,1514,0.01395,0.023873,0.123,Video_Streaming
FLW-0002835,VPN-SES-00524,0x4ba4807e,135.91,3206,719618,5294.81,224.46,141.67,64,436,1.600486,1.309098,0.432,WhatsApp
FLW-0002836,VPN-SES-00524,0x4ba4807e,24.9,474,41508,1666.99,87.57,15.94,64,111,0.997184,0.008394,0.485,ICMP
FLW-0002837,VPN-SES-00525,0x40e423e1,52.24,2040,249492,4775.88,122.3,30.74,76,168,0.019889,0.003757,0.509,VoIP
FLW-0002838,VPN-SES-00525,0x40e423e1,51.01,991,719109,14097.41,725.64,383.53,150,1300,0.436651,0.402246,0.252,Web_Browsing
FLW-0002839,VPN-SES-00525,0x40e423e1,10.31,379,41690,4043.65,110.0,5.5,101,118,0.999516,0.011118,0.466,ICMP
FLW-0002840,VPN-SES-00525,0x40e423e1,83.3,1762,206682,2481.18,117.3,19.1,88,145,0.019735,0.00404,0.494,VoIP
FLW-0002841,VPN-SES-00525,0x40e423e1,12.69,165,36829,2902.21,223.21,131.45,64,420,1.180822,1.118218,0.521,WhatsApp
FLW-0002842,VPN-SES-00525,0x40e423e1,17.59,366,34634,1968.96,94.63,1.5,92,96,0.99981,0.009168,0.518,ICMP
FLW-0002843,VPN-SES-00526,0x1b9d55cd,10.15,336,32329,3185.12,96.22,17.68,69,122,1.001744,0.009847,0.521,ICMP
FLW-0002844,VPN-SES-00526,0x1b9d55cd,149.95,3733,878300,5857.29,235.28,130.27,64,430,1.340363,1.18431,0.523,WhatsApp
FLW-0002845,VPN-SES-00526,0x1b9d55cd,77.15,2278,3165463,41029.98,1389.58,117.38,1213,1514,0.015461,0.026378,0.026,Video_Streaming
FLW-0002846,VPN-SES-00526,0x1b9d55cd,230.33,3435,4810408,20884.85,1400.41,124.44,1213,1514,0.011123,0.024073,0.078,Video_Streaming
FLW-0002847,VPN-SES-00526,0x1b9d55cd,53.35,330,239781,4494.49,726.61,378.38,159,1294,0.356248,0.515285,0.297,Web_Browsing
FLW-0002848,VPN-SES-00526,0x1b9d55cd,38.09,493,684634,17974.11,1388.71,112.79,1219,1514,0.010983,0.027485,0.062,Video_Streaming
FLW-0002849,VPN-SES-00526,0x1b9d55cd,27.2,818,584395,21485.11,714.42,378.55,146,1282,0.319052,0.490888,0.301,Web_Browsing
FLW-0002850,VPN-SES-00526,0x1b9d55cd,39.21,136,98474,2511.45,724.08,392.17,135,1312,0.430277,0.524366,0.304,Web_Browsing
FLW-0002851,VPN-SES-00527,0xd8844f88,10.96,72,63943,5834.22,888.11,321.16,406,1369,0.579517,0.488157,0.676,Email_IMAP
FLW-0002852,VPN-SES-00527,0xd8844f88,51.61,559,64916,1257.82,116.13,24.73,79,153,0.020737,0.004407,0.504,VoIP
FLW-0002853,VPN-SES-00527,0xd8844f88,59.09,389,43420,734.81,111.62,17.35,85,137,0.020275,0.004363,0.51,VoIP
FLW-0002854,VPN-SES-00527,0xd8844f88,116.72,4037,466031,3992.73,115.44,22.44,81,149,0.020516,0.004152,0.475,VoIP
FLW-0002855,VPN-SES-00527,0xd8844f88,155.54,4707,1119418,7196.98,237.82,137.58,64,444,1.171802,0.86975,0.525,WhatsApp
FLW-0002856,VPN-SES-00527,0xd8844f88,32.85,1300,319982,9740.7,246.14,134.85,64,448,1.222325,1.181128,0.488,WhatsApp
FLW-0002857,VPN-SES-00527,0xd8844f88,4.02,129,10836,2695.52,84.0,15.39,64,107,1.000238,0.009604,0.489,ICMP
FLW-0002858,VPN-SES-00527,0xd8844f88,162.92,2429,524226,3217.69,215.82,134.75,64,417,1.443206,1.078651,0.518,WhatsApp
FLW-0002859,VPN-SES-00528,0x30d19fc0,89.21,709,966643,10835.59,1363.39,105.23,1205,1514,0.008812,0.024303,0.062,Video_Streaming
FLW-0002860,VPN-SES-00528,0x30d19fc0,90.9,517,716127,7878.18,1385.16,107.22,1224,1514,0.00871,0.029215,0.132,Video_Streaming
FLW-0002861,VPN-SES-00528,0x30d19fc0,5.99,114,11368,1897.83,99.72,1.5,97,101,1.002213,0.008553,0.49,ICMP
FLW-0002862,VPN-SES-00528,0x30d19fc0,53.78,322,229151,4260.9,711.65,370.72,155,1267,0.428998,0.456791,0.28,Web_Browsing
FLW-0002863,VPN-SES-00529,0x4ff180d2,28.21,353,254276,9013.68,720.33,375.03,157,1282,0.422211,0.488458,0.304,Web_Browsing
FLW-0002864,VPN-SES-00529,0x4ff180d2,34.19,138,118434,3464.0,858.22,326.6,368,1348,0.689542,0.475719,0.662,Email_IMAP
FLW-0002865,VPN-SES-00529,0x4ff180d2,23.03,440,37210,1615.72,84.57,1.5,82,86,1.002645,0.009743,0.416,ICMP
FLW-0002866,VPN-SES-00529,0x4ff180d2,5.01,60,5733,1144.31,95.56,5.08,87,103,0.996074,0.011334,0.479,ICMP
FLW-0002867,VPN-SES-00530,0x3ea2daec,20.63,260,224624,10888.22,863.94,318.19,386,1341,0.563036,0.401827,0.592,Email_IMAP
FLW-0002868,VPN-SES-00530,0x3ea2daec,115.62,3834,970117,8390.56,253.03,128.82,64,446,1.313892,0.997193,0.516,WhatsApp
FLW-0002869,VPN-SES-00530,0x3ea2daec,93.22,2870,394825,4235.41,137.57,27.48,96,178,0.020295,0.004116,0.464,VoIP
FLW-0002870,VPN-SES-00530,0x3ea2daec,41.88,773,662499,15818.98,857.05,314.53,385,1328,0.526778,0.497567,0.599,Email_IMAP
FLW-0002871,VPN-SES-00530,0x3ea2daec,98.93,3502,4883013,49358.26,1394.35,117.05,1218,1514,0.014088,0.026532,0.042,Video_Streaming
FLW-0002872,VPN-SES-00530,0x3ea2daec,141.24,4020,1054405,7465.34,262.29,130.35,66,457,1.449819,1.028602,0.452,WhatsApp
FLW-0002873,VPN-SES-00530,0x3ea2daec,6.03,231,23961,3973.63,103.73,5.74,95,112,0.998816,0.008562,0.462,ICMP
FLW-0002874,VPN-SES-00530,0x3ea2daec,46.98,631,463374,9863.22,734.35,375.09,171,1296,0.424582,0.572517,0.246,Web_Browsing
FLW-0002875,VPN-SES-00531,0x20287c78,265.79,5561,7625688,28690.65,1371.28,103.85,1215,1514,0.018068,0.029983,0.083,Video_Streaming
FLW-0002876,VPN-SES-00531,0x20287c78,84.15,507,126445,1502.61,249.4,125.36,64,437,1.721309,1.129447,0.506,WhatsApp
FLW-0002877,VPN-SES-00531,0x20287c78,11.49,441,378699,32959.01,858.73,317.86,381,1335,0.762255,0.474288,0.664,Email_IMAP
FLW-0002878,VPN-SES-00531,0x20287c78,11.99,453,390966,32607.67,863.06,313.21,393,1332,0.610624,0.454633,0.601,Email_IMAP
FLW-0002879,VPN-SES-00531,0x20287c78,8.66,25,2117,244.46,84.71,13.61,64,105,0.999183,0.010138,0.509,ICMP
FLW-0002880,VPN-SES-00532,0x42dc80ee,10.84,102,86999,8025.74,852.94,331.61,355,1350,0.574593,0.461773,0.627,Email_IMAP
FLW-0002881,VPN-SES-00532,0x42dc80ee,86.44,2772,330838,3827.37,119.35,7.62,107,130,0.020522,0.004297,0.48,VoIP
FLW-0002882,VPN-SES-00532,0x42dc80ee,22.04,275,29284,1328.68,106.49,7.0,95,116,0.998079,0.009146,0.534,ICMP
FLW-0002883,VPN-SES-00532,0x42dc80ee,7.19,231,23495,3267.73,101.71,1.5,99,103,0.998712,0.009485,0.487,ICMP
FLW-0002884,VPN-SES-00532,0x42dc80ee,105.17,4138,5668439,53897.87,1369.85,96.07,1225,1513,0.016275,0.027427,0.022,Video_Streaming
FLW-0002885,VPN-SES-00532,0x42dc80ee,60.4,2257,545381,9029.49,241.64,122.78,64,425,1.356841,1.062076,0.467,WhatsApp
FLW-0002886,VPN-SES-00532,0x42dc80ee,161.94,4156,1097350,6776.28,264.04,126.48,74,453,1.266636,1.016116,0.511,WhatsApp
FLW-0002887,VPN-SES-00532,0x42dc80ee,12.49,177,123930,9922.34,700.17,373.9,139,1261,0.558512,0.512199,0.286,Web_Browsing
FLW-0002888,VPN-SES-00533,0x10172ca3,149.82,2285,606873,4050.68,265.59,131.97,67,463,1.283149,1.068972,0.446,WhatsApp
FLW-0002889,VPN-SES-00533,0x10172ca3,143.67,5579,1423035,9904.89,255.07,134.6,64,456,1.585528,1.233428,0.468,WhatsApp
FLW-0002890,VPN-SES-00533,0x10172ca3,76.47,944,215855,2822.74,228.66,129.59,64,423,1.255994,1.118145,0.514,WhatsApp
FLW-0002891,VPN-SES-00533,0x10172ca3,255.27,1665,2294336,8987.88,1377.98,111.2,1211,1514,0.011648,0.027007,0.04,Video_Streaming
FLW-0002892,VPN-SES-00534,0x49ef20ea,5.59,41,28439,5087.48,693.64,383.77,117,1269,0.524088,0.522319,0.261,Web_Browsing
FLW-0002893,VPN-SES-00534,0x49ef20ea,16.76,138,116800,6968.97,846.38,323.96,360,1332,0.65955,0.444339,0.675,Email_IMAP
FLW-0002894,VPN-SES-00534,0x49ef20ea,16.57,270,23392,1411.71,86.64,18.2,64,113,1.000048,0.008164,0.495,ICMP
FLW-0002895,VPN-SES-00534,0x49ef20ea,13.2,446,48841,3700.08,109.51,1.5,107,111,0.997788,0.009835,0.474,ICMP
FLW-0002896,VPN-SES-00534,0x49ef20ea,71.83,2641,332501,4629.0,125.9,24.19,89,162,0.019366,0.003718,0.523,VoIP
FLW-0002897,VPN-SES-00535,0x84516c96,13.8,199,17450,1264.49,87.69,1.5,85,89,0.998232,0.010352,0.509,ICMP
FLW-0002898,VPN-SES-00535,0x84516c96,18.52,535,48037,2593.79,89.79,4.04,83,95,1.002291,0.009026,0.441,ICMP
FLW-0002899,VPN-SES-00535,0x84516c96,17.35,139,100838,5811.99,725.46,379.12,156,1294,0.396748,0.532604,0.305,Web_Browsing
FLW-0002900,VPN-SES-00536,0x26acb78e,6.21,209,17556,2827.05,84.0,1.5,81,86,1.003476,0.010583,0.52,ICMP
FLW-0002901,VPN-SES-00536,0x26acb78e,51.33,1602,1175980,22910.19,734.07,380.14,163,1304,0.509751,0.535903,0.296,Web_Browsing
FLW-0002902,VPN-SES-00536,0x26acb78e,54.76,2189,1567630,28627.28,716.14,381.38,144,1288,0.405873,0.500641,0.245,Web_Browsing
FLW-0002903,VPN-SES-00537,0x642e2e6a,9.58,381,33722,3520.04,88.51,1.74,85,91,0.998584,0.009495,0.495,ICMP
FLW-0002904,VPN-SES-00537,0x642e2e6a,105.31,3640,891181,8462.45,244.83,137.59,64,451,1.323476,1.246862,0.508,WhatsApp
FLW-0002905,VPN-SES-00537,0x642e2e6a,19.41,569,492782,25388.05,866.05,321.23,384,1347,0.671541,0.503417,0.657,Email_IMAP
FLW-0002906,VPN-SES-00537,0x642e2e6a,12.03,332,36520,3035.74,110.0,4.33,103,116,1.000832,0.011344,0.481,ICMP
FLW-0002907,VPN-SES-00537,0x642e2e6a,76.99,2785,323561,4202.64,116.18,18.13,88,143,0.02054,0.004366,0.493,VoIP
FLW-0002908,VPN-SES-00537,0x642e2e6a,75.44,631,64298,852.31,101.9,19.97,71,131,0.019449,0.003404,0.462,VoIP
FLW-0002909,VPN-SES-00538,0xd39783ae,107.47,2355,574431,5345.04,243.92,140.89,64,455,1.406418,1.123252,0.515,WhatsApp
FLW-0002910,VPN-SES-00538,0xd39783ae,113.72,3764,381933,3358.54,101.47,22.16,68,134,0.019993,0.004226,0.485,VoIP
FLW-0002911,VPN-SES-00538,0xd39783ae,23.07,267,23544,1020.55,88.18,5.12,80,95,1.002474,0.010861,0.485,ICMP
FLW-0002912,VPN-SES-00538,0xd39783ae,11.41,344,290305,25443.03,843.91,306.54,384,1303,0.738837,0.407021,0.61,Email_IMAP
FLW-0002913,VPN-SES-00538,0xd39783ae,10.43,231,169981,16297.32,735.85,367.09,185,1286,0.56192,0.487318,0.246,Web_Browsing
FLW-0002914,VPN-SES-00538,0xd39783ae,91.55,3662,428563,4681.19,117.03,12.22,98,135,0.020264,0.003741,0.443,VoIP
FLW-0002915,VPN-SES-00539,0xf414f2c5,9.53,101,9630,1010.49,95.35,1.5,93,97,1.000306,0.008813,0.485,ICMP
FLW-0002916,VPN-SES-00539,0xf414f2c5,180.79,4844,6695328,37033.73,1382.19,108.3,1219,1514,0.012939,0.026701,0.025,Video_Streaming
FLW-0002917,VPN-SES-00539,0xf414f2c5,10.76,226,21973,2042.1,97.23,1.5,94,99,1.000371,0.009699,0.47,ICMP
FLW-0002918,VPN-SES-00539,0xf414f2c5,47.95,447,323534,6747.32,723.79,389.38,139,1307,0.414299,0.452759,0.285,Web_Browsing
FLW-0002919,VPN-SES-00539,0xf414f2c5,155.63,3045,681988,4382.11,223.97,124.72,64,411,1.601696,1.10684,0.424,WhatsApp
FLW-0002920,VPN-SES-00539,0xf414f2c5,38.9,543,379252,9749.41,698.44,381.3,126,1270,0.514679,0.419119,0.293,Web_Browsing
FLW-0002921,VPN-SES-00539,0xf414f2c5,50.58,308,226675,4481.51,735.96,395.1,143,1328,0.474842,0.52534,0.216,Web_Browsing
FLW-0002922,VPN-SES-00539,0xf414f2c5,5.9,114,12540,2125.42,110.0,1.5,107,112,0.9986,0.009745,0.545,ICMP
FLW-0002923,VPN-SES-00540,0x601bcf44,117.15,1147,1613255,13770.85,1406.5,111.0,1240,1514,0.015743,0.025108,0.029,Video_Streaming
FLW-0002924,VPN-SES-00540,0x601bcf44,187.1,4520,6317694,33766.4,1397.72,105.02,1240,1514,0.017758,0.028246,0.078,Video_Streaming
FLW-0002925,VPN-SES-00540,0x601bcf44,17.49,337,37070,2119.5,110.0,21.86,77,142,0.999737,0.009191,0.444,ICMP
FLW-0002926,VPN-SES-00540,0x601bcf44,26.07,459,407105,15615.84,886.94,316.48,412,1361,0.726615,0.416644,0.666,Email_IMAP
FLW-0002927,VPN-SES-00541,0xae541d3e,32.62,853,197554,6056.22,231.6,120.47,64,412,1.365596,1.041505,0.498,WhatsApp
FLW-0002928,VPN-SES-00541,0xae541d3e,103.73,3222,384642,3708.11,119.38,23.02,84,153,0.019825,0.003734,0.482,VoIP
FLW-0002929,VPN-SES-00541,0xae541d3e,38.74,245,182412,4708.62,744.54,381.8,171,1317,0.301218,0.47399,0.283,Web_Browsing
FLW-0002930,VPN-SES-00541,0xae541d3e,59.97,1931,1433072,23896.48,742.14,388.23,159,1324,0.380871,0.620918,0.279,Web_Browsing
FLW-0002931,VPN-SES-00541,0xae541d3e,40.82,398,53714,1315.87,134.96,8.76,121,148,0.018561,0.003437,0.402,VoIP
FLW-0002932,VPN-SES-00542,0xbae2ad63,46.16,134,19476,421.92,145.35,19.72,115,174,0.019445,0.004181,0.506,VoIP
FLW-0002933,VPN-SES-00542,0xbae2ad63,23.81,496,430255,18070.35,867.45,329.68,372,1361,0.63043,0.410407,0.645,Email_IMAP
FLW-0002934,VPN-SES-00542,0xbae2ad63,104.57,2535,632812,6051.56,249.63,130.81,64,445,1.759296,1.05184,0.453,WhatsApp
FLW-0002935,VPN-SES-00542,0xbae2ad63,141.33,4530,6274140,44393.55,1385.02,104.6,1228,1514,0.013858,0.022917,0.048,Video_Streaming
FLW-0002936,VPN-SES-00543,0xa4b59339,54.5,1070,794678,14581.25,742.69,376.76,177,1307,0.390086,0.558534,0.248,Web_Browsing
FLW-0002937,VPN-SES-00543,0xa4b59339,34.72,226,160839,4632.46,711.68,384.61,134,1288,0.520381,0.561024,0.258,Web_Browsing
FLW-0002938,VPN-SES-00543,0xa4b59339,6.82,139,14615,2142.96,105.15,1.5,102,107,0.999092,0.011203,0.484,ICMP
FLW-0002939,VPN-SES-00543,0xa4b59339,27.74,252,217561,7842.86,863.34,321.24,381,1345,0.577724,0.493474,0.637,Email_IMAP
FLW-0002940,VPN-SES-00543,0xa4b59339,33.04,1162,971617,29407.29,836.16,322.22,352,1319,0.597824,0.499368,0.577,Email_IMAP
FLW-0002941,VPN-SES-00544,0x604089fa,63.33,1919,222066,3506.49,115.72,20.9,84,147,0.020033,0.004305,0.454,VoIP
FLW-0002942,VPN-SES-00544,0x604089fa,110.48,749,194605,1761.45,259.82,134.2,64,461,1.624354,1.196166,0.48,WhatsApp
FLW-0002943,VPN-SES-00544,0x604089fa,35.97,989,1349579,37519.57,1364.59,105.49,1206,1514,0.017961,0.028464,0.041,Video_Streaming
FLW-0002944,VPN-SES-00544,0x604089fa,30.66,772,637810,20802.67,826.18,318.3,348,1303,0.63058,0.43876,0.636,Email_IMAP
FLW-0002945,VPN-SES-00544,0x604089fa,157.49,1525,382027,2425.72,250.51,137.92,64,457,1.473542,0.901915,0.47,WhatsApp
FLW-0002946,VPN-SES-00544,0x604089fa,86.61,440,64966,750.1,147.65,20.99,116,179,0.020221,0.004144,0.512,VoIP
FLW-0002947,VPN-SES-00544,0x604089fa,9.8,148,12432,1268.57,84.0,2.08,80,87,0.999943,0.011281,0.501,ICMP
FLW-0002948,VPN-SES-00545,0xf582eba2,32.59,688,578085,17738.11,840.24,323.44,355,1325,0.595742,0.395245,0.595,Email_IMAP
FLW-0002949,VPN-SES-00545,0xf582eba2,17.79,555,403213,22665.15,726.51,390.07,141,1311,0.48622,0.531601,0.294,Web_Browsing
FLW-0002950,VPN-SES-00545,0xf582eba2,34.52,1174,283192,8203.71,241.22,135.58,64,444,1.000902,1.11222,0.449,WhatsApp
FLW-0002951,VPN-SES-00545,0xf582eba2,16.32,38,4180,256.13,110.0,2.82,105,114,1.000046,0.008495,0.531,ICMP
FLW-0002952,VPN-SES-00545,0xf582eba2,6.17,205,177843,28823.82,867.53,324.46,380,1354,0.595121,0.415186,0.627,Email_IMAP
FLW-0002953,VPN-SES-00546,0x6bbccb30,83.19,2193,244892,2943.77,111.67,21.48,79,143,0.018703,0.003805,0.554,VoIP
FLW-0002954,VPN-SES-00546,0x6bbccb30,6.51,35,3614,555.15,103.27,5.33,95,111,1.002978,0.007664,0.476,ICMP
FLW-0002955,VPN-SES-00546,0x6bbccb30,114.35,3401,391761,3425.98,115.19,24.87,77,152,0.020525,0.003654,0.53,VoIP
FLW-0002956,VPN-SES-00546,0x6bbccb30,74.82,2092,491954,6575.17,235.16,139.69,64,444,1.229614,1.086436,0.465,WhatsApp
FLW-0002957,VPN-SES-00547,0x33755bc8,59.21,452,331166,5593.08,732.67,375.82,168,1296,0.446816,0.525341,0.296,Web_Browsing
FLW-0002958,VPN-SES-00547,0x33755bc8,29.85,251,183390,6143.72,730.64,381.69,158,1303,0.418631,0.482515,0.281,Web_Browsing
FLW-0002959,VPN-SES-00547,0x33755bc8,14.57,91,78533,5390.05,863.0,318.82,384,1341,0.651296,0.381724,0.64,Email_IMAP
FLW-0002960,VPN-SES-00547,0x33755bc8,6.42,107,92252,14369.47,862.17,328.01,370,1354,0.650011,0.371772,0.609,Email_IMAP
FLW-0002961,VPN-SES-00548,0x28720dc7,201.85,4484,6177158,30602.71,1377.6,115.94,1203,1514,0.004236,0.025103,0.075,Video_Streaming
FLW-0002962,VPN-SES-00548,0x28720dc7,174.51,3177,4359034,24978.71,1372.06,110.6,1206,1514,0.009649,0.023176,0.048,Video_Streaming
FLW-0002963,VPN-SES-00548,0x28720dc7,106.57,3951,440417,4132.65,111.47,23.47,76,146,0.019559,0.003639,0.553,VoIP
FLW-0002964,VPN-SES-00548,0x28720dc7,191.92,5085,7075930,36869.16,1391.53,95.11,1248,1514,0.009132,0.025606,0.07,Video_Streaming
FLW-0002965,VPN-SES-00549,0x3d4b2c13,56.43,553,388266,6880.49,702.11,389.27,118,1286,0.511892,0.524095,0.321,Web_Browsing
FLW-0002966,VPN-SES-00549,0x3d4b2c13,42.57,1293,937980,22033.83,725.43,383.59,150,1300,0.566826,0.555061,0.255,Web_Browsing
FLW-0002967,VPN-SES-00549,0x3d4b2c13,10.86,72,62467,5752.03,867.6,314.69,395,1339,0.68403,0.471448,0.578,Email_IMAP
FLW-0002968,VPN-SES-00550,0x8f660f24,6.68,76,65249,9767.81,858.54,322.12,375,1341,0.62055,0.464162,0.644,Email_IMAP
FLW-0002969,VPN-SES-00550,0x8f660f24,12.78,443,318796,24944.91,719.63,381.8,146,1292,0.553757,0.52366,0.286,Web_Browsing
FLW-0002970,VPN-SES-00550,0x8f660f24,42.02,911,208163,4953.9,228.5,135.37,64,431,1.454475,1.241211,0.481,WhatsApp
FLW-0002971,VPN-SES-00550,0x8f660f24,52.62,1982,194632,3698.82,98.2,4.4,91,104,0.020441,0.003772,0.513,VoIP
FLW-0002972,VPN-SES-00550,0x8f660f24,147.85,5698,1375326,9302.17,241.37,128.67,64,434,1.3841,1.004807,0.48,WhatsApp
FLW-0002973,VPN-SES-00550,0x8f660f24,19.85,644,58597,2951.99,90.99,1.5,88,93,0.999515,0.009773,0.528,ICMP
FLW-0002974,VPN-SES-00550,0x8f660f24,104.02,580,68695,660.4,118.44,26.19,79,157,0.020923,0.004342,0.516,VoIP
FLW-0002975,VPN-SES-00550,0x8f660f24,17.75,574,58502,3295.89,101.92,10.92,85,118,1.000134,0.010985,0.518,ICMP
FLW-0002976,VPN-SES-00551,0xa0208d23,83.97,504,118782,1414.58,235.68,137.17,64,441,1.415094,1.088325,0.466,WhatsApp
FLW-0002977,VPN-SES-00551,0xa0208d23,14.05,134,32426,2307.9,241.99,137.97,64,448,1.546675,1.138873,0.498,WhatsApp
FLW-0002978,VPN-SES-00551,0xa0208d23,35.87,1319,969807,27036.72,735.26,378.8,167,1303,0.366343,0.565056,0.264,Web_Browsing
FLW-0002979,VPN-SES-00551,0xa0208d23,62.0,1300,301236,4858.65,231.72,115.63,64,405,1.494262,0.92164,0.457,WhatsApp
FLW-0002980,VPN-SES-00551,0xa0208d23,18.68,577,60619,3245.13,105.06,9.78,90,119,0.999022,0.009866,0.474,ICMP
FLW-0002981,VPN-SES-00551,0xa0208d23,34.75,251,28468,819.22,113.42,20.13,83,143,0.019699,0.003902,0.456,VoIP
FLW-0002982,VPN-SES-00552,0x5e9f67a7,58.03,330,242088,4171.77,733.6,384.08,157,1309,0.509468,0.564521,0.255,Web_Browsing
FLW-0002983,VPN-SES-00552,0x5e9f67a7,22.35,800,74960,3353.91,93.7,1.5,91,95,1.004711,0.00985,0.531,ICMP
FLW-0002984,VPN-SES-00552,0x5e9f67a7,25.48,232,196072,7695.13,845.14,327.97,353,1337,0.775387,0.447287,0.59,Email_IMAP
FLW-0002985,VPN-SES-00552,0x5e9f67a7,19.2,753,646322,33662.6,858.33,302.19,405,1311,0.647443,0.486944,0.619,Email_IMAP
FLW-0002986,VPN-SES-00553,0x1b72d0ef,16.87,79,7472,442.92,94.59,8.22,82,106,1.000906,0.00834,0.503,ICMP
FLW-0002987,VPN-SES-00553,0x1b72d0ef,45.03,1501,404114,8974.33,269.23,119.32,90,448,1.385906,1.313592,0.513,WhatsApp
FLW-0002988,VPN-SES-00553,0x1b72d0ef,112.05,262,29826,266.18,113.84,19.65,84,143,0.019999,0.003701,0.498,VoIP
FLW-0002989,VPN-SES-00553,0x1b72d0ef,208.09,7913,10893352,52349.23,1376.64,110.9,1210,1514,0.009194,0.021808,0.059,Video_Streaming
FLW-0002990,VPN-SES-00553,0x1b72d0ef,59.14,1715,1270094,21476.06,740.58,380.66,169,1311,0.42513,0.537704,0.275,Web_Browsing
FLW-0002991,VPN-SES-00553,0x1b72d0ef,130.38,3552,4981395,38206.74,1402.42,109.97,1237,1514,0.014627,0.023113,0.075,Video_Streaming
FLW-0002992,VPN-SES-00553,0x1b72d0ef,31.37,566,69787,2224.64,123.3,17.55,96,149,0.019699,0.003745,0.508,VoIP
FLW-0002993,VPN-SES-00554,0xaf2be8ba,127.35,3660,906033,7114.51,247.55,128.98,64,441,1.447399,1.095829,0.483,WhatsApp
FLW-0002994,VPN-SES-00554,0xaf2be8ba,74.11,924,219533,2962.26,237.59,130.14,64,432,1.845177,1.13428,0.499,WhatsApp
FLW-0002995,VPN-SES-00554,0xaf2be8ba,53.08,127,31148,586.81,245.26,127.9,64,437,1.613508,1.067972,0.512,WhatsApp
FLW-0002996,VPN-SES-00554,0xaf2be8ba,18.54,79,7425,400.49,93.99,1.5,91,96,1.000548,0.008895,0.516,ICMP
FLW-0002997,VPN-SES-00554,0xaf2be8ba,20.11,171,14364,714.27,84.0,1.5,81,86,0.997852,0.012824,0.45,ICMP
FLW-0002998,VPN-SES-00555,0xb9b7f1f5,19.02,749,73491,3863.88,98.12,13.15,78,117,1.001555,0.010851,0.49,ICMP
FLW-0002999,VPN-SES-00555,0xb9b7f1f5,58.42,1289,330254,5653.1,256.21,137.31,64,462,1.435029,1.126464,0.471,WhatsApp
FLW-0003000,VPN-SES-00555,0xb9b7f1f5,52.05,639,453102,8705.13,709.08,389.9,124,1293,0.548416,0.455795,0.275,Web_Browsing
FLW-0003001,VPN-SES-00555,0xb9b7f1f5,94.9,1806,213613,2250.93,118.28,17.74,91,144,0.020039,0.004379,0.478,VoIP
FLW-0003002,VPN-SES-00555,0xb9b7f1f5,286.56,9662,13235394,46187.16,1369.84,119.89,1190,1514,0.010265,0.021842,0.045,Video_Streaming
FLW-0003003,VPN-SES-00556,0xe8b13a9d,147.71,3333,4586341,31049.63,1376.04,122.44,1192,1514,0.015468,0.027869,0.085,Video_Streaming
FLW-0003004,VPN-SES-00556,0xe8b13a9d,135.52,3892,978254,7218.52,251.35,124.5,64,438,1.367231,0.991109,0.474,WhatsApp
FLW-0003005,VPN-SES-00556,0xe8b13a9d,35.53,1102,956767,26928.43,868.21,321.08,386,1349,0.738525,0.398636,0.635,Email_IMAP
FLW-0003006,VPN-SES-00557,0xd44c5c78,44.11,1407,316603,7177.58,225.02,130.75,64,421,1.522155,1.076405,0.497,WhatsApp
FLW-0003007,VPN-SES-00557,0xd44c5c78,56.09,739,80166,1429.24,108.48,4.69,101,115,0.020334,0.004698,0.47,VoIP
FLW-0003008,VPN-SES-00557,0xd44c5c78,32.81,526,386436,11777.99,734.67,380.35,164,1305,0.349823,0.443425,0.28,Web_Browsing
FLW-0003009,VPN-SES-00557,0xd44c5c78,199.35,3149,4330347,21722.33,1375.15,99.5,1225,1514,0.005647,0.022883,0.066,Video_Streaming
FLW-0003010,VPN-SES-00557,0xd44c5c78,19.14,63,6168,322.26,97.92,1.5,95,100,1.000303,0.01104,0.512,ICMP
FLW-0003011,VPN-SES-00558,0xef0ff647,25.91,684,587241,22664.65,858.54,327.42,367,1349,0.58521,0.439879,0.614,Email_IMAP
FLW-0003012,VPN-SES-00558,0xef0ff647,7.57,179,15036,1986.26,84.0,1.5,81,86,0.996888,0.011912,0.472,ICMP
FLW-0003013,VPN-SES-00558,0xef0ff647,7.11,67,49515,6964.14,739.03,380.3,168,1309,0.492365,0.47556,0.286,Web_Browsing
FLW-0003014,VPN-SES-00558,0xef0ff647,8.91,212,22431,2517.51,105.81,9.32,91,119,1.001162,0.009632,0.486,ICMP
FLW-0003015,VPN-SES-00558,0xef0ff647,74.08,1735,175009,2362.43,100.87,22.19,67,134,0.020649,0.004646,0.509,VoIP
FLW-0003016,VPN-SES-00558,0xef0ff647,8.91,131,111454,12508.87,850.8,306.42,391,1310,0.720313,0.369168,0.61,Email_IMAP
FLW-0003017,VPN-SES-00559,0xd31dfb91,19.86,282,241761,12173.26,857.31,319.44,378,1336,0.652417,0.456217,0.548,Email_IMAP
FLW-0003018,VPN-SES-00559,0xd31dfb91,14.3,284,27883,1949.86,98.18,1.5,95,100,1.001098,0.009445,0.435,ICMP
FLW-0003019,VPN-SES-00559,0xd31dfb91,58.91,1980,1406255,23871.24,710.23,375.44,147,1273,0.539302,0.509832,0.29,Web_Browsing
FLW-0003020,VPN-SES-00559,0xd31dfb91,166.3,1586,403113,2424.01,254.17,129.23,64,448,1.524441,1.175225,0.441,WhatsApp
FLW-0003021,VPN-SES-00559,0xd31dfb91,101.2,1677,432129,4270.05,257.68,118.64,79,435,1.551365,0.933122,0.498,WhatsApp
FLW-0003022,VPN-SES-00559,0xd31dfb91,68.99,2746,3850825,55817.15,1402.34,108.3,1239,1514,0.011039,0.026526,0.05,Video_Streaming
FLW-0003023,VPN-SES-00559,0xd31dfb91,7.66,213,23430,3058.75,110.0,5.54,101,118,0.99952,0.00946,0.472,ICMP
FLW-0003024,VPN-SES-00559,0xd31dfb91,53.51,860,612724,11450.64,712.47,377.19,146,1278,0.413427,0.467091,0.343,Web_Browsing
FLW-0003025,VPN-SES-00560,0xcd71017f,284.31,7467,10212167,35919.13,1367.64,111.17,1200,1514,0.014222,0.026575,0.058,Video_Streaming
FLW-0003026,VPN-SES-00560,0xcd71017f,88.3,2028,480859,5445.74,237.11,133.61,64,437,1.443976,1.071515,0.433,WhatsApp
FLW-0003027,VPN-SES-00560,0xcd71017f,171.9,4140,970333,5644.75,234.38,120.83,64,415,1.289919,1.103655,0.491,WhatsApp
FLW-0003028,VPN-SES-00560,0xcd71017f,23.58,728,539717,22888.76,741.37,375.7,177,1304,0.508097,0.515298,0.319,Web_Browsing
FLW-0003029,VPN-SES-00560,0xcd71017f,32.63,1150,283946,8701.99,246.91,121.93,64,429,1.115697,1.134239,0.464,WhatsApp
FLW-0003030,VPN-SES-00561,0x44b6d9da,73.72,1404,320448,4346.83,228.24,119.86,64,408,1.426561,1.265848,0.468,WhatsApp
FLW-0003031,VPN-SES-00561,0x44b6d9da,136.06,4124,5720317,42042.61,1387.08,109.18,1223,1514,0.007165,0.026837,0.027,Video_Streaming
FLW-0003032,VPN-SES-00561,0x44b6d9da,72.0,1996,240038,3333.86,120.26,15.27,97,143,0.020536,0.003577,0.512,VoIP
FLW-0003033,VPN-SES-00561,0x44b6d9da,54.76,1797,1275726,23296.68,709.92,375.91,146,1273,0.17736,0.604605,0.297,Web_Browsing
FLW-0003034,VPN-SES-00561,0x44b6d9da,35.94,762,84421,2348.94,110.79,9.0,97,124,0.019703,0.004287,0.443,VoIP
FLW-0003035,VPN-SES-00561,0x44b6d9da,40.49,1430,1227369,30312.89,858.3,334.17,357,1359,0.573459,0.453617,0.686,Email_IMAP
FLW-0003036,VPN-SES-00561,0x44b6d9da,169.31,3875,959411,5666.59,247.59,131.01,64,444,1.483595,1.055905,0.519,WhatsApp
FLW-0003037,VPN-SES-00562,0x3e292386,36.06,477,407935,11312.67,855.21,304.33,398,1311,0.623587,0.406497,0.612,Email_IMAP
FLW-0003038,VPN-SES-00562,0x3e292386,141.05,4120,5672786,40218.26,1376.89,119.58,1197,1514,0.014607,0.025658,0.06,Video_Streaming
FLW-0003039,VPN-SES-00562,0x3e292386,264.37,2667,3646562,13793.4,1367.29,92.55,1228,1506,0.012424,0.026987,0.057,Video_Streaming
FLW-0003040,VPN-SES-00562,0x3e292386,63.76,2300,537234,8425.88,233.58,133.72,64,434,1.38625,1.285432,0.517,WhatsApp
FLW-0003041,VPN-SES-00562,0x3e292386,17.19,70,7665,445.9,109.51,10.06,94,124,0.998065,0.010663,0.511,ICMP
FLW-0003042,VPN-SES-00562,0x3e292386,6.04,28,2947,487.91,105.28,7.94,93,117,1.000679,0.012701,0.498,ICMP
FLW-0003043,VPN-SES-00563,0x25f3b747,53.11,1968,258280,4863.11,131.24,14.23,109,152,0.020474,0.004376,0.511,VoIP
FLW-0003044,VPN-SES-00563,0x25f3b747,37.09,988,731149,19712.83,740.03,372.93,180,1299,0.413458,0.510619,0.306,Web_Browsing
FLW-0003045,VPN-SES-00563,0x25f3b747,67.57,852,206311,3053.29,242.15,140.29,64,452,1.290821,0.974536,0.489,WhatsApp
FLW-0003046,VPN-SES-00563,0x25f3b747,21.68,864,621276,28656.64,719.07,384.34,142,1295,0.447945,0.482999,0.278,Web_Browsing
FLW-0003047,VPN-SES-00563,0x25f3b747,10.55,98,84314,7991.85,860.35,317.56,384,1336,0.636289,0.431838,0.646,Email_IMAP
FLW-0003048,VPN-SES-00564,0x39cb31b1,23.85,502,50365,2111.74,100.33,22.05,67,133,1.000241,0.009449,0.58,ICMP
FLW-0003049,VPN-SES-00564,0x39cb31b1,94.35,743,92845,984.05,124.96,25.92,86,163,0.020355,0.004249,0.516,VoIP
FLW-0003050,VPN-SES-00564,0x39cb31b1,90.38,2133,483700,5351.85,226.77,132.94,64,426,1.181398,1.08082,0.458,WhatsApp
FLW-0003051,VPN-SES-00565,0x3ba321ef,18.1,383,331023,18288.56,864.29,322.67,380,1348,0.682477,0.462928,0.602,Email_IMAP
FLW-0003052,VPN-SES-00565,0x3ba321ef,108.08,780,91158,843.43,116.87,25.36,78,154,0.020641,0.003541,0.454,VoIP
FLW-0003053,VPN-SES-00565,0x3ba321ef,66.43,1361,1866312,28094.42,1371.28,118.36,1193,1514,0.016556,0.022688,0.069,Video_Streaming
FLW-0003054,VPN-SES-00565,0x3ba321ef,12.27,100,11000,896.5,110.0,7.32,99,120,1.002132,0.010999,0.473,ICMP
FLW-0003055,VPN-SES-00565,0x3ba321ef,119.25,1852,218017,1828.23,117.72,18.28,90,145,0.020062,0.004367,0.512,VoIP
FLW-0003056,VPN-SES-00565,0x3ba321ef,10.73,385,32340,3013.98,84.0,1.5,81,86,0.996719,0.010175,0.507,ICMP
FLW-0003057,VPN-SES-00565,0x3ba321ef,52.24,1741,214839,4112.54,123.4,10.33,107,138,0.020404,0.004287,0.462,VoIP
FLW-0003058,VPN-SES-00565,0x3ba321ef,12.71,481,106979,8416.92,222.41,130.0,64,417,1.695644,1.286972,0.497,WhatsApp
FLW-0003059,VPN-SES-00566,0xa71f640d,9.01,174,15527,1723.31,89.24,11.09,72,105,0.999321,0.009232,0.436,ICMP
FLW-0003060,VPN-SES-00566,0xa71f640d,29.69,945,681562,22955.94,721.23,374.96,158,1283,0.457232,0.385032,0.285,Web_Browsing
FLW-0003061,VPN-SES-00566,0xa71f640d,7.23,248,171325,23696.4,690.83,388.7,107,1273,0.489142,0.486067,0.297,Web_Browsing
FLW-0003062,VPN-SES-00567,0xb8cf20c8,74.6,296,67564,905.68,228.26,130.58,64,424,1.531138,0.759628,0.467,WhatsApp
FLW-0003063,VPN-SES-00567,0xb8cf20c8,18.11,420,41046,2266.48,97.73,2.43,94,101,1.002186,0.008876,0.481,ICMP
FLW-0003064,VPN-SES-00567,0xb8cf20c8,25.17,574,400083,15895.23,697.01,392.08,108,1285,0.431528,0.47808,0.278,Web_Browsing
FLW-0003065,VPN-SES-00567,0xb8cf20c8,79.22,1559,386055,4873.2,247.63,132.78,64,446,1.836901,1.149933,0.466,WhatsApp
FLW-0003066,VPN-SES-00568,0x31e10ae8,40.73,128,109217,2681.49,853.26,316.86,377,1328,0.548626,0.451794,0.644,Email_IMAP
FLW-0003067,VPN-SES-00568,0x31e10ae8,247.68,2248,3085694,12458.39,1372.64,103.54,1217,1514,0.017685,0.021434,0.01,Video_Streaming
FLW-0003068,VPN-SES-00568,0x31e10ae8,50.09,864,1180370,23564.98,1366.17,97.68,1219,1512,0.013448,0.024098,0.053,Video_Streaming
FLW-0003069,VPN-SES-00568,0x31e10ae8,31.17,547,73210,2348.73,133.84,12.47,115,152,0.020465,0.004605,0.486,VoIP
FLW-0003070,VPN-SES-00568,0x31e10ae8,105.69,250,32210,304.76,128.84,16.07,104,152,0.020554,0.003371,0.451,VoIP
FLW-0003071,VPN-SES-00569,0xc91d8c4c,48.24,312,223173,4626.31,715.3,372.89,155,1274,0.411247,0.489024,0.302,Web_Browsing
FLW-0003072,VPN-SES-00569,0xc91d8c4c,9.0,89,76104,8456.0,855.11,313.41,384,1325,0.626273,0.415388,0.592,Email_IMAP
FLW-0003073,VPN-SES-00569,0xc91d8c4c,277.86,1884,2563445,9225.67,1360.64,110.56,1194,1514,0.009867,0.027416,0.017,Video_Streaming
FLW-0003074,VPN-SES-00569,0xc91d8c4c,54.76,484,664769,12139.68,1373.49,124.5,1186,1514,0.008476,0.024409,0.024,Video_Streaming
FLW-0003075,VPN-SES-00569,0xc91d8c4c,60.46,1074,111502,1844.23,103.82,30.38,64,149,0.020103,0.004053,0.449,VoIP
FLW-0003076,VPN-SES-00569,0xc91d8c4c,43.5,249,344690,7923.91,1384.3,119.26,1205,1514,0.016311,0.026671,0.026,Video_Streaming
FLW-0003077,VPN-SES-00569,0xc91d8c4c,64.47,2296,559672,8681.12,243.76,135.34,64,446,1.103917,0.976659,0.507,WhatsApp
FLW-0003078,VPN-SES-00569,0xc91d8c4c,158.53,1933,2687855,16954.87,1390.51,97.61,1244,1514,0.014981,0.025238,0.083,Video_Streaming
FLW-0003079,VPN-SES-00570,0xc54f0f8a,293.03,4899,6723338,22944.2,1372.39,115.16,1199,1514,0.015164,0.024122,0.061,Video_Streaming
FLW-0003080,VPN-SES-00570,0xc54f0f8a,267.11,9961,13668683,51172.49,1372.22,123.21,1187,1514,0.011549,0.022695,0.039,Video_Streaming
FLW-0003081,VPN-SES-00570,0xc54f0f8a,218.99,1678,2318190,10585.83,1381.52,116.03,1207,1514,0.006991,0.029619,0.069,Video_Streaming
FLW-0003082,VPN-SES-00571,0x402dc72b,52.66,811,199181,3782.4,245.6,129.22,64,439,1.403178,1.083689,0.511,WhatsApp
FLW-0003083,VPN-SES-00571,0x402dc72b,9.06,21,2055,226.82,97.9,10.14,82,113,0.999349,0.010196,0.476,ICMP
FLW-0003084,VPN-SES-00571,0x402dc72b,22.7,744,81840,3605.29,110.0,1.5,107,112,0.999513,0.009685,0.489,ICMP
FLW-0003085,VPN-SES-00571,0x402dc72b,20.48,205,149377,7293.8,728.67,377.47,162,1294,0.554544,0.459076,0.285,Web_Browsing
FLW-0003086,VPN-SES-00572,0x208d1f04,18.16,362,32105,1767.9,88.69,7.37,77,99,0.999976,0.009845,0.536,ICMP
FLW-0003087,VPN-SES-00572,0x208d1f04,35.63,811,691093,19396.38,852.15,324.69,365,1339,0.598095,0.455071,0.584,Email_IMAP
FLW-0003088,VPN-SES-00572,0x208d1f04,18.3,730,65736,3592.13,90.05,3.34,85,95,1.002722,0.010101,0.55,ICMP
FLW-0003089,VPN-SES-00573,0x20dd6f06,91.59,881,1218105,13299.54,1382.64,106.9,1222,1514,0.017773,0.026093,0.041,Video_Streaming
FLW-0003090,VPN-SES-00573,0x20dd6f06,87.54,1853,232829,2659.69,125.65,15.66,102,149,0.018807,0.004374,0.533,VoIP
FLW-0003091,VPN-SES-00573,0x20dd6f06,159.6,2976,779890,4886.53,262.06,133.38,64,462,1.358961,1.191849,0.505,WhatsApp
FLW-0003092,VPN-SES-00573,0x20dd6f06,88.82,2079,539833,6077.83,259.66,129.64,65,454,1.372679,1.02129,0.496,WhatsApp
FLW-0003093,VPN-SES-00573,0x20dd6f06,35.96,860,190421,5295.36,221.42,136.21,64,425,1.496993,1.164358,0.484,WhatsApp
FLW-0003094,VPN-SES-00573,0x20dd6f06,171.44,1484,383465,2236.73,258.4,136.98,64,463,1.299832,1.03519,0.454,WhatsApp
FLW-0003095,VPN-SES-00573,0x20dd6f06,25.98,942,684476,26346.27,726.62,372.0,168,1284,0.531254,0.566149,0.254,Web_Browsing
FLW-0003096,VPN-SES-00573,0x20dd6f06,7.14,201,19249,2695.94,95.77,4.13,89,101,1.001326,0.011609,0.449,ICMP
FLW-0003097,VPN-SES-00574,0x13923cfa,35.85,874,1202781,33550.38,1376.18,107.87,1214,1514,0.006747,0.023787,0.073,Video_Streaming
FLW-0003098,VPN-SES-00574,0x13923cfa,111.95,2497,3437520,30705.85,1376.66,97.64,1230,1514,0.022778,0.025665,0.063,Video_Streaming
FLW-0003099,VPN-SES-00574,0x13923cfa,81.29,2647,3617972,44506.98,1366.82,112.09,1198,1514,0.011384,0.020279,0.028,Video_Streaming
FLW-0003100,VPN-SES-00574,0x13923cfa,14.48,473,50866,3512.85,107.54,19.55,78,136,1.000551,0.011103,0.495,ICMP
FLW-0003101,VPN-SES-00574,0x13923cfa,161.58,5777,7966251,49302.21,1378.96,118.73,1200,1514,0.018235,0.028253,0.028,Video_Streaming
FLW-0003102,VPN-SES-00575,0x1f4c7562,93.39,1447,346122,3706.2,239.2,132.22,64,437,1.357153,1.142664,0.505,WhatsApp
FLW-0003103,VPN-SES-00575,0x1f4c7562,7.33,173,19030,2596.18,110.0,17.49,83,136,0.999506,0.008636,0.511,ICMP
FLW-0003104,VPN-SES-00575,0x1f4c7562,16.99,659,72490,4266.63,110.0,1.5,107,112,1.00103,0.010696,0.506,ICMP
FLW-0003105,VPN-SES-00575,0x1f4c7562,77.91,2324,279065,3581.89,120.08,10.61,104,135,0.018631,0.003555,0.488,VoIP
FLW-0003106,VPN-SES-00576,0x582a68ff,42.86,725,531548,12401.96,733.17,379.17,164,1301,0.411073,0.455451,0.3,Web_Browsing
FLW-0003107,VPN-SES-00576,0x582a68ff,23.23,533,58630,2523.89,110.0,12.51,91,128,1.000909,0.008524,0.489,ICMP
FLW-0003108,VPN-SES-00576,0x582a68ff,35.52,1253,931442,26223.03,743.37,388.98,159,1326,0.334687,0.49722,0.291,Web_Browsing
FLW-0003109,VPN-SES-00576,0x582a68ff,43.41,346,245954,5665.84,710.85,361.53,168,1253,0.457412,0.460612,0.256,Web_Browsing
FLW-0003110,VPN-SES-00577,0x6263a195,47.91,1898,219674,4585.14,115.74,16.93,90,141,0.019995,0.003646,0.493,VoIP
FLW-0003111,VPN-SES-00577,0x6263a195,55.34,717,70918,1281.5,98.91,20.49,68,129,0.018286,0.003884,0.528,VoIP
FLW-0003112,VPN-SES-00577,0x6263a195,17.19,575,487191,28341.54,847.29,325.73,358,1335,0.728012,0.301145,0.615,Email_IMAP
FLW-0003113,VPN-SES-00577,0x6263a195,88.66,3158,648937,7319.39,205.49,129.05,64,399,1.398817,0.82692,0.538,WhatsApp
FLW-0003114,VPN-SES-00577,0x6263a195,8.68,216,156260,18002.3,723.43,373.21,163,1283,0.559903,0.410219,0.243,Web_Browsing
FLW-0003115,VPN-SES-00577,0x6263a195,243.65,5012,6778278,27819.73,1352.41,124.41,1165,1514,0.013246,0.026649,0.069,Video_Streaming
FLW-0003116,VPN-SES-00578,0xc63f93f6,31.66,706,513184,16209.22,726.89,380.62,155,1297,0.470319,0.50538,0.262,Web_Browsing
FLW-0003117,VPN-SES-00578,0xc63f93f6,40.21,489,420266,10451.78,859.44,322.19,376,1342,0.657462,0.3835,0.58,Email_IMAP
FLW-0003118,VPN-SES-00578,0xc63f93f6,7.95,76,8360,1051.57,110.0,1.54,107,112,1.000877,0.008908,0.456,ICMP
FLW-0003119,VPN-SES-00578,0xc63f93f6,45.34,1596,1132968,24988.27,709.88,378.22,142,1277,0.400114,0.564697,0.285,Web_Browsing
FLW-0003120,VPN-SES-00578,0xc63f93f6,171.35,4471,6269191,36587.05,1402.19,113.24,1232,1514,0.002953,0.02764,0.015,Video_Streaming
FLW-0003121,VPN-SES-00579,0x584f0da6,20.01,120,12092,604.3,100.77,1.5,98,103,1.003214,0.01144,0.478,ICMP
FLW-0003122,VPN-SES-00579,0x584f0da6,30.57,363,260804,8531.37,718.47,381.96,145,1291,0.514756,0.501458,0.249,Web_Browsing
FLW-0003123,VPN-SES-00579,0x584f0da6,116.4,1517,351018,3015.62,231.39,129.96,64,426,1.603685,1.147062,0.457,WhatsApp
FLW-0003124,VPN-SES-00579,0x584f0da6,22.21,365,316739,14261.1,867.78,316.9,392,1343,0.710103,0.563715,0.609,Email_IMAP
FLW-0003125,VPN-SES-00579,0x584f0da6,113.37,3961,513424,4528.75,129.62,12.04,111,147,0.019933,0.004012,0.494,VoIP
FLW-0003126,VPN-SES-00579,0x584f0da6,15.88,495,371032,23364.74,749.56,377.55,183,1315,0.494014,0.403496,0.293,Web_Browsing
FLW-0003127,VPN-SES-00579,0x584f0da6,13.96,158,115924,8304.01,733.7,375.78,170,1297,0.261733,0.498067,0.281,Web_Browsing
FLW-0003128,VPN-SES-00579,0x584f0da6,57.59,622,453245,7870.2,728.69,396.09,134,1322,0.421496,0.457186,0.245,Web_Browsing
FLW-0003129,VPN-SES-00580,0x1d6ba019,38.72,147,106189,2742.48,722.38,383.83,146,1298,0.409076,0.538934,0.294,Web_Browsing
FLW-0003130,VPN-SES-00580,0x1d6ba019,9.94,308,30344,3052.72,98.52,1.5,96,100,0.999277,0.00757,0.507,ICMP
FLW-0003131,VPN-SES-00580,0x1d6ba019,5.61,141,121305,21622.99,860.32,321.51,378,1342,0.684042,0.467362,0.617,Email_IMAP
FLW-0003132,VPN-SES-00580,0x1d6ba019,90.89,3104,374280,4117.94,120.58,6.77,110,130,0.01965,0.00402,0.478,VoIP
FLW-0003133,VPN-SES-00581,0x31c20510,58.33,400,52128,893.67,130.32,12.73,111,149,0.02013,0.004047,0.522,VoIP
FLW-0003134,VPN-SES-00581,0x31c20510,78.1,410,102832,1316.67,250.81,135.55,64,454,1.052509,1.231356,0.526,WhatsApp
FLW-0003135,VPN-SES-00581,0x31c20510,21.07,447,381831,18122.02,854.21,321.89,371,1337,0.589869,0.362323,0.598,Email_IMAP
FLW-0003136,VPN-SES-00581,0x31c20510,7.25,59,5399,744.69,91.52,1.5,89,93,0.998562,0.009267,0.5,ICMP
FLW-0003137,VPN-SES-00581,0x31c20510,151.09,1246,1707966,11304.3,1370.76,114.35,1199,1514,0.014556,0.030951,0.094,Video_Streaming
FLW-0003138,VPN-SES-00582,0xd344819d,19.43,276,33925,1746.01,122.92,13.04,103,142,0.020176,0.004131,0.485,VoIP
FLW-0003139,VPN-SES-00582,0xd344819d,287.69,2830,3932002,13667.5,1389.4,98.82,1241,1514,0.011084,0.02639,0.051,Video_Streaming
FLW-0003140,VPN-SES-00582,0xd344819d,17.1,430,368733,21563.33,857.52,318.9,379,1335,0.593597,0.502826,0.589,Email_IMAP
FLW-0003141,VPN-SES-00582,0xd344819d,18.08,55,5600,309.73,101.82,7.31,90,112,0.998577,0.010073,0.473,ICMP
FLW-0003142,VPN-SES-00582,0xd344819d,35.39,1078,945071,26704.46,876.69,310.89,410,1343,0.605862,0.39491,0.579,Email_IMAP
FLW-0003143,VPN-SES-00582,0xd344819d,85.31,3025,420747,4931.98,139.09,22.34,105,172,0.020084,0.003737,0.527,VoIP
FLW-0003144,VPN-SES-00583,0x7a396c71,137.24,1521,2083937,15184.62,1370.11,116.35,1195,1514,0.008728,0.023389,0.083,Video_Streaming
FLW-0003145,VPN-SES-00583,0x7a396c71,4.3,168,146222,34005.12,870.37,324.78,383,1357,0.579147,0.429897,0.625,Email_IMAP
FLW-0003146,VPN-SES-00583,0x7a396c71,17.08,306,26869,1573.13,87.81,14.97,65,110,0.996397,0.009221,0.485,ICMP
FLW-0003147,VPN-SES-00583,0x7a396c71,19.35,435,359253,18566.05,825.87,308.83,362,1289,0.692207,0.451363,0.667,Email_IMAP
FLW-0003148,VPN-SES-00583,0x7a396c71,255.4,4708,6584326,25780.45,1398.54,113.46,1228,1514,0.013175,0.025165,0.01,Video_Streaming
FLW-0003149,VPN-SES-00583,0x7a396c71,15.77,297,208871,13244.83,703.27,380.81,132,1274,0.496202,0.514483,0.253,Web_Browsing
FLW-0003150,VPN-SES-00583,0x7a396c71,30.26,644,161805,5347.16,251.25,141.86,64,464,1.554768,1.208856,0.463,WhatsApp
FLW-0003151,VPN-SES-00584,0x839f51c3,235.14,5362,7468783,31763.13,1392.91,111.17,1226,1514,0.013918,0.025914,0.056,Video_Streaming
FLW-0003152,VPN-SES-00584,0x839f51c3,18.16,643,56378,3104.52,87.68,3.34,82,92,1.00148,0.009559,0.527,ICMP
FLW-0003153,VPN-SES-00584,0x839f51c3,24.85,104,75799,3050.26,728.84,377.61,162,1295,0.55416,0.482223,0.325,Web_Browsing
FLW-0003154,VPN-SES-00584,0x839f51c3,17.15,614,63370,3695.04,103.21,3.87,97,109,0.998668,0.009912,0.494,ICMP
FLW-0003155,VPN-SES-00585,0xf3e492f3,10.87,221,18564,1707.82,84.0,2.26,80,87,0.998794,0.010586,0.539,ICMP
FLW-0003156,VPN-SES-00585,0xf3e492f3,34.91,1075,908676,26029.1,845.28,333.7,344,1345,0.641323,0.406124,0.643,Email_IMAP
FLW-0003157,VPN-SES-00585,0xf3e492f3,105.34,1378,323333,3069.42,234.64,129.35,64,428,1.333294,1.010159,0.502,WhatsApp
FLW-0003158,VPN-SES-00585,0xf3e492f3,22.0,298,28178,1280.82,94.56,1.5,92,96,1.000827,0.008794,0.465,ICMP
FLW-0003159,VPN-SES-00585,0xf3e492f3,79.72,160,21489,269.56,134.31,8.43,121,146,0.01861,0.004249,0.491,VoIP
FLW-0003160,VPN-SES-00585,0xf3e492f3,80.02,205,24064,300.72,117.39,15.48,94,140,0.020139,0.003699,0.544,VoIP
FLW-0003161,VPN-SES-00586,0x56340607,9.19,231,162228,17652.67,702.29,383.56,126,1277,0.498159,0.462017,0.249,Web_Browsing
FLW-0003162,VPN-SES-00586,0x56340607,4.47,16,1760,393.74,110.0,1.5,107,112,0.99909,0.010887,0.501,ICMP
FLW-0003163,VPN-SES-00586,0x56340607,46.72,631,62109,1329.39,98.43,31.98,64,146,0.019682,0.003839,0.508,VoIP
FLW-0003164,VPN-SES-00586,0x56340607,168.12,2012,497970,2961.99,247.5,145.69,64,466,1.126089,1.190855,0.502,WhatsApp
FLW-0003165,VPN-SES-00586,0x56340607,111.54,471,55742,499.75,118.35,24.3,81,154,0.020561,0.003447,0.552,VoIP
FLW-0003166,VPN-SES-00586,0x56340607,39.68,309,68378,1723.24,221.29,120.92,64,402,1.356805,1.311743,0.471,WhatsApp
FLW-0003167,VPN-SES-00586,0x56340607,91.1,2046,244742,2686.52,119.62,29.46,75,163,0.01982,0.003529,0.487,VoIP
FLW-0003168,VPN-SES-00586,0x56340607,32.49,623,546028,16806.03,876.45,320.57,395,1357,0.780319,0.483207,0.601,Email_IMAP
FLW-0003169,VPN-SES-00587,0x552319ae,151.18,3680,885444,5856.89,240.61,123.17,64,425,1.289709,1.592699,0.511,WhatsApp
FLW-0003170,VPN-SES-00587,0x552319ae,292.68,10034,13950571,47664.93,1390.33,105.01,1232,1514,0.017886,0.027749,0.116,Video_Streaming
FLW-0003171,VPN-SES-00587,0x552319ae,83.94,3319,471298,5614.7,142.0,6.17,132,151,0.019334,0.003598,0.472,VoIP
FLW-0003172,VPN-SES-00587,0x552319ae,44.04,1560,1129252,25641.51,723.88,375.47,160,1287,0.605445,0.595234,0.28,Web_Browsing
FLW-0003173,VPN-SES-00587,0x552319ae,44.46,635,167297,3762.87,263.46,141.91,64,476,1.325633,0.878986,0.473,WhatsApp
FLW-0003174,VPN-SES-00587,0x552319ae,85.48,940,105524,1234.49,112.26,19.65,82,141,0.020054,0.004025,0.516,VoIP
FLW-0003175,VPN-SES-00588,0x4c1d10be,4.99,102,8568,1717.03,84.0,7.29,73,94,0.999341,0.0102,0.529,ICMP
FLW-0003176,VPN-SES-00588,0x4c1d10be,77.8,2023,213042,2738.33,105.31,15.75,81,128,0.019929,0.003794,0.527,VoIP
FLW-0003177,VPN-SES-00588,0x4c1d10be,102.58,1733,400946,3908.62,231.36,125.56,64,419,1.282863,1.220126,0.465,WhatsApp
FLW-0003178,VPN-SES-00588,0x4c1d10be,22.94,788,81573,3555.93,103.52,19.81,73,133,0.999888,0.011112,0.55,ICMP
FLW-0003179,VPN-SES-00588,0x4c1d10be,26.17,380,331485,12666.6,872.33,319.87,392,1352,0.693342,0.392068,0.597,Email_IMAP
FLW-0003180,VPN-SES-00588,0x4c1d10be,17.43,450,40833,2342.69,90.74,21.92,64,123,0.998781,0.009173,0.469,ICMP
FLW-0003181,VPN-SES-00588,0x4c1d10be,186.66,3421,4743969,25415.03,1386.72,111.14,1220,1514,0.016075,0.026678,0.019,Video_Streaming
FLW-0003182,VPN-SES-00588,0x4c1d10be,177.2,6639,1529028,8628.83,230.31,140.92,64,441,1.366456,1.230635,0.476,WhatsApp
FLW-0003183,VPN-SES-00589,0x5addf902,55.86,2022,1432364,25642.03,708.39,377.57,142,1274,0.377396,0.471722,0.286,Web_Browsing
FLW-0003184,VPN-SES-00589,0x5addf902,138.13,1621,398992,2888.53,246.14,117.28,70,422,1.397134,1.035472,0.461,WhatsApp
FLW-0003185,VPN-SES-00589,0x5addf902,51.06,1982,240991,4719.76,121.59,13.6,101,141,0.020829,0.004475,0.535,VoIP
FLW-0003186,VPN-SES-00589,0x5addf902,7.05,188,17307,2454.89,92.06,1.5,89,94,1.000123,0.00985,0.482,ICMP
FLW-0003187,VPN-SES-00590,0x9a4b4559,26.3,584,493999,18783.23,845.89,319.67,366,1325,0.622725,0.480976,0.64,Email_IMAP
FLW-0003188,VPN-SES-00590,0x9a4b4559,75.42,1193,158919,2107.12,133.21,7.93,121,145,0.020241,0.003709,0.463,VoIP
FLW-0003189,VPN-SES-00590,0x9a4b4559,31.25,399,341089,10914.85,854.86,328.55,362,1347,0.624869,0.520445,0.636,Email_IMAP
FLW-0003190,VPN-SES-00591,0xcd5db7a4,185.8,6513,8957133,48208.47,1375.27,119.28,1196,1514,0.01367,0.022669,0.116,Video_Streaming
FLW-0003191,VPN-SES-00591,0xcd5db7a4,126.93,1124,273255,2152.8,243.11,130.15,64,438,1.258837,1.229749,0.496,WhatsApp
FLW-0003192,VPN-SES-00591,0xcd5db7a4,202.93,4121,5718093,28177.66,1387.55,105.94,1228,1514,0.015128,0.02728,0.04,Video_Streaming
FLW-0003193,VPN-SES-00591,0xcd5db7a4,255.27,3595,4899985,19195.3,1363.0,114.65,1191,1514,0.0061,0.02538,0.047,Video_Streaming
FLW-0003194,VPN-SES-00591,0xcd5db7a4,4.01,137,15070,3758.1,110.0,1.5,107,112,1.001661,0.009486,0.53,ICMP
FLW-0003195,VPN-SES-00591,0xcd5db7a4,67.0,429,62084,926.63,144.72,9.46,130,158,0.020175,0.0051,0.502,VoIP
FLW-0003196,VPN-SES-00592,0xc1e76ab9,46.06,516,62301,1352.61,120.74,24.31,84,157,0.020025,0.003317,0.534,VoIP
FLW-0003197,VPN-SES-00592,0xc1e76ab9,253.47,1674,2269877,8955.21,1355.96,106.67,1195,1514,0.016528,0.024109,0.039,Video_Streaming
FLW-0003198,VPN-SES-00592,0xc1e76ab9,41.61,326,42559,1022.81,130.55,11.19,113,147,0.019267,0.00411,0.495,VoIP
FLW-0003199,VPN-SES-00593,0x7c02c976,28.33,1062,897474,31679.28,845.08,325.1,357,1332,0.681353,0.433811,0.611,Email_IMAP
FLW-0003200,VPN-SES-00593,0x7c02c976,67.5,1574,197757,2929.73,125.64,27.52,84,166,0.01983,0.004262,0.517,VoIP
FLW-0003201,VPN-SES-00593,0x7c02c976,41.86,1052,137338,3280.89,130.55,18.31,103,158,0.019453,0.003815,0.51,VoIP
FLW-0003202,VPN-SES-00593,0x7c02c976,138.0,1078,282241,2045.22,261.82,126.13,72,451,1.53279,1.063914,0.483,WhatsApp
FLW-0003203,VPN-SES-00593,0x7c02c976,127.06,3129,807845,6357.98,258.18,136.11,64,462,1.195186,1.037028,0.518,WhatsApp
FLW-0003204,VPN-SES-00593,0x7c02c976,14.3,55,5483,383.43,99.7,1.5,97,101,0.998772,0.010703,0.53,ICMP
FLW-0003205,VPN-SES-00593,0x7c02c976,16.57,532,127791,7712.19,240.21,149.8,64,464,1.535985,1.073217,0.456,WhatsApp
FLW-0003206,VPN-SES-00593,0x7c02c976,64.86,2356,255154,3933.92,108.3,20.68,77,139,0.019707,0.004669,0.544,VoIP
FLW-0003207,VPN-SES-00594,0x2790834b,22.04,839,610456,27697.64,727.6,370.57,171,1283,0.399584,0.562784,0.263,Web_Browsing
FLW-0003208,VPN-SES-00594,0x2790834b,21.95,264,29040,1323.01,110.0,7.8,98,121,1.000078,0.009297,0.497,ICMP
FLW-0003209,VPN-SES-00594,0x2790834b,20.83,51,43976,2111.19,862.28,328.26,369,1354,0.590213,0.438173,0.621,Email_IMAP
FLW-0003210,VPN-SES-00595,0xbf0f134e,146.22,4680,1160406,7936.03,247.95,122.73,64,432,1.182766,1.174136,0.434,WhatsApp
FLW-0003211,VPN-SES-00595,0xbf0f134e,19.21,297,32670,1700.68,110.0,2.75,105,114,0.997679,0.00952,0.511,ICMP
FLW-0003212,VPN-SES-00595,0xbf0f134e,8.82,281,239864,27195.46,853.61,320.16,373,1333,0.699955,0.440901,0.592,Email_IMAP
FLW-0003213,VPN-SES-00595,0xbf0f134e,39.57,1004,237355,5998.36,236.41,141.32,64,448,1.678036,0.877808,0.513,WhatsApp
FLW-0003214,VPN-SES-00595,0xbf0f134e,51.95,184,133032,2560.77,723.0,387.39,141,1304,0.408713,0.411587,0.298,Web_Browsing
FLW-0003215,VPN-SES-00595,0xbf0f134e,38.06,949,672565,17671.18,708.71,368.89,155,1262,0.35112,0.530046,0.284,Web_Browsing
FLW-0003216,VPN-SES-00595,0xbf0f134e,87.11,488,63142,724.85,129.39,23.35,94,164,0.019747,0.003972,0.485,VoIP
FLW-0003217,VPN-SES-00596,0x42f9bae0,121.82,4284,5901124,48441.34,1377.48,102.26,1224,1514,0.013464,0.027688,0.036,Video_Streaming
FLW-0003218,VPN-SES-00596,0x42f9bae0,222.73,2347,3274956,14703.7,1395.38,110.91,1229,1514,0.012904,0.020751,0.01,Video_Streaming
FLW-0003219,VPN-SES-00596,0x42f9bae0,32.27,334,40657,1259.9,121.73,24.32,85,158,0.019597,0.004668,0.522,VoIP
FLW-0003220,VPN-SES-00596,0x42f9bae0,24.55,668,58182,2369.94,87.1,4.25,80,93,1.003715,0.008757,0.516,ICMP
FLW-0003221,VPN-SES-00597,0xa011be99,44.28,1229,142723,3223.19,116.13,23.66,80,151,0.02076,0.003846,0.534,VoIP
FLW-0003222,VPN-SES-00597,0xa011be99,12.87,58,6380,495.73,110.0,4.53,103,116,1.001177,0.00941,0.501,ICMP
FLW-0003223,VPN-SES-00597,0xa011be99,42.59,1446,170454,4002.21,117.88,24.38,81,154,0.020723,0.003956,0.546,VoIP
FLW-0003224,VPN-SES-00597,0xa011be99,31.1,1100,812196,26115.63,738.36,386.77,158,1318,0.411298,0.469409,0.256,Web_Browsing
FLW-0003225,VPN-SES-00597,0xa011be99,274.79,2802,3898674,14187.83,1391.39,100.31,1240,1514,0.014538,0.022297,0.085,Video_Streaming
FLW-0003226,VPN-SES-00597,0xa011be99,17.53,123,14785,843.41,120.21,28.67,77,163,0.020685,0.004574,0.544,VoIP
FLW-0003227,VPN-SES-00598,0xa2071602,73.76,1098,133648,1811.93,121.72,8.73,108,134,0.019368,0.003165,0.467,VoIP
FLW-0003228,VPN-SES-00598,0xa2071602,69.79,684,944487,13533.27,1380.83,105.52,1222,1514,0.011324,0.026232,0.051,Video_Streaming
FLW-0003229,VPN-SES-00598,0xa2071602,18.73,48,4057,216.6,84.54,3.57,79,89,0.998652,0.009729,0.54,ICMP
FLW-0003230,VPN-SES-00598,0xa2071602,8.3,22,15768,1899.76,716.75,394.17,125,1308,0.557373,0.471035,0.247,Web_Browsing
FLW-0003231,VPN-SES-00598,0xa2071602,70.08,1229,146705,2093.39,119.37,27.23,78,160,0.019706,0.004363,0.536,VoIP
FLW-0003232,VPN-SES-00598,0xa2071602,25.75,361,307106,11926.45,850.71,314.59,378,1322,0.698105,0.456833,0.599,Email_IMAP
FLW-0003233,VPN-SES-00599,0xf160e35b,29.97,1167,998683,33322.76,855.77,319.44,376,1334,0.544372,0.484454,0.606,Email_IMAP
FLW-0003234,VPN-SES-00599,0xf160e35b,30.34,320,27712,913.38,86.6,17.81,64,113,0.019555,0.004676,0.482,VoIP
FLW-0003235,VPN-SES-00599,0xf160e35b,9.96,53,44881,4506.12,846.83,324.06,360,1332,0.60542,0.414924,0.635,Email_IMAP
FLW-0003236,VPN-SES-00599,0xf160e35b,97.28,491,111707,1148.3,227.51,118.34,64,405,1.68479,1.163745,0.472,WhatsApp
FLW-0003237,VPN-SES-00599,0xf160e35b,10.75,341,293246,27278.7,859.96,324.05,373,1346,0.7157,0.415981,0.631,Email_IMAP
FLW-0003238,VPN-SES-00599,0xf160e35b,152.76,3268,764450,5004.26,233.92,128.49,64,426,1.426514,1.099265,0.502,WhatsApp
FLW-0003239,VPN-SES-00600,0x49b00426,113.09,2066,507926,4491.34,245.85,117.93,68,422,1.175959,1.059331,0.535,WhatsApp
FLW-0003240,VPN-SES-00600,0x49b00426,23.06,536,47050,2040.33,87.78,2.33,84,91,0.999195,0.009446,0.505,ICMP
FLW-0003241,VPN-SES-00600,0x49b00426,42.92,1128,989041,23043.83,876.81,323.65,391,1362,0.595762,0.573895,0.622,Email_IMAP
FLW-0003242,VPN-SES-00600,0x49b00426,119.83,1527,355897,2970.02,233.07,141.3,64,445,1.322603,1.282921,0.454,WhatsApp
FLW-0003243,VPN-SES-00600,0x49b00426,191.72,2739,3826821,19960.47,1397.16,111.61,1229,1514,0.016841,0.029754,0.026,Video_Streaming
FLW-0003244,VPN-SES-00600,0x49b00426,141.43,3827,977071,6908.51,255.31,118.73,77,433,1.227215,1.011625,0.495,WhatsApp
FLW-0003245,VPN-SES-00601,0xa98deba3,120.53,3038,730335,6059.36,240.4,128.66,64,433,1.424129,1.165042,0.5,WhatsApp
FLW-0003246,VPN-SES-00601,0xa98deba3,51.0,1341,983127,19277.0,733.13,394.56,141,1324,0.448398,0.473946,0.298,Web_Browsing
FLW-0003247,VPN-SES-00601,0xa98deba3,55.56,2035,1437259,25868.59,706.27,374.57,144,1268,0.524954,0.493794,0.244,Web_Browsing
FLW-0003248,VPN-SES-00601,0xa98deba3,24.0,823,693064,28877.67,842.12,320.39,361,1322,0.727078,0.500785,0.623,Email_IMAP
FLW-0003249,VPN-SES-00601,0xa98deba3,16.38,605,66550,4062.88,110.0,3.16,105,114,0.999792,0.007433,0.487,ICMP
FLW-0003250,VPN-SES-00602,0xfc677b25,41.42,631,82168,1983.78,130.22,30.51,84,175,0.019502,0.004185,0.531,VoIP
FLW-0003251,VPN-SES-00602,0xfc677b25,53.11,1323,952731,17938.83,720.13,361.73,177,1262,0.468547,0.538072,0.252,Web_Browsing
FLW-0003252,VPN-SES-00602,0xfc677b25,13.34,500,428475,32119.57,856.95,310.76,390,1323,0.476515,0.496215,0.62,Email_IMAP
FLW-0003253,VPN-SES-00602,0xfc677b25,54.9,892,659339,12009.82,739.17,386.86,158,1319,0.423434,0.495841,0.297,Web_Browsing
FLW-0003254,VPN-SES-00602,0xfc677b25,58.48,901,659171,11271.73,731.6,382.58,157,1305,0.532919,0.485167,0.25,Web_Browsing
FLW-0003255,VPN-SES-00602,0xfc677b25,33.47,908,653051,19511.53,719.22,381.64,146,1291,0.359885,0.433164,0.293,Web_Browsing
FLW-0003256,VPN-SES-00602,0xfc677b25,19.52,473,338251,17328.43,715.12,378.67,147,1283,0.423023,0.57603,0.318,Web_Browsing
FLW-0003257,VPN-SES-00602,0xfc677b25,17.84,662,55608,3117.04,84.0,1.5,81,86,1.001275,0.010602,0.499,ICMP
FLW-0003258,VPN-SES-00603,0xf3fb1c48,11.11,392,331769,29862.2,846.35,314.54,374,1318,0.615118,0.462465,0.671,Email_IMAP
FLW-0003259,VPN-SES-00603,0xf3fb1c48,22.4,697,62562,2792.95,89.76,1.5,87,92,0.999837,0.011032,0.457,ICMP
FLW-0003260,VPN-SES-00603,0xf3fb1c48,85.55,3406,4759680,55636.24,1397.44,108.62,1234,1514,0.009246,0.021,0.081,Video_Streaming
FLW-0003261,VPN-SES-00603,0xf3fb1c48,21.44,229,21972,1024.81,95.95,5.37,87,104,0.998649,0.009681,0.485,ICMP
FLW-0003262,VPN-SES-00603,0xf3fb1c48,21.0,425,41135,1958.81,96.79,1.5,94,99,0.997699,0.012728,0.459,ICMP
FLW-0003263,VPN-SES-00603,0xf3fb1c48,135.74,2488,3438863,25334.19,1382.18,95.82,1238,1514,0.004511,0.025245,0.065,Video_Streaming
FLW-0003264,VPN-SES-00603,0xf3fb1c48,22.82,394,344805,15109.77,875.14,323.2,390,1359,0.639888,0.407268,0.665,Email_IMAP
FLW-0003265,VPN-SES-00604,0x35768869,168.91,4847,1217324,7206.94,251.15,120.03,71,431,1.406264,1.115846,0.47,WhatsApp
FLW-0003266,VPN-SES-00604,0x35768869,37.67,1121,974440,25867.8,869.26,326.65,379,1359,0.637142,0.437361,0.665,Email_IMAP
FLW-0003267,VPN-SES-00604,0x35768869,21.24,314,273553,12879.14,871.19,320.58,390,1352,0.540028,0.46548,0.641,Email_IMAP
FLW-0003268,VPN-SES-00604,0x35768869,118.07,4246,369189,3126.87,86.95,20.01,64,116,0.01975,0.003912,0.473,VoIP
FLW-0003269,VPN-SES-00604,0x35768869,8.43,239,205114,24331.44,858.22,331.14,361,1354,0.619868,0.493451,0.596,Email_IMAP
FLW-0003270,VPN-SES-00604,0x35768869,63.23,698,173878,2749.93,249.11,130.01,64,444,1.458084,1.100787,0.499,WhatsApp
FLW-0003271,VPN-SES-00605,0x3e5ce13a,12.89,45,3780,293.25,84.0,1.5,81,86,1.000626,0.007956,0.484,ICMP
FLW-0003272,VPN-SES-00605,0x3e5ce13a,15.9,41,3991,251.01,97.35,1.5,95,99,0.998963,0.010272,0.53,ICMP
FLW-0003273,VPN-SES-00605,0x3e5ce13a,50.45,1378,149513,2963.59,108.5,13.4,88,128,0.019561,0.003031,0.504,VoIP
FLW-0003274,VPN-SES-00605,0x3e5ce13a,9.82,239,26103,2658.15,109.22,12.13,91,127,0.998694,0.008748,0.501,ICMP
FLW-0003275,VPN-SES-00605,0x3e5ce13a,92.23,2716,3775104,40931.41,1389.95,111.24,1223,1514,0.013085,0.027855,0.038,Video_Streaming
FLW-0003276,VPN-SES-00605,0x3e5ce13a,27.4,600,514416,18774.31,857.36,333.08,357,1356,0.636715,0.39297,0.6,Email_IMAP
FLW-0003277,VPN-SES-00605,0x3e5ce13a,18.5,279,236798,12799.89,848.74,322.86,364,1333,0.589524,0.462197,0.598,Email_IMAP
FLW-0003278,VPN-SES-00605,0x3e5ce13a,36.2,1268,1717531,47445.61,1354.52,112.45,1185,1514,0.012557,0.026294,0.04,Video_Streaming
FLW-0003279,VPN-SES-00606,0x61146ac7,31.18,566,130547,4186.88,230.65,133.21,64,430,1.650638,1.101228,0.493,WhatsApp
FLW-0003280,VPN-SES-00606,0x61146ac7,47.57,1036,244641,5142.76,236.14,117.65,64,412,1.559626,1.199926,0.501,WhatsApp
FLW-0003281,VPN-SES-00606,0x61146ac7,10.79,109,93502,8665.62,857.82,324.78,370,1344,0.710329,0.522907,0.65,Email_IMAP
FLW-0003282,VPN-SES-00606,0x61146ac7,105.46,222,306530,2906.6,1380.77,99.53,1231,1514,0.012584,0.025641,0.081,Video_Streaming
FLW-0003283,VPN-SES-00606,0x61146ac7,211.21,3987,5566848,26356.93,1396.25,109.24,1232,1514,0.019879,0.020602,0.073,Video_Streaming
FLW-0003284,VPN-SES-00607,0xa46320bc,13.91,305,70278,5052.34,230.42,114.74,64,402,1.366707,0.939711,0.475,WhatsApp
FLW-0003285,VPN-SES-00607,0xa46320bc,268.09,8589,11856427,44225.55,1380.42,118.95,1201,1514,0.006347,0.027271,0.063,Video_Streaming
FLW-0003286,VPN-SES-00607,0xa46320bc,144.23,4580,1155763,8013.33,252.35,126.55,64,442,1.18018,0.966075,0.441,WhatsApp
FLW-0003287,VPN-SES-00607,0xa46320bc,22.71,556,403505,17767.72,725.73,391.82,138,1313,0.407629,0.531457,0.234,Web_Browsing
FLW-0003288,VPN-SES-00607,0xa46320bc,29.24,963,830260,28394.66,862.16,325.35,374,1350,0.552252,0.440825,0.641,Email_IMAP
FLW-0003289,VPN-SES-00607,0xa46320bc,12.42,97,80004,6441.55,824.79,330.68,328,1320,0.673873,0.482253,0.608,Email_IMAP
FLW-0003290,VPN-SES-00607,0xa46320bc,5.62,189,15876,2824.91,84.0,8.27,71,96,0.999876,0.010032,0.533,ICMP
FLW-0003291,VPN-SES-00608,0xbeeb5608,87.08,2481,320396,3679.33,129.14,33.37,79,179,0.020092,0.003724,0.494,VoIP
FLW-0003292,VPN-SES-00608,0xbeeb5608,204.28,937,1297735,6352.73,1384.99,118.13,1207,1514,0.006499,0.025021,0.108,Video_Streaming
FLW-0003293,VPN-SES-00608,0xbeeb5608,131.22,441,104569,796.9,237.12,137.45,64,443,1.481364,1.205145,0.456,WhatsApp
FLW-0003294,VPN-SES-00608,0xbeeb5608,107.18,1686,388353,3623.37,230.34,130.16,64,425,1.147183,1.070329,0.488,WhatsApp
FLW-0003295,VPN-SES-00608,0xbeeb5608,13.48,472,123390,9153.56,261.42,133.22,64,461,1.503163,1.228092,0.451,WhatsApp
FLW-0003296,VPN-SES-00608,0xbeeb5608,13.35,243,23332,1747.72,96.02,23.4,64,131,0.999881,0.011116,0.529,ICMP
FLW-0003297,VPN-SES-00609,0x26e6e8fc,28.56,457,384912,13477.31,842.26,322.48,358,1325,0.659905,0.464848,0.597,Email_IMAP
FLW-0003298,VPN-SES-00609,0x26e6e8fc,117.81,3221,343358,2914.51,106.6,14.19,85,127,0.019941,0.004474,0.555,VoIP
FLW-0003299,VPN-SES-00609,0x26e6e8fc,94.87,557,76175,802.94,136.76,24.88,99,174,0.019397,0.003836,0.506,VoIP
FLW-0003300,VPN-SES-00609,0x26e6e8fc,23.23,140,12657,544.86,90.41,8.62,77,103,1.001081,0.010536,0.531,ICMP
FLW-0003301,VPN-SES-00609,0x26e6e8fc,32.51,167,141806,4361.92,849.14,327.46,357,1340,0.603044,0.407658,0.636,Email_IMAP
FLW-0003302,VPN-SES-00609,0x26e6e8fc,9.36,148,108719,11615.28,734.59,383.9,158,1310,0.45156,0.515508,0.284,Web_Browsing
FLW-0003303,VPN-SES-00609,0x26e6e8fc,35.33,360,81536,2307.84,226.49,120.06,64,406,1.386994,1.108784,0.48,WhatsApp
FLW-0003304,VPN-SES-00609,0x26e6e8fc,57.35,875,217096,3785.46,248.11,128.28,64,440,1.492892,1.084095,0.535,WhatsApp
FLW-0003305,VPN-SES-00610,0x4aa58e1d,35.14,936,674827,19203.96,720.97,398.73,122,1319,0.476401,0.489316,0.253,Web_Browsing
FLW-0003306,VPN-SES-00610,0x4aa58e1d,93.79,3495,4762601,50779.41,1362.69,102.07,1209,1514,0.008701,0.025987,0.044,Video_Streaming
FLW-0003307,VPN-SES-00610,0x4aa58e1d,192.71,1016,1404355,7287.4,1382.24,120.26,1201,1514,0.011671,0.030198,0.025,Video_Streaming
FLW-0003308,VPN-SES-00610,0x4aa58e1d,96.15,1294,152937,1590.61,118.19,13.69,97,138,0.020562,0.003104,0.457,VoIP
FLW-0003309,VPN-SES-00611,0xe139e6d8,236.91,8882,12245702,51689.26,1378.71,122.41,1195,1514,0.012847,0.021621,0.024,Video_Streaming
FLW-0003310,VPN-SES-00611,0xe139e6d8,67.6,367,51409,760.49,140.08,13.03,120,159,0.019434,0.004591,0.53,VoIP
FLW-0003311,VPN-SES-00611,0xe139e6d8,32.94,164,41867,1271.01,255.29,122.4,71,438,1.148358,1.114648,0.49,WhatsApp
FLW-0003312,VPN-SES-00611,0xe139e6d8,36.5,343,83822,2296.49,244.38,141.83,64,457,1.113928,1.194566,0.447,WhatsApp
FLW-0003313,VPN-SES-00611,0xe139e6d8,262.66,6541,9093756,34621.78,1390.27,106.2,1230,1514,0.008948,0.023475,0.017,Video_Streaming
FLW-0003314,VPN-SES-00612,0xa2e8c8b1,33.1,654,157280,4751.66,240.49,123.82,64,426,1.529739,1.170406,0.531,WhatsApp
FLW-0003315,VPN-SES-00612,0xa2e8c8b1,99.91,2205,538902,5393.87,244.4,134.17,64,445,1.631016,1.030957,0.435,WhatsApp
FLW-0003316,VPN-SES-00612,0xa2e8c8b1,19.84,602,60440,3046.37,100.4,1.5,98,102,1.003681,0.011455,0.565,ICMP
FLW-0003317,VPN-SES-00613,0x9a9db593,33.79,901,649395,19218.56,720.75,384.4,144,1297,0.415539,0.544146,0.244,Web_Browsing
FLW-0003318,VPN-SES-00613,0x9a9db593,165.85,4424,5970099,35996.98,1349.48,103.67,1193,1504,0.006542,0.028695,0.114,Video_Streaming
FLW-0003319,VPN-SES-00613,0x9a9db593,247.31,3883,5293150,21402.9,1363.16,120.33,1182,1514,0.015568,0.021076,0.048,Video_Streaming
FLW-0003320,VPN-SES-00613,0x9a9db593,77.98,1660,187646,2406.33,113.04,23.98,77,149,0.019263,0.00396,0.479,VoIP
FLW-0003321,VPN-SES-00613,0x9a9db593,11.35,233,169083,14897.18,725.68,378.27,158,1293,0.409857,0.489335,0.341,Web_Browsing
FLW-0003322,VPN-SES-00613,0x9a9db593,73.91,1677,394095,5332.09,235.0,121.67,64,417,1.496267,1.084212,0.438,WhatsApp
FLW-0003323,VPN-SES-00614,0x161cba48,20.67,446,49060,2373.49,110.0,1.5,107,112,0.999433,0.01016,0.552,ICMP
FLW-0003324,VPN-SES-00614,0x161cba48,68.43,1066,1449589,21183.53,1359.84,112.21,1191,1514,0.019827,0.025322,0.023,Video_Streaming
FLW-0003325,VPN-SES-00614,0x161cba48,53.0,923,214671,4050.4,232.58,131.66,64,430,1.619583,1.062673,0.505,WhatsApp
FLW-0003326,VPN-SES-00614,0x161cba48,131.19,3305,736287,5612.37,222.78,118.45,64,400,1.320338,1.258183,0.482,WhatsApp
FLW-0003327,VPN-SES-00615,0xf1e3e199,160.8,3871,942511,5861.39,243.48,132.22,64,441,1.583019,1.032876,0.501,WhatsApp
FLW-0003328,VPN-SES-00615,0xf1e3e199,77.81,1608,176928,2273.85,110.03,33.87,64,160,0.01952,0.003647,0.516,VoIP
FLW-0003329,VPN-SES-00615,0xf1e3e199,26.62,94,80930,3040.2,860.96,322.61,377,1344,0.665344,0.400932,0.668,Email_IMAP
FLW-0003330,VPN-SES-00615,0xf1e3e199,21.52,382,95775,4450.51,250.72,140.87,64,462,1.312825,1.145818,0.486,WhatsApp
FLW-0003331,VPN-SES-00615,0xf1e3e199,113.79,4378,6100918,53615.59,1393.54,119.28,1214,1514,0.012724,0.021205,0.113,Video_Streaming
FLW-0003332,VPN-SES-00615,0xf1e3e199,32.99,272,377174,11432.98,1386.67,105.13,1228,1514,0.013525,0.021222,0.092,Video_Streaming
FLW-0003333,VPN-SES-00616,0x355c4297,39.2,661,464253,11843.19,702.35,378.23,135,1269,0.468334,0.551942,0.283,Web_Browsing
FLW-0003334,VPN-SES-00616,0x355c4297,7.8,279,203005,26026.28,727.62,379.77,157,1297,0.447586,0.504274,0.274,Web_Browsing
FLW-0003335,VPN-SES-00616,0x355c4297,9.06,242,203221,22430.57,839.76,313.85,368,1310,0.666522,0.43879,0.615,Email_IMAP
FLW-0003336,VPN-SES-00616,0x355c4297,83.68,2272,536464,6410.9,236.12,123.09,64,420,1.318639,1.066249,0.48,WhatsApp
FLW-0003337,VPN-SES-00616,0x355c4297,84.96,2413,300949,3542.24,124.72,16.56,99,149,0.019382,0.003441,0.578,VoIP
FLW-0003338,VPN-SES-00616,0x355c4297,19.73,557,47033,2383.83,84.44,1.5,82,86,1.000776,0.010361,0.516,ICMP
FLW-0003339,VPN-SES-00617,0x2139dd0f,19.74,442,377772,19137.39,854.69,321.91,371,1337,0.654141,0.435954,0.627,Email_IMAP
FLW-0003340,VPN-SES-00617,0x2139dd0f,41.31,702,977647,23666.11,1392.66,109.82,1227,1514,0.011942,0.02767,0.089,Video_Streaming
FLW-0003341,VPN-SES-00617,0x2139dd0f,115.12,1823,253415,2201.31,139.01,3.95,133,144,0.020543,0.004241,0.473,VoIP
FLW-0003342,VPN-SES-00618,0x7b1aae6a,42.88,1073,132000,3078.36,123.02,26.41,83,162,0.019503,0.004177,0.526,VoIP
FLW-0003343,VPN-SES-00618,0x7b1aae6a,38.0,415,44467,1170.18,107.15,16.86,81,132,0.020181,0.003682,0.474,VoIP
FLW-0003344,VPN-SES-00618,0x7b1aae6a,14.36,109,10505,731.55,96.38,10.41,80,111,1.000966,0.009139,0.52,ICMP
FLW-0003345,VPN-SES-00618,0x7b1aae6a,13.65,377,33164,2429.6,87.97,1.5,85,90,0.999449,0.011123,0.52,ICMP
FLW-0003346,VPN-SES-00619,0xade67f2c,17.96,574,56240,3131.4,97.98,1.5,95,100,0.999415,0.010109,0.468,ICMP
FLW-0003347,VPN-SES-00619,0xade67f2c,210.29,7263,9992580,47518.09,1375.82,108.28,1213,1514,0.006933,0.022904,0.072,Video_Streaming
FLW-0003348,VPN-SES-00619,0xade67f2c,16.39,317,31100,1897.5,98.11,1.53,95,100,0.998633,0.011577,0.475,ICMP
FLW-0003349,VPN-SES-00619,0xade67f2c,35.91,573,494510,13770.82,863.02,316.1,388,1337,0.652449,0.470592,0.579,Email_IMAP
FLW-0003350,VPN-SES-00619,0xade67f2c,250.03,7608,10498431,41988.69,1379.92,119.53,1200,1514,0.018606,0.024675,0.061,Video_Streaming
FLW-0003351,VPN-SES-00620,0x8bbfd692,179.85,6777,9532121,53000.39,1406.54,119.08,1227,1514,0.009685,0.023453,0.089,Video_Streaming
FLW-0003352,VPN-SES-00620,0x8bbfd692,267.8,4610,6305880,23546.98,1367.87,118.7,1189,1514,0.013254,0.026294,0.052,Video_Streaming
FLW-0003353,VPN-SES-00620,0x8bbfd692,163.88,1134,263586,1608.41,232.44,141.7,64,444,1.359288,1.054797,0.478,WhatsApp
FLW-0003354,VPN-SES-00621,0xc2879bdd,55.94,344,248478,4441.87,722.32,371.75,164,1279,0.407635,0.469098,0.305,Web_Browsing
FLW-0003355,VPN-SES-00621,0xc2879bdd,79.01,1928,442225,5597.08,229.37,115.95,64,403,1.075429,0.938258,0.521,WhatsApp
FLW-0003356,VPN-SES-00621,0xc2879bdd,141.84,533,735641,5186.41,1380.19,114.01,1209,1514,0.014012,0.02514,0.058,Video_Streaming
FLW-0003357,VPN-SES-00622,0x6572fd41,107.35,2714,3779326,35205.65,1392.53,111.17,1225,1514,0.017247,0.026552,0.041,Video_Streaming
FLW-0003358,VPN-SES-00622,0x6572fd41,120.75,2920,4012167,33227.06,1374.03,104.18,1217,1514,0.016566,0.023987,0.036,Video_Streaming
FLW-0003359,VPN-SES-00622,0x6572fd41,19.45,122,105388,5418.41,863.84,319.22,385,1342,0.669883,0.535042,0.647,Email_IMAP
FLW-0003360,VPN-SES-00622,0x6572fd41,23.62,862,103715,4390.98,120.32,6.73,110,130,0.0197,0.004284,0.465,VoIP
FLW-0003361,VPN-SES-00622,0x6572fd41,4.18,146,16060,3842.11,110.0,4.12,103,116,1.000073,0.009333,0.515,ICMP
FLW-0003362,VPN-SES-00622,0x6572fd41,93.75,565,127746,1362.62,226.1,147.32,64,447,1.617363,1.208273,0.438,WhatsApp
FLW-0003363,VPN-SES-00623,0xff332684,23.28,762,76550,3288.23,100.46,13.67,79,120,1.00089,0.008998,0.48,ICMP
FLW-0003364,VPN-SES-00623,0xff332684,41.63,262,187219,4497.21,714.58,375.17,151,1277,0.564658,0.403949,0.3,Web_Browsing
FLW-0003365,VPN-SES-00623,0xff332684,32.35,698,72934,2254.53,104.49,10.31,89,119,0.018794,0.00378,0.545,VoIP
FLW-0003366,VPN-SES-00623,0xff332684,10.5,319,230694,21970.86,723.18,370.41,167,1278,0.526286,0.561565,0.283,Web_Browsing
FLW-0003367,VPN-SES-00623,0xff332684,118.76,238,34371,289.42,144.42,24.57,107,181,0.02041,0.003679,0.519,VoIP
FLW-0003368,VPN-SES-00623,0xff332684,243.18,6889,9524731,39167.41,1382.6,114.16,1211,1514,0.009433,0.02532,0.035,Video_Streaming
FLW-0003369,VPN-SES-00623,0xff332684,28.28,652,139677,4939.07,214.23,137.99,64,421,1.152106,1.111791,0.49,WhatsApp
FLW-0003370,VPN-SES-00623,0xff332684,38.31,222,191790,5006.26,863.92,317.74,387,1340,0.668307,0.471194,0.642,Email_IMAP
FLW-0003371,VPN-SES-00624,0xe4f0fd63,216.04,956,1339164,6198.69,1400.8,111.87,1232,1514,0.01224,0.022733,0.073,Video_Streaming
FLW-0003372,VPN-SES-00624,0xe4f0fd63,154.87,5756,1427545,9217.7,248.01,128.46,64,440,1.489861,1.067823,0.5,WhatsApp
FLW-0003373,VPN-SES-00624,0xe4f0fd63,217.63,7848,10916175,50159.33,1390.95,117.19,1215,1514,0.012442,0.0224,0.042,Video_Streaming
FLW-0003374,VPN-SES-00624,0xe4f0fd63,57.34,1369,995454,17360.55,727.14,399.59,127,1326,0.424446,0.522792,0.263,Web_Browsing
FLW-0003375,VPN-SES-00624,0xe4f0fd63,40.94,902,638895,15605.64,708.31,374.59,146,1270,0.293815,0.567672,0.213,Web_Browsing
FLW-0003376,VPN-SES-00624,0xe4f0fd63,147.18,2220,525762,3572.24,236.83,120.57,64,417,1.254077,1.251417,0.486,WhatsApp
FLW-0003377,VPN-SES-00624,0xe4f0fd63,41.64,514,364127,8744.64,708.42,375.28,145,1271,0.392589,0.497823,0.285,Web_Browsing
FLW-0003378,VPN-SES-00625,0x4d9d49d4,47.37,1502,1115610,23550.98,742.75,364.67,195,1289,0.447389,0.484222,0.308,Web_Browsing
FLW-0003379,VPN-SES-00625,0x4d9d49d4,36.86,1059,766991,20808.22,724.26,384.72,147,1301,0.475881,0.4534,0.316,Web_Browsing
FLW-0003380,VPN-SES-00625,0x4d9d49d4,79.68,2798,698324,8764.11,249.58,137.32,64,455,1.608568,1.145944,0.524,WhatsApp
FLW-0003381,VPN-SES-00626,0xbb13b31a,123.17,646,894406,7261.56,1384.53,108.25,1222,1514,0.011975,0.02494,0.044,Video_Streaming
FLW-0003382,VPN-SES-00626,0xbb13b31a,103.32,3497,488111,4724.26,139.58,20.37,109,170,0.020057,0.004155,0.589,VoIP
FLW-0003383,VPN-SES-00626,0xbb13b31a,26.43,884,624475,23627.51,706.42,373.24,146,1266,0.346457,0.48837,0.287,Web_Browsing
FLW-0003384,VPN-SES-00626,0xbb13b31a,88.8,1805,423128,4764.95,234.42,125.68,64,422,1.423497,1.044768,0.489,WhatsApp
FLW-0003385,VPN-SES-00626,0xbb13b31a,22.11,504,55440,2507.46,110.0,9.42,95,124,1.001322,0.011086,0.508,ICMP
FLW-0003386,VPN-SES-00626,0xbb13b31a,250.26,7419,10224123,40854.0,1378.1,103.82,1222,1514,0.010533,0.023691,0.082,Video_Streaming
FLW-0003387,VPN-SES-00627,0xb88d37de,158.84,3057,746397,4699.05,244.16,135.57,64,447,1.208544,1.257492,0.467,WhatsApp
FLW-0003388,VPN-SES-00627,0xb88d37de,41.35,369,504349,12197.07,1366.8,106.49,1207,1514,0.021314,0.024031,0.05,Video_Streaming
FLW-0003389,VPN-SES-00627,0xb88d37de,168.45,4393,6052192,35928.71,1377.69,108.81,1214,1514,0.009069,0.025358,0.092,Video_Streaming
FLW-0003390,VPN-SES-00628,0x5721fbe9,25.98,841,104090,4006.54,123.77,9.11,110,137,0.019793,0.003779,0.502,VoIP
FLW-0003391,VPN-SES-00628,0x5721fbe9,12.27,99,86721,7067.73,875.97,318.81,397,1354,0.64405,0.529994,0.646,Email_IMAP
FLW-0003392,VPN-SES-00628,0x5721fbe9,42.42,1592,1157208,27279.77,726.89,395.67,133,1320,0.486736,0.400674,0.305,Web_Browsing
FLW-0003393,VPN-SES-00628,0x5721fbe9,14.6,572,48048,3290.96,84.0,7.62,72,95,0.997429,0.009533,0.489,ICMP
FLW-0003394,VPN-SES-00628,0x5721fbe9,161.23,5159,1190490,7383.8,230.76,127.21,64,421,1.570373,1.021465,0.496,WhatsApp
FLW-0003395,VPN-SES-00629,0xacca6d2a,17.57,375,85653,4874.96,228.41,128.48,64,421,1.453433,0.990382,0.441,WhatsApp
FLW-0003396,VPN-SES-00629,0xacca6d2a,57.77,372,46834,810.7,125.9,26.98,85,166,0.019953,0.003817,0.505,VoIP
FLW-0003397,VPN-SES-00629,0xacca6d2a,151.02,3720,895292,5928.3,240.67,131.94,64,438,0.98284,0.982399,0.455,WhatsApp
FLW-0003398,VPN-SES-00629,0xacca6d2a,165.4,5316,1285461,7771.83,241.81,131.49,64,439,1.50497,1.128334,0.441,WhatsApp
FLW-0003399,VPN-SES-00629,0xacca6d2a,13.47,348,305321,22666.74,877.36,330.18,382,1372,0.565072,0.464972,0.602,Email_IMAP
FLW-0003400,VPN-SES-00629,0xacca6d2a,13.14,161,138728,10557.69,861.67,328.43,369,1354,0.793782,0.483807,0.629,Email_IMAP
FLW-0003401,VPN-SES-00629,0xacca6d2a,54.03,266,190434,3524.6,715.92,381.46,143,1288,0.551983,0.497765,0.253,Web_Browsing
FLW-0003402,VPN-SES-00630,0xe115a0ca,18.12,113,24923,1375.44,220.56,134.1,64,421,1.440803,1.02895,0.511,WhatsApp
FLW-0003403,VPN-SES-00630,0xe115a0ca,34.44,1187,848633,24640.91,714.94,378.92,146,1283,0.44875,0.482452,0.287,Web_Browsing
FLW-0003404,VPN-SES-00630,0xe115a0ca,12.78,469,119041,9314.63,253.82,120.86,72,435,1.480606,1.118937,0.485,WhatsApp
FLW-0003405,VPN-SES-00631,0xcb958291,47.88,1846,1348429,28162.68,730.46,380.39,159,1301,0.486017,0.535793,0.265,Web_Browsing
FLW-0003406,VPN-SES-00631,0xcb958291,279.92,6932,9591045,34263.52,1383.59,107.99,1221,1514,0.011502,0.024195,0.074,Video_Streaming
FLW-0003407,VPN-SES-00631,0xcb958291,33.75,429,369360,10944.0,860.98,323.16,376,1345,0.648818,0.377815,0.621,Email_IMAP
FLW-0003408,VPN-SES-00631,0xcb958291,30.9,90,77468,2507.06,860.76,321.94,377,1343,0.609923,0.396204,0.639,Email_IMAP
FLW-0003409,VPN-SES-00631,0xcb958291,13.02,194,18375,1411.29,94.72,5.37,86,102,0.999578,0.009994,0.487,ICMP
FLW-0003410,VPN-SES-00631,0xcb958291,9.16,263,22717,2480.02,86.38,7.79,74,98,0.999095,0.010164,0.512,ICMP
FLW-0003411,VPN-SES-00631,0xcb958291,25.44,1003,113298,4453.54,112.96,8.37,100,125,0.021456,0.003789,0.519,VoIP
FLW-0003412,VPN-SES-00632,0xcfd95996,32.35,204,180187,5569.92,883.27,326.32,393,1372,0.62972,0.44698,0.595,Email_IMAP
FLW-0003413,VPN-SES-00632,0xcfd95996,118.2,1230,160613,1358.82,130.58,22.53,96,164,0.019691,0.003583,0.46,VoIP
FLW-0003414,VPN-SES-00632,0xcfd95996,115.13,770,101516,881.75,131.84,18.96,103,160,0.020129,0.003671,0.456,VoIP
FLW-0003415,VPN-SES-00632,0xcfd95996,58.08,580,424299,7305.42,731.55,380.34,161,1302,0.518043,0.480703,0.273,Web_Browsing
FLW-0003416,VPN-SES-00632,0xcfd95996,67.38,2183,542606,8052.92,248.56,135.86,64,452,1.531598,1.067528,0.498,WhatsApp
FLW-0003417,VPN-SES-00633,0xd4188fea,177.23,2404,3349517,18899.27,1393.31,109.16,1229,1514,0.010074,0.028357,0.04,Video_Streaming
FLW-0003418,VPN-SES-00633,0xd4188fea,4.38,166,17521,4000.23,105.55,3.53,100,110,0.997238,0.011129,0.417,ICMP
FLW-0003419,VPN-SES-00633,0xd4188fea,119.17,1567,150729,1264.82,96.19,22.22,64,129,0.020316,0.003745,0.504,VoIP
FLW-0003420,VPN-SES-00633,0xd4188fea,122.37,4520,6100282,49851.12,1349.62,115.66,1176,1514,0.012936,0.024886,0.061,Video_Streaming
FLW-0003421,VPN-SES-00633,0xd4188fea,15.23,520,54038,3548.13,103.92,3.77,98,109,0.997189,0.012196,0.536,ICMP
FLW-0003422,VPN-SES-00633,0xd4188fea,11.38,196,16464,1446.75,84.0,1.5,81,86,0.999646,0.011079,0.435,ICMP
FLW-0003423,VPN-SES-00634,0xea7f624b,5.4,200,18402,3407.78,92.01,1.5,89,94,0.999572,0.009527,0.502,ICMP
FLW-0003424,VPN-SES-00634,0xea7f624b,255.32,8609,11817918,46286.69,1372.74,103.99,1216,1514,0.014324,0.026137,0.077,Video_Streaming
FLW-0003425,VPN-SES-00634,0xea7f624b,35.6,864,741208,20820.45,857.88,315.43,384,1331,0.641977,0.472552,0.555,Email_IMAP
FLW-0003426,VPN-SES-00634,0xea7f624b,40.34,487,352943,8749.21,724.73,382.47,151,1298,0.454661,0.492534,0.203,Web_Browsing
FLW-0003427,VPN-SES-00634,0xea7f624b,18.82,229,26270,1395.86,114.72,32.32,66,163,0.020008,0.003877,0.501,VoIP
FLW-0003428,VPN-SES-00634,0xea7f624b,74.95,219,27212,363.07,124.26,23.27,89,159,0.019863,0.00417,0.55,VoIP
FLW-0003429,VPN-SES-00634,0xea7f624b,23.61,711,78210,3312.58,110.0,22.72,75,144,0.999015,0.011676,0.476,ICMP
FLW-0003430,VPN-SES-00634,0xea7f624b,27.85,70,50696,1820.32,724.24,385.86,145,1303,0.411692,0.504398,0.307,Web_Browsing
FLW-0003431,VPN-SES-00635,0x60aefe0d,11.59,438,311628,26887.66,711.48,393.36,121,1301,0.346155,0.596985,0.31,Web_Browsing
FLW-0003432,VPN-SES-00635,0x60aefe0d,97.55,2808,333927,3423.14,118.92,14.78,96,141,0.019696,0.003946,0.499,VoIP
FLW-0003433,VPN-SES-00635,0x60aefe0d,18.53,586,430745,23245.82,735.06,395.75,141,1328,0.464953,0.457719,0.264,Web_Browsing
FLW-0003434,VPN-SES-00635,0x60aefe0d,59.89,555,131979,2203.69,237.8,121.76,64,420,1.205475,1.330684,0.489,WhatsApp
FLW-0003435,VPN-SES-00635,0x60aefe0d,113.6,1348,148280,1305.28,110.0,24.53,73,146,0.019293,0.003562,0.476,VoIP
FLW-0003436,VPN-SES-00635,0x60aefe0d,9.42,212,23320,2475.58,110.0,1.98,107,112,0.996337,0.01121,0.491,ICMP
FLW-0003437,VPN-SES-00635,0x60aefe0d,105.78,3691,5011676,47378.29,1357.81,107.47,1196,1514,0.013954,0.02601,0.114,Video_Streaming
FLW-0003438,VPN-SES-00635,0x60aefe0d,176.82,4702,1080378,6110.04,229.77,130.37,64,425,1.284571,0.930359,0.507,WhatsApp
FLW-0003439,VPN-SES-00636,0x6d210794,38.91,819,708893,18218.79,865.56,322.27,382,1348,0.678808,0.419154,0.59,Email_IMAP
FLW-0003440,VPN-SES-00636,0x6d210794,24.99,319,38423,1537.54,120.45,27.29,79,161,0.020965,0.004318,0.501,VoIP
FLW-0003441,VPN-SES-00636,0x6d210794,22.51,171,123674,5494.18,723.24,380.09,153,1293,0.373054,0.501232,0.24,Web_Browsing
FLW-0003442,VPN-SES-00636,0x6d210794,185.63,5140,7085541,38170.24,1378.51,123.09,1193,1514,0.015086,0.022692,0.058,Video_Streaming
FLW-0003443,VPN-SES-00636,0x6d210794,39.31,644,70833,1801.91,109.99,17.5,83,136,0.020625,0.004261,0.575,VoIP
FLW-0003444,VPN-SES-00636,0x6d210794,51.28,1228,901732,17584.48,734.31,381.63,161,1306,0.500786,0.489878,0.246,Web_Browsing
FLW-0003445,VPN-SES-00636,0x6d210794,41.43,245,214539,5178.35,875.67,328.07,383,1367,0.633729,0.462327,0.657,Email_IMAP
FLW-0003446,VPN-SES-00637,0xdfc3845b,25.8,392,98062,3800.85,250.16,118.3,72,427,1.440197,1.081561,0.513,WhatsApp
FLW-0003447,VPN-SES-00637,0xdfc3845b,45.76,371,271709,5937.7,732.37,390.55,146,1318,0.366158,0.460794,0.313,Web_Browsing
FLW-0003448,VPN-SES-00637,0xdfc3845b,24.9,651,73497,2951.69,112.9,5.83,104,121,0.02032,0.003781,0.554,VoIP
FLW-0003449,VPN-SES-00637,0xdfc3845b,26.22,540,66717,2544.51,123.55,19.28,94,152,0.019778,0.004636,0.511,VoIP
FLW-0003450,VPN-SES-00637,0xdfc3845b,64.27,1607,184965,2877.94,115.1,11.65,97,132,0.019956,0.003609,0.531,VoIP
FLW-0003451,VPN-SES-00638,0x77eedfe9,81.24,230,22609,278.3,98.3,16.88,72,123,0.020366,0.004137,0.478,VoIP
FLW-0003452,VPN-SES-00638,0x77eedfe9,47.13,1544,382788,8121.96,247.92,122.91,64,432,1.396307,1.171703,0.494,WhatsApp
FLW-0003453,VPN-SES-00638,0x77eedfe9,75.73,2946,4041617,53368.77,1371.9,119.58,1192,1514,0.012325,0.026857,0.106,Video_Streaming
FLW-0003454,VPN-SES-00638,0x77eedfe9,13.78,444,387794,28141.8,873.41,328.96,379,1366,0.663006,0.485727,0.626,Email_IMAP
FLW-0003455,VPN-SES-00638,0x77eedfe9,86.55,1292,136293,1574.73,105.49,20.42,74,136,0.020154,0.004233,0.496,VoIP
FLW-0003456,VPN-SES-00638,0x77eedfe9,36.58,457,388843,10629.93,850.86,325.25,362,1338,0.561354,0.515647,0.613,Email_IMAP
FLW-0003457,VPN-SES-00638,0x77eedfe9,103.09,449,109084,1058.14,242.95,134.47,64,444,1.497464,0.945012,0.505,WhatsApp
FLW-0003458,VPN-SES-00638,0x77eedfe9,45.87,1456,354739,7733.57,243.64,124.92,64,431,1.276305,1.063254,0.441,WhatsApp
FLW-0003459,VPN-SES-00639,0x7370e0f7,53.35,1345,350601,6571.72,260.67,141.89,64,473,1.474531,1.075426,0.474,WhatsApp
FLW-0003460,VPN-SES-00639,0x7370e0f7,10.25,78,19429,1895.51,249.1,144.06,64,465,1.305885,0.977066,0.526,WhatsApp
FLW-0003461,VPN-SES-00639,0x7370e0f7,110.43,2292,500916,4536.05,218.55,121.93,64,401,1.359268,0.928352,0.513,WhatsApp
FLW-0003462,VPN-SES-00639,0x7370e0f7,6.69,60,6496,971.0,108.28,1.5,106,110,1.001919,0.011449,0.497,ICMP
FLW-0003463,VPN-SES-00639,0x7370e0f7,16.18,286,26480,1636.59,92.59,22.08,64,125,1.001082,0.010256,0.541,ICMP
FLW-0003464,VPN-SES-00639,0x7370e0f7,221.99,4225,5845794,26333.59,1383.62,105.96,1224,1514,0.012301,0.027597,0.01,Video_Streaming
FLW-0003465,VPN-SES-00639,0x7370e0f7,231.12,1644,2263031,9791.58,1376.54,121.06,1194,1514,0.01008,0.028865,0.102,Video_Streaming
FLW-0003466,VPN-SES-00639,0x7370e0f7,12.29,135,13123,1067.78,97.21,1.5,94,99,0.999569,0.012665,0.556,ICMP
FLW-0003467,VPN-SES-00640,0x56cbeb60,69.69,643,888304,12746.51,1381.5,105.13,1223,1514,0.012439,0.02561,0.023,Video_Streaming
FLW-0003468,VPN-SES-00640,0x56cbeb60,22.88,465,335246,14652.36,720.96,390.58,135,1306,0.315048,0.541329,0.321,Web_Browsing
FLW-0003469,VPN-SES-00640,0x56cbeb60,122.12,2497,582475,4769.69,233.27,143.55,64,448,1.286094,1.148519,0.471,WhatsApp
FLW-0003470,VPN-SES-00640,0x56cbeb60,122.73,1440,340300,2772.75,236.32,125.06,64,423,1.515265,1.193369,0.478,WhatsApp
FLW-0003471,VPN-SES-00640,0x56cbeb60,135.09,1810,2468260,18271.23,1363.68,113.23,1193,1514,0.013583,0.024458,0.116,Video_Streaming
FLW-0003472,VPN-SES-00640,0x56cbeb60,22.02,722,60648,2754.22,84.0,1.5,81,86,0.998904,0.01071,0.468,ICMP
FLW-0003473,VPN-SES-00641,0x4e2613ab,15.85,454,385096,24296.28,848.23,327.61,356,1339,0.681222,0.466968,0.643,Email_IMAP
FLW-0003474,VPN-SES-00641,0x4e2613ab,107.54,791,90885,845.13,114.9,14.97,92,137,0.020486,0.003462,0.436,VoIP
FLW-0003475,VPN-SES-00641,0x4e2613ab,20.36,476,340244,16711.39,714.8,387.45,133,1295,0.469167,0.542865,0.22,Web_Browsing
FLW-0003476,VPN-SES-00641,0x4e2613ab,64.69,2298,284469,4397.42,123.79,23.23,88,158,0.01919,0.004345,0.497,VoIP
FLW-0003477,VPN-SES-00641,0x4e2613ab,76.58,1577,247368,3230.19,156.86,1.5,154,159,0.020821,0.003842,0.451,VoIP
FLW-0003478,VPN-SES-00641,0x4e2613ab,40.43,1000,713680,17652.24,713.68,382.22,140,1287,0.52781,0.586098,0.323,Web_Browsing
FLW-0003479,VPN-SES-00642,0x436fc177,75.38,2409,550263,7299.85,228.42,139.04,64,436,1.464562,1.027994,0.474,WhatsApp
FLW-0003480,VPN-SES-00642,0x436fc177,30.32,356,303126,9997.56,851.48,320.3,371,1331,0.600748,0.40374,0.634,Email_IMAP
FLW-0003481,VPN-SES-00642,0x436fc177,43.11,845,107771,2499.91,127.54,16.5,102,152,0.020821,0.003896,0.491,VoIP
FLW-0003482,VPN-SES-00642,0x436fc177,14.45,129,111962,7748.24,867.93,318.94,389,1346,0.655724,0.33658,0.621,Email_IMAP
FLW-0003483,VPN-SES-00642,0x436fc177,52.41,1161,810459,15463.82,698.07,370.23,142,1253,0.349851,0.447871,0.264,Web_Browsing
FLW-0003484,VPN-SES-00642,0x436fc177,46.05,133,94983,2062.61,714.16,385.31,136,1292,0.466679,0.404946,0.282,Web_Browsing
FLW-0003485,VPN-SES-00642,0x436fc177,74.55,587,72682,974.94,123.82,15.37,100,146,0.019963,0.004076,0.523,VoIP
FLW-0003486,VPN-SES-00642,0x436fc177,272.67,4675,6363142,23336.42,1361.1,108.05,1199,1514,0.017656,0.028542,0.086,Video_Streaming
FLW-0003487,VPN-SES-00643,0xdf492a27,4.14,13,11263,2720.53,866.44,333.24,366,1366,0.779455,0.444191,0.591,Email_IMAP
FLW-0003488,VPN-SES-00643,0xdf492a27,47.27,1670,1196989,25322.38,716.76,404.77,109,1323,0.332298,0.476473,0.238,Web_Browsing
FLW-0003489,VPN-SES-00643,0xdf492a27,21.21,391,336846,15881.47,861.5,310.38,395,1327,0.642659,0.362246,0.639,Email_IMAP
FLW-0003490,VPN-SES-00643,0xdf492a27,65.51,898,120933,1846.02,134.67,14.93,112,157,0.019919,0.003935,0.505,VoIP
FLW-0003491,VPN-SES-00643,0xdf492a27,91.92,3135,374757,4076.99,119.54,24.14,83,155,0.02074,0.003674,0.491,VoIP
FLW-0003492,VPN-SES-00643,0xdf492a27,52.7,1752,439436,8338.44,250.82,118.63,72,428,1.074831,1.124895,0.495,WhatsApp
FLW-0003493,VPN-SES-00644,0x559df649,117.67,2988,4097534,34822.25,1371.33,105.37,1213,1514,0.009149,0.022833,0.081,Video_Streaming
FLW-0003494,VPN-SES-00644,0x559df649,30.93,554,391029,12642.39,705.83,377.88,139,1272,0.3821,0.427236,0.306,Web_Browsing
FLW-0003495,VPN-SES-00644,0x559df649,17.67,268,228807,12948.9,853.76,321.51,371,1336,0.548205,0.416613,0.643,Email_IMAP
FLW-0003496,VPN-SES-00644,0x559df649,172.78,479,129832,751.43,271.05,114.19,99,442,1.366817,1.145351,0.462,WhatsApp
FLW-0003497,VPN-SES-00645,0xc0921979,22.09,182,158374,7169.49,870.19,313.07,400,1339,0.660385,0.426507,0.657,Email_IMAP
FLW-0003498,VPN-SES-00645,0xc0921979,229.27,4037,5538279,24156.14,1371.88,107.19,1211,1514,0.015546,0.02243,0.062,Video_Streaming
FLW-0003499,VPN-SES-00645,0xc0921979,10.33,151,105417,10204.94,698.13,371.3,141,1255,0.47866,0.450465,0.264,Web_Browsing
FLW-0003500,VPN-SES-00645,0xc0921979,111.41,3573,449912,4038.34,125.92,13.37,105,145,0.020494,0.004086,0.513,VoIP
FLW-0003501,VPN-SES-00645,0xc0921979,119.09,3923,529173,4443.47,134.89,20.56,104,165,0.020923,0.004365,0.484,VoIP
FLW-0003502,VPN-SES-00645,0xc0921979,55.24,1079,1505766,27258.62,1395.52,112.11,1227,1514,0.01052,0.025696,0.093,Video_Streaming
FLW-0003503,VPN-SES-00645,0xc0921979,8.87,145,125491,14147.8,865.46,334.58,363,1367,0.723341,0.473542,0.589,Email_IMAP
FLW-0003504,VPN-SES-00645,0xc0921979,26.01,696,597056,22954.86,857.84,320.57,376,1338,0.697023,0.47868,0.625,Email_IMAP
FLW-0003505,VPN-SES-00646,0xd2cb0bc7,10.51,278,200560,19082.78,721.44,385.76,142,1300,0.385606,0.584776,0.219,Web_Browsing
FLW-0003506,VPN-SES-00646,0xd2cb0bc7,13.4,320,280787,20954.25,877.46,319.64,398,1356,0.717674,0.466373,0.63,Email_IMAP
FLW-0003507,VPN-SES-00646,0xd2cb0bc7,5.01,188,136610,27267.47,726.65,386.47,146,1306,0.425338,0.55174,0.247,Web_Browsing
FLW-0003508,VPN-SES-00646,0xd2cb0bc7,56.41,1964,1413962,25065.8,719.94,386.69,139,1299,0.524626,0.523039,0.268,Web_Browsing
FLW-0003509,VPN-SES-00646,0xd2cb0bc7,32.53,120,104491,3212.14,870.76,314.65,398,1342,0.76822,0.44619,0.574,Email_IMAP
FLW-0003510,VPN-SES-00646,0xd2cb0bc7,6.05,172,14448,2388.1,84.0,4.35,77,90,1.00021,0.01197,0.469,ICMP
FLW-0003511,VPN-SES-00647,0xa25b3545,20.42,500,120235,5888.1,240.47,121.52,64,422,1.318712,1.285237,0.446,WhatsApp
FLW-0003512,VPN-SES-00647,0xa25b3545,197.03,651,902963,4582.87,1387.04,113.14,1217,1514,0.011909,0.026299,0.025,Video_Streaming
FLW-0003513,VPN-SES-00647,0xa25b3545,91.2,3147,440202,4826.78,139.88,33.4,89,189,0.020028,0.004969,0.488,VoIP
FLW-0003514,VPN-SES-00647,0xa25b3545,128.99,2711,3754219,29104.73,1384.81,121.46,1202,1514,0.010279,0.021546,0.012,Video_Streaming
FLW-0003515,VPN-SES-00647,0xa25b3545,13.07,378,41580,3181.33,110.0,1.5,107,112,0.999721,0.008887,0.528,ICMP
FLW-0003516,VPN-SES-00648,0x20325480,49.77,949,1300718,26134.58,1370.62,106.07,1211,1514,0.013123,0.02234,0.055,Video_Streaming
FLW-0003517,VPN-SES-00648,0x20325480,60.63,801,109600,1807.69,136.83,21.43,104,168,0.020078,0.004086,0.488,VoIP
FLW-0003518,VPN-SES-00648,0x20325480,44.25,1549,1152378,26042.44,743.95,373.5,183,1304,0.465819,0.505751,0.31,Web_Browsing
FLW-0003519,VPN-SES-00648,0x20325480,40.24,1167,1019071,25324.83,873.24,319.74,393,1352,0.66962,0.464784,0.552,Email_IMAP
FLW-0003520,VPN-SES-00649,0xf6a24a40,12.84,254,213596,16635.2,840.93,315.16,368,1313,0.612092,0.396032,0.642,Email_IMAP
FLW-0003521,VPN-SES-00649,0xf6a24a40,39.26,989,237389,6046.59,240.03,128.28,64,432,1.192734,1.0951,0.401,WhatsApp
FLW-0003522,VPN-SES-00649,0xf6a24a40,22.37,664,476778,21313.28,718.04,380.51,147,1288,0.468144,0.421795,0.287,Web_Browsing
FLW-0003523,VPN-SES-00649,0xf6a24a40,280.08,888,1214340,4335.69,1367.5,103.5,1212,1514,0.014692,0.030035,0.062,Video_Streaming
FLW-0003524,VPN-SES-00649,0xf6a24a40,139.57,3355,4596987,32936.78,1370.19,111.51,1202,1514,0.015521,0.026552,0.142,Video_Streaming
FLW-0003525,VPN-SES-00649,0xf6a24a40,23.06,139,118347,5132.13,851.42,322.02,368,1334,0.754552,0.516877,0.561,Email_IMAP
FLW-0003526,VPN-SES-00649,0xf6a24a40,8.73,81,69656,7978.92,859.96,331.88,362,1357,0.845118,0.481671,0.609,Email_IMAP
FLW-0003527,VPN-SES-00649,0xf6a24a40,39.12,1512,163129,4169.96,107.89,35.75,64,161,0.020437,0.003661,0.494,VoIP
FLW-0003528,VPN-SES-00650,0x98964456,39.91,337,291073,7293.23,863.72,324.35,377,1350,0.589276,0.422361,0.57,Email_IMAP
FLW-0003529,VPN-SES-00650,0x98964456,275.16,8879,12363829,44933.24,1392.48,107.27,1231,1514,0.013749,0.028556,0.067,Video_Streaming
FLW-0003530,VPN-SES-00650,0x98964456,26.29,127,109047,4147.85,858.64,321.55,376,1340,0.654266,0.506077,0.629,Email_IMAP
FLW-0003531,VPN-SES-00650,0x98964456,175.53,1035,1421541,8098.56,1373.47,118.38,1195,1514,0.016614,0.021654,0.106,Video_Streaming
FLW-0003532,VPN-SES-00651,0x66d00a82,17.36,564,57742,3326.15,102.38,6.27,92,111,1.00151,0.009433,0.529,ICMP
FLW-0003533,VPN-SES-00651,0x66d00a82,198.71,982,1350721,6797.45,1375.48,98.2,1228,1514,0.008258,0.026418,0.032,Video_Streaming
FLW-0003534,VPN-SES-00651,0x66d00a82,132.56,4743,1229954,9278.47,259.32,139.51,64,468,1.620017,1.113726,0.488,WhatsApp
FLW-0003535,VPN-SES-00651,0x66d00a82,92.46,1502,158731,1716.75,105.68,25.97,66,144,0.020228,0.004227,0.551,VoIP
FLW-0003536,VPN-SES-00652,0x85fd7d83,48.86,1648,185779,3802.27,112.73,16.99,87,138,0.020196,0.003626,0.494,VoIP
FLW-0003537,VPN-SES-00652,0x85fd7d83,20.97,640,66508,3171.58,103.92,1.5,101,106,1.001963,0.008489,0.534,ICMP
FLW-0003538,VPN-SES-00652,0x85fd7d83,23.68,241,30831,1301.98,127.93,13.45,107,148,0.019445,0.003168,0.476,VoIP
FLW-0003539,VPN-SES-00653,0x8b1463c9,22.21,732,536241,24144.12,732.57,379.55,163,1301,0.537224,0.469006,0.301,Web_Browsing
FLW-0003540,VPN-SES-00653,0x8b1463c9,98.44,2260,251741,2557.3,111.39,10.28,95,126,0.019936,0.003734,0.454,VoIP
FLW-0003541,VPN-SES-00653,0x8b1463c9,10.09,169,16191,1604.66,95.81,4.85,88,103,1.001903,0.010937,0.537,ICMP
FLW-0003542,VPN-SES-00653,0x8b1463c9,13.76,178,129697,9425.65,728.64,382.66,154,1302,0.357829,0.507494,0.298,Web_Browsing
FLW-0003543,VPN-SES-00654,0xa9b06cf9,25.87,92,67849,2622.69,737.49,385.49,159,1315,0.543029,0.4484,0.27,Web_Browsing
FLW-0003544,VPN-SES-00654,0xa9b06cf9,21.82,69,59695,2735.79,865.15,329.29,371,1359,0.640197,0.44629,0.641,Email_IMAP
FLW-0003545,VPN-SES-00654,0xa9b06cf9,77.92,166,17677,226.86,106.49,30.86,64,152,0.019473,0.003233,0.5,VoIP
FLW-0003546,VPN-SES-00655,0xb97b43bd,141.5,2490,3486946,24642.73,1400.38,114.69,1228,1514,0.014817,0.025103,0.055,Video_Streaming
FLW-0003547,VPN-SES-00655,0xb97b43bd,13.34,190,159877,11984.78,841.46,301.92,388,1294,0.663248,0.509065,0.63,Email_IMAP
FLW-0003548,VPN-SES-00655,0xb97b43bd,41.37,831,604535,14612.88,727.48,392.67,138,1316,0.474658,0.493867,0.255,Web_Browsing
FLW-0003549,VPN-SES-00656,0x5f64710a,26.89,685,605724,22525.99,884.27,324.21,397,1370,0.586307,0.397297,0.658,Email_IMAP
FLW-0003550,VPN-SES-00656,0x5f64710a,48.26,130,91981,1905.95,707.55,394.83,115,1299,0.243265,0.57113,0.295,Web_Browsing
FLW-0003551,VPN-SES-00656,0x5f64710a,35.92,1147,988048,27506.9,861.42,318.6,383,1339,0.777624,0.481818,0.593,Email_IMAP
FLW-0003552,VPN-SES-00656,0x5f64710a,63.96,375,509763,7970.03,1359.37,111.42,1192,1514,0.011996,0.0212,0.058,Video_Streaming
FLW-0003553,VPN-SES-00656,0x5f64710a,49.11,348,248162,5053.19,713.11,380.07,143,1283,0.504444,0.57463,0.307,Web_Browsing
FLW-0003554,VPN-SES-00656,0x5f64710a,52.98,1187,274600,5183.09,231.34,132.95,64,430,1.410413,0.953466,0.492,WhatsApp
FLW-0003555,VPN-SES-00656,0x5f64710a,108.47,256,36423,335.79,142.28,18.26,114,169,0.019043,0.004012,0.464,VoIP
FLW-0003556,VPN-SES-00657,0x52f8bae4,172.65,870,1209613,7006.16,1390.36,114.2,1219,1514,0.011359,0.024172,0.054,Video_Streaming
FLW-0003557,VPN-SES-00657,0x52f8bae4,55.53,745,178874,3221.21,240.1,123.82,64,425,1.171021,1.225257,0.468,WhatsApp
FLW-0003558,VPN-SES-00657,0x52f8bae4,5.38,188,18800,3494.42,100.0,6.28,90,109,1.000483,0.008826,0.45,ICMP
FLW-0003559,VPN-SES-00657,0x52f8bae4,115.24,2647,616592,5350.5,232.94,133.17,64,432,1.279888,1.060959,0.544,WhatsApp
FLW-0003560,VPN-SES-00657,0x52f8bae4,7.59,172,14448,1903.56,84.0,1.5,81,86,1.002845,0.009955,0.479,ICMP
FLW-0003561,VPN-SES-00657,0x52f8bae4,60.59,205,52076,859.48,254.03,130.44,64,449,1.342529,1.121161,0.46,WhatsApp
FLW-0003562,VPN-SES-00657,0x52f8bae4,267.45,2672,3654734,13665.11,1367.79,109.09,1204,1514,0.008209,0.025027,0.071,Video_Streaming
FLW-0003563,VPN-SES-00657,0x52f8bae4,44.72,1171,855111,19121.44,730.24,389.02,146,1313,0.41957,0.524971,0.295,Web_Browsing
FLW-0003564,VPN-SES-00658,0x7e4ebe99,57.04,1644,1190140,20865.01,723.93,376.16,159,1288,0.372895,0.5251,0.229,Web_Browsing
FLW-0003565,VPN-SES-00658,0x7e4ebe99,52.65,191,136906,2600.3,716.79,359.57,177,1256,0.34977,0.456143,0.313,Web_Browsing
FLW-0003566,VPN-SES-00658,0x7e4ebe99,138.89,2153,2988923,21520.07,1388.26,105.57,1229,1514,0.014735,0.027219,0.055,Video_Streaming
FLW-0003567,VPN-SES-00658,0x7e4ebe99,18.19,384,32256,1773.28,84.0,2.34,80,87,0.999853,0.008768,0.511,ICMP
FLW-0003568,VPN-SES-00659,0x9b20cc44,33.21,1152,833310,25092.14,723.36,383.56,148,1298,0.470919,0.536492,0.275,Web_Browsing
FLW-0003569,VPN-SES-00659,0x9b20cc44,41.57,129,111252,2676.26,862.42,316.82,387,1337,0.610546,0.510221,0.559,Email_IMAP
FLW-0003570,VPN-SES-00659,0x9b20cc44,227.31,6489,9023084,39695.06,1390.52,105.04,1232,1514,0.009187,0.025654,0.015,Video_Streaming
FLW-0003571,VPN-SES-00659,0x9b20cc44,180.14,4463,6115247,33947.19,1370.21,103.21,1215,1514,0.01117,0.02299,0.108,Video_Streaming
FLW-0003572,VPN-SES-00659,0x9b20cc44,11.32,163,143694,12693.82,881.56,303.82,425,1337,0.686742,0.48864,0.636,Email_IMAP
FLW-0003573,VPN-SES-00660,0x64e08a94,18.13,257,183009,10094.26,712.1,378.05,145,1279,0.393879,0.478987,0.244,Web_Browsing
FLW-0003574,VPN-SES-00660,0x64e08a94,291.83,6400,8823168,30233.93,1378.62,97.98,1231,1514,0.011249,0.021879,0.066,Video_Streaming
FLW-0003575,VPN-SES-00660,0x64e08a94,253.7,4729,6487478,25571.45,1371.85,112.32,1203,1514,0.016056,0.028974,0.01,Video_Streaming
FLW-0003576,VPN-SES-00661,0xa64d9921,22.45,170,14958,666.28,87.99,1.58,85,90,1.00069,0.00835,0.471,ICMP
FLW-0003577,VPN-SES-00661,0xa64d9921,5.98,61,52555,8788.46,861.56,320.68,380,1342,0.675489,0.469965,0.63,Email_IMAP
FLW-0003578,VPN-SES-00661,0xa64d9921,190.2,5548,7669111,40321.3,1382.32,110.45,1216,1514,0.014493,0.019402,0.106,Video_Streaming
FLW-0003579,VPN-SES-00661,0xa64d9921,8.16,126,10584,1297.06,84.0,1.5,81,86,0.99966,0.010673,0.41,ICMP
FLW-0003580,VPN-SES-00661,0xa64d9921,139.35,2924,4034125,28949.59,1379.66,116.34,1205,1514,0.015729,0.023257,0.051,Video_Streaming
FLW-0003581,VPN-SES-00661,0xa64d9921,40.59,913,1253192,30874.4,1372.61,106.86,1212,1514,0.008131,0.022777,0.073,Video_Streaming
FLW-0003582,VPN-SES-00662,0xead50f42,173.33,3681,889255,5130.42,241.58,133.93,64,442,1.435312,1.177477,0.506,WhatsApp
FLW-0003583,VPN-SES-00662,0xead50f42,33.53,1141,957413,28553.92,839.1,313.17,369,1308,0.634382,0.44898,0.6,Email_IMAP
FLW-0003584,VPN-SES-00662,0xead50f42,16.12,221,28937,1795.1,130.94,33.84,80,181,0.020112,0.004034,0.525,VoIP
FLW-0003585,VPN-SES-00663,0x456d9896,11.92,264,22176,1860.4,84.0,4.23,77,90,1.001469,0.009357,0.463,ICMP
FLW-0003586,VPN-SES-00663,0x456d9896,18.76,307,29401,1567.22,95.77,3.51,90,101,0.998637,0.012096,0.486,ICMP
FLW-0003587,VPN-SES-00663,0x456d9896,9.96,324,27267,2737.65,84.16,3.25,79,89,1.001362,0.010017,0.515,ICMP
FLW-0003588,VPN-SES-00663,0x456d9896,115.84,3634,398068,3436.36,109.54,29.9,64,154,0.020337,0.004419,0.511,VoIP
FLW-0003589,VPN-SES-00664,0xfaab0629,30.21,647,562825,18630.42,869.9,313.02,400,1339,0.61683,0.510592,0.667,Email_IMAP
FLW-0003590,VPN-SES-00664,0xfaab0629,71.62,1068,113464,1584.25,106.24,20.0,76,136,0.019741,0.003721,0.509,VoIP
FLW-0003591,VPN-SES-00664,0xfaab0629,137.19,4184,5831198,42504.54,1393.69,113.61,1223,1514,0.010802,0.026287,0.049,Video_Streaming
FLW-0003592,VPN-SES-00665,0x67cb9719,40.21,643,80342,1998.06,124.95,29.17,81,168,0.018754,0.004319,0.454,VoIP
FLW-0003593,VPN-SES-00665,0x67cb9719,23.57,125,91842,3896.56,734.74,374.9,172,1297,0.358675,0.534763,0.291,Web_Browsing
FLW-0003594,VPN-SES-00665,0x67cb9719,41.79,157,16957,405.77,108.01,7.98,96,119,0.019888,0.003518,0.468,VoIP
FLW-0003595,VPN-SES-00665,0x67cb9719,19.67,340,33792,1717.95,99.39,1.5,97,101,1.00064,0.01149,0.496,ICMP
FLW-0003596,VPN-SES-00666,0x314b1e1c,84.01,3214,776373,9241.44,241.56,146.14,64,460,1.204046,1.231036,0.512,WhatsApp
FLW-0003597,VPN-SES-00666,0x314b1e1c,69.53,532,69293,996.59,130.25,28.33,87,172,0.020168,0.003767,0.533,VoIP
FLW-0003598,VPN-SES-00666,0x314b1e1c,93.37,1933,258229,2765.65,133.59,26.84,93,173,0.020027,0.003714,0.506,VoIP
FLW-0003599,VPN-SES-00666,0x314b1e1c,113.58,1807,237277,2089.07,131.31,26.19,92,170,0.019742,0.004126,0.461,VoIP
FLW-0003600,VPN-SES-00666,0x314b1e1c,69.63,971,127997,1838.25,131.82,11.73,114,149,0.020471,0.00354,0.531,VoIP
FLW-0003601,VPN-SES-00666,0x314b1e1c,26.48,957,692734,26160.65,723.86,373.75,163,1284,0.501852,0.470482,0.302,Web_Browsing
FLW-0003602,VPN-SES-00667,0xab805cc7,54.36,1565,1121651,20633.76,716.71,366.23,167,1266,0.376319,0.478479,0.321,Web_Browsing
FLW-0003603,VPN-SES-00667,0xab805cc7,100.83,2286,299031,2965.69,130.81,30.99,84,177,0.020992,0.003786,0.494,VoIP
FLW-0003604,VPN-SES-00667,0xab805cc7,11.52,315,269343,23380.47,855.06,314.63,383,1327,0.525699,0.449336,0.581,Email_IMAP
FLW-0003605,VPN-SES-00667,0xab805cc7,65.97,2118,253291,3839.49,119.59,34.93,67,171,0.019694,0.004078,0.527,VoIP
FLW-0003606,VPN-SES-00668,0x7caa4c8d,4.2,143,123460,29395.24,863.36,322.34,379,1346,0.625538,0.439565,0.591,Email_IMAP
FLW-0003607,VPN-SES-00668,0x7caa4c8d,142.64,3091,773213,5420.73,250.15,116.07,76,424,1.56023,0.945593,0.509,WhatsApp
FLW-0003608,VPN-SES-00668,0x7caa4c8d,18.06,719,514624,28495.24,715.75,370.15,160,1270,0.493447,0.546438,0.267,Web_Browsing
FLW-0003609,VPN-SES-00668,0x7caa4c8d,34.2,1150,998947,29208.98,868.65,301.72,416,1321,0.56086,0.508158,0.613,Email_IMAP
FLW-0003610,VPN-SES-00668,0x7caa4c8d,140.01,2016,2737022,19548.76,1357.65,104.41,1201,1514,0.008537,0.024585,0.049,Video_Streaming
FLW-0003611,VPN-SES-00669,0x4bd6df9b,27.81,187,161222,5797.27,862.15,319.44,382,1341,0.741782,0.469105,0.634,Email_IMAP
FLW-0003612,VPN-SES-00669,0x4bd6df9b,20.72,227,166613,8041.17,733.98,376.89,168,1299,0.355359,0.560349,0.284,Web_Browsing
FLW-0003613,VPN-SES-00669,0x4bd6df9b,90.04,2035,247598,2749.87,121.67,12.93,102,141,0.01963,0.004339,0.53,VoIP
FLW-0003614,VPN-SES-00669,0x4bd6df9b,37.06,413,301246,8128.6,729.41,386.34,149,1308,0.492677,0.506576,0.275,Web_Browsing
FLW-0003615,VPN-SES-00669,0x4bd6df9b,138.56,4969,1264709,9127.52,254.52,127.01,64,445,1.461047,1.011559,0.46,WhatsApp
FLW-0003616,VPN-SES-00670,0xafafc17e,34.59,1003,859741,24855.19,857.17,313.57,386,1327,0.703855,0.389338,0.623,Email_IMAP
FLW-0003617,VPN-SES-00670,0xafafc17e,108.36,2637,320632,2958.95,121.59,3.51,116,126,0.019735,0.004102,0.513,VoIP
FLW-0003618,VPN-SES-00670,0xafafc17e,174.52,3348,4612037,26426.98,1377.55,115.42,1204,1514,0.01159,0.025034,0.068,Video_Streaming
FLW-0003619,VPN-SES-00670,0xafafc17e,19.75,621,540965,27390.63,871.12,314.59,399,1343,0.61714,0.4199,0.61,Email_IMAP
FLW-0003620,VPN-SES-00670,0xafafc17e,69.67,2454,3428507,49210.66,1397.11,114.58,1225,1514,0.007758,0.023499,0.071,Video_Streaming
FLW-0003621,VPN-SES-00670,0xafafc17e,45.91,1672,182448,3974.04,109.12,12.2,90,127,0.020807,0.003755,0.529,VoIP
FLW-0003622,VPN-SES-00670,0xafafc17e,40.38,1246,1090324,27001.58,875.06,314.13,403,1346,0.589928,0.437574,0.587,Email_IMAP
FLW-0003623,VPN-SES-00671,0xae689a6c,239.59,7522,10391266,43371.03,1381.45,108.35,1218,1514,0.013352,0.028492,0.085,Video_Streaming
FLW-0003624,VPN-SES-00671,0xae689a6c,105.87,4145,1019131,9626.25,245.87,114.27,74,417,1.473157,1.289489,0.39,WhatsApp
FLW-0003625,VPN-SES-00671,0xae689a6c,57.82,209,26808,463.65,128.27,16.73,103,153,0.01949,0.00432,0.551,VoIP
FLW-0003626,VPN-SES-00671,0xae689a6c,23.39,453,393792,16835.91,869.3,317.03,393,1344,0.586316,0.456508,0.646,Email_IMAP
FLW-0003627,VPN-SES-00671,0xae689a6c,6.47,207,19325,2986.86,93.36,1.68,90,95,1.004233,0.011079,0.535,ICMP
FLW-0003628,VPN-SES-00672,0x7aeea07a,117.96,3198,4357211,36938.04,1362.48,104.34,1205,1514,0.01228,0.022497,0.108,Video_Streaming
FLW-0003629,VPN-SES-00672,0x7aeea07a,9.12,284,31240,3425.44,110.0,1.5,107,112,1.002676,0.009996,0.578,ICMP
FLW-0003630,VPN-SES-00672,0x7aeea07a,207.46,5010,6922517,33367.96,1381.74,114.61,1209,1514,0.01725,0.028194,0.075,Video_Streaming
FLW-0003631,VPN-SES-00672,0x7aeea07a,102.78,1371,162203,1578.16,118.31,22.11,85,151,0.01951,0.004061,0.467,VoIP
FLW-0003632,VPN-SES-00672,0x7aeea07a,109.21,3556,350728,3211.5,98.63,18.4,71,126,0.020757,0.00437,0.498,VoIP
FLW-0003633,VPN-SES-00672,0x7aeea07a,6.47,48,5280,816.07,110.0,1.5,107,112,0.997123,0.007818,0.465,ICMP
FLW-0003634,VPN-SES-00672,0x7aeea07a,15.89,475,51205,3222.47,107.8,1.5,105,110,1.000691,0.011646,0.467,ICMP
FLW-0003635,VPN-SES-00673,0x67620a6f,107.4,1625,399327,3718.13,245.74,134.31,64,447,1.257978,1.248963,0.471,WhatsApp
FLW-0003636,VPN-SES-00673,0x67620a6f,117.16,2008,472663,4034.34,235.39,146.89,64,455,1.486257,1.201782,0.521,WhatsApp
FLW-0003637,VPN-SES-00673,0x67620a6f,73.99,1891,212151,2867.29,112.19,28.0,70,154,0.019699,0.003782,0.492,VoIP
FLW-0003638,VPN-SES-00673,0x67620a6f,85.56,2979,335256,3918.37,112.54,24.58,75,149,0.02016,0.003804,0.52,VoIP
FLW-0003639,VPN-SES-00673,0x67620a6f,236.95,9132,12572024,53057.71,1376.7,107.38,1215,1514,0.012183,0.026159,0.072,Video_Streaming
FLW-0003640,VPN-SES-00673,0x67620a6f,36.43,318,227573,6246.86,715.64,386.78,135,1295,0.43332,0.467251,0.236,Web_Browsing
FLW-0003641,VPN-SES-00673,0x67620a6f,51.38,1693,1238937,24113.22,731.8,380.1,161,1301,0.465815,0.55229,0.266,Web_Browsing
FLW-0003642,VPN-SES-00674,0x545d3231,137.9,283,63253,458.69,223.51,130.56,64,419,1.450814,1.071087,0.524,WhatsApp
FLW-0003643,VPN-SES-00674,0x545d3231,85.11,2274,205046,2409.19,90.17,26.96,64,130,0.020475,0.004183,0.4,VoIP
FLW-0003644,VPN-SES-00674,0x545d3231,112.07,3413,871714,7778.3,255.41,121.79,72,438,1.316231,1.081235,0.492,WhatsApp
FLW-0003645,VPN-SES-00674,0x545d3231,119.84,1195,152565,1273.07,127.67,25.14,89,165,0.02049,0.004101,0.512,VoIP
FLW-0003646,VPN-SES-00675,0xe56e0949,54.4,337,36028,662.28,106.91,11.99,88,124,0.020537,0.004335,0.522,VoIP
FLW-0003647,VPN-SES-00675,0xe56e0949,30.58,225,192111,6282.24,853.83,327.28,362,1344,0.571616,0.498481,0.612,Email_IMAP
FLW-0003648,VPN-SES-00675,0xe56e0949,39.64,228,168767,4257.49,740.21,367.83,188,1291,0.582255,0.481927,0.269,Web_Browsing
FLW-0003649,VPN-SES-00676,0xeb9b318b,43.58,841,1162547,26676.16,1382.34,104.42,1225,1514,0.011729,0.023156,0.039,Video_Streaming
FLW-0003650,VPN-SES-00676,0xeb9b318b,202.13,2616,3625357,17935.77,1385.84,102.79,1231,1514,0.009119,0.021568,0.045,Video_Streaming
FLW-0003651,VPN-SES-00676,0xeb9b318b,109.05,3827,519476,4763.65,135.74,11.23,118,152,0.019561,0.004078,0.489,VoIP
FLW-0003652,VPN-SES-00676,0xeb9b318b,111.8,3423,913051,8166.82,266.74,128.7,73,459,1.455311,1.203815,0.508,WhatsApp
FLW-0003653,VPN-SES-00676,0xeb9b318b,45.71,1010,1396628,30554.1,1382.8,108.71,1219,1514,0.01959,0.024751,0.047,Video_Streaming
FLW-0003654,VPN-SES-00676,0xeb9b318b,226.03,7196,9874711,43687.61,1372.25,96.19,1227,1514,0.015081,0.01913,0.06,Video_Streaming
FLW-0003655,VPN-SES-00676,0xeb9b318b,6.73,83,7929,1178.16,95.54,21.92,64,128,0.997253,0.009099,0.496,ICMP
FLW-0003656,VPN-SES-00676,0xeb9b318b,6.07,216,155008,25536.74,717.63,375.6,154,1281,0.443926,0.437022,0.291,Web_Browsing
FLW-0003657,VPN-SES-00677,0x2791de3c,6.25,146,101052,16168.32,692.14,379.79,122,1261,0.404973,0.550814,0.333,Web_Browsing
FLW-0003658,VPN-SES-00677,0x2791de3c,15.2,98,9214,606.18,94.03,15.13,71,116,0.999526,0.009034,0.552,ICMP
FLW-0003659,VPN-SES-00677,0x2791de3c,83.58,2026,2808542,33603.04,1386.25,110.04,1221,1514,0.014577,0.025686,0.058,Video_Streaming
FLW-0003660,VPN-SES-00678,0x4b6bc3b7,63.75,966,100541,1577.11,104.08,15.84,80,127,0.020374,0.003951,0.527,VoIP
FLW-0003661,VPN-SES-00678,0x4b6bc3b7,213.07,1069,1480137,6946.72,1384.6,102.97,1230,1514,0.007053,0.024607,0.044,Video_Streaming
FLW-0003662,VPN-SES-00678,0x4b6bc3b7,10.7,215,185768,17361.5,864.04,314.25,392,1335,0.608461,0.497388,0.624,Email_IMAP
FLW-0003663,VPN-SES-00678,0x4b6bc3b7,37.98,939,104764,2758.4,111.57,18.14,84,138,0.020827,0.004118,0.518,VoIP
FLW-0003664,VPN-SES-00678,0x4b6bc3b7,252.8,5711,7829609,30971.55,1370.97,118.21,1193,1514,0.020693,0.023021,0.025,Video_Streaming
FLW-0003665,VPN-SES-00678,0x4b6bc3b7,156.29,4785,6613396,42314.9,1382.11,117.0,1206,1514,0.011657,0.022367,0.057,Video_Streaming
FLW-0003666,VPN-SES-00678,0x4b6bc3b7,44.03,858,744040,16898.48,867.18,316.74,392,1342,0.69099,0.502412,0.627,Email_IMAP
FLW-0003667,VPN-SES-00679,0x2f0b2be6,29.79,869,103984,3490.57,119.66,24.63,82,156,0.019486,0.003618,0.492,VoIP
FLW-0003668,VPN-SES-00679,0x2f0b2be6,33.06,259,184951,5594.4,714.1,373.57,153,1274,0.587285,0.6086,0.269,Web_Browsing
FLW-0003669,VPN-SES-00679,0x2f0b2be6,56.82,329,79321,1396.0,241.1,128.5,64,433,1.582737,1.243621,0.427,WhatsApp
FLW-0003670,VPN-SES-00679,0x2f0b2be6,151.97,5890,8161831,53706.86,1385.71,99.55,1236,1514,0.018594,0.026101,0.035,Video_Streaming
FLW-0003671,VPN-SES-00679,0x2f0b2be6,50.76,916,656863,12940.56,717.1,377.69,150,1283,0.489383,0.552096,0.246,Web_Browsing
FLW-0003672,VPN-SES-00680,0x886c014f,202.55,7599,10654329,52600.98,1402.07,122.85,1217,1514,0.008718,0.025182,0.111,Video_Streaming
FLW-0003673,VPN-SES-00680,0x886c014f,162.03,5149,1311965,8097.05,254.8,127.31,64,445,1.534366,1.429692,0.483,WhatsApp
FLW-0003674,VPN-SES-00680,0x886c014f,37.92,284,242084,6384.07,852.41,321.38,370,1334,0.666642,0.426396,0.633,Email_IMAP
FLW-0003675,VPN-SES-00681,0xb0d60422,234.63,4264,5820146,24805.63,1364.95,104.68,1207,1514,0.014843,0.020613,0.087,Video_Streaming
FLW-0003676,VPN-SES-00681,0xb0d60422,13.96,144,120363,8621.99,835.86,306.15,376,1295,0.616319,0.462909,0.66,Email_IMAP
FLW-0003677,VPN-SES-00681,0xb0d60422,11.27,370,318455,28256.88,860.69,318.03,383,1337,0.689122,0.41081,0.624,Email_IMAP
FLW-0003678,VPN-SES-00681,0xb0d60422,27.46,747,527090,19194.83,705.61,380.66,134,1276,0.440262,0.459787,0.285,Web_Browsing
FLW-0003679,VPN-SES-00681,0xb0d60422,184.55,4052,5599458,30341.14,1381.9,119.4,1202,1514,0.005979,0.02481,0.037,Video_Streaming
FLW-0003680,VPN-SES-00681,0xb0d60422,4.48,158,17133,3824.33,108.44,10.03,93,123,1.000762,0.009296,0.527,ICMP
FLW-0003681,VPN-SES-00682,0x9b6acc43,98.11,3503,776404,7913.61,221.64,116.12,64,395,1.189481,1.096318,0.5,WhatsApp
FLW-0003682,VPN-SES-00682,0x9b6acc43,262.23,777,1044513,3983.19,1344.29,120.58,1163,1514,0.012492,0.021081,0.063,Video_Streaming
FLW-0003683,VPN-SES-00682,0x9b6acc43,47.05,864,633407,13462.42,733.11,384.8,155,1310,0.53243,0.431688,0.268,Web_Browsing
FLW-0003684,VPN-SES-00682,0x9b6acc43,9.89,356,302208,30556.93,848.9,333.74,348,1349,0.693157,0.578115,0.606,Email_IMAP
FLW-0003685,VPN-SES-00683,0xe736d90c,34.65,985,700630,20220.2,711.3,378.86,143,1279,0.553377,0.481694,0.284,Web_Browsing
FLW-0003686,VPN-SES-00683,0xe736d90c,87.11,1832,221965,2548.1,121.16,18.32,93,148,0.019609,0.003945,0.495,VoIP
FLW-0003687,VPN-SES-00683,0xe736d90c,10.16,57,49014,4824.21,859.91,327.55,368,1351,0.768842,0.41218,0.608,Email_IMAP
FLW-0003688,VPN-SES-00684,0x95d8acf3,25.9,749,636724,24583.94,850.1,321.5,367,1332,0.613661,0.460791,0.653,Email_IMAP
FLW-0003689,VPN-SES-00684,0x95d8acf3,17.94,673,464161,25872.97,689.69,383.93,113,1265,0.415486,0.523021,0.253,Web_Browsing
FLW-0003690,VPN-SES-00684,0x95d8acf3,26.22,854,746703,28478.38,874.36,327.31,383,1365,0.688364,0.485695,0.598,Email_IMAP
FLW-0003691,VPN-SES-00684,0x95d8acf3,39.59,403,343581,8678.48,852.56,326.02,363,1341,0.598178,0.515054,0.61,Email_IMAP
FLW-0003692,VPN-SES-00684,0x95d8acf3,270.89,1160,1607783,5935.19,1386.02,126.79,1195,1514,0.009352,0.025172,0.092,Video_Streaming
FLW-0003693,VPN-SES-00684,0x95d8acf3,48.91,1336,977177,19979.08,731.42,377.38,165,1297,0.411245,0.488343,0.323,Web_Browsing
FLW-0003694,VPN-SES-00684,0x95d8acf3,19.32,716,67769,3507.71,94.65,4.62,87,101,0.99936,0.010706,0.505,ICMP
FLW-0003695,VPN-SES-00685,0xe77dd689,16.8,599,51490,3064.88,85.96,1.5,83,88,0.997002,0.009169,0.524,ICMP
FLW-0003696,VPN-SES-00685,0xe77dd689,5.39,31,3410,632.65,110.0,9.48,95,124,1.000832,0.009873,0.523,ICMP
FLW-0003697,VPN-SES-00685,0xe77dd689,24.07,689,498450,20708.35,723.44,394.44,131,1315,0.442617,0.56715,0.306,Web_Browsing
FLW-0003698,VPN-SES-00685,0xe77dd689,24.81,878,762832,30746.96,868.83,303.91,412,1324,0.71272,0.444262,0.607,Email_IMAP
FLW-0003699,VPN-SES-00685,0xe77dd689,88.0,1983,202682,2303.2,102.21,17.96,75,129,0.02002,0.003479,0.456,VoIP
FLW-0003700,VPN-SES-00686,0x27776760,56.73,432,106202,1872.06,245.84,136.97,64,451,1.431397,1.226592,0.477,WhatsApp
FLW-0003701,VPN-SES-00686,0x27776760,6.6,173,148667,22525.3,859.35,312.66,390,1328,0.544684,0.53346,0.654,Email_IMAP
FLW-0003702,VPN-SES-00686,0x27776760,24.44,554,46536,1904.09,84.0,5.25,76,91,0.99985,0.009726,0.488,ICMP
FLW-0003703,VPN-SES-00686,0x27776760,25.82,444,383873,14867.27,864.58,326.55,374,1354,0.677161,0.444577,0.615,Email_IMAP
FLW-0003704,VPN-SES-00686,0x27776760,10.15,339,295350,29098.52,871.24,323.71,385,1356,0.654907,0.448384,0.63,Email_IMAP
FLW-0003705,VPN-SES-00686,0x27776760,41.53,1118,955196,23000.14,854.38,326.57,364,1344,0.57738,0.431484,0.638,Email_IMAP
FLW-0003706,VPN-SES-00686,0x27776760,132.15,1524,345048,2611.03,226.41,117.42,64,402,1.410408,0.91339,0.441,WhatsApp
FLW-0003707,VPN-SES-00687,0xe64894cd,7.91,136,14562,1840.96,107.08,2.36,103,110,1.001928,0.008795,0.497,ICMP
FLW-0003708,VPN-SES-00687,0xe64894cd,7.85,152,110169,14034.27,724.8,370.64,168,1280,0.527382,0.525534,0.232,Web_Browsing
FLW-0003709,VPN-SES-00687,0xe64894cd,84.67,1645,196659,2322.65,119.55,21.09,87,151,0.019646,0.003408,0.508,VoIP
FLW-0003710,VPN-SES-00687,0xe64894cd,74.76,2686,715899,9575.96,266.53,126.9,76,456,1.658925,1.017248,0.486,WhatsApp
FLW-0003711,VPN-SES-00687,0xe64894cd,42.71,1250,911575,21343.36,729.26,379.93,159,1299,0.42767,0.536306,0.337,Web_Browsing
FLW-0003712,VPN-SES-00687,0xe64894cd,18.22,163,20148,1105.82,123.61,13.87,102,144,0.019886,0.005008,0.504,VoIP
FLW-0003713,VPN-SES-00688,0x3afcc87e,67.9,2639,3623003,53357.92,1372.87,100.84,1221,1514,0.005153,0.025909,0.08,Video_Streaming
FLW-0003714,VPN-SES-00688,0x3afcc87e,15.21,282,201697,13260.82,715.24,379.88,145,1285,0.362215,0.506646,0.294,Web_Browsing
FLW-0003715,VPN-SES-00688,0x3afcc87e,23.98,746,68318,2848.96,91.58,17.52,65,117,0.998744,0.010283,0.525,ICMP
FLW-0003716,VPN-SES-00688,0x3afcc87e,34.31,619,531764,15498.81,859.07,318.49,381,1336,0.553552,0.51108,0.615,Email_IMAP
FLW-0003717,VPN-SES-00688,0x3afcc87e,151.15,2122,522966,3459.91,246.45,135.38,64,449,1.296331,1.078272,0.52,WhatsApp
FLW-0003718,VPN-SES-00688,0x3afcc87e,177.47,5044,6893079,38840.81,1366.59,127.02,1176,1514,0.009207,0.022051,0.064,Video_Streaming
FLW-0003719,VPN-SES-00689,0xff3dc5a8,276.77,6178,8689357,31395.59,1406.5,94.71,1264,1514,0.011471,0.026191,0.061,Video_Streaming
FLW-0003720,VPN-SES-00689,0xff3dc5a8,38.51,1255,306947,7970.58,244.58,124.26,64,430,1.301046,1.083674,0.446,WhatsApp
FLW-0003721,VPN-SES-00689,0xff3dc5a8,138.99,5103,7039384,50646.69,1379.46,106.89,1219,1514,0.010237,0.025801,0.01,Video_Streaming
FLW-0003722,VPN-SES-00689,0xff3dc5a8,264.45,4169,5741755,21712.06,1377.25,128.54,1184,1514,0.007927,0.028214,0.062,Video_Streaming
FLW-0003723,VPN-SES-00689,0xff3dc5a8,34.14,825,588027,17223.99,712.76,369.43,158,1266,0.460476,0.57267,0.268,Web_Browsing
FLW-0003724,VPN-SES-00689,0xff3dc5a8,38.47,1109,132004,3431.35,119.03,26.08,79,158,0.020205,0.003371,0.503,VoIP
FLW-0003725,VPN-SES-00690,0x2b309e97,79.04,2155,297713,3766.61,138.15,17.7,111,164,0.018355,0.004155,0.494,VoIP
FLW-0003726,VPN-SES-00690,0x2b309e97,10.03,153,12852,1281.36,84.0,1.5,81,86,1.001463,0.009268,0.473,ICMP
FLW-0003727,VPN-SES-00690,0x2b309e97,32.05,691,953282,29743.59,1379.57,104.85,1222,1514,0.012375,0.024493,0.024,Video_Streaming
FLW-0003728,VPN-SES-00690,0x2b309e97,17.09,558,51263,2999.59,91.87,7.54,80,103,1.000063,0.009918,0.558,ICMP
FLW-0003729,VPN-SES-00690,0x2b309e97,7.05,71,61682,8749.22,868.77,326.82,378,1359,0.638797,0.459907,0.607,Email_IMAP
FLW-0003730,VPN-SES-00691,0xf9f410c9,62.29,1456,363024,5827.97,249.33,129.12,64,443,1.436692,1.117667,0.479,WhatsApp
FLW-0003731,VPN-SES-00691,0xf9f410c9,29.95,728,549829,18358.23,755.26,374.67,193,1317,0.399322,0.534705,0.262,Web_Browsing
FLW-0003732,VPN-SES-00691,0xf9f410c9,16.13,253,181274,11238.31,716.5,371.31,159,1273,0.486867,0.525213,0.271,Web_Browsing
FLW-0003733,VPN-SES-00691,0xf9f410c9,7.64,124,13215,1729.71,106.58,1.5,104,108,0.99894,0.00983,0.465,ICMP
FLW-0003734,VPN-SES-00692,0xe14a3950,218.22,2223,3021101,13844.29,1359.02,107.54,1197,1514,0.014603,0.028205,0.044,Video_Streaming
FLW-0003735,VPN-SES-00692,0xe14a3950,57.27,470,342536,5981.07,728.8,385.09,151,1306,0.541396,0.48249,0.226,Web_Browsing
FLW-0003736,VPN-SES-00692,0xe14a3950,96.52,919,111051,1150.55,120.84,9.89,106,135,0.019566,0.00388,0.49,VoIP
FLW-0003737,VPN-SES-00692,0xe14a3950,75.1,2317,560018,7456.96,241.7,135.63,64,445,1.339324,1.143527,0.48,WhatsApp
FLW-0003738,VPN-SES-00692,0xe14a3950,88.09,2321,304584,3457.65,131.23,16.49,106,155,0.019953,0.00385,0.495,VoIP
FLW-0003739,VPN-SES-00693,0x890f2b45,39.11,791,672824,17203.38,850.6,312.94,381,1320,0.702364,0.401256,0.61,Email_IMAP
FLW-0003740,VPN-SES-00693,0x890f2b45,37.67,355,89523,2376.51,252.18,127.18,64,442,1.536742,1.034985,0.448,WhatsApp
FLW-0003741,VPN-SES-00693,0x890f2b45,35.66,947,663714,18612.28,700.86,390.5,115,1286,0.364735,0.537359,0.25,Web_Browsing
FLW-0003742,VPN-SES-00693,0x890f2b45,19.92,371,94905,4764.31,255.81,147.65,64,477,1.121723,0.980677,0.503,WhatsApp
FLW-0003743,VPN-SES-00693,0x890f2b45,24.76,860,744897,30084.69,866.16,326.22,376,1355,0.611272,0.539439,0.624,Email_IMAP
FLW-0003744,VPN-SES-00693,0x890f2b45,101.62,1347,303613,2987.73,225.4,127.97,64,417,1.201411,1.275004,0.46,WhatsApp
FLW-0003745,VPN-SES-00693,0x890f2b45,52.44,387,280927,5357.11,725.91,376.23,161,1290,0.403846,0.404487,0.298,Web_Browsing
FLW-0003746,VPN-SES-00694,0x8e225d5c,48.32,1819,1338038,27691.18,735.59,372.67,176,1294,0.334108,0.540166,0.231,Web_Browsing
FLW-0003747,VPN-SES-00694,0x8e225d5c,15.81,545,476673,30150.09,874.63,312.76,405,1343,0.575528,0.461181,0.589,Email_IMAP
FLW-0003748,VPN-SES-00694,0x8e225d5c,112.23,1196,1640325,14615.74,1371.51,112.83,1202,1514,0.002891,0.029106,0.061,Video_Streaming
FLW-0003749,VPN-SES-00694,0x8e225d5c,100.3,1953,204049,2034.39,104.48,9.86,89,119,0.020595,0.00424,0.542,VoIP
FLW-0003750,VPN-SES-00694,0x8e225d5c,6.4,250,177952,27805.0,711.81,382.37,138,1285,0.481993,0.534763,0.314,Web_Browsing
FLW-0003751,VPN-SES-00695,0xe9dbff58,22.42,890,79557,3548.48,89.39,3.09,84,94,0.999085,0.009947,0.521,ICMP
FLW-0003752,VPN-SES-00695,0xe9dbff58,98.93,3754,375963,3800.29,100.15,26.87,64,140,0.019316,0.003877,0.537,VoIP
FLW-0003753,VPN-SES-00695,0xe9dbff58,8.81,19,13754,1561.18,723.94,382.72,149,1298,0.361453,0.447796,0.308,Web_Browsing
FLW-0003754,VPN-SES-00695,0xe9dbff58,23.7,81,57747,2436.58,712.93,376.04,148,1276,0.522296,0.447504,0.288,Web_Browsing
FLW-0003755,VPN-SES-00696,0x9593d3a2,29.42,1062,913861,31062.58,860.51,319.98,380,1340,0.615006,0.423907,0.588,Email_IMAP
FLW-0003756,VPN-SES-00696,0x9593d3a2,164.89,5984,8292567,50291.51,1385.79,104.65,1228,1514,0.015633,0.024439,0.028,Video_Streaming
FLW-0003757,VPN-SES-00696,0x9593d3a2,144.23,5508,7585342,52591.99,1377.15,106.71,1217,1514,0.015784,0.024077,0.052,Video_Streaming
FLW-0003758,VPN-SES-00696,0x9593d3a2,132.29,2661,683717,5168.32,256.94,134.07,64,458,1.674346,1.238495,0.453,WhatsApp
FLW-0003759,VPN-SES-00696,0x9593d3a2,12.68,407,44721,3526.89,109.88,16.2,85,134,1.002299,0.010988,0.529,ICMP
FLW-0003760,VPN-SES-00696,0x9593d3a2,28.62,1112,129403,4521.42,116.37,11.3,99,133,0.019789,0.003334,0.54,VoIP
FLW-0003761,VPN-SES-00697,0xcd1e9e72,92.39,963,112285,1215.34,116.6,28.33,74,159,0.019261,0.004433,0.485,VoIP
FLW-0003762,VPN-SES-00697,0xcd1e9e72,28.26,349,36501,1291.61,104.59,31.02,64,151,0.020664,0.004085,0.501,VoIP
FLW-0003763,VPN-SES-00697,0xcd1e9e72,4.15,86,8881,2140.0,103.27,5.56,94,111,0.998812,0.009588,0.559,ICMP
FLW-0003764,VPN-SES-00697,0xcd1e9e72,7.8,208,185550,23788.46,892.07,332.5,393,1390,0.68228,0.434801,0.596,Email_IMAP
FLW-0003765,VPN-SES-00697,0xcd1e9e72,4.17,31,2765,663.07,89.21,1.5,86,91,1.003227,0.011806,0.522,ICMP
FLW-0003766,VPN-SES-00697,0xcd1e9e72,14.03,296,251147,17900.71,848.47,327.14,357,1339,0.633893,0.353115,0.629,Email_IMAP
FLW-0003767,VPN-SES-00697,0xcd1e9e72,37.23,1206,277259,7447.19,229.9,123.54,64,415,1.358683,1.045184,0.479,WhatsApp
FLW-0003768,VPN-SES-00698,0x86935d1f,64.54,1616,386240,5984.51,239.01,114.99,66,411,1.650846,0.991829,0.451,WhatsApp
FLW-0003769,VPN-SES-00698,0x86935d1f,29.74,1049,898006,30195.23,856.06,319.13,377,1334,0.748481,0.462124,0.637,Email_IMAP
FLW-0003770,VPN-SES-00698,0x86935d1f,132.31,4943,6837602,51678.65,1383.29,111.85,1215,1514,0.013161,0.020168,0.053,Video_Streaming
FLW-0003771,VPN-SES-00698,0x86935d1f,49.17,1364,182707,3715.82,133.95,49.54,64,208,0.019277,0.004169,0.483,VoIP
FLW-0003772,VPN-SES-00698,0x86935d1f,68.65,1994,288272,4199.16,144.57,7.17,133,155,0.020375,0.003437,0.49,VoIP
FLW-0003773,VPN-SES-00698,0x86935d1f,162.94,4861,1164646,7147.7,239.59,138.56,64,447,1.222267,1.172972,0.481,WhatsApp
FLW-0003774,VPN-SES-00699,0x4db8014a,149.58,2078,2874435,19216.71,1383.27,117.67,1206,1514,0.00719,0.027026,0.043,Video_Streaming
FLW-0003775,VPN-SES-00699,0x4db8014a,30.87,442,385932,12501.85,873.15,322.68,389,1357,0.635857,0.423449,0.645,Email_IMAP
FLW-0003776,VPN-SES-00699,0x4db8014a,49.21,451,60943,1238.43,135.13,13.74,114,155,0.01932,0.004278,0.457,VoIP
FLW-0003777,VPN-SES-00699,0x4db8014a,185.69,5014,6840750,36839.63,1364.33,101.5,1212,1514,0.010442,0.021659,0.01,Video_Streaming
FLW-0003778,VPN-SES-00700,0xf8de4479,10.37,303,25564,2465.19,84.37,9.14,70,98,0.998093,0.00966,0.558,ICMP
FLW-0003779,VPN-SES-00700,0xf8de4479,9.9,104,89378,9028.08,859.41,322.74,375,1343,0.586142,0.547356,0.604,Email_IMAP
FLW-0003780,VPN-SES-00700,0xf8de4479,40.93,1519,1089517,26619.03,717.26,390.54,131,1303,0.43637,0.502394,0.272,Web_Browsing
FLW-0003781,VPN-SES-00701,0x4e98f09d,22.53,269,25474,1130.67,94.7,6.96,84,105,1.000829,0.009357,0.477,ICMP
FLW-0003782,VPN-SES-00701,0x4e98f09d,248.23,5244,7198386,28998.86,1372.69,98.79,1224,1514,0.006036,0.025743,0.088,Video_Streaming
FLW-0003783,VPN-SES-00701,0x4e98f09d,284.31,9923,13797435,48529.55,1390.45,90.94,1254,1514,0.011081,0.022245,0.064,Video_Streaming
FLW-0003784,VPN-SES-00701,0x4e98f09d,19.36,297,212352,10968.6,714.99,384.74,137,1292,0.448564,0.4052,0.251,Web_Browsing
FLW-0003785,VPN-SES-00701,0x4e98f09d,37.24,1094,940916,25266.27,860.07,320.72,378,1341,0.555117,0.380859,0.622,Email_IMAP
FLW-0003786,VPN-SES-00701,0x4e98f09d,33.34,304,256320,7688.06,843.16,306.65,383,1303,0.619953,0.42802,0.594,Email_IMAP
FLW-0003787,VPN-SES-00701,0x4e98f09d,271.18,10431,14306742,52757.36,1371.56,110.11,1206,1514,0.009299,0.025177,0.049,Video_Streaming
FLW-0003788,VPN-SES-00701,0x4e98f09d,21.99,234,201710,9172.81,862.01,327.03,371,1352,0.706649,0.507969,0.645,Email_IMAP
FLW-0003789,VPN-SES-00702,0xa22fe35d,130.35,2937,713279,5472.03,242.86,126.53,64,432,1.336019,1.003444,0.48,WhatsApp
FLW-0003790,VPN-SES-00702,0xa22fe35d,186.49,4945,6865489,36814.25,1388.37,104.19,1232,1514,0.01186,0.023307,0.066,Video_Streaming
FLW-0003791,VPN-SES-00702,0xa22fe35d,13.96,179,152760,10942.69,853.41,314.08,382,1324,0.604102,0.47265,0.617,Email_IMAP
FLW-0003792,VPN-SES-00702,0xa22fe35d,100.29,3283,377085,3759.95,114.86,20.09,84,144,0.019751,0.004451,0.471,VoIP
FLW-0003793,VPN-SES-00703,0x293afe2a,24.05,878,753113,31314.47,857.76,308.76,394,1320,0.626586,0.374416,0.642,Email_IMAP
FLW-0003794,VPN-SES-00703,0x293afe2a,22.58,576,61747,2734.59,107.2,10.27,91,122,1.000043,0.00912,0.476,ICMP
FLW-0003795,VPN-SES-00703,0x293afe2a,24.74,631,554245,22402.79,878.36,331.49,381,1375,0.658272,0.426796,0.661,Email_IMAP
FLW-0003796,VPN-SES-00703,0x293afe2a,69.38,1000,231670,3339.15,231.67,131.83,64,429,1.623073,1.008003,0.505,WhatsApp
FLW-0003797,VPN-SES-00703,0x293afe2a,19.54,760,79230,4054.76,104.25,3.68,98,109,0.99851,0.009276,0.509,ICMP
FLW-0003798,VPN-SES-00704,0xf0e660c2,44.2,706,72661,1643.91,102.92,19.05,74,131,0.020325,0.004394,0.458,VoIP
FLW-0003799,VPN-SES-00704,0xf0e660c2,279.09,11132,15537934,55673.56,1395.79,123.56,1210,1514,0.013538,0.022405,0.05,Video_Streaming
FLW-0003800,VPN-SES-00704,0xf0e660c2,100.54,3703,442249,4398.74,119.43,20.16,89,149,0.020013,0.004112,0.497,VoIP
FLW-0003801,VPN-SES-00704,0xf0e660c2,17.15,505,435905,25417.2,863.18,316.32,388,1337,0.627172,0.424079,0.678,Email_IMAP
FLW-0003802,VPN-SES-00705,0x210024b8,10.87,394,345762,31808.83,877.57,324.44,390,1364,0.739458,0.485931,0.625,Email_IMAP
FLW-0003803,VPN-SES-00705,0x210024b8,34.72,118,99347,2861.38,841.93,317.9,365,1318,0.627385,0.399012,0.575,Email_IMAP
FLW-0003804,VPN-SES-00705,0x210024b8,46.79,1071,134849,2882.0,125.91,20.6,95,156,0.0193,0.003702,0.535,VoIP
FLW-0003805,VPN-SES-00705,0x210024b8,40.96,1586,1125219,27471.17,709.47,381.37,137,1281,0.435767,0.525318,0.254,Web_Browsing
FLW-0003806,VPN-SES-00705,0x210024b8,11.91,336,289322,24292.36,861.08,321.35,379,1343,0.665537,0.453558,0.63,Email_IMAP
FLW-0003807,VPN-SES-00705,0x210024b8,276.15,9998,14060187,50915.04,1406.3,130.49,1210,1514,0.009603,0.019204,0.078,Video_Streaming
FLW-0003808,VPN-SES-00705,0x210024b8,178.67,1034,250476,1401.89,242.24,138.49,64,449,1.447006,1.106446,0.514,WhatsApp
FLW-0003809,VPN-SES-00705,0x210024b8,215.43,4524,6312020,29299.63,1395.23,98.91,1246,1514,0.008938,0.024736,0.063,Video_Streaming
FLW-0003810,VPN-SES-00706,0x27ca35a2,79.72,2863,679361,8521.84,237.29,133.47,64,437,1.564357,1.289498,0.497,WhatsApp
FLW-0003811,VPN-SES-00706,0x27ca35a2,44.45,1328,1819054,40923.6,1369.77,108.82,1206,1514,0.011717,0.026287,0.072,Video_Streaming
FLW-0003812,VPN-SES-00706,0x27ca35a2,18.14,154,16940,933.85,110.0,1.5,107,112,1.000577,0.012355,0.482,ICMP
FLW-0003813,VPN-SES-00706,0x27ca35a2,55.17,538,65496,1187.17,121.74,10.44,106,137,0.020049,0.003688,0.531,VoIP
FLW-0003814,VPN-SES-00706,0x27ca35a2,276.59,1238,1710631,6184.72,1381.77,102.52,1227,1514,0.015152,0.025449,0.089,Video_Streaming
FLW-0003815,VPN-SES-00706,0x27ca35a2,79.84,289,30700,384.52,106.23,20.95,74,137,0.020464,0.003831,0.462,VoIP
FLW-0003816,VPN-SES-00706,0x27ca35a2,33.12,768,183936,5553.62,239.5,139.82,64,449,1.585779,1.052873,0.442,WhatsApp
FLW-0003817,VPN-SES-00706,0x27ca35a2,19.59,580,53841,2748.39,92.83,1.5,90,95,1.00067,0.009895,0.477,ICMP
FLW-0003818,VPN-SES-00707,0xd28c36b8,174.76,5758,8022333,45904.86,1393.25,111.12,1226,1514,0.013633,0.020688,0.01,Video_Streaming
FLW-0003819,VPN-SES-00707,0xd28c36b8,152.94,5753,7839900,51261.28,1362.75,106.16,1203,1514,0.014161,0.019144,0.108,Video_Streaming
FLW-0003820,VPN-SES-00707,0xd28c36b8,47.72,307,221669,4645.2,722.05,390.88,135,1308,0.383552,0.525193,0.283,Web_Browsing
FLW-0003821,VPN-SES-00707,0xd28c36b8,236.38,5093,7078302,29944.59,1389.81,108.13,1227,1514,0.013775,0.027755,0.04,Video_Streaming
FLW-0003822,VPN-SES-00707,0xd28c36b8,57.12,1279,1768741,30965.35,1382.91,94.9,1240,1514,0.014634,0.029887,0.023,Video_Streaming
FLW-0003823,VPN-SES-00708,0x15d04902,25.66,68,48885,1905.11,718.9,387.04,138,1299,0.452356,0.508255,0.268,Web_Browsing
FLW-0003824,VPN-SES-00708,0x15d04902,11.94,456,389816,32647.91,854.86,319.31,375,1333,0.652813,0.396835,0.618,Email_IMAP
FLW-0003825,VPN-SES-00708,0x15d04902,59.7,1552,1146648,19206.83,738.82,376.65,173,1303,0.357206,0.492429,0.259,Web_Browsing
FLW-0003826,VPN-SES-00708,0x15d04902,11.99,427,35868,2991.49,84.0,5.11,76,91,0.998935,0.009375,0.505,ICMP
FLW-0003827,VPN-SES-00708,0x15d04902,100.1,3214,326542,3262.16,101.6,4.07,95,107,0.020403,0.003228,0.471,VoIP
FLW-0003828,VPN-SES-00708,0x15d04902,4.03,62,5208,1292.31,84.0,1.5,81,86,1.000642,0.010112,0.572,ICMP
FLW-0003829,VPN-SES-00708,0x15d04902,18.01,646,71060,3945.59,110.0,1.5,107,112,0.998204,0.012707,0.532,ICMP
FLW-0003830,VPN-SES-00709,0x6861919d,17.39,409,354631,20392.81,867.07,320.6,386,1347,0.668463,0.383307,0.625,Email_IMAP
FLW-0003831,VPN-SES-00709,0x6861919d,62.18,657,158238,2544.84,240.85,122.77,64,425,1.311143,1.266669,0.476,WhatsApp
FLW-0003832,VPN-SES-00709,0x6861919d,258.51,4766,6695515,25900.41,1404.85,96.07,1260,1514,0.010042,0.021132,0.024,Video_Streaming
FLW-0003833,VPN-SES-00709,0x6861919d,108.25,1495,164539,1519.99,110.06,20.52,79,140,0.02016,0.003728,0.433,VoIP
FLW-0003834,VPN-SES-00709,0x6861919d,29.79,1045,143927,4831.39,137.73,15.71,114,161,0.01933,0.00411,0.506,VoIP
FLW-0003835,VPN-SES-00710,0xfe209e85,24.24,489,46029,1898.89,94.13,5.19,86,101,0.998267,0.01076,0.47,ICMP
FLW-0003836,VPN-SES-00710,0xfe209e85,156.53,496,115434,737.46,232.73,135.19,64,435,1.598653,1.274435,0.512,WhatsApp
FLW-0003837,VPN-SES-00710,0xfe209e85,48.79,356,84055,1722.79,236.11,117.67,64,412,1.631834,1.250777,0.46,WhatsApp
FLW-0003838,VPN-SES-00710,0xfe209e85,34.21,287,209811,6133.03,731.05,377.34,165,1297,0.562596,0.474257,0.339,Web_Browsing
FLW-0003839,VPN-SES-00710,0xfe209e85,22.57,207,150992,6689.94,729.43,394.38,137,1321,0.415215,0.520251,0.251,Web_Browsing
FLW-0003840,VPN-SES-00710,0xfe209e85,17.27,41,4433,256.69,108.13,11.19,91,124,1.003596,0.010482,0.522,ICMP
FLW-0003841,VPN-SES-00710,0xfe209e85,219.32,5114,7028425,32046.44,1374.35,114.33,1202,1514,0.010575,0.02529,0.065,Video_Streaming
FLW-0003842,VPN-SES-00710,0xfe209e85,41.22,337,39014,946.48,115.77,18.5,88,143,0.019775,0.003848,0.532,VoIP
FLW-0003843,VPN-SES-00711,0x1450f237,53.94,1532,187057,3467.87,122.1,20.78,90,153,0.019126,0.004169,0.516,VoIP
FLW-0003844,VPN-SES-00711,0x1450f237,20.68,217,155202,7504.93,715.22,396.68,120,1310,0.278308,0.539218,0.301,Web_Browsing
FLW-0003845,VPN-SES-00711,0x1450f237,97.85,3642,5049633,51605.86,1386.5,111.41,1219,1514,0.014065,0.02717,0.038,Video_Streaming
FLW-0003846,VPN-SES-00711,0x1450f237,29.37,572,70693,2406.98,123.59,16.53,98,148,0.019344,0.004287,0.483,VoIP
FLW-0003847,VPN-SES-00711,0x1450f237,83.81,619,137436,1639.85,222.03,125.69,64,410,1.268182,1.213133,0.485,WhatsApp
FLW-0003848,VPN-SES-00711,0x1450f237,73.27,631,86188,1176.31,136.59,12.67,117,155,0.020525,0.005136,0.511,VoIP
FLW-0003849,VPN-SES-00711,0x1450f237,9.03,124,107922,11951.5,870.34,325.55,382,1358,0.55401,0.476362,0.629,Email_IMAP
FLW-0003850,VPN-SES-00712,0x16d23bde,72.16,2261,264265,3662.21,116.88,10.93,100,133,0.020416,0.003611,0.564,VoIP
FLW-0003851,VPN-SES-00712,0x16d23bde,100.3,2945,357434,3563.65,121.37,8.21,109,133,0.019692,0.003889,0.572,VoIP
FLW-0003852,VPN-SES-00712,0x16d23bde,29.63,362,256795,8666.72,709.38,379.07,140,1277,0.409663,0.524963,0.264,Web_Browsing
FLW-0003853,VPN-SES-00712,0x16d23bde,5.25,194,164188,31273.9,846.33,318.44,368,1323,0.629791,0.423349,0.604,Email_IMAP
FLW-0003854,VPN-SES-00712,0x16d23bde,117.29,732,98249,837.66,134.22,15.44,111,157,0.01932,0.003815,0.502,VoIP
FLW-0003855,VPN-SES-00712,0x16d23bde,24.35,568,127209,5224.19,223.96,143.01,64,438,1.543151,1.257319,0.492,WhatsApp
FLW-0003856,VPN-SES-00712,0x16d23bde,57.9,531,50381,870.14,94.88,30.28,64,140,0.019482,0.003687,0.505,VoIP
FLW-0003857,VPN-SES-00713,0x4f1ad220,15.97,441,324814,20339.01,736.54,388.43,153,1319,0.517971,0.484409,0.27,Web_Browsing
FLW-0003858,VPN-SES-00713,0x4f1ad220,60.84,926,1281722,21067.09,1384.15,108.96,1220,1514,0.015335,0.027075,0.078,Video_Streaming
FLW-0003859,VPN-SES-00713,0x4f1ad220,16.83,478,42871,2547.3,89.69,19.02,64,118,0.019935,0.004067,0.477,VoIP
FLW-0003860,VPN-SES-00713,0x4f1ad220,124.21,4574,6239393,50232.61,1364.1,113.71,1193,1514,0.010664,0.026437,0.04,Video_Streaming
FLW-0003861,VPN-SES-00713,0x4f1ad220,11.46,240,26400,2303.66,110.0,12.01,91,128,1.000445,0.009787,0.526,ICMP
FLW-0003862,VPN-SES-00713,0x4f1ad220,13.02,155,15920,1222.73,102.71,5.91,93,111,1.001564,0.011427,0.462,ICMP
FLW-0003863,VPN-SES-00714,0x8f0544ca,161.24,3900,886860,5500.25,227.4,123.76,64,413,1.1521,1.093098,0.498,WhatsApp
FLW-0003864,VPN-SES-00714,0x8f0544ca,51.31,1300,1793662,34957.36,1379.74,105.73,1221,1514,0.016224,0.025351,0.07,Video_Streaming
FLW-0003865,VPN-SES-00714,0x8f0544ca,70.08,706,94498,1348.43,133.85,17.01,108,159,0.021236,0.003821,0.56,VoIP
FLW-0003866,VPN-SES-00714,0x8f0544ca,21.93,62,5350,243.96,86.3,8.14,74,98,0.999036,0.01112,0.486,ICMP
FLW-0003867,VPN-SES-00714,0x8f0544ca,21.05,314,38775,1842.04,123.49,12.8,104,142,0.020562,0.003738,0.551,VoIP
FLW-0003868,VPN-SES-00715,0x7729fb46,123.31,1264,288255,2337.64,228.05,119.23,64,406,1.557006,1.034919,0.48,WhatsApp
FLW-0003869,VPN-SES-00715,0x7729fb46,7.05,148,105987,15033.62,716.13,369.5,161,1270,0.444225,0.563246,0.31,Web_Browsing
FLW-0003870,VPN-SES-00715,0x7729fb46,13.67,96,82826,6058.96,862.78,328.9,369,1356,0.578482,0.435355,0.632,Email_IMAP
FLW-0003871,VPN-SES-00715,0x7729fb46,15.82,307,29607,1871.49,96.44,2.03,93,99,0.998199,0.007919,0.525,ICMP
FLW-0003872,VPN-SES-00715,0x7729fb46,4.12,71,61267,14870.63,862.92,327.22,372,1353,0.620487,0.417925,0.62,Email_IMAP
FLW-0003873,VPN-SES-00715,0x7729fb46,24.95,116,12557,503.29,108.25,2.15,105,111,1.001203,0.008994,0.495,ICMP
FLW-0003874,VPN-SES-00715,0x7729fb46,48.15,182,130887,2718.32,719.16,389.81,134,1303,0.465572,0.587304,0.24,Web_Browsing
FLW-0003875,VPN-SES-00716,0x5169de84,118.61,770,186001,1568.17,241.56,131.44,64,438,1.502315,1.01053,0.531,WhatsApp
FLW-0003876,VPN-SES-00716,0x5169de84,155.08,3906,5390904,34762.08,1380.16,101.3,1228,1514,0.01194,0.024217,0.143,Video_Streaming
FLW-0003877,VPN-SES-00716,0x5169de84,6.53,119,13090,2004.59,110.0,4.4,103,116,0.999832,0.010951,0.53,ICMP
FLW-0003878,VPN-SES-00716,0x5169de84,112.51,2622,537667,4778.84,205.06,135.14,64,407,1.404614,0.955774,0.506,WhatsApp
FLW-0003879,VPN-SES-00716,0x5169de84,58.14,1680,246875,4246.22,146.95,22.45,113,180,0.02066,0.004722,0.475,VoIP
FLW-0003880,VPN-SES-00716,0x5169de84,30.59,1054,102986,3366.66,97.71,23.25,64,132,0.019851,0.00345,0.498,VoIP
FLW-0003881,VPN-SES-00716,0x5169de84,57.39,2100,1530333,26665.5,728.73,378.81,160,1296,0.390988,0.488825,0.279,Web_Browsing
FLW-0003882,VPN-SES-00717,0x8ada31a6,28.4,289,241849,8515.81,836.85,318.86,358,1315,0.559257,0.479656,0.573,Email_IMAP
FLW-0003883,VPN-SES-00717,0x8ada31a6,22.29,59,51456,2308.48,872.15,316.73,397,1347,0.613349,0.46325,0.594,Email_IMAP
FLW-0003884,VPN-SES-00717,0x8ada31a6,89.71,1260,155408,1732.34,123.34,12.14,105,141,0.019666,0.004162,0.466,VoIP
FLW-0003885,VPN-SES-00717,0x8ada31a6,268.52,2823,3852915,14348.71,1364.83,111.99,1196,1514,0.011899,0.025422,0.07,Video_Streaming
FLW-0003886,VPN-SES-00717,0x8ada31a6,37.51,179,21603,575.93,120.69,22.86,86,154,0.020058,0.003197,0.448,VoIP
FLW-0003887,VPN-SES-00717,0x8ada31a6,22.89,598,528117,23071.95,883.14,320.0,403,1363,0.714141,0.434443,0.618,Email_IMAP
FLW-0003888,VPN-SES-00717,0x8ada31a6,58.54,1799,2472833,42241.77,1374.56,129.73,1179,1514,0.01295,0.023663,0.01,Video_Streaming
FLW-0003889,VPN-SES-00717,0x8ada31a6,103.31,2912,418396,4049.91,143.68,16.69,118,168,0.020447,0.004342,0.486,VoIP
FLW-0003890,VPN-SES-00718,0xba54e68f,42.64,1622,1180929,27695.33,728.07,375.17,165,1290,0.375718,0.558223,0.275,Web_Browsing
FLW-0003891,VPN-SES-00718,0xba54e68f,27.43,1087,941581,34326.69,866.22,323.29,381,1351,0.69306,0.379956,0.602,Email_IMAP
FLW-0003892,VPN-SES-00718,0xba54e68f,22.39,194,166085,7417.82,856.11,313.35,386,1326,0.678958,0.50341,0.66,Email_IMAP
FLW-0003893,VPN-SES-00718,0xba54e68f,23.77,502,58196,2448.3,115.93,20.34,85,146,0.020267,0.004249,0.474,VoIP
FLW-0003894,VPN-SES-00719,0x15bcde63,162.01,2815,737107,4549.76,261.85,137.41,64,467,1.557187,1.232381,0.496,WhatsApp
FLW-0003895,VPN-SES-00719,0x15bcde63,9.67,80,67813,7012.72,847.67,318.89,369,1326,0.538554,0.468678,0.615,Email_IMAP
FLW-0003896,VPN-SES-00719,0x15bcde63,170.96,3257,780084,4562.96,239.51,139.63,64,448,1.324596,1.072266,0.481,WhatsApp
FLW-0003897,VPN-SES-00719,0x15bcde63,25.04,999,837082,33429.79,837.92,317.87,361,1314,0.482209,0.423652,0.646,Email_IMAP
FLW-0003898,VPN-SES-00719,0x15bcde63,184.19,3975,5506845,29897.63,1385.37,105.24,1227,1514,0.012153,0.022313,0.06,Video_Streaming
FLW-0003899,VPN-SES-00719,0x15bcde63,19.33,49,43862,2269.12,895.16,334.77,393,1397,0.653552,0.457206,0.591,Email_IMAP
FLW-0003900,VPN-SES-00719,0x15bcde63,11.08,437,371616,33539.35,850.38,322.9,366,1334,0.61457,0.490687,0.667,Email_IMAP
FLW-0003901,VPN-SES-00720,0x1693d01a,20.53,704,608248,29627.28,863.99,320.81,382,1345,0.536547,0.483642,0.586,Email_IMAP
FLW-0003902,VPN-SES-00720,0x1693d01a,5.76,51,4741,823.09,92.98,11.68,75,110,1.001545,0.009533,0.488,ICMP
FLW-0003903,VPN-SES-00720,0x1693d01a,40.53,1462,1245053,30719.29,851.61,310.42,385,1317,0.607151,0.377409,0.64,Email_IMAP
FLW-0003904,VPN-SES-00720,0x1693d01a,15.09,199,172081,11403.64,864.73,324.48,378,1351,0.585578,0.396222,0.622,Email_IMAP
FLW-0003905,VPN-SES-00720,0x1693d01a,31.49,1208,1039810,33020.32,860.77,318.82,382,1339,0.63046,0.526985,0.633,Email_IMAP
FLW-0003906,VPN-SES-00721,0xf76032c3,18.54,157,138733,7482.9,883.65,330.15,388,1378,0.764971,0.401649,0.638,Email_IMAP
FLW-0003907,VPN-SES-00721,0xf76032c3,54.76,471,336680,6148.28,714.82,366.69,164,1264,0.5622,0.485315,0.248,Web_Browsing
FLW-0003908,VPN-SES-00721,0xf76032c3,21.36,405,346287,16211.94,855.03,313.63,384,1325,0.603175,0.440028,0.672,Email_IMAP
FLW-0003909,VPN-SES-00722,0x7d59ae12,70.19,2025,469800,6693.26,232.0,143.27,64,446,1.540058,1.14359,0.502,WhatsApp
FLW-0003910,VPN-SES-00722,0x7d59ae12,36.71,1421,1222287,33295.75,860.16,330.29,364,1355,0.688271,0.37509,0.629,Email_IMAP
FLW-0003911,VPN-SES-00722,0x7d59ae12,17.46,220,23630,1353.38,107.41,1.69,104,109,1.000189,0.009387,0.459,ICMP
FLW-0003912,VPN-SES-00722,0x7d59ae12,40.2,1318,924445,22996.14,701.4,367.7,149,1252,0.500178,0.375486,0.26,Web_Browsing
FLW-0003913,VPN-SES-00722,0x7d59ae12,129.34,2576,594566,4596.92,230.81,127.74,64,422,1.093689,1.144428,0.442,WhatsApp
FLW-0003914,VPN-SES-00722,0x7d59ae12,19.43,597,521533,26841.64,873.59,315.03,401,1346,0.643546,0.45017,0.627,Email_IMAP
FLW-0003915,VPN-SES-00722,0x7d59ae12,224.5,7482,10328452,46006.47,1380.44,106.58,1220,1514,0.013286,0.026165,0.037,Video_Streaming
FLW-0003916,VPN-SES-00722,0x7d59ae12,42.89,1132,141635,3302.28,125.12,27.53,83,166,0.020424,0.004373,0.505,VoIP
FLW-0003917,VPN-SES-00723,0x5ff90831,56.79,625,142981,2517.71,228.77,123.52,64,414,1.452782,1.203704,0.564,WhatsApp
FLW-0003918,VPN-SES-00723,0x5ff90831,67.77,2485,327473,4832.12,131.78,8.64,118,144,0.01954,0.004911,0.494,VoIP
FLW-0003919,VPN-SES-00723,0x5ff90831,101.8,1841,2541629,24966.89,1380.57,102.32,1227,1514,0.017869,0.026251,0.037,Video_Streaming
FLW-0003920,VPN-SES-00723,0x5ff90831,32.56,531,450325,13830.62,848.07,322.46,364,1331,0.652984,0.487445,0.636,Email_IMAP
FLW-0003921,VPN-SES-00723,0x5ff90831,5.68,122,104533,18403.7,856.83,315.65,383,1330,0.639204,0.425219,0.616,Email_IMAP
FLW-0003922,VPN-SES-00723,0x5ff90831,295.95,7065,9751113,32948.51,1380.2,102.82,1225,1514,0.014365,0.024074,0.035,Video_Streaming
FLW-0003923,VPN-SES-00723,0x5ff90831,35.73,1150,271147,7588.78,235.78,131.94,64,433,1.413701,1.146433,0.507,WhatsApp
FLW-0003924,VPN-SES-00723,0x5ff90831,112.33,782,199926,1779.81,255.66,132.28,64,454,1.223549,1.070398,0.45,WhatsApp
FLW-0003925,VPN-SES-00724,0x7cc73151,19.87,653,71830,3615.0,110.0,19.9,80,139,1.000975,0.010858,0.508,ICMP
FLW-0003926,VPN-SES-00724,0x7cc73151,21.11,251,25699,1217.39,102.39,1.5,100,104,0.999889,0.009119,0.508,ICMP
FLW-0003927,VPN-SES-00724,0x7cc73151,12.55,144,14008,1116.18,97.28,19.57,67,126,1.001375,0.010285,0.492,ICMP
FLW-0003928,VPN-SES-00724,0x7cc73151,158.28,3655,5117402,32331.32,1400.11,109.76,1235,1514,0.013244,0.025106,0.048,Video_Streaming
FLW-0003929,VPN-SES-00724,0x7cc73151,50.88,610,73468,1443.95,120.44,2.3,116,123,0.019071,0.00414,0.547,VoIP
FLW-0003930,VPN-SES-00725,0x1b35e0a1,34.59,324,79114,2287.19,244.18,124.24,64,430,1.161929,1.186298,0.463,WhatsApp
FLW-0003931,VPN-SES-00725,0x1b35e0a1,7.99,177,153586,19222.28,867.72,323.12,383,1352,0.682285,0.451512,0.632,Email_IMAP
FLW-0003932,VPN-SES-00725,0x1b35e0a1,4.66,58,5601,1201.93,96.57,1.5,94,98,0.998555,0.007615,0.495,ICMP
FLW-0003933,VPN-SES-00725,0x1b35e0a1,10.07,34,3740,371.4,110.0,9.84,95,124,1.000342,0.009266,0.53,ICMP
FLW-0003934,VPN-SES-00725,0x1b35e0a1,21.07,106,91008,4319.32,858.57,332.6,359,1357,0.583777,0.416251,0.595,Email_IMAP
FLW-0003935,VPN-SES-00726,0x8854f2ce,29.85,1178,992123,33236.95,842.21,312.5,373,1310,0.656967,0.417951,0.504,Email_IMAP
FLW-0003936,VPN-SES-00726,0x8854f2ce,43.21,1579,1378293,31897.55,872.89,306.53,413,1332,0.689773,0.451405,0.684,Email_IMAP
FLW-0003937,VPN-SES-00726,0x8854f2ce,105.96,2102,277379,2617.77,131.96,13.96,111,152,0.019579,0.004601,0.456,VoIP
FLW-0003938,VPN-SES-00726,0x8854f2ce,9.96,158,136241,13678.82,862.29,318.95,383,1340,0.626832,0.465908,0.626,Email_IMAP
FLW-0003939,VPN-SES-00726,0x8854f2ce,61.5,1817,228015,3707.56,125.49,19.11,96,154,0.020251,0.004037,0.48,VoIP
FLW-0003940,VPN-SES-00726,0x8854f2ce,38.76,291,250274,6457.02,860.05,314.28,388,1331,0.597325,0.434873,0.616,Email_IMAP
FLW-0003941,VPN-SES-00726,0x8854f2ce,256.73,3539,4885306,19028.96,1380.42,117.33,1204,1514,0.010131,0.025492,0.064,Video_Streaming
FLW-0003942,VPN-SES-00727,0xfb4b3bd8,16.99,483,43808,2578.46,90.7,4.59,83,97,1.001504,0.010187,0.507,ICMP
FLW-0003943,VPN-SES-00727,0xfb4b3bd8,56.17,1673,1190406,21192.91,711.54,395.75,117,1305,0.401373,0.416611,0.306,Web_Browsing
FLW-0003944,VPN-SES-00727,0xfb4b3bd8,16.81,125,107327,6384.71,858.62,317.58,382,1334,0.613175,0.534227,0.631,Email_IMAP
FLW-0003945,VPN-SES-00727,0xfb4b3bd8,23.72,314,228152,9618.55,726.6,381.3,154,1298,0.470254,0.569931,0.272,Web_Browsing
FLW-0003946,VPN-SES-00727,0xfb4b3bd8,49.2,198,139098,2827.2,702.52,386.94,122,1282,0.487253,0.505399,0.294,Web_Browsing
FLW-0003947,VPN-SES-00727,0xfb4b3bd8,28.03,332,38362,1368.61,115.55,18.17,88,142,0.019921,0.003763,0.536,VoIP
FLW-0003948,VPN-SES-00728,0xc8edffe8,11.24,264,185605,16512.9,703.05,398.89,104,1301,0.515802,0.411101,0.273,Web_Browsing
FLW-0003949,VPN-SES-00728,0xc8edffe8,59.36,371,43770,737.37,117.98,21.14,86,149,0.019406,0.004013,0.496,VoIP
FLW-0003950,VPN-SES-00728,0xc8edffe8,254.78,9320,12779118,50157.46,1371.15,102.99,1216,1514,0.015446,0.020759,0.074,Video_Streaming
FLW-0003951,VPN-SES-00729,0xd0b15ca3,37.97,851,620864,16351.44,729.57,378.25,162,1296,0.453928,0.558175,0.259,Web_Browsing
FLW-0003952,VPN-SES-00729,0xd0b15ca3,11.31,34,7914,699.73,232.78,126.04,64,421,1.592279,1.242152,0.438,WhatsApp
FLW-0003953,VPN-SES-00729,0xd0b15ca3,30.9,1233,1075262,34798.12,872.07,326.55,382,1361,0.754868,0.46733,0.619,Email_IMAP
FLW-0003954,VPN-SES-00729,0xd0b15ca3,49.38,709,520221,10535.05,733.74,385.59,155,1312,0.618367,0.547935,0.285,Web_Browsing
FLW-0003955,VPN-SES-00729,0xd0b15ca3,43.82,599,506700,11563.21,845.91,315.35,372,1318,0.553073,0.440322,0.648,Email_IMAP
FLW-0003956,VPN-SES-00730,0x3dce3207,94.58,393,94304,997.08,239.96,138.17,64,447,1.4557,1.05566,0.483,WhatsApp
FLW-0003957,VPN-SES-00730,0x3dce3207,48.4,632,458623,9475.68,725.67,381.11,154,1297,0.461301,0.461547,0.267,Web_Browsing
FLW-0003958,VPN-SES-00730,0x3dce3207,33.88,703,989191,29196.9,1407.1,119.83,1227,1514,0.006473,0.019083,0.062,Video_Streaming
FLW-0003959,VPN-SES-00730,0x3dce3207,28.3,801,585306,20682.19,730.72,375.84,166,1294,0.526624,0.502983,0.275,Web_Browsing
FLW-0003960,VPN-SES-00730,0x3dce3207,138.57,3061,762403,5501.93,249.07,125.74,64,437,1.352693,1.173718,0.479,WhatsApp
FLW-0003961,VPN-SES-00730,0x3dce3207,40.59,1250,1103637,27189.87,882.91,325.55,394,1371,0.692445,0.447772,0.646,Email_IMAP
FLW-0003962,VPN-SES-00731,0x835bea93,158.9,1388,327748,2062.61,236.13,132.26,64,434,1.248812,1.214339,0.489,WhatsApp
FLW-0003963,VPN-SES-00731,0x835bea93,7.87,229,25190,3200.76,110.0,23.14,75,144,1.001145,0.010068,0.472,ICMP
FLW-0003964,VPN-SES-00731,0x835bea93,43.53,197,143979,3307.58,730.86,381.68,158,1303,0.490353,0.586489,0.255,Web_Browsing
FLW-0003965,VPN-SES-00731,0x835bea93,56.63,1481,161295,2848.23,108.91,16.11,84,133,0.020493,0.004222,0.473,VoIP
FLW-0003966,VPN-SES-00731,0x835bea93,28.94,525,456267,15765.96,869.08,310.39,403,1334,0.593452,0.444804,0.603,Email_IMAP
FLW-0003967,VPN-SES-00732,0xfce3e35d,127.97,4137,1037063,8103.95,250.68,132.29,64,449,1.691318,1.07281,0.476,WhatsApp
FLW-0003968,VPN-SES-00732,0xfce3e35d,27.07,701,514898,19020.98,734.52,379.27,165,1303,0.56205,0.527041,0.209,Web_Browsing
FLW-0003969,VPN-SES-00732,0xfce3e35d,6.76,27,23601,3491.27,874.13,327.3,383,1365,0.714215,0.364006,0.6,Email_IMAP
FLW-0003970,VPN-SES-00732,0xfce3e35d,23.3,333,37609,1614.12,112.94,11.27,96,129,0.021045,0.003995,0.499,VoIP
FLW-0003971,VPN-SES-00732,0xfce3e35d,24.65,143,14960,606.9,104.62,8.55,91,117,0.994998,0.009354,0.458,ICMP
FLW-0003972,VPN-SES-00732,0xfce3e35d,55.09,2171,1573540,28563.08,724.8,377.69,158,1291,0.451154,0.396074,0.271,Web_Browsing
FLW-0003973,VPN-SES-00733,0xe0b68d02,44.26,1073,937136,21173.43,873.38,331.28,376,1370,0.698523,0.389904,0.658,Email_IMAP
FLW-0003974,VPN-SES-00733,0xe0b68d02,14.39,158,16857,1171.44,106.69,3.06,102,111,0.996962,0.010954,0.482,ICMP
FLW-0003975,VPN-SES-00733,0xe0b68d02,266.15,3364,4656280,17494.95,1384.15,110.55,1218,1514,0.017769,0.024687,0.06,Video_Streaming
FLW-0003976,VPN-SES-00733,0xe0b68d02,28.42,789,693483,24401.23,878.94,314.73,406,1351,0.704967,0.441062,0.59,Email_IMAP
FLW-0003977,VPN-SES-00733,0xe0b68d02,168.22,447,107284,637.76,240.01,135.53,64,443,1.623362,1.262216,0.471,WhatsApp
FLW-0003978,VPN-SES-00733,0xe0b68d02,29.54,895,633794,21455.45,708.15,377.45,141,1274,0.361385,0.489131,0.27,Web_Browsing
FLW-0003979,VPN-SES-00733,0xe0b68d02,51.9,1410,1027509,19797.86,728.73,362.35,185,1272,0.394979,0.463724,0.316,Web_Browsing
FLW-0003980,VPN-SES-00734,0xdfde82ad,68.77,2548,577453,8396.87,226.63,131.81,64,424,1.378859,1.214735,0.498,WhatsApp
FLW-0003981,VPN-SES-00734,0xdfde82ad,12.1,409,40675,3361.57,99.45,1.5,97,101,0.997221,0.010247,0.516,ICMP
FLW-0003982,VPN-SES-00734,0xdfde82ad,5.97,152,127847,21414.91,841.1,310.13,375,1306,0.667032,0.465261,0.59,Email_IMAP
FLW-0003983,VPN-SES-00734,0xdfde82ad,58.55,808,576192,9841.02,713.11,365.31,165,1261,0.553295,0.435006,0.296,Web_Browsing
FLW-0003984,VPN-SES-00735,0x6e55bd48,7.59,234,168381,22184.58,719.58,390.32,134,1305,0.390581,0.503063,0.229,Web_Browsing
FLW-0003985,VPN-SES-00735,0x6e55bd48,21.8,419,291934,13391.47,696.74,384.77,119,1273,0.316123,0.488589,0.31,Web_Browsing
FLW-0003986,VPN-SES-00735,0x6e55bd48,40.87,774,564215,13805.11,728.96,374.68,166,1290,0.330862,0.525475,0.32,Web_Browsing
FLW-0003987,VPN-SES-00735,0x6e55bd48,7.06,114,10265,1453.97,90.05,1.5,87,92,0.999213,0.010572,0.537,ICMP
FLW-0003988,VPN-SES-00735,0x6e55bd48,26.7,1020,107222,4015.81,105.12,6.01,96,114,0.021404,0.003929,0.508,VoIP
FLW-0003989,VPN-SES-00736,0x418c6ee8,21.13,128,11481,543.35,89.7,7.92,77,101,1.00144,0.0103,0.552,ICMP
FLW-0003990,VPN-SES-00736,0x418c6ee8,84.53,3337,787798,9319.74,236.08,127.9,64,427,1.438182,1.151146,0.487,WhatsApp
FLW-0003991,VPN-SES-00736,0x418c6ee8,139.91,2268,509370,3640.7,224.59,132.5,64,423,1.338261,1.036093,0.481,WhatsApp
FLW-0003992,VPN-SES-00736,0x418c6ee8,10.16,348,30088,2961.42,86.46,1.5,84,88,0.996077,0.011747,0.517,ICMP
FLW-0003993,VPN-SES-00736,0x418c6ee8,19.59,540,52164,2662.79,96.6,1.5,94,98,0.995686,0.009271,0.521,ICMP
FLW-0003994,VPN-SES-00736,0x418c6ee8,38.29,1212,1686267,44039.36,1391.31,115.14,1218,1514,0.012594,0.02826,0.05,Video_Streaming
FLW-0003995,VPN-SES-00736,0x418c6ee8,19.56,212,185080,9462.17,873.02,316.92,397,1348,0.590523,0.404743,0.588,Email_IMAP
FLW-0003996,VPN-SES-00737,0xe1d46f58,41.77,1546,197748,4734.21,127.91,12.06,109,146,0.01938,0.004285,0.51,VoIP
FLW-0003997,VPN-SES-00737,0xe1d46f58,8.08,213,23334,2887.87,109.55,8.1,97,121,0.99887,0.010076,0.504,ICMP
FLW-0003998,VPN-SES-00737,0xe1d46f58,44.77,559,474574,10600.27,848.97,311.16,382,1315,0.604051,0.541646,0.608,Email_IMAP
FLW-0003999,VPN-SES-00737,0xe1d46f58,44.56,1119,822230,18452.2,734.79,376.25,170,1299,0.516663,0.545125,0.309,Web_Browsing
FLW-0004000,VPN-SES-00738,0xe46a1235,6.18,29,2976,481.55,102.65,15.02,80,125,1.000568,0.011714,0.451,ICMP
FLW-0004001,VPN-SES-00738,0xe46a1235,22.32,495,50579,2266.08,102.18,6.27,92,111,0.998595,0.01058,0.455,ICMP
FLW-0004002,VPN-SES-00738,0xe46a1235,95.88,2297,533248,5561.62,232.15,114.01,64,403,1.657173,1.07453,0.545,WhatsApp
FLW-0004003,VPN-SES-00738,0xe46a1235,103.47,1620,210016,2029.73,129.64,21.58,97,162,0.019648,0.003581,0.516,VoIP
FLW-0004004,VPN-SES-00738,0xe46a1235,105.29,1251,1725304,16386.21,1379.14,99.29,1230,1514,0.006312,0.022603,0.115,Video_Streaming
FLW-0004005,VPN-SES-00738,0xe46a1235,24.07,315,34650,1439.55,110.0,5.64,101,118,1.000223,0.009664,0.472,ICMP
FLW-0004006,VPN-SES-00738,0xe46a1235,28.51,487,358675,12580.67,736.5,394.99,144,1328,0.382994,0.495858,0.267,Web_Browsing
FLW-0004007,VPN-SES-00738,0xe46a1235,40.04,1489,1273035,31794.08,854.96,329.49,360,1349,0.561443,0.470991,0.642,Email_IMAP
FLW-0004008,VPN-SES-00739,0x20e29558,18.25,646,464015,25425.48,718.29,387.14,137,1299,0.461074,0.560856,0.234,Web_Browsing
FLW-0004009,VPN-SES-00739,0x20e29558,30.44,994,115115,3781.7,115.81,17.43,89,141,0.018397,0.003566,0.476,VoIP
FLW-0004010,VPN-SES-00739,0x20e29558,25.01,311,270999,10835.63,871.38,314.35,399,1342,0.59478,0.486787,0.571,Email_IMAP
FLW-0004011,VPN-SES-00739,0x20e29558,34.15,1342,1120771,32819.06,835.15,317.11,359,1310,0.55228,0.386564,0.637,Email_IMAP
FLW-0004012,VPN-SES-00739,0x20e29558,27.75,1108,964525,34757.66,870.51,326.31,381,1359,0.724842,0.505851,0.556,Email_IMAP
FLW-0004013,VPN-SES-00739,0x20e29558,268.9,10348,14336119,53313.94,1385.4,105.76,1226,1514,0.009197,0.026401,0.01,Video_Streaming
FLW-0004014,VPN-SES-00739,0x20e29558,47.14,738,73054,1549.72,98.99,23.07,64,133,0.020293,0.004055,0.474,VoIP
FLW-0004015,VPN-SES-00739,0x20e29558,108.39,1304,324604,2994.78,248.93,135.44,64,452,1.414075,0.970495,0.467,WhatsApp
FLW-0004016,VPN-SES-00740,0xe667159d,24.23,775,83738,3455.96,108.05,14.62,86,129,0.99951,0.00975,0.495,ICMP
FLW-0004017,VPN-SES-00740,0xe667159d,14.63,164,118621,8108.07,723.3,375.35,160,1286,0.232936,0.559638,0.334,Web_Browsing
FLW-0004018,VPN-SES-00740,0xe667159d,254.54,4218,5789837,22746.28,1372.65,101.47,1220,1514,0.011486,0.024531,0.09,Video_Streaming
FLW-0004019,VPN-SES-00740,0xe667159d,22.43,577,496600,22139.99,860.66,313.66,390,1331,0.561007,0.488954,0.638,Email_IMAP
FLW-0004020,VPN-SES-00740,0xe667159d,94.33,3433,4781242,50686.34,1392.73,102.25,1239,1514,0.018894,0.020641,0.081,Video_Streaming
FLW-0004021,VPN-SES-00740,0xe667159d,30.85,291,28253,915.82,97.09,11.68,79,114,0.020937,0.004333,0.484,VoIP
FLW-0004022,VPN-SES-00740,0xe667159d,17.85,546,50106,2807.06,91.77,4.8,84,98,1.000771,0.011252,0.486,ICMP
FLW-0004023,VPN-SES-00741,0x17b38e70,75.3,646,878986,11673.12,1360.66,111.26,1193,1514,0.010285,0.021748,0.069,Video_Streaming
FLW-0004024,VPN-SES-00741,0x17b38e70,100.7,262,30769,305.55,117.44,20.45,86,148,0.019463,0.004195,0.46,VoIP
FLW-0004025,VPN-SES-00741,0x17b38e70,92.11,192,263053,2855.86,1370.07,108.06,1207,1514,0.018532,0.026962,0.092,Video_Streaming
FLW-0004026,VPN-SES-00741,0x17b38e70,21.62,577,79049,3656.29,137.0,46.82,66,207,0.020025,0.004568,0.53,VoIP
FLW-0004027,VPN-SES-00741,0x17b38e70,88.42,1730,435873,4929.57,251.95,144.19,64,468,1.330813,1.045145,0.49,WhatsApp
FLW-0004028,VPN-SES-00741,0x17b38e70,19.76,69,8128,411.34,117.81,20.55,86,148,0.020938,0.003809,0.491,VoIP
FLW-0004029,VPN-SES-00741,0x17b38e70,38.49,1298,1118992,29072.28,862.09,318.17,384,1339,0.520805,0.423894,0.641,Email_IMAP
FLW-0004030,VPN-SES-00742,0xbbe5a807,145.47,2655,682998,4695.11,257.25,120.76,76,438,1.208718,1.103326,0.418,WhatsApp
FLW-0004031,VPN-SES-00742,0xbbe5a807,111.31,2149,246404,2213.67,114.66,4.11,108,120,0.020821,0.003692,0.55,VoIP
FLW-0004032,VPN-SES-00742,0xbbe5a807,15.86,357,311789,19658.83,873.36,314.83,401,1345,0.577643,0.44129,0.617,Email_IMAP
FLW-0004033,VPN-SES-00742,0xbbe5a807,9.12,61,6231,683.22,102.15,1.5,99,104,1.00112,0.010265,0.49,ICMP
FLW-0004034,VPN-SES-00742,0xbbe5a807,24.92,97,82591,3314.25,851.46,318.52,373,1329,0.594859,0.45263,0.623,Email_IMAP
FLW-0004035,VPN-SES-00743,0xd9425b82,20.59,76,7686,373.29,101.14,18.13,73,128,0.999801,0.011005,0.507,ICMP
FLW-0004036,VPN-SES-00743,0xd9425b82,35.85,105,12299,343.07,117.14,17.05,91,142,0.019965,0.004112,0.471,VoIP
FLW-0004037,VPN-SES-00743,0xd9425b82,152.0,3615,804048,5289.79,222.42,135.23,64,425,1.54819,1.18202,0.485,WhatsApp
FLW-0004038,VPN-SES-00743,0xd9425b82,30.95,632,877980,28367.69,1389.21,115.71,1215,1514,0.014954,0.022851,0.027,Video_Streaming
FLW-0004039,VPN-SES-00743,0xd9425b82,57.39,1667,1192471,20778.38,715.34,379.86,145,1285,0.431856,0.406165,0.332,Web_Browsing
FLW-0004040,VPN-SES-00744,0x80024916,12.25,213,20173,1646.78,94.71,5.38,86,102,1.001867,0.007655,0.485,ICMP
FLW-0004041,VPN-SES-00744,0x80024916,52.71,1556,1113084,21117.13,715.35,377.31,149,1281,0.436989,0.572357,0.3,Web_Browsing
FLW-0004042,VPN-SES-00744,0x80024916,88.93,1097,144255,1622.12,131.5,18.38,103,159,0.01916,0.003168,0.454,VoIP
FLW-0004043,VPN-SES-00745,0x583dc53a,4.62,152,131376,28436.36,864.32,320.25,383,1344,0.635814,0.433414,0.68,Email_IMAP
FLW-0004044,VPN-SES-00745,0x583dc53a,146.07,4783,6553331,44864.32,1370.13,117.42,1194,1514,0.012007,0.024848,0.095,Video_Streaming
FLW-0004045,VPN-SES-00745,0x583dc53a,109.43,1371,1916041,17509.28,1397.55,108.08,1235,1514,0.014997,0.02591,0.06,Video_Streaming
FLW-0004046,VPN-SES-00745,0x583dc53a,100.83,2525,612186,6071.47,242.45,124.5,64,429,1.349494,1.03613,0.507,WhatsApp
FLW-0004047,VPN-SES-00745,0x583dc53a,29.5,385,330661,11208.85,858.86,309.62,394,1323,0.601168,0.306033,0.605,Email_IMAP
FLW-0004048,VPN-SES-00745,0x583dc53a,113.18,352,84638,747.82,240.45,128.91,64,433,1.726725,1.16324,0.496,WhatsApp
FLW-0004049,VPN-SES-00745,0x583dc53a,13.6,470,394931,29039.04,840.28,317.08,364,1315,0.61715,0.414626,0.596,Email_IMAP
FLW-0004050,VPN-SES-00746,0x9edb0ef1,49.16,976,681540,13863.71,698.3,369.79,143,1252,0.515557,0.492854,0.265,Web_Browsing
FLW-0004051,VPN-SES-00746,0x9edb0ef1,128.02,891,1229526,9604.17,1379.94,119.34,1200,1514,0.012016,0.026351,0.035,Video_Streaming
FLW-0004052,VPN-SES-00746,0x9edb0ef1,22.63,431,367461,16237.78,852.58,322.83,368,1336,0.777754,0.51434,0.637,Email_IMAP
FLW-0004053,VPN-SES-00747,0x15fbd075,26.92,435,374891,13926.11,861.82,331.21,365,1358,0.703641,0.346785,0.588,Email_IMAP
FLW-0004054,VPN-SES-00747,0x15fbd075,12.5,65,15863,1269.04,244.06,115.7,70,417,1.251898,1.02302,0.472,WhatsApp
FLW-0004055,VPN-SES-00747,0x15fbd075,39.05,1248,1068974,27374.49,856.55,317.69,380,1333,0.705708,0.438065,0.608,Email_IMAP
FLW-0004056,VPN-SES-00747,0x15fbd075,56.4,410,288562,5116.35,703.81,388.19,121,1286,0.399638,0.445648,0.286,Web_Browsing
FLW-0004057,VPN-SES-00747,0x15fbd075,71.41,2232,515145,7213.91,230.8,125.79,64,419,1.442646,1.064087,0.549,WhatsApp
FLW-0004058,VPN-SES-00747,0x15fbd075,58.43,598,430021,7359.59,719.1,384.94,141,1296,0.304373,0.456968,0.247,Web_Browsing
FLW-0004059,VPN-SES-00747,0x15fbd075,92.73,1376,314484,3391.39,228.55,133.32,64,428,1.570868,1.137909,0.473,WhatsApp
FLW-0004060,VPN-SES-00748,0xc4c0c39a,105.69,2703,3709678,35099.61,1372.43,118.91,1194,1514,0.019767,0.025338,0.088,Video_Streaming
FLW-0004061,VPN-SES-00748,0xc4c0c39a,16.44,173,17666,1074.57,102.12,10.04,87,117,0.998253,0.009512,0.512,ICMP
FLW-0004062,VPN-SES-00748,0xc4c0c39a,55.27,776,197530,3573.91,254.55,123.45,69,439,1.064506,1.045191,0.51,WhatsApp
FLW-0004063,VPN-SES-00748,0xc4c0c39a,192.85,4296,5846813,30317.93,1360.99,100.58,1210,1511,0.012585,0.02471,0.078,Video_Streaming
FLW-0004064,VPN-SES-00748,0xc4c0c39a,33.17,218,153746,4635.09,705.26,377.4,139,1271,0.539639,0.440355,0.324,Web_Browsing
FLW-0004065,VPN-SES-00748,0xc4c0c39a,19.08,762,173118,9073.27,227.19,136.8,64,432,1.338462,0.97406,0.465,WhatsApp
FLW-0004066,VPN-SES-00748,0xc4c0c39a,44.66,839,609567,13649.06,726.54,379.95,156,1296,0.533885,0.571787,0.245,Web_Browsing
FLW-0004067,VPN-SES-00749,0x5432dbd9,30.78,350,477722,15520.53,1364.92,99.56,1215,1514,0.008628,0.027761,0.077,Video_Streaming
FLW-0004068,VPN-SES-00749,0x5432dbd9,258.03,6531,8970067,34763.66,1373.46,109.91,1208,1514,0.017266,0.02977,0.068,Video_Streaming
FLW-0004069,VPN-SES-00749,0x5432dbd9,151.19,5008,1042114,6892.74,208.09,132.38,64,406,1.554233,1.12471,0.502,WhatsApp
FLW-0004070,VPN-SES-00749,0x5432dbd9,113.5,634,78793,694.21,124.28,8.12,112,136,0.019468,0.003872,0.532,VoIP
FLW-0004071,VPN-SES-00749,0x5432dbd9,81.37,1061,117569,1444.87,110.81,21.65,78,143,0.020182,0.004634,0.499,VoIP
FLW-0004072,VPN-SES-00749,0x5432dbd9,22.87,464,38976,1704.24,84.0,9.17,70,97,1.003207,0.010712,0.476,ICMP
FLW-0004073,VPN-SES-00749,0x5432dbd9,57.29,1995,1410504,24620.42,707.02,372.38,148,1265,0.600248,0.483634,0.26,Web_Browsing
FLW-0004074,VPN-SES-00750,0x3bf30743,21.13,539,63655,3012.54,118.1,15.46,94,141,0.020941,0.003594,0.535,VoIP
FLW-0004075,VPN-SES-00750,0x3bf30743,30.73,1119,963984,31369.48,861.47,329.66,366,1355,0.756827,0.453816,0.611,Email_IMAP
FLW-0004076,VPN-SES-00750,0x3bf30743,73.45,1218,1681802,22897.24,1380.79,109.24,1216,1514,0.005786,0.028881,0.067,Video_Streaming
FLW-0004077,VPN-SES-00750,0x3bf30743,13.51,119,10000,740.19,84.04,1.5,81,86,0.996509,0.01077,0.481,ICMP
FLW-0004078,VPN-SES-00750,0x3bf30743,298.3,1783,2450804,8215.9,1374.54,113.91,1203,1514,0.010065,0.026366,0.063,Video_Streaming
FLW-0004079,VPN-SES-00751,0x73b55bfb,19.81,99,9602,484.7,96.99,1.5,94,99,0.99877,0.010603,0.48,ICMP
FLW-0004080,VPN-SES-00751,0x73b55bfb,27.2,815,109584,4028.82,134.46,36.77,79,189,0.020394,0.004597,0.522,VoIP
FLW-0004081,VPN-SES-00751,0x73b55bfb,79.09,2057,233654,2954.28,113.59,19.6,84,142,0.021208,0.003791,0.469,VoIP
FLW-0004082,VPN-SES-00751,0x73b55bfb,118.01,941,100112,848.33,106.39,16.26,82,130,0.019398,0.00467,0.506,VoIP
FLW-0004083,VPN-SES-00751,0x73b55bfb,15.23,112,81945,5380.5,731.66,377.61,165,1298,0.364485,0.43453,0.253,Web_Browsing
FLW-0004084,VPN-SES-00751,0x73b55bfb,22.48,805,82246,3658.63,102.17,8.16,89,114,1.000905,0.008511,0.5,ICMP
FLW-0004085,VPN-SES-00751,0x73b55bfb,17.51,486,343937,19642.32,707.69,383.21,132,1282,0.485931,0.441391,0.309,Web_Browsing
FLW-0004086,VPN-SES-00751,0x73b55bfb,101.19,759,112385,1110.63,148.07,24.68,111,185,0.019902,0.003873,0.494,VoIP
FLW-0004087,VPN-SES-00752,0x43199ce0,27.53,694,590503,21449.44,850.87,322.02,367,1333,0.573154,0.364964,0.627,Email_IMAP
FLW-0004088,VPN-SES-00752,0x43199ce0,33.17,666,572926,17272.41,860.25,315.43,387,1333,0.563418,0.463038,0.59,Email_IMAP
FLW-0004089,VPN-SES-00752,0x43199ce0,248.9,2804,3864837,15527.67,1378.33,124.12,1192,1514,0.014442,0.021577,0.022,Video_Streaming
FLW-0004090,VPN-SES-00753,0xdc259a1b,152.18,1025,247865,1628.76,241.82,119.0,64,420,1.069715,1.158561,0.49,WhatsApp
FLW-0004091,VPN-SES-00753,0xdc259a1b,36.51,1127,975317,26713.69,865.41,322.1,382,1348,0.645592,0.420202,0.635,Email_IMAP
FLW-0004092,VPN-SES-00753,0xdc259a1b,293.9,3899,5452205,18551.22,1398.36,105.99,1239,1514,0.008172,0.022162,0.034,Video_Streaming
FLW-0004093,VPN-SES-00754,0xde05a281,31.22,887,764975,24502.72,862.43,302.88,408,1316,0.679644,0.478976,0.566,Email_IMAP
FLW-0004094,VPN-SES-00754,0xde05a281,214.84,991,1355935,6311.37,1368.25,110.64,1202,1514,0.011462,0.026299,0.056,Video_Streaming
FLW-0004095,VPN-SES-00754,0xde05a281,161.71,2070,528222,3266.48,255.18,127.43,64,446,1.2378,0.983021,0.502,WhatsApp
FLW-0004096,VPN-SES-00754,0xde05a281,11.56,154,15147,1310.29,98.36,9.07,84,111,1.00092,0.00798,0.466,ICMP
FLW-0004097,VPN-SES-00754,0xde05a281,35.32,565,478978,13561.1,847.75,313.47,377,1317,0.621626,0.494962,0.656,Email_IMAP
FLW-0004098,VPN-SES-00755,0x665f8687,12.98,392,335744,25866.26,856.49,317.99,379,1333,0.602383,0.454013,0.626,Email_IMAP
FLW-0004099,VPN-SES-00755,0x665f8687,54.0,907,661819,12255.91,729.68,386.39,150,1309,0.277341,0.492373,0.322,Web_Browsing
FLW-0004100,VPN-SES-00755,0x665f8687,16.45,213,182059,11067.42,854.74,329.11,361,1348,0.629315,0.457872,0.586,Email_IMAP
FLW-0004101,VPN-SES-00755,0x665f8687,49.01,881,622699,12705.55,706.81,385.8,128,1285,0.516136,0.501321,0.243,Web_Browsing
FLW-0004102,VPN-SES-00755,0x665f8687,24.35,353,34781,1428.38,98.53,14.06,77,119,1.002614,0.009683,0.45,ICMP
FLW-0004103,VPN-SES-00755,0x665f8687,165.55,4756,1189380,7184.42,250.08,127.79,64,441,1.555602,1.130918,0.453,WhatsApp
FLW-0004104,VPN-SES-00755,0x665f8687,49.74,207,24984,502.29,120.7,28.47,77,163,0.019911,0.003586,0.452,VoIP
FLW-0004105,VPN-SES-00756,0x820d576f,11.49,444,377724,32874.15,850.73,316.72,375,1325,0.70535,0.399562,0.667,Email_IMAP
FLW-0004106,VPN-SES-00756,0x820d576f,77.38,2369,246257,3182.44,103.95,36.65,64,158,0.021035,0.004056,0.451,VoIP
FLW-0004107,VPN-SES-00756,0x820d576f,54.63,1438,1034396,18934.58,719.33,376.91,153,1284,0.354428,0.51455,0.255,Web_Browsing
FLW-0004108,VPN-SES-00756,0x820d576f,19.46,682,75988,3904.83,111.42,16.37,86,135,0.019655,0.004831,0.484,VoIP
FLW-0004109,VPN-SES-00757,0xc3288760,78.11,2968,371860,4760.72,125.29,19.16,96,154,0.020212,0.004172,0.526,VoIP
FLW-0004110,VPN-SES-00757,0xc3288760,29.94,663,81681,2728.16,123.2,19.8,93,152,0.020035,0.003945,0.473,VoIP
FLW-0004111,VPN-SES-00757,0xc3288760,23.79,745,72466,3046.07,97.27,5.93,88,106,1.000603,0.01018,0.493,ICMP
FLW-0004112,VPN-SES-00757,0xc3288760,19.18,757,181165,9445.52,239.32,125.57,64,427,1.451682,1.075676,0.485,WhatsApp
FLW-0004113,VPN-SES-00757,0xc3288760,75.41,247,343826,4559.42,1392.01,104.33,1235,1514,0.014238,0.025083,0.121,Video_Streaming
FLW-0004114,VPN-SES-00757,0xc3288760,131.9,3301,783657,5941.3,237.4,135.56,64,440,1.402533,0.947287,0.464,WhatsApp
FLW-0004115,VPN-SES-00758,0xfb5c4ed8,79.21,1443,2006592,25332.56,1390.57,106.54,1230,1514,0.003674,0.024921,0.027,Video_Streaming
FLW-0004116,VPN-SES-00758,0xfb5c4ed8,18.65,97,83573,4481.13,861.58,332.41,362,1360,0.701938,0.51915,0.603,Email_IMAP
FLW-0004117,VPN-SES-00758,0xfb5c4ed8,31.58,918,108581,3438.28,118.28,9.64,103,132,0.01959,0.003629,0.461,VoIP
FLW-0004118,VPN-SES-00758,0xfb5c4ed8,23.3,126,13860,594.85,110.0,1.5,107,112,1.002055,0.011246,0.515,ICMP
FLW-0004119,VPN-SES-00758,0xfb5c4ed8,11.1,131,92568,8339.46,706.63,367.34,155,1257,0.40887,0.531256,0.28,Web_Browsing
FLW-0004120,VPN-SES-00758,0xfb5c4ed8,23.54,402,34362,1459.73,85.48,13.19,65,105,1.002527,0.009773,0.503,ICMP
FLW-0004121,VPN-SES-00758,0xfb5c4ed8,18.41,638,53592,2911.03,84.0,1.5,81,86,1.000766,0.010355,0.485,ICMP
FLW-0004122,VPN-SES-00758,0xfb5c4ed8,29.21,753,539682,18475.93,716.71,376.42,152,1281,0.429115,0.521162,0.221,Web_Browsing
FLW-0004123,VPN-SES-00759,0x18308982,19.61,729,70793,3610.05,97.11,6.8,86,107,0.999144,0.009521,0.486,ICMP
FLW-0004124,VPN-SES-00759,0x18308982,40.42,552,394266,9754.23,714.25,380.05,144,1284,0.459675,0.394974,0.3,Web_Browsing
FLW-0004125,VPN-SES-00759,0x18308982,19.77,106,10019,506.78,94.52,19.46,65,123,0.998213,0.009133,0.494,ICMP
FLW-0004126,VPN-SES-00759,0x18308982,16.02,434,54232,3385.27,124.96,2.39,121,128,0.019503,0.004237,0.472,VoIP
FLW-0004127,VPN-SES-00759,0x18308982,57.66,1000,736440,12772.11,736.44,376.37,171,1300,0.382547,0.530512,0.328,Web_Browsing
FLW-0004128,VPN-SES-00760,0x5dd70974,29.07,640,553600,19043.69,865.0,330.08,369,1360,0.763173,0.408516,0.648,Email_IMAP
FLW-0004129,VPN-SES-00760,0x5dd70974,22.56,352,35805,1587.1,101.72,21.4,69,133,0.019957,0.004497,0.535,VoIP
FLW-0004130,VPN-SES-00760,0x5dd70974,16.88,129,13524,801.18,104.84,6.39,95,114,1.000763,0.010062,0.498,ICMP
FLW-0004131,VPN-SES-00761,0x48ac7355,15.91,181,19910,1251.41,110.0,16.5,85,134,0.999788,0.010238,0.502,ICMP
FLW-0004132,VPN-SES-00761,0x48ac7355,52.94,249,25064,473.44,100.66,15.31,77,123,0.02096,0.0037,0.563,VoIP
FLW-0004133,VPN-SES-00761,0x48ac7355,21.23,540,72397,3410.13,134.07,21.21,102,165,0.020337,0.003633,0.492,VoIP
FLW-0004134,VPN-SES-00761,0x48ac7355,42.56,111,97380,2288.06,877.3,315.08,404,1349,0.721626,0.388033,0.584,Email_IMAP
FLW-0004135,VPN-SES-00761,0x48ac7355,4.4,154,16940,3850.0,110.0,3.91,104,115,0.999192,0.011363,0.537,ICMP
FLW-0004136,VPN-SES-00762,0x7db06ad8,14.95,157,136754,9147.42,871.05,315.44,397,1344,0.630633,0.464023,0.641,Email_IMAP
FLW-0004137,VPN-SES-00762,0x7db06ad8,22.69,268,24629,1085.46,91.9,5.37,83,99,1.000401,0.011287,0.523,ICMP
FLW-0004138,VPN-SES-00762,0x7db06ad8,8.07,163,13692,1696.65,84.0,2.29,80,87,0.998607,0.010568,0.528,ICMP
FLW-0004139,VPN-SES-00762,0x7db06ad8,36.96,840,605824,16391.34,721.22,377.85,154,1287,0.455188,0.510446,0.261,Web_Browsing
FLW-0004140,VPN-SES-00762,0x7db06ad8,35.54,875,1194707,33615.84,1365.38,93.6,1224,1505,0.016752,0.026241,0.071,Video_Streaming
FLW-0004141,VPN-SES-00762,0x7db06ad8,87.94,3282,837500,9523.54,255.18,119.96,75,435,1.113621,1.142266,0.489,WhatsApp
FLW-0004142,VPN-SES-00763,0xe91ade99,272.69,3553,4829308,17709.88,1359.22,112.88,1189,1514,0.010499,0.022982,0.05,Video_Streaming
FLW-0004143,VPN-SES-00763,0xe91ade99,10.82,296,204447,18895.29,690.7,375.27,127,1253,0.397178,0.527855,0.275,Web_Browsing
FLW-0004144,VPN-SES-00763,0xe91ade99,15.11,92,66945,4430.51,727.67,359.6,188,1267,0.387068,0.5278,0.271,Web_Browsing
FLW-0004145,VPN-SES-00763,0xe91ade99,7.92,308,33310,4205.81,108.15,1.5,105,110,1.001097,0.009361,0.478,ICMP
FLW-0004146,VPN-SES-00763,0xe91ade99,20.36,264,29010,1424.85,109.89,13.3,89,129,1.001552,0.012039,0.538,ICMP
FLW-0004147,VPN-SES-00764,0xda0e0bc2,18.44,688,488789,26507.0,710.45,381.13,138,1282,0.422985,0.601454,0.313,Web_Browsing
FLW-0004148,VPN-SES-00764,0xda0e0bc2,26.79,476,408279,15239.98,857.73,327.02,367,1348,0.566827,0.461262,0.592,Email_IMAP
FLW-0004149,VPN-SES-00764,0xda0e0bc2,14.38,42,35269,2452.64,839.74,326.28,350,1329,0.71133,0.470575,0.615,Email_IMAP
FLW-0004150,VPN-SES-00765,0x36c68746,46.48,1244,876771,18863.4,704.8,370.71,148,1260,0.377304,0.488316,0.312,Web_Browsing
FLW-0004151,VPN-SES-00765,0x36c68746,36.39,1184,1033300,28395.16,872.72,306.81,412,1332,0.603207,0.417593,0.544,Email_IMAP
FLW-0004152,VPN-SES-00765,0x36c68746,64.96,2445,603401,9288.81,246.79,128.03,64,438,1.381331,1.248046,0.483,WhatsApp
FLW-0004153,VPN-SES-00765,0x36c68746,53.69,1322,1817525,33852.21,1374.83,114.58,1202,1514,0.015971,0.025741,0.081,Video_Streaming
FLW-0004154,VPN-SES-00765,0x36c68746,16.47,465,44756,2717.43,96.25,3.35,91,101,1.00017,0.009247,0.483,ICMP
FLW-0004155,VPN-SES-00765,0x36c68746,14.21,75,55239,3887.33,736.53,396.06,142,1330,0.569415,0.433837,0.237,Web_Browsing
FLW-0004156,VPN-SES-00766,0x4b1f38f0,11.65,153,129393,11106.7,845.71,321.08,364,1327,0.460411,0.423504,0.662,Email_IMAP
FLW-0004157,VPN-SES-00766,0x4b1f38f0,177.16,556,139995,790.22,251.79,125.93,64,440,1.328496,1.162397,0.508,WhatsApp
FLW-0004158,VPN-SES-00766,0x4b1f38f0,16.51,34,3114,188.61,91.6,2.13,88,94,0.999151,0.008669,0.493,ICMP
FLW-0004159,VPN-SES-00766,0x4b1f38f0,29.47,763,180411,6121.85,236.45,119.91,64,416,1.506603,1.153165,0.501,WhatsApp
FLW-0004160,VPN-SES-00766,0x4b1f38f0,90.93,3260,4468742,49144.86,1370.78,94.13,1229,1511,0.013752,0.02334,0.033,Video_Streaming
FLW-0004161,VPN-SES-00767,0x9cfcb112,27.49,1055,891390,32425.97,844.92,317.8,368,1321,0.75647,0.427255,0.587,Email_IMAP
FLW-0004162,VPN-SES-00767,0x9cfcb112,4.09,101,10687,2612.96,105.82,5.38,97,113,0.996821,0.010662,0.564,ICMP
FLW-0004163,VPN-SES-00767,0x9cfcb112,7.87,69,57186,7266.33,828.79,310.11,363,1293,0.457724,0.446611,0.65,Email_IMAP
FLW-0004164,VPN-SES-00768,0xd5d66362,38.47,1490,359492,9344.74,241.27,141.14,64,452,1.537041,1.287236,0.515,WhatsApp
FLW-0004165,VPN-SES-00768,0xd5d66362,55.08,292,33626,610.49,115.16,18.53,87,142,0.019479,0.003908,0.502,VoIP
FLW-0004166,VPN-SES-00768,0xd5d66362,5.06,96,9310,1839.92,96.98,14.74,74,119,0.999505,0.009068,0.474,ICMP
FLW-0004167,VPN-SES-00768,0xd5d66362,159.26,6047,8392389,52696.15,1387.86,98.77,1239,1514,0.011246,0.028319,0.069,Video_Streaming
FLW-0004168,VPN-SES-00768,0xd5d66362,39.18,215,184706,4714.29,859.1,319.71,379,1338,0.580504,0.411429,0.614,Email_IMAP
FLW-0004169,VPN-SES-00768,0xd5d66362,44.14,1334,1151588,26089.44,863.26,327.59,371,1354,0.656248,0.510875,0.668,Email_IMAP
FLW-0004170,VPN-SES-00768,0xd5d66362,167.3,5100,7086654,42358.96,1389.54,119.8,1209,1514,0.008285,0.022127,0.076,Video_Streaming
FLW-0004171,VPN-SES-00768,0xd5d66362,162.87,4495,1006475,6179.62,223.91,127.68,64,415,1.527247,1.255471,0.472,WhatsApp
FLW-0004172,VPN-SES-00769,0x56af357c,20.67,605,67881,3284.03,112.2,20.56,81,143,0.019356,0.003931,0.5,VoIP
FLW-0004173,VPN-SES-00769,0x56af357c,196.06,4788,6605812,33692.81,1379.66,110.71,1213,1514,0.008871,0.023183,0.038,Video_Streaming
FLW-0004174,VPN-SES-00769,0x56af357c,198.82,7267,9887189,49729.35,1360.56,112.73,1191,1514,0.015355,0.026991,0.052,Video_Streaming
FLW-0004175,VPN-SES-00769,0x56af357c,66.52,769,1053737,15840.9,1370.27,115.95,1196,1514,0.014396,0.025544,0.112,Video_Streaming
FLW-0004176,VPN-SES-00770,0x1f25152b,175.57,3299,790704,4503.64,239.68,127.94,64,431,1.33403,0.928303,0.5,WhatsApp
FLW-0004177,VPN-SES-00770,0x1f25152b,28.7,458,393298,13703.76,858.73,324.08,372,1344,0.774327,0.432416,0.55,Email_IMAP
FLW-0004178,VPN-SES-00770,0x1f25152b,4.21,40,4150,985.75,103.77,5.33,95,111,0.998901,0.010397,0.524,ICMP
FLW-0004179,VPN-SES-00771,0xcc58196e,13.22,209,18107,1369.67,86.64,1.59,84,89,1.002215,0.009278,0.502,ICMP
FLW-0004180,VPN-SES-00771,0xcc58196e,217.77,2126,2866932,13164.95,1348.51,98.15,1201,1495,0.012591,0.02807,0.019,Video_Streaming
FLW-0004181,VPN-SES-00771,0xcc58196e,130.69,1849,2553265,19536.8,1380.89,106.99,1220,1514,0.015574,0.021955,0.073,Video_Streaming
FLW-0004182,VPN-SES-00771,0xcc58196e,109.34,1288,144462,1321.22,112.16,19.78,82,141,0.020041,0.003899,0.514,VoIP
FLW-0004183,VPN-SES-00772,0x90dac46f,87.68,1632,392528,4476.82,240.52,128.94,64,433,1.341191,1.108536,0.487,WhatsApp
FLW-0004184,VPN-SES-00772,0x90dac46f,163.53,1113,253908,1552.67,228.13,127.2,64,418,1.225894,1.095617,0.462,WhatsApp
FLW-0004185,VPN-SES-00772,0x90dac46f,26.03,187,162549,6244.68,869.25,325.38,381,1357,0.587714,0.449896,0.639,Email_IMAP
FLW-0004186,VPN-SES-00772,0x90dac46f,86.8,2842,335071,3860.26,117.9,12.17,99,136,0.019345,0.004342,0.527,VoIP
FLW-0004187,VPN-SES-00773,0x39723882,187.15,4723,6505932,34763.2,1377.5,116.13,1203,1514,0.001,0.028319,0.055,Video_Streaming
FLW-0004188,VPN-SES-00773,0x39723882,62.22,243,335753,5396.22,1381.7,107.44,1220,1514,0.017234,0.022348,0.104,Video_Streaming
FLW-0004189,VPN-SES-00773,0x39723882,18.64,591,428333,22979.24,724.76,384.98,147,1302,0.42531,0.434589,0.308,Web_Browsing
FLW-0004190,VPN-SES-00774,0xe238b804,53.52,1248,154427,2885.41,123.74,28.89,80,167,0.019884,0.003832,0.542,VoIP
FLW-0004191,VPN-SES-00774,0xe238b804,58.29,1826,1356608,23273.43,742.94,380.07,172,1313,0.393543,0.540527,0.272,Web_Browsing
FLW-0004192,VPN-SES-00774,0xe238b804,88.29,3260,805839,9127.18,247.19,127.93,64,439,1.658062,1.023056,0.494,WhatsApp
FLW-0004193,VPN-SES-00774,0xe238b804,55.23,1723,196663,3560.8,114.14,15.75,90,137,0.019753,0.004295,0.528,VoIP
FLW-0004194,VPN-SES-00774,0xe238b804,52.71,1153,1598853,30333.01,1386.69,109.14,1222,1514,0.012526,0.027244,0.088,Video_Streaming
FLW-0004195,VPN-SES-00774,0xe238b804,71.55,390,81010,1132.22,207.72,127.82,64,399,1.362997,1.173618,0.478,WhatsApp
FLW-0004196,VPN-SES-00774,0xe238b804,36.97,594,432806,11706.95,728.63,371.37,171,1285,0.469504,0.54501,0.236,Web_Browsing
FLW-0004197,VPN-SES-00775,0x5cedc55b,68.44,1374,371199,5423.71,270.16,139.53,64,479,1.400223,1.008875,0.475,WhatsApp
FLW-0004198,VPN-SES-00775,0x5cedc55b,16.69,204,20198,1210.19,99.01,7.53,87,110,1.002251,0.009524,0.517,ICMP
FLW-0004199,VPN-SES-00775,0x5cedc55b,42.26,429,96306,2278.89,224.49,126.69,64,414,1.462158,1.176039,0.457,WhatsApp
FLW-0004200,VPN-SES-00775,0x5cedc55b,32.9,305,71586,2175.87,234.71,141.68,64,447,1.591715,1.12293,0.413,WhatsApp
FLW-0004201,VPN-SES-00775,0x5cedc55b,46.03,392,58850,1278.51,150.13,17.84,123,176,0.019812,0.003791,0.511,VoIP
FLW-0004202,VPN-SES-00775,0x5cedc55b,16.9,453,328261,19423.73,724.64,387.61,143,1306,0.380545,0.484375,0.341,Web_Browsing
FLW-0004203,VPN-SES-00775,0x5cedc55b,6.89,188,18931,2747.61,100.7,2.62,96,104,0.998588,0.010506,0.531,ICMP
FLW-0004204,VPN-SES-00776,0xb7905401,42.97,1350,1175175,27348.73,870.5,317.93,393,1347,0.674385,0.525225,0.652,Email_IMAP
FLW-0004205,VPN-SES-00776,0xb7905401,92.69,1854,205033,2212.03,110.59,1.5,108,112,0.020178,0.004319,0.467,VoIP
FLW-0004206,VPN-SES-00776,0xb7905401,202.66,6338,8745742,43154.75,1379.89,107.89,1218,1514,0.012391,0.023638,0.099,Video_Streaming
FLW-0004207,VPN-SES-00776,0xb7905401,54.91,455,328409,5980.86,721.78,372.97,162,1281,0.51881,0.436791,0.319,Web_Browsing
FLW-0004208,VPN-SES-00776,0xb7905401,16.62,422,46373,2790.19,109.89,15.12,87,132,0.999763,0.009504,0.503,ICMP
FLW-0004209,VPN-SES-00776,0xb7905401,17.13,607,436426,25477.29,718.99,374.78,156,1281,0.408478,0.481681,0.245,Web_Browsing
FLW-0004210,VPN-SES-00777,0x66bdebf5,53.29,589,75474,1416.29,128.14,17.58,101,154,0.019815,0.003556,0.465,VoIP
FLW-0004211,VPN-SES-00777,0x66bdebf5,96.29,1020,1431294,14864.41,1403.23,104.98,1245,1514,0.014289,0.025407,0.01,Video_Streaming
FLW-0004212,VPN-SES-00777,0x66bdebf5,99.94,1185,167689,1677.9,141.51,23.47,106,176,0.019539,0.003989,0.466,VoIP
FLW-0004213,VPN-SES-00777,0x66bdebf5,23.26,900,127719,5490.93,141.91,10.74,125,158,0.019686,0.003708,0.502,VoIP
FLW-0004214,VPN-SES-00777,0x66bdebf5,51.66,1186,873417,16907.03,736.44,394.31,144,1327,0.420075,0.518913,0.282,Web_Browsing
FLW-0004215,VPN-SES-00777,0x66bdebf5,78.96,1688,385235,4878.86,228.22,149.38,64,452,1.624855,1.120803,0.527,WhatsApp
FLW-0004216,VPN-SES-00777,0x66bdebf5,9.61,258,28380,2953.17,110.0,4.65,103,116,1.000489,0.011512,0.472,ICMP
FLW-0004217,VPN-SES-00777,0x66bdebf5,12.2,377,41470,3399.18,110.0,2.2,106,113,1.002287,0.009995,0.51,ICMP
FLW-0004218,VPN-SES-00778,0xa04fa87a,127.33,2219,3061310,24042.33,1379.59,105.75,1220,1514,0.010987,0.028448,0.01,Video_Streaming
FLW-0004219,VPN-SES-00778,0xa04fa87a,73.02,2080,468270,6412.9,225.13,124.2,64,411,1.222073,1.266098,0.518,WhatsApp
FLW-0004220,VPN-SES-00778,0xa04fa87a,26.62,1006,731462,27477.91,727.1,374.9,164,1289,0.550129,0.420594,0.344,Web_Browsing
FLW-0004221,VPN-SES-00778,0xa04fa87a,16.49,546,49019,2972.65,89.78,1.9,86,92,0.999356,0.008927,0.558,ICMP
FLW-0004222,VPN-SES-00778,0xa04fa87a,173.59,867,216290,1245.98,249.47,139.72,64,459,1.198095,1.119903,0.496,WhatsApp
FLW-0004223,VPN-SES-00779,0x7e4ffcf3,7.59,189,163154,21495.92,863.25,310.72,397,1329,0.722596,0.45547,0.591,Email_IMAP
FLW-0004224,VPN-SES-00779,0x7e4ffcf3,235.31,2806,3809818,16190.63,1357.74,114.85,1185,1514,0.021189,0.022462,0.065,Video_Streaming
FLW-0004225,VPN-SES-00779,0x7e4ffcf3,48.26,856,627730,13007.25,733.33,369.84,178,1288,0.414003,0.456992,0.31,Web_Browsing
FLW-0004226,VPN-SES-00779,0x7e4ffcf3,19.63,348,304816,15528.07,875.91,321.27,394,1357,0.593183,0.430074,0.601,Email_IMAP
FLW-0004227,VPN-SES-00779,0x7e4ffcf3,40.89,571,130342,3187.63,228.27,129.18,64,422,1.494846,1.153928,0.48,WhatsApp
FLW-0004228,VPN-SES-00780,0x1377c428,24.03,714,70457,2932.04,98.68,3.35,93,103,0.998054,0.01016,0.482,ICMP
FLW-0004229,VPN-SES-00780,0x1377c428,27.92,562,474232,16985.39,843.83,322.97,359,1328,0.608708,0.460249,0.645,Email_IMAP
FLW-0004230,VPN-SES-00780,0x1377c428,284.06,2474,3385916,11919.72,1368.6,110.74,1202,1514,0.005211,0.028831,0.019,Video_Streaming
FLW-0004231,VPN-SES-00781,0x5d0e2acd,115.91,379,43137,372.16,113.82,28.71,70,156,0.019859,0.003521,0.521,VoIP
FLW-0004232,VPN-SES-00781,0x5d0e2acd,71.09,641,82233,1156.74,128.29,12.93,108,147,0.019685,0.003826,0.494,VoIP
FLW-0004233,VPN-SES-00781,0x5d0e2acd,169.82,3257,707680,4167.24,217.28,128.55,64,410,1.694346,1.001443,0.462,WhatsApp
FLW-0004234,VPN-SES-00781,0x5d0e2acd,68.36,628,857722,12547.13,1365.8,114.9,1193,1514,0.016512,0.027951,0.023,Video_Streaming
FLW-0004235,VPN-SES-00782,0x24539cdb,22.82,488,50752,2224.01,104.0,15.47,80,127,1.000764,0.010478,0.486,ICMP
FLW-0004236,VPN-SES-00782,0x24539cdb,36.7,604,521034,14197.11,862.64,329.89,367,1357,0.672154,0.393828,0.606,Email_IMAP
FLW-0004237,VPN-SES-00782,0x24539cdb,51.43,1434,1053287,20480.01,734.51,382.6,160,1308,0.45893,0.472299,0.316,Web_Browsing
FLW-0004238,VPN-SES-00782,0x24539cdb,14.46,143,15730,1087.83,110.0,14.11,88,131,1.002164,0.009641,0.485,ICMP
FLW-0004239,VPN-SES-00782,0x24539cdb,42.98,420,100010,2326.9,238.12,130.31,64,433,1.636118,1.228248,0.496,WhatsApp
FLW-0004240,VPN-SES-00783,0xeea43dfd,32.45,944,210351,6482.31,222.83,116.5,64,397,1.439676,1.196829,0.478,WhatsApp
FLW-0004241,VPN-SES-00783,0xeea43dfd,125.93,3582,941994,7480.3,262.98,121.34,80,444,1.200622,1.026929,0.459,WhatsApp
FLW-0004242,VPN-SES-00783,0xeea43dfd,82.64,178,246764,2986.01,1386.32,106.63,1226,1514,0.006196,0.027229,0.01,Video_Streaming
FLW-0004243,VPN-SES-00783,0xeea43dfd,44.26,214,22930,518.08,107.15,5.02,99,114,0.020124,0.004074,0.557,VoIP
FLW-0004244,VPN-SES-00783,0xeea43dfd,21.38,823,89682,4194.67,108.97,15.53,85,132,1.000433,0.009023,0.504,ICMP
FLW-0004245,VPN-SES-00783,0xeea43dfd,18.71,193,20286,1084.23,105.11,9.63,90,119,0.999291,0.010489,0.472,ICMP
FLW-0004246,VPN-SES-00784,0xe04cc4db,160.64,5911,8083174,50318.56,1367.48,101.07,1215,1514,0.012092,0.022055,0.047,Video_Streaming
FLW-0004247,VPN-SES-00784,0xe04cc4db,226.96,1529,2126579,9369.84,1390.83,101.77,1238,1514,0.010109,0.025179,0.067,Video_Streaming
FLW-0004248,VPN-SES-00784,0xe04cc4db,15.25,504,359861,23597.44,714.01,386.29,134,1293,0.494284,0.556993,0.278,Web_Browsing
FLW-0004249,VPN-SES-00785,0xb99e0f9b,37.05,251,214316,5784.51,853.85,314.54,382,1325,0.670724,0.433028,0.603,Email_IMAP
FLW-0004250,VPN-SES-00785,0xb99e0f9b,178.89,644,151095,844.63,234.62,124.53,64,421,1.432838,0.944616,0.489,WhatsApp
FLW-0004251,VPN-SES-00785,0xb99e0f9b,62.84,1673,2322324,36956.14,1388.12,105.35,1230,1514,0.019208,0.025044,0.013,Video_Streaming
FLW-0004252,VPN-SES-00785,0xb99e0f9b,18.18,193,165329,9094.0,856.63,320.5,375,1337,0.680305,0.438416,0.59,Email_IMAP
FLW-0004253,VPN-SES-00785,0xb99e0f9b,35.8,431,364996,10195.42,846.86,314.77,374,1319,0.61235,0.398926,0.598,Email_IMAP
FLW-0004254,VPN-SES-00785,0xb99e0f9b,4.56,174,18428,4041.23,105.91,17.19,80,131,1.001133,0.011306,0.529,ICMP
FLW-0004255,VPN-SES-00786,0x3fbd9d23,275.58,2981,4143590,15035.89,1390.0,107.3,1229,1514,0.012528,0.023948,0.053,Video_Streaming
FLW-0004256,VPN-SES-00786,0x3fbd9d23,70.71,1954,2698122,38157.57,1380.82,115.71,1207,1514,0.013587,0.024595,0.062,Video_Streaming
FLW-0004257,VPN-SES-00786,0x3fbd9d23,218.81,3551,4918845,22479.98,1385.2,115.34,1212,1514,0.006304,0.022307,0.093,Video_Streaming
FLW-0004258,VPN-SES-00786,0x3fbd9d23,28.74,413,354878,12347.88,859.27,316.61,384,1334,0.632214,0.438133,0.637,Email_IMAP
FLW-0004259,VPN-SES-00786,0x3fbd9d23,45.17,1060,113102,2503.92,106.7,18.2,79,134,0.020148,0.004159,0.507,VoIP
FLW-0004260,VPN-SES-00786,0x3fbd9d23,18.56,264,27506,1482.0,104.19,1.5,101,106,0.998587,0.012457,0.491,ICMP
FLW-0004261,VPN-SES-00786,0x3fbd9d23,17.4,266,190932,10973.1,717.79,385.42,139,1295,0.569707,0.472774,0.25,Web_Browsing
FLW-0004262,VPN-SES-00786,0x3fbd9d23,82.56,2242,504651,6112.54,225.09,142.74,64,439,1.228712,1.096969,0.451,WhatsApp
FLW-0004263,VPN-SES-00787,0x699a20f1,254.04,3783,5154791,20291.26,1362.62,107.66,1201,1514,0.008483,0.023271,0.12,Video_Streaming
FLW-0004264,VPN-SES-00787,0x699a20f1,16.56,47,11519,695.59,245.1,137.45,64,451,1.536069,1.088905,0.467,WhatsApp
FLW-0004265,VPN-SES-00787,0x699a20f1,31.2,873,212130,6799.04,242.99,131.35,64,440,1.306147,1.114283,0.459,WhatsApp
FLW-0004266,VPN-SES-00787,0x699a20f1,52.19,1835,216419,4146.75,117.94,15.32,94,140,0.019239,0.00306,0.472,VoIP
FLW-0004267,VPN-SES-00787,0x699a20f1,13.11,518,456694,34835.55,881.65,317.52,405,1357,0.702378,0.3544,0.59,Email_IMAP
FLW-0004268,VPN-SES-00787,0x699a20f1,31.79,437,368718,11598.55,843.75,318.38,366,1321,0.813482,0.470711,0.671,Email_IMAP
FLW-0004269,VPN-SES-00787,0x699a20f1,5.88,230,21838,3713.95,94.95,14.92,72,117,1.00311,0.009891,0.484,ICMP
FLW-0004270,VPN-SES-00788,0x8e34edc3,29.34,595,418993,14280.61,704.19,377.53,137,1270,0.456142,0.601548,0.241,Web_Browsing
FLW-0004271,VPN-SES-00788,0x8e34edc3,69.19,1025,1415238,20454.37,1380.72,95.49,1237,1514,0.0104,0.025778,0.075,Video_Streaming
FLW-0004272,VPN-SES-00788,0x8e34edc3,24.63,194,20383,827.57,105.07,7.18,94,115,1.000871,0.010046,0.469,ICMP
FLW-0004273,VPN-SES-00788,0x8e34edc3,278.3,8884,12062517,43343.58,1357.78,105.63,1199,1514,0.011495,0.028135,0.057,Video_Streaming
FLW-0004274,VPN-SES-00789,0x1452ba51,21.13,743,71060,3362.99,95.64,7.08,85,106,0.999595,0.010811,0.559,ICMP
FLW-0004275,VPN-SES-00789,0x1452ba51,22.06,226,24860,1126.93,110.0,4.78,102,117,1.000505,0.011579,0.496,ICMP
FLW-0004276,VPN-SES-00789,0x1452ba51,24.13,462,49041,2032.37,106.15,1.5,103,108,0.999534,0.011156,0.478,ICMP
FLW-0004277,VPN-SES-00789,0x1452ba51,54.59,1491,176623,3235.45,118.46,5.41,110,126,0.021203,0.004505,0.506,VoIP
FLW-0004278,VPN-SES-00790,0x4608428a,6.41,26,2706,422.15,104.09,7.17,93,114,1.002076,0.009481,0.522,ICMP
FLW-0004279,VPN-SES-00790,0x4608428a,26.83,865,633984,23629.67,732.93,389.72,148,1317,0.280547,0.470036,0.249,Web_Browsing
FLW-0004280,VPN-SES-00790,0x4608428a,56.88,1080,261144,4591.14,241.8,113.87,70,412,1.062472,1.33871,0.499,WhatsApp
FLW-0004281,VPN-SES-00791,0x119db91e,38.07,865,105054,2759.5,121.45,20.91,90,152,0.020088,0.004399,0.481,VoIP
FLW-0004282,VPN-SES-00791,0x119db91e,138.35,745,1029768,7443.21,1382.24,111.82,1214,1514,0.008074,0.028192,0.047,Video_Streaming
FLW-0004283,VPN-SES-00791,0x119db91e,36.17,1431,1248132,34507.38,872.21,320.92,390,1353,0.760267,0.403138,0.587,Email_IMAP
FLW-0004284,VPN-SES-00791,0x119db91e,48.97,1793,410830,8389.42,229.13,131.07,64,425,1.654342,1.27524,0.411,WhatsApp
FLW-0004285,VPN-SES-00791,0x119db91e,13.94,401,40501,2905.38,101.0,1.5,98,103,1.001193,0.011118,0.499,ICMP
FLW-0004286,VPN-SES-00791,0x119db91e,20.75,789,190156,9164.14,241.01,130.59,64,436,1.270567,1.147488,0.473,WhatsApp
FLW-0004287,VPN-SES-00791,0x119db91e,48.49,188,137458,2834.77,731.16,379.09,162,1299,0.385423,0.423207,0.224,Web_Browsing
FLW-0004288,VPN-SES-00791,0x119db91e,22.51,627,461315,20493.78,735.75,376.34,171,1300,0.475393,0.589161,0.263,Web_Browsing
FLW-0004289,VPN-SES-00792,0x229ddfde,28.55,91,64834,2270.89,712.47,378.94,144,1280,0.452207,0.594378,0.327,Web_Browsing
FLW-0004290,VPN-SES-00792,0x229ddfde,42.27,271,235078,5561.34,867.45,331.6,370,1364,0.63797,0.463462,0.611,Email_IMAP
FLW-0004291,VPN-SES-00792,0x229ddfde,33.56,1280,1080985,32210.52,844.52,329.63,350,1338,0.68589,0.450813,0.62,Email_IMAP
FLW-0004292,VPN-SES-00792,0x229ddfde,189.55,4072,5545778,29257.6,1361.93,102.18,1208,1514,0.013261,0.023677,0.053,Video_Streaming
FLW-0004293,VPN-SES-00792,0x229ddfde,24.36,872,748821,30739.78,858.74,314.54,386,1330,0.584666,0.377444,0.616,Email_IMAP
FLW-0004294,VPN-SES-00793,0x3f532a9f,29.28,241,30708,1048.77,127.42,4.85,120,134,0.019986,0.004112,0.47,VoIP
FLW-0004295,VPN-SES-00793,0x3f532a9f,113.02,1879,2625094,23226.81,1397.07,106.91,1236,1514,0.01162,0.024597,0.01,Video_Streaming
FLW-0004296,VPN-SES-00793,0x3f532a9f,13.99,467,407275,29111.87,872.11,312.36,403,1340,0.634035,0.476895,0.664,Email_IMAP
FLW-0004297,VPN-SES-00793,0x3f532a9f,20.54,585,495518,24124.54,847.04,316.43,372,1321,0.743313,0.470867,0.64,Email_IMAP
FLW-0004298,VPN-SES-00793,0x3f532a9f,30.54,892,755871,24750.2,847.39,316.97,371,1322,0.638671,0.411395,0.57,Email_IMAP
FLW-0004299,VPN-SES-00793,0x3f532a9f,74.47,2291,260876,3503.1,113.87,28.83,70,157,0.020036,0.00455,0.505,VoIP
FLW-0004300,VPN-SES-00794,0x897d3028,20.06,511,45387,2262.56,88.82,14.22,67,110,1.000318,0.010962,0.468,ICMP
FLW-0004301,VPN-SES-00794,0x897d3028,43.25,1172,858454,19848.65,732.47,388.55,149,1315,0.471733,0.459654,0.279,Web_Browsing
FLW-0004302,VPN-SES-00794,0x897d3028,29.49,1173,1017389,34499.46,867.34,321.88,384,1350,0.690573,0.495551,0.601,Email_IMAP
FLW-0004303,VPN-SES-00794,0x897d3028,69.91,2749,621658,8892.26,226.14,129.7,64,420,1.345592,1.186443,0.448,WhatsApp
FLW-0004304,VPN-SES-00794,0x897d3028,283.99,9933,13829119,48695.8,1392.24,120.83,1210,1514,0.012001,0.025152,0.037,Video_Streaming
FLW-0004305,VPN-SES-00794,0x897d3028,18.55,244,22323,1203.4,91.49,1.5,89,93,1.002164,0.009928,0.46,ICMP
FLW-0004306,VPN-SES-00795,0x2d8385f3,63.67,314,434280,6820.79,1383.06,116.61,1208,1514,0.011905,0.028673,0.083,Video_Streaming
FLW-0004307,VPN-SES-00795,0x2d8385f3,62.68,408,557903,8900.81,1367.41,105.59,1209,1514,0.012848,0.020835,0.07,Video_Streaming
FLW-0004308,VPN-SES-00795,0x2d8385f3,51.32,1688,1179675,22986.65,698.86,388.19,116,1281,0.518046,0.525239,0.26,Web_Browsing
FLW-0004309,VPN-SES-00795,0x2d8385f3,31.75,837,604347,19034.55,722.04,375.89,158,1285,0.372689,0.483063,0.301,Web_Browsing
FLW-0004310,VPN-SES-00796,0x55b4a13e,77.26,1420,341552,4420.81,240.53,141.61,64,452,1.526354,1.172456,0.432,WhatsApp
FLW-0004311,VPN-SES-00796,0x55b4a13e,31.28,953,816320,26097.19,856.58,311.49,389,1323,0.637647,0.418803,0.609,Email_IMAP
FLW-0004312,VPN-SES-00796,0x55b4a13e,78.16,2500,631825,8083.74,252.73,133.8,64,453,1.566174,0.923925,0.482,WhatsApp
FLW-0004313,VPN-SES-00796,0x55b4a13e,110.82,2756,693409,6257.07,251.6,142.05,64,464,1.144565,1.061337,0.511,WhatsApp
FLW-0004314,VPN-SES-00796,0x55b4a13e,59.08,942,110863,1876.49,117.69,10.72,101,133,0.01907,0.003621,0.449,VoIP
FLW-0004315,VPN-SES-00796,0x55b4a13e,161.39,3816,918511,5691.25,240.7,137.17,64,446,1.191939,1.12835,0.505,WhatsApp
FLW-0004316,VPN-SES-00796,0x55b4a13e,24.8,312,30566,1232.5,97.97,1.5,95,100,1.000579,0.009945,0.495,ICMP
FLW-0004317,VPN-SES-00797,0xeb9f658f,114.8,4033,941463,8200.9,233.44,130.69,64,429,1.48412,1.362971,0.483,WhatsApp
FLW-0004318,VPN-SES-00797,0xeb9f658f,23.44,696,179658,7664.59,258.13,132.86,64,457,1.383578,1.11634,0.443,WhatsApp
FLW-0004319,VPN-SES-00797,0xeb9f658f,30.65,342,295375,9637.03,863.67,304.06,407,1319,0.59177,0.454943,0.656,Email_IMAP
FLW-0004320,VPN-SES-00797,0xeb9f658f,32.53,521,457005,14048.72,877.17,318.11,400,1354,0.660511,0.494296,0.58,Email_IMAP
FLW-0004321,VPN-SES-00797,0xeb9f658f,16.32,411,297917,18254.72,724.86,373.38,164,1284,0.437113,0.477049,0.293,Web_Browsing
FLW-0004322,VPN-SES-00797,0xeb9f658f,23.1,54,46796,2025.8,866.6,327.13,375,1357,0.673503,0.457724,0.676,Email_IMAP
FLW-0004323,VPN-SES-00797,0xeb9f658f,129.36,1160,1579583,12210.75,1361.71,123.56,1176,1514,0.010913,0.026427,0.05,Video_Streaming
FLW-0004324,VPN-SES-00798,0x3958d9ab,38.46,762,648896,16871.97,851.57,323.88,365,1337,0.720344,0.471285,0.604,Email_IMAP
FLW-0004325,VPN-SES-00798,0x3958d9ab,20.13,328,296295,14719.08,903.34,329.59,408,1397,0.713001,0.434117,0.601,Email_IMAP
FLW-0004326,VPN-SES-00798,0x3958d9ab,121.77,2274,538119,4419.14,236.64,138.65,64,444,1.23655,0.982498,0.496,WhatsApp
FLW-0004327,VPN-SES-00798,0x3958d9ab,58.48,1188,859910,14704.34,723.83,373.84,163,1284,0.36816,0.571895,0.291,Web_Browsing
FLW-0004328,VPN-SES-00798,0x3958d9ab,45.99,720,506620,11015.87,703.64,369.65,149,1258,0.422887,0.536642,0.298,Web_Browsing
FLW-0004329,VPN-SES-00798,0x3958d9ab,9.41,55,6050,642.93,110.0,1.5,107,112,1.000336,0.011426,0.54,ICMP
FLW-0004330,VPN-SES-00798,0x3958d9ab,38.66,887,642462,16618.26,724.31,398.78,126,1322,0.495696,0.552137,0.281,Web_Browsing
FLW-0004331,VPN-SES-00799,0xa1c33f13,53.24,646,459066,8622.58,710.63,373.0,151,1270,0.463621,0.489425,0.227,Web_Browsing
FLW-0004332,VPN-SES-00799,0xa1c33f13,70.21,2439,262655,3740.99,107.69,15.45,84,130,0.020436,0.003994,0.498,VoIP
FLW-0004333,VPN-SES-00799,0xa1c33f13,69.45,333,455597,6560.07,1368.16,110.19,1202,1514,0.016947,0.025389,0.015,Video_Streaming
FLW-0004334,VPN-SES-00799,0xa1c33f13,17.46,464,392070,22455.33,844.98,324.71,357,1332,0.634859,0.446644,0.602,Email_IMAP
FLW-0004335,VPN-SES-00799,0xa1c33f13,193.47,4293,5950269,30755.51,1386.04,107.59,1224,1514,0.0113,0.022872,0.088,Video_Streaming
FLW-0004336,VPN-SES-00799,0xa1c33f13,23.64,636,60642,2565.23,95.35,8.86,82,108,0.99821,0.011734,0.538,ICMP
FLW-0004337,VPN-SES-00799,0xa1c33f13,21.17,699,58716,2773.55,84.0,1.5,81,86,1.000716,0.00868,0.496,ICMP
FLW-0004338,VPN-SES-00800,0xd541ea01,87.58,646,80827,922.89,125.12,16.52,100,149,0.020323,0.003723,0.433,VoIP
FLW-0004339,VPN-SES-00800,0xd541ea01,139.49,4201,1057769,7583.12,251.79,137.81,64,458,1.8131,0.857209,0.503,WhatsApp
FLW-0004340,VPN-SES-00800,0xd541ea01,21.57,574,399722,18531.39,696.38,394.05,105,1287,0.48659,0.452404,0.303,Web_Browsing
FLW-0004341,VPN-SES-00800,0xd541ea01,15.6,453,323152,20714.87,713.36,382.4,139,1286,0.465447,0.587208,0.334,Web_Browsing
FLW-0004342,VPN-SES-00801,0x6edbf93e,25.98,116,82688,3182.76,712.83,388.46,130,1295,0.476613,0.429366,0.259,Web_Browsing
FLW-0004343,VPN-SES-00801,0x6edbf93e,225.35,4110,5787003,25680.07,1408.03,112.86,1238,1514,0.015749,0.02447,0.044,Video_Streaming
FLW-0004344,VPN-SES-00801,0x6edbf93e,6.24,19,16346,2619.55,860.33,317.87,383,1337,0.549205,0.40485,0.641,Email_IMAP
FLW-0004345,VPN-SES-00801,0x6edbf93e,272.25,6372,8764239,32191.88,1375.43,110.21,1210,1514,0.012881,0.025783,0.094,Video_Streaming
FLW-0004346,VPN-SES-00801,0x6edbf93e,29.32,293,31298,1067.46,106.82,22.56,72,140,0.020453,0.004394,0.458,VoIP
FLW-0004347,VPN-SES-00801,0x6edbf93e,228.14,8016,11086608,48595.63,1383.06,123.73,1197,1514,0.011628,0.026209,0.083,Video_Streaming
FLW-0004348,VPN-SES-00802,0x65545bb9,175.04,996,226779,1295.58,227.69,144.67,64,444,1.482418,1.157145,0.43,WhatsApp
FLW-0004349,VPN-SES-00802,0x65545bb9,28.99,197,171297,5908.83,869.53,324.05,383,1355,0.759633,0.435993,0.59,Email_IMAP
FLW-0004350,VPN-SES-00802,0x65545bb9,43.82,1218,866984,19785.12,711.81,375.96,147,1275,0.366087,0.564508,0.32,Web_Browsing
FLW-0004351,VPN-SES-00802,0x65545bb9,15.4,365,261942,17009.22,717.65,376.86,152,1282,0.313839,0.534798,0.33,Web_Browsing
FLW-0004352,VPN-SES-00802,0x65545bb9,75.94,497,115477,1520.63,232.35,129.07,64,425,1.471658,1.289686,0.486,WhatsApp
FLW-0004353,VPN-SES-00802,0x65545bb9,38.4,1186,145107,3778.83,122.35,19.43,93,151,0.019145,0.003421,0.476,VoIP
FLW-0004354,VPN-SES-00802,0x65545bb9,19.21,247,215421,11214.0,872.15,317.32,396,1348,0.614252,0.425377,0.616,Email_IMAP
FLW-0004355,VPN-SES-00803,0x5bef82f1,15.07,446,330231,21913.14,740.43,378.79,172,1308,0.391028,0.501262,0.333,Web_Browsing
FLW-0004356,VPN-SES-00803,0x5bef82f1,207.13,567,779040,3761.12,1373.97,100.55,1223,1514,0.010121,0.025322,0.081,Video_Streaming
FLW-0004357,VPN-SES-00803,0x5bef82f1,17.76,496,363111,20445.44,732.08,371.63,174,1289,0.378687,0.483837,0.301,Web_Browsing
FLW-0004358,VPN-SES-00803,0x5bef82f1,16.17,548,46032,2846.75,84.0,1.5,81,86,0.999111,0.010942,0.516,ICMP
FLW-0004359,VPN-SES-00803,0x5bef82f1,18.56,710,77276,4163.58,108.84,14.71,86,130,0.999542,0.008813,0.465,ICMP
FLW-0004360,VPN-SES-00803,0x5bef82f1,142.84,4710,1026497,7186.34,217.94,126.33,64,407,1.336603,1.186631,0.481,WhatsApp
FLW-0004361,VPN-SES-00804,0xe4c933f2,43.33,399,340793,7865.06,854.12,319.07,375,1332,0.579869,0.496143,0.596,Email_IMAP
FLW-0004362,VPN-SES-00804,0xe4c933f2,5.88,180,15177,2581.12,84.32,10.54,68,100,1.000861,0.008276,0.526,ICMP
FLW-0004363,VPN-SES-00804,0xe4c933f2,84.49,1339,309442,3662.47,231.1,127.01,64,421,1.430858,1.164529,0.493,WhatsApp
FLW-0004364,VPN-SES-00804,0xe4c933f2,63.91,898,107221,1677.69,119.4,14.6,97,141,0.020247,0.003953,0.554,VoIP
FLW-0004365,VPN-SES-00804,0xe4c933f2,46.72,1816,230704,4938.01,127.04,10.61,111,142,0.019713,0.004019,0.539,VoIP
FLW-0004366,VPN-SES-00804,0xe4c933f2,8.21,132,97274,11848.23,736.93,376.83,171,1302,0.379977,0.446925,0.288,Web_Browsing
FLW-0004367,VPN-SES-00805,0x995c186b,45.14,1633,1220912,27047.23,747.65,384.31,171,1324,0.330457,0.4637,0.261,Web_Browsing
FLW-0004368,VPN-SES-00805,0x995c186b,83.72,713,976909,11668.76,1370.14,106.9,1209,1514,0.013385,0.026705,0.093,Video_Streaming
FLW-0004369,VPN-SES-00805,0x995c186b,44.75,1366,1183352,26443.62,866.29,304.37,409,1322,0.578632,0.442886,0.624,Email_IMAP
FLW-0004370,VPN-SES-00805,0x995c186b,32.52,98,136253,4189.82,1390.34,110.35,1224,1514,0.01219,0.025594,0.052,Video_Streaming
FLW-0004371,VPN-SES-00805,0x995c186b,119.15,1121,1548145,12993.24,1381.04,119.01,1202,1514,0.011685,0.024924,0.059,Video_Streaming
FLW-0004372,VPN-SES-00805,0x995c186b,85.19,210,293069,3440.18,1395.57,101.14,1243,1514,0.018659,0.022059,0.04,Video_Streaming
FLW-0004373,VPN-SES-00806,0x4acf0cbf,155.5,1474,366937,2359.72,248.94,138.24,64,456,1.168423,0.979803,0.488,WhatsApp
FLW-0004374,VPN-SES-00806,0x4acf0cbf,113.64,3072,823695,7248.28,268.13,139.97,64,478,1.359064,0.833896,0.482,WhatsApp
FLW-0004375,VPN-SES-00806,0x4acf0cbf,18.7,95,68813,3679.84,724.35,376.94,158,1289,0.386196,0.507958,0.252,Web_Browsing
FLW-0004376,VPN-SES-00807,0x3c6e7aa8,93.45,1073,1504850,16103.26,1402.47,122.13,1219,1514,0.014467,0.025224,0.04,Video_Streaming
FLW-0004377,VPN-SES-00807,0x3c6e7aa8,44.42,1710,1230772,27707.61,719.75,393.11,130,1309,0.515149,0.510185,0.308,Web_Browsing
FLW-0004378,VPN-SES-00807,0x3c6e7aa8,42.6,1191,1651381,38764.81,1386.55,113.17,1216,1514,0.015677,0.026293,0.086,Video_Streaming
FLW-0004379,VPN-SES-00807,0x3c6e7aa8,30.21,93,67140,2222.44,721.94,377.97,154,1288,0.408888,0.466635,0.232,Web_Browsing
FLW-0004380,VPN-SES-00807,0x3c6e7aa8,62.69,792,86375,1377.81,109.06,10.47,93,124,0.019696,0.004625,0.495,VoIP
FLW-0004381,VPN-SES-00807,0x3c6e7aa8,208.72,1501,2075732,9945.06,1382.9,112.19,1214,1514,0.017953,0.023561,0.053,Video_Streaming
FLW-0004382,VPN-SES-00808,0x5aecb057,20.3,144,13929,686.16,96.73,13.09,77,116,1.002016,0.010475,0.537,ICMP
FLW-0004383,VPN-SES-00808,0x5aecb057,119.17,4294,1039706,8724.56,242.13,128.62,64,435,1.594489,1.153638,0.458,WhatsApp
FLW-0004384,VPN-SES-00808,0x5aecb057,50.37,947,693175,13761.66,731.97,378.33,164,1299,0.425188,0.54465,0.277,Web_Browsing
FLW-0004385,VPN-SES-00808,0x5aecb057,80.34,2620,326635,4065.66,124.67,23.3,89,159,0.01953,0.004154,0.54,VoIP
FLW-0004386,VPN-SES-00808,0x5aecb057,279.93,1378,1885820,6736.76,1368.52,113.6,1198,1514,0.008889,0.027553,0.09,Video_Streaming
FLW-0004387,VPN-SES-00808,0x5aecb057,71.16,2360,556370,7818.58,235.75,147.68,64,457,1.582593,1.177762,0.5,WhatsApp
FLW-0004388,VPN-SES-00809,0x4a363b3a,115.5,559,778021,6736.11,1391.81,102.03,1238,1514,0.01273,0.025958,0.048,Video_Streaming
FLW-0004389,VPN-SES-00809,0x4a363b3a,36.06,774,669958,18578.98,865.58,329.85,370,1360,0.621531,0.447551,0.595,Email_IMAP
FLW-0004390,VPN-SES-00809,0x4a363b3a,77.01,2340,511430,6641.09,218.56,136.23,64,422,1.395754,1.105234,0.45,WhatsApp
FLW-0004391,VPN-SES-00809,0x4a363b3a,44.19,1126,808209,18289.41,717.77,388.77,134,1300,0.450062,0.501459,0.286,Web_Browsing
FLW-0004392,VPN-SES-00810,0xc9866767,52.82,2110,2880487,54534.02,1365.16,115.0,1192,1514,0.007293,0.022651,0.029,Video_Streaming
FLW-0004393,VPN-SES-00810,0xc9866767,27.52,992,116956,4249.85,117.9,15.18,95,140,0.019999,0.003638,0.53,VoIP
FLW-0004394,VPN-SES-00810,0xc9866767,5.72,189,164431,28746.68,870.01,318.61,392,1347,0.61771,0.423929,0.611,Email_IMAP
FLW-0004395,VPN-SES-00811,0x68be6c14,105.61,2196,226627,2145.89,103.2,10.32,87,118,0.020516,0.004121,0.549,VoIP
FLW-0004396,VPN-SES-00811,0x68be6c14,43.15,1720,1232225,28556.78,716.41,377.11,150,1282,0.419408,0.484042,0.26,Web_Browsing
FLW-0004397,VPN-SES-00811,0x68be6c14,23.58,659,66723,2829.64,101.25,4.23,94,107,0.999235,0.011251,0.557,ICMP
FLW-0004398,VPN-SES-00811,0x68be6c14,125.18,2312,3222928,25746.35,1394.0,114.46,1222,1514,0.014857,0.029641,0.083,Video_Streaming
FLW-0004399,VPN-SES-00811,0x68be6c14,11.45,328,29841,2606.2,90.98,7.14,80,101,1.000939,0.009005,0.491,ICMP
FLW-0004400,VPN-SES-00811,0x68be6c14,45.44,1655,1213446,26704.36,733.2,365.41,185,1281,0.356218,0.49118,0.291,Web_Browsing
FLW-0004401,VPN-SES-00812,0x2c011cb5,52.14,410,288521,5533.58,703.71,378.99,135,1272,0.536533,0.503433,0.308,Web_Browsing
FLW-0004402,VPN-SES-00812,0x2c011cb5,60.51,842,1155973,19103.83,1372.89,103.52,1217,1514,0.015183,0.025923,0.024,Video_Streaming
FLW-0004403,VPN-SES-00812,0x2c011cb5,125.45,2385,549480,4380.07,230.39,142.52,64,444,1.247448,1.202776,0.466,WhatsApp
FLW-0004404,VPN-SES-00813,0xa752800f,21.19,495,356380,16818.31,719.96,382.36,146,1293,0.292426,0.426864,0.283,Web_Browsing
FLW-0004405,VPN-SES-00813,0xa752800f,47.0,1815,202027,4298.45,111.31,25.97,72,150,0.019036,0.004226,0.459,VoIP
FLW-0004406,VPN-SES-00813,0xa752800f,24.46,661,565663,23126.04,855.77,311.48,388,1322,0.778414,0.389723,0.616,Email_IMAP
FLW-0004407,VPN-SES-00813,0xa752800f,41.82,107,89802,2147.35,839.28,332.8,340,1338,0.677087,0.456164,0.664,Email_IMAP
FLW-0004408,VPN-SES-00814,0x555dc614,13.41,157,15663,1168.01,99.77,5.76,91,108,1.000198,0.010564,0.485,ICMP
FLW-0004409,VPN-SES-00814,0x555dc614,32.78,437,374696,11430.63,857.43,326.48,367,1347,0.668723,0.444859,0.578,Email_IMAP
FLW-0004410,VPN-SES-00814,0x555dc614,82.61,2859,737564,8928.27,257.98,124.71,70,445,1.562894,1.119333,0.441,WhatsApp
FLW-0004411,VPN-SES-00814,0x555dc614,73.19,2594,3618707,49442.64,1395.03,112.04,1226,1514,0.017008,0.024544,0.081,Video_Streaming
FLW-0004412,VPN-SES-00815,0xcdb77a79,34.73,233,316612,9116.38,1358.85,106.0,1199,1514,0.007226,0.024063,0.074,Video_Streaming
FLW-0004413,VPN-SES-00815,0xcdb77a79,69.38,480,111720,1610.26,232.75,136.91,64,438,1.258659,1.197376,0.519,WhatsApp
FLW-0004414,VPN-SES-00815,0xcdb77a79,248.57,2689,3743518,15060.22,1392.16,107.25,1231,1514,0.00403,0.026455,0.056,Video_Streaming
FLW-0004415,VPN-SES-00815,0xcdb77a79,83.68,2512,271949,3249.87,108.26,13.55,87,128,0.020861,0.003545,0.514,VoIP
FLW-0004416,VPN-SES-00815,0xcdb77a79,23.48,200,20124,857.07,100.62,1.5,98,102,1.000967,0.011632,0.491,ICMP
FLW-0004417,VPN-SES-00815,0xcdb77a79,15.72,104,89136,5670.23,857.08,324.98,369,1344,0.711981,0.444253,0.611,Email_IMAP
FLW-0004418,VPN-SES-00815,0xcdb77a79,55.82,1792,1242554,22260.01,693.39,373.78,132,1254,0.364552,0.534231,0.273,Web_Browsing
FLW-0004419,VPN-SES-00816,0x47e6daaf,204.35,1819,2504035,12253.66,1376.6,109.93,1211,1514,0.008737,0.028883,0.099,Video_Streaming
FLW-0004420,VPN-SES-00816,0x47e6daaf,33.63,435,382547,11375.17,879.42,325.47,391,1367,0.64801,0.522663,0.6,Email_IMAP
FLW-0004421,VPN-SES-00816,0x47e6daaf,60.3,431,47216,783.02,109.55,13.19,89,129,0.020314,0.003695,0.495,VoIP
FLW-0004422,VPN-SES-00816,0x47e6daaf,41.48,1358,951659,22942.6,700.78,383.85,125,1276,0.336217,0.453392,0.317,Web_Browsing
FLW-0004423,VPN-SES-00816,0x47e6daaf,5.11,181,158222,30963.21,874.16,322.99,389,1358,0.668607,0.426107,0.597,Email_IMAP
FLW-0004424,VPN-SES-00816,0x47e6daaf,17.93,234,200222,11166.87,855.65,307.89,393,1317,0.66704,0.452197,0.592,Email_IMAP
FLW-0004425,VPN-SES-00816,0x47e6daaf,225.44,4104,5740757,25464.68,1398.82,114.86,1226,1514,0.014594,0.023782,0.06,Video_Streaming
FLW-0004426,VPN-SES-00816,0x47e6daaf,15.3,71,7492,489.67,105.53,5.22,97,113,1.002403,0.009796,0.485,ICMP
FLW-0004427,VPN-SES-00817,0x1b29fc3a,241.17,6578,9127698,37847.57,1387.61,99.88,1237,1514,0.015466,0.021748,0.079,Video_Streaming
FLW-0004428,VPN-SES-00817,0x1b29fc3a,10.22,359,32388,3169.08,90.22,7.81,78,101,1.001361,0.010153,0.464,ICMP
FLW-0004429,VPN-SES-00817,0x1b29fc3a,89.68,2383,260318,2902.74,109.24,12.17,90,127,0.018863,0.004451,0.503,VoIP
FLW-0004430,VPN-SES-00818,0x3755d942,19.42,588,415345,21387.49,706.37,391.65,118,1293,0.3974,0.512529,0.255,Web_Browsing
FLW-0004431,VPN-SES-00818,0x3755d942,55.89,1362,130452,2334.08,95.78,7.08,85,106,0.019731,0.004359,0.51,VoIP
FLW-0004432,VPN-SES-00818,0x3755d942,256.04,527,728145,2843.87,1381.68,93.92,1240,1514,0.016763,0.025559,0.056,Video_Streaming
FLW-0004433,VPN-SES-00818,0x3755d942,98.43,923,123303,1252.7,133.59,27.98,91,175,0.020693,0.003901,0.47,VoIP
FLW-0004434,VPN-SES-00818,0x3755d942,42.05,1103,961672,22869.73,871.87,309.08,408,1335,0.78144,0.45126,0.588,Email_IMAP
FLW-0004435,VPN-SES-00818,0x3755d942,118.51,4172,939617,7928.59,225.22,119.78,64,404,1.42316,1.099297,0.443,WhatsApp
FLW-0004436,VPN-SES-00818,0x3755d942,254.62,9041,12437884,48848.81,1375.72,99.06,1227,1514,0.01421,0.024864,0.049,Video_Streaming
FLW-0004437,VPN-SES-00819,0x63c96c60,88.78,2874,3921687,44173.09,1364.54,107.6,1203,1514,0.010445,0.025794,0.065,Video_Streaming
FLW-0004438,VPN-SES-00819,0x63c96c60,60.18,697,968481,16093.07,1389.5,106.12,1230,1514,0.005023,0.027478,0.032,Video_Streaming
FLW-0004439,VPN-SES-00819,0x63c96c60,23.53,875,74130,3150.45,84.72,3.66,79,90,1.000453,0.009469,0.484,ICMP
FLW-0004440,VPN-SES-00819,0x63c96c60,78.34,947,1302418,16625.2,1375.31,121.33,1193,1514,0.01199,0.02258,0.031,Video_Streaming
FLW-0004441,VPN-SES-00819,0x63c96c60,34.62,199,274021,7915.11,1376.99,111.9,1209,1514,0.013815,0.02531,0.035,Video_Streaming
FLW-0004442,VPN-SES-00819,0x63c96c60,44.85,1341,154094,3435.76,114.91,23.87,79,150,0.019312,0.003814,0.518,VoIP
FLW-0004443,VPN-SES-00819,0x63c96c60,34.25,298,217689,6355.88,730.5,378.46,162,1298,0.419159,0.433894,0.296,Web_Browsing
FLW-0004444,VPN-SES-00819,0x63c96c60,45.3,1136,835902,18452.58,735.83,400.52,135,1336,0.478983,0.497456,0.252,Web_Browsing
FLW-0004445,VPN-SES-00820,0xfac2e8ad,44.05,656,549367,12471.44,837.45,321.42,355,1319,0.808648,0.507187,0.653,Email_IMAP
FLW-0004446,VPN-SES-00820,0xfac2e8ad,32.32,261,225229,6968.72,862.95,322.88,378,1347,0.486397,0.484313,0.603,Email_IMAP
FLW-0004447,VPN-SES-00820,0xfac2e8ad,7.38,115,10301,1395.8,89.58,1.5,87,91,0.999464,0.009282,0.5,ICMP
FLW-0004448,VPN-SES-00820,0xfac2e8ad,92.21,265,30024,325.6,113.3,18.8,85,141,0.019108,0.003914,0.467,VoIP
FLW-0004449,VPN-SES-00820,0xfac2e8ad,38.03,960,107808,2834.81,112.3,19.15,83,141,0.019038,0.003671,0.517,VoIP
FLW-0004450,VPN-SES-00820,0xfac2e8ad,79.67,3179,709044,8899.76,223.04,144.22,64,439,1.598727,1.045602,0.456,WhatsApp
FLW-0004451,VPN-SES-00820,0xfac2e8ad,19.65,762,76520,3894.15,100.42,1.5,98,102,0.996997,0.009541,0.496,ICMP
FLW-0004452,VPN-SES-00821,0x108ba779,49.3,465,56325,1142.49,121.13,13.08,101,140,0.020764,0.003402,0.466,VoIP
FLW-0004453,VPN-SES-00821,0x108ba779,18.43,578,419535,22763.7,725.84,370.71,169,1281,0.359976,0.506168,0.248,Web_Browsing
FLW-0004454,VPN-SES-00821,0x108ba779,178.45,371,511386,2865.71,1378.4,104.4,1221,1514,0.008769,0.019744,0.064,Video_Streaming
FLW-0004455,VPN-SES-00821,0x108ba779,35.42,401,282717,7981.85,705.03,378.65,137,1273,0.411592,0.489675,0.276,Web_Browsing
FLW-0004456,VPN-SES-00821,0x108ba779,153.22,5351,1296654,8462.69,242.32,124.18,64,428,1.605045,0.896786,0.473,WhatsApp
FLW-0004457,VPN-SES-00821,0x108ba779,208.2,5040,7005751,33649.14,1390.03,113.81,1219,1514,0.008344,0.022979,0.03,Video_Streaming
FLW-0004458,VPN-SES-00821,0x108ba779,6.56,128,111000,16920.73,867.19,314.08,396,1338,0.667221,0.461894,0.691,Email_IMAP
FLW-0004459,VPN-SES-00821,0x108ba779,100.78,1971,480450,4767.31,243.76,123.51,64,429,1.159075,1.069656,0.476,WhatsApp
FLW-0004460,VPN-SES-00822,0x39fcd3e2,124.44,1917,409221,3288.5,213.47,124.29,64,399,1.449063,1.041441,0.509,WhatsApp
FLW-0004461,VPN-SES-00822,0x39fcd3e2,249.93,7175,9767327,39080.25,1361.3,115.42,1188,1514,0.015427,0.027391,0.013,Video_Streaming
FLW-0004462,VPN-SES-00822,0x39fcd3e2,5.75,97,9871,1716.7,101.77,1.5,99,104,0.997891,0.009586,0.473,ICMP
FLW-0004463,VPN-SES-00822,0x39fcd3e2,6.39,173,18865,2952.27,109.05,8.1,96,121,0.998271,0.009276,0.489,ICMP
FLW-0004464,VPN-SES-00822,0x39fcd3e2,41.44,1618,1390072,33544.21,859.13,328.05,367,1351,0.696628,0.452313,0.612,Email_IMAP
FLW-0004465,VPN-SES-00822,0x39fcd3e2,40.1,1011,221125,5514.34,218.72,140.34,64,429,1.326229,1.271032,0.486,WhatsApp
FLW-0004466,VPN-SES-00822,0x39fcd3e2,41.02,1212,174891,4263.55,144.3,22.85,110,178,0.019141,0.003754,0.495,VoIP
FLW-0004467,VPN-SES-00823,0x5e01009d,85.67,2252,246616,2878.67,109.51,14.98,87,131,0.01918,0.004002,0.507,VoIP
FLW-0004468,VPN-SES-00823,0x5e01009d,24.39,405,34809,1427.18,85.95,19.52,64,115,1.000095,0.009183,0.451,ICMP
FLW-0004469,VPN-SES-00823,0x5e01009d,154.49,5223,7211500,46679.4,1380.72,107.92,1218,1514,0.014936,0.024642,0.024,Video_Streaming
FLW-0004470,VPN-SES-00823,0x5e01009d,21.98,584,64240,2922.66,110.0,7.48,98,121,0.999619,0.010165,0.514,ICMP
FLW-0004471,VPN-SES-00824,0x8a14330b,59.36,1634,168056,2831.13,102.85,19.26,73,131,0.01973,0.004203,0.478,VoIP
FLW-0004472,VPN-SES-00824,0x8a14330b,10.85,346,295048,27193.36,852.74,333.3,352,1352,0.733087,0.3017,0.655,Email_IMAP
FLW-0004473,VPN-SES-00824,0x8a14330b,25.43,926,795545,31283.72,859.12,314.33,387,1330,0.582016,0.40729,0.6,Email_IMAP
FLW-0004474,VPN-SES-00824,0x8a14330b,21.08,295,24918,1182.07,84.47,1.5,82,86,0.998439,0.010323,0.502,ICMP
FLW-0004475,VPN-SES-00824,0x8a14330b,80.22,2073,262586,3273.32,126.67,17.47,100,152,0.019216,0.004198,0.47,VoIP
FLW-0004476,VPN-SES-00824,0x8a14330b,22.23,463,401772,18073.41,867.76,310.67,401,1333,0.603595,0.433737,0.64,Email_IMAP
FLW-0004477,VPN-SES-00824,0x8a14330b,63.37,2186,266932,4212.28,122.11,18.16,94,149,0.021131,0.003265,0.469,VoIP
FLW-0004478,VPN-SES-00824,0x8a14330b,6.32,163,13859,2192.88,85.03,1.5,82,87,0.998921,0.010688,0.482,ICMP
FLW-0004479,VPN-SES-00825,0x7b4388f5,7.16,214,20116,2809.5,94.0,1.5,91,96,0.998805,0.009538,0.519,ICMP
FLW-0004480,VPN-SES-00825,0x7b4388f5,72.67,1780,391422,5386.29,219.9,126.36,64,409,1.579325,1.051041,0.417,WhatsApp
FLW-0004481,VPN-SES-00825,0x7b4388f5,19.76,213,186449,9435.68,875.35,325.88,386,1364,0.708684,0.37153,0.665,Email_IMAP
FLW-0004482,VPN-SES-00825,0x7b4388f5,39.66,1256,1068504,26941.6,850.72,315.92,376,1324,0.602563,0.492612,0.615,Email_IMAP
FLW-0004483,VPN-SES-00825,0x7b4388f5,29.53,976,122761,4157.16,125.78,18.61,97,153,0.019943,0.003621,0.554,VoIP
FLW-0004484,VPN-SES-00825,0x7b4388f5,113.17,4381,5968849,52742.33,1362.44,113.3,1192,1514,0.013412,0.027886,0.102,Video_Streaming
FLW-0004485,VPN-SES-00825,0x7b4388f5,27.19,386,331323,12185.47,858.35,324.24,371,1344,0.769129,0.447067,0.588,Email_IMAP
FLW-0004486,VPN-SES-00825,0x7b4388f5,22.94,661,472872,20613.43,715.39,369.56,161,1269,0.477886,0.553223,0.276,Web_Browsing
FLW-0004487,VPN-SES-00826,0x55d81a45,34.26,1332,293772,8574.78,220.55,138.17,64,427,1.106911,0.929945,0.475,WhatsApp
FLW-0004488,VPN-SES-00826,0x55d81a45,81.92,1410,342658,4182.84,243.02,133.38,64,443,1.389087,1.293605,0.482,WhatsApp
FLW-0004489,VPN-SES-00826,0x55d81a45,95.27,2541,336479,3531.85,132.42,24.3,95,168,0.019224,0.003932,0.564,VoIP
FLW-0004490,VPN-SES-00826,0x55d81a45,20.25,62,52944,2614.52,853.95,314.6,382,1325,0.661514,0.428917,0.596,Email_IMAP
FLW-0004491,VPN-SES-00826,0x55d81a45,4.16,160,136672,32853.85,854.2,331.46,357,1351,0.640778,0.390237,0.575,Email_IMAP
FLW-0004492,VPN-SES-00826,0x55d81a45,62.19,2163,576396,9268.31,266.48,128.21,74,458,1.471705,1.015149,0.49,WhatsApp
FLW-0004493,VPN-SES-00826,0x55d81a45,35.75,1336,985313,27561.2,737.51,374.78,175,1299,0.484394,0.429713,0.341,Web_Browsing
FLW-0004494,VPN-SES-00826,0x55d81a45,15.65,313,270187,17264.35,863.22,316.7,388,1338,0.629893,0.427048,0.606,Email_IMAP
FLW-0004495,VPN-SES-00827,0x2344c2f6,16.34,627,433025,26500.92,690.63,379.22,121,1259,0.439509,0.524433,0.264,Web_Browsing
FLW-0004496,VPN-SES-00827,0x2344c2f6,37.15,292,248419,6686.92,850.75,319.94,370,1330,0.541165,0.456454,0.564,Email_IMAP
FLW-0004497,VPN-SES-00827,0x2344c2f6,59.8,2305,584202,9769.26,253.45,135.47,64,456,1.247179,1.172725,0.483,WhatsApp
FLW-0004498,VPN-SES-00827,0x2344c2f6,42.85,732,78975,1843.06,107.89,1.82,105,110,0.02019,0.003682,0.533,VoIP
FLW-0004499,VPN-SES-00827,0x2344c2f6,98.2,878,105509,1074.43,120.17,12.4,101,138,0.021079,0.004231,0.39,VoIP
FLW-0004500,VPN-SES-00827,0x2344c2f6,17.44,437,40273,2309.23,92.16,1.5,89,94,0.9988,0.009855,0.511,ICMP
FLW-0004501,VPN-SES-00827,0x2344c2f6,49.3,448,55166,1118.99,123.14,26.62,83,163,0.020382,0.00423,0.506,VoIP
FLW-0004502,VPN-SES-00827,0x2344c2f6,102.75,333,45101,438.94,135.44,15.47,112,158,0.019826,0.003238,0.532,VoIP
FLW-0004503,VPN-SES-00828,0x39fda256,24.72,155,111457,4508.78,719.08,403.47,113,1324,0.419585,0.504429,0.296,Web_Browsing
FLW-0004504,VPN-SES-00828,0x39fda256,30.15,1165,1592298,52812.54,1366.78,112.87,1197,1514,0.01213,0.024241,0.095,Video_Streaming
FLW-0004505,VPN-SES-00828,0x39fda256,26.78,948,805003,30059.86,849.16,322.2,365,1332,0.74819,0.418202,0.611,Email_IMAP
FLW-0004506,VPN-SES-00828,0x39fda256,20.89,378,41580,1990.43,110.0,7.8,98,121,0.999241,0.010803,0.483,ICMP
FLW-0004507,VPN-SES-00828,0x39fda256,61.87,2338,517212,8359.66,221.22,140.98,64,432,1.217995,1.369688,0.465,WhatsApp
FLW-0004508,VPN-SES-00828,0x39fda256,13.72,512,453427,33048.62,885.6,309.05,422,1349,0.719221,0.472488,0.645,Email_IMAP
FLW-0004509,VPN-SES-00828,0x39fda256,50.84,1623,1187419,23356.0,731.62,376.02,167,1295,0.351837,0.497454,0.287,Web_Browsing
FLW-0004510,VPN-SES-00829,0x2b21eb27,86.36,3121,356855,4132.18,114.34,20.22,84,144,0.020198,0.003636,0.512,VoIP
FLW-0004511,VPN-SES-00829,0x2b21eb27,139.16,3581,847944,6093.3,236.79,124.4,64,423,1.529917,1.014531,0.466,WhatsApp
FLW-0004512,VPN-SES-00829,0x2b21eb27,77.18,2597,313873,4066.77,120.86,28.99,77,164,0.020116,0.004211,0.491,VoIP
FLW-0004513,VPN-SES-00829,0x2b21eb27,40.48,115,82691,2042.76,719.06,379.61,149,1288,0.471998,0.485202,0.32,Web_Browsing
FLW-0004514,VPN-SES-00830,0xf941cff1,106.81,2271,534865,5007.63,235.52,116.34,64,410,1.852561,1.063989,0.519,WhatsApp
FLW-0004515,VPN-SES-00830,0xf941cff1,165.38,489,125604,759.49,256.86,137.56,64,463,1.367326,1.131535,0.442,WhatsApp
FLW-0004516,VPN-SES-00830,0xf941cff1,6.48,132,14520,2240.74,110.0,1.5,107,112,0.999619,0.010099,0.497,ICMP
FLW-0004517,VPN-SES-00830,0xf941cff1,141.9,5548,7612521,53647.08,1372.12,121.15,1190,1514,0.015564,0.025805,0.048,Video_Streaming
FLW-0004518,VPN-SES-00830,0xf941cff1,18.28,682,90549,4953.45,132.77,14.28,111,154,0.020942,0.004044,0.537,VoIP
FLW-0004519,VPN-SES-00830,0xf941cff1,145.49,1296,1786704,12280.6,1378.63,110.57,1212,1514,0.016595,0.030485,0.107,Video_Streaming
FLW-0004520,VPN-SES-00831,0x1c2fded5,11.2,238,25830,2306.25,108.53,8.71,95,121,0.99924,0.010295,0.473,ICMP
FLW-0004521,VPN-SES-00831,0x1c2fded5,41.0,902,779788,19019.22,864.51,323.52,379,1349,0.517643,0.451743,0.632,Email_IMAP
FLW-0004522,VPN-SES-00831,0x1c2fded5,14.07,67,48173,3423.81,719.0,382.86,144,1293,0.349371,0.461207,0.311,Web_Browsing
FLW-0004523,VPN-SES-00831,0x1c2fded5,34.1,326,78243,2294.52,240.01,132.72,64,439,1.309824,1.102144,0.411,WhatsApp
FLW-0004524,VPN-SES-00831,0x1c2fded5,48.98,801,104250,2128.42,130.15,32.46,81,178,0.019361,0.003624,0.513,VoIP
FLW-0004525,VPN-SES-00832,0xac7cf745,49.84,540,74352,1491.81,137.69,17.98,110,164,0.019262,0.003917,0.469,VoIP
FLW-0004526,VPN-SES-00832,0xac7cf745,17.6,336,30229,1717.56,89.97,1.57,87,92,0.998606,0.009222,0.502,ICMP
FLW-0004527,VPN-SES-00832,0xac7cf745,144.83,2407,583890,4031.55,242.58,118.61,64,420,1.465403,1.057987,0.502,WhatsApp
FLW-0004528,VPN-SES-00832,0xac7cf745,62.24,1716,427918,6875.29,249.37,125.64,64,437,1.501334,1.007935,0.52,WhatsApp
FLW-0004529,VPN-SES-00832,0xac7cf745,34.77,735,522151,15017.29,710.41,382.82,136,1284,0.435929,0.449155,0.307,Web_Browsing
FLW-0004530,VPN-SES-00832,0xac7cf745,37.85,1305,929982,24570.2,712.63,366.4,163,1262,0.233849,0.456248,0.321,Web_Browsing
FLW-0004531,VPN-SES-00832,0xac7cf745,65.46,524,133667,2041.96,255.09,124.25,68,441,1.338215,1.04886,0.44,WhatsApp
FLW-0004532,VPN-SES-00833,0xe91d49fa,219.41,1361,1862678,8489.49,1368.61,117.85,1191,1514,0.01389,0.025683,0.02,Video_Streaming
FLW-0004533,VPN-SES-00833,0xe91d49fa,92.81,1800,218178,2350.8,121.21,1.5,118,123,0.020506,0.004103,0.46,VoIP
FLW-0004534,VPN-SES-00833,0xe91d49fa,207.77,8168,11430299,55014.19,1399.4,95.63,1255,1514,0.013989,0.026388,0.023,Video_Streaming
FLW-0004535,VPN-SES-00834,0x27664a5a,34.48,1185,852666,24729.29,719.55,366.91,169,1269,0.236522,0.446606,0.262,Web_Browsing
FLW-0004536,VPN-SES-00834,0x27664a5a,9.17,195,20617,2248.31,105.73,4.54,98,112,1.00014,0.008986,0.484,ICMP
FLW-0004537,VPN-SES-00834,0x27664a5a,17.16,362,307280,17906.76,848.84,310.2,383,1314,0.609925,0.453353,0.603,Email_IMAP
FLW-0004538,VPN-SES-00834,0x27664a5a,17.31,219,187490,10831.31,856.12,325.56,367,1344,0.616199,0.389972,0.637,Email_IMAP
FLW-0004539,VPN-SES-00834,0x27664a5a,31.41,410,353907,11267.34,863.19,322.63,379,1347,0.692244,0.470549,0.621,Email_IMAP
FLW-0004540,VPN-SES-00834,0x27664a5a,21.68,186,20460,943.73,110.0,1.5,107,112,0.99912,0.010967,0.504,ICMP
FLW-0004541,VPN-SES-00835,0xc67a3c07,4.99,87,9317,1867.13,107.1,5.36,99,115,1.002061,0.008992,0.54,ICMP
FLW-0004542,VPN-SES-00835,0xc67a3c07,7.8,244,213268,27342.05,874.05,310.32,408,1339,0.69257,0.448063,0.602,Email_IMAP
FLW-0004543,VPN-SES-00835,0xc67a3c07,62.23,2055,446633,7177.13,217.34,121.91,64,400,1.516839,1.189523,0.474,WhatsApp
FLW-0004544,VPN-SES-00835,0xc67a3c07,236.47,3991,5546691,23456.21,1389.8,117.56,1213,1514,0.01258,0.023194,0.073,Video_Streaming
FLW-0004545,VPN-SES-00835,0xc67a3c07,47.48,703,510265,10746.95,725.84,385.39,147,1303,0.514905,0.431892,0.265,Web_Browsing
FLW-0004546,VPN-SES-00835,0xc67a3c07,158.55,6311,1370875,8646.33,217.22,135.98,64,421,1.364969,1.14739,0.436,WhatsApp
FLW-0004547,VPN-SES-00835,0xc67a3c07,21.92,345,37950,1731.3,110.0,1.5,107,112,1.001162,0.010118,0.494,ICMP
FLW-0004548,VPN-SES-00836,0x2cb4e0cf,50.0,1100,128436,2568.72,116.76,12.9,97,136,0.020777,0.004005,0.462,VoIP
FLW-0004549,VPN-SES-00836,0x2cb4e0cf,25.91,278,237798,9177.85,855.39,321.03,373,1336,0.710602,0.422792,0.604,Email_IMAP
FLW-0004550,VPN-SES-00836,0x2cb4e0cf,63.7,1018,1405125,22058.48,1380.28,116.99,1204,1514,0.006867,0.026263,0.046,Video_Streaming
FLW-0004551,VPN-SES-00836,0x2cb4e0cf,24.13,854,201637,8356.28,236.11,146.01,64,455,1.367583,1.183016,0.502,WhatsApp
FLW-0004552,VPN-SES-00837,0x2192e4dc,40.47,1220,1031924,25498.49,845.84,305.24,387,1303,0.705416,0.40124,0.57,Email_IMAP
FLW-0004553,VPN-SES-00837,0x2192e4dc,52.03,460,60862,1169.75,132.31,9.84,117,147,0.019536,0.00479,0.45,VoIP
FLW-0004554,VPN-SES-00837,0x2192e4dc,102.36,1008,226719,2214.92,224.92,126.32,64,414,1.360358,1.001688,0.445,WhatsApp
FLW-0004555,VPN-SES-00837,0x2192e4dc,44.95,1225,169197,3764.12,138.12,20.1,107,168,0.020351,0.003945,0.509,VoIP
FLW-0004556,VPN-SES-00837,0x2192e4dc,41.27,1483,372514,9026.27,251.19,122.03,68,434,1.443698,1.176565,0.526,WhatsApp
FLW-0004557,VPN-SES-00837,0x2192e4dc,47.91,345,49462,1032.39,143.37,18.56,115,171,0.020683,0.002932,0.547,VoIP
FLW-0004558,VPN-SES-00837,0x2192e4dc,127.56,3602,833106,6531.09,231.29,128.07,64,423,1.472782,1.083121,0.486,WhatsApp
FLW-0004559,VPN-SES-00838,0x63a3939e,126.55,1793,464476,3670.3,259.05,126.93,68,449,1.220658,1.299481,0.496,WhatsApp
FLW-0004560,VPN-SES-00838,0x63a3939e,20.36,430,319520,15693.52,743.07,386.91,162,1323,0.35073,0.532269,0.25,Web_Browsing
FLW-0004561,VPN-SES-00838,0x63a3939e,24.9,539,129408,5197.11,240.09,129.39,64,434,1.133085,1.010591,0.546,WhatsApp
FLW-0004562,VPN-SES-00838,0x63a3939e,136.19,1603,389304,2858.54,242.86,128.6,64,435,1.699127,1.056414,0.477,WhatsApp
FLW-0004563,VPN-SES-00838,0x63a3939e,37.17,1279,1115147,30001.26,871.89,316.79,396,1347,0.59961,0.348581,0.592,Email_IMAP
FLW-0004564,VPN-SES-00839,0xfea0e30e,7.9,315,223224,28256.2,708.65,381.27,136,1280,0.404216,0.607901,0.248,Web_Browsing
FLW-0004565,VPN-SES-00839,0xfea0e30e,28.02,115,100833,3598.61,876.81,321.76,394,1359,0.704457,0.483571,0.553,Email_IMAP
FLW-0004566,VPN-SES-00839,0xfea0e30e,4.78,21,2055,429.92,97.86,1.9,95,100,0.998301,0.01046,0.551,ICMP
FLW-0004567,VPN-SES-00839,0xfea0e30e,28.42,752,622595,21906.93,827.92,315.72,354,1301,0.565911,0.45323,0.61,Email_IMAP
FLW-0004568,VPN-SES-00839,0xfea0e30e,48.74,131,30487,625.5,232.73,135.52,64,436,1.66997,1.392745,0.458,WhatsApp
FLW-0004569,VPN-SES-00840,0x9802bbd2,205.65,3604,4894772,23801.47,1358.15,114.47,1186,1514,0.018039,0.027034,0.108,Video_Streaming
FLW-0004570,VPN-SES-00840,0x9802bbd2,45.49,1143,819862,18022.91,717.29,375.12,154,1279,0.458658,0.483472,0.3,Web_Browsing
FLW-0004571,VPN-SES-00840,0x9802bbd2,16.2,500,435820,26902.47,871.64,328.38,379,1364,0.684465,0.461062,0.644,Email_IMAP
FLW-0004572,VPN-SES-00840,0x9802bbd2,19.2,212,177325,9235.68,836.44,321.68,353,1318,0.653542,0.459589,0.617,Email_IMAP
FLW-0004573,VPN-SES-00840,0x9802bbd2,41.34,841,727616,17600.77,865.18,315.4,392,1338,0.726243,0.471314,0.625,Email_IMAP
FLW-0004574,VPN-SES-00841,0xe2ea243c,68.73,1943,2665077,38776.04,1371.63,116.52,1196,1514,0.012775,0.023111,0.058,Video_Streaming
FLW-0004575,VPN-SES-00841,0xe2ea243c,16.26,583,61535,3784.44,105.55,8.41,92,118,1.000731,0.010093,0.531,ICMP
FLW-0004576,VPN-SES-00841,0xe2ea243c,31.07,213,186343,5997.52,874.85,325.9,386,1363,0.610347,0.402387,0.604,Email_IMAP
FLW-0004577,VPN-SES-00842,0xe1eba173,16.27,300,265032,16289.61,883.44,322.25,400,1366,0.793535,0.444591,0.612,Email_IMAP
FLW-0004578,VPN-SES-00842,0xe1eba173,49.6,1716,1233992,24878.87,719.11,379.26,150,1288,0.391976,0.442558,0.295,Web_Browsing
FLW-0004579,VPN-SES-00842,0xe1eba173,48.71,519,380250,7806.41,732.66,399.56,133,1332,0.417472,0.482367,0.257,Web_Browsing
FLW-0004580,VPN-SES-00842,0xe1eba173,94.38,3767,954972,10118.37,253.51,136.52,64,458,1.255306,1.000758,0.509,WhatsApp
FLW-0004581,VPN-SES-00842,0xe1eba173,171.23,3546,4909791,28673.66,1384.6,116.07,1210,1514,0.00869,0.020306,0.034,Video_Streaming
FLW-0004582,VPN-SES-00842,0xe1eba173,8.3,109,94639,11402.29,868.25,336.89,362,1373,0.621011,0.552414,0.645,Email_IMAP
FLW-0004583,VPN-SES-00842,0xe1eba173,8.57,32,2688,313.65,84.0,5.71,75,92,1.001296,0.007575,0.519,ICMP
FLW-0004584,VPN-SES-00843,0x45bd51ea,56.99,1491,1094498,19205.09,734.07,383.19,159,1308,0.445371,0.491354,0.273,Web_Browsing
FLW-0004585,VPN-SES-00843,0x45bd51ea,4.47,13,10996,2459.96,845.89,314.5,374,1317,0.62188,0.455107,0.603,Email_IMAP
FLW-0004586,VPN-SES-00843,0x45bd51ea,20.69,713,62437,3017.74,87.57,10.08,72,102,1.000556,0.009461,0.515,ICMP
FLW-0004587,VPN-SES-00844,0xfabb42d6,181.27,3845,5285183,29156.41,1374.56,110.5,1208,1514,0.015656,0.023491,0.025,Video_Streaming
FLW-0004588,VPN-SES-00844,0xfabb42d6,109.48,2028,483191,4413.51,238.26,119.09,64,416,1.354221,1.06913,0.406,WhatsApp
FLW-0004589,VPN-SES-00844,0xfabb42d6,9.92,355,257861,25994.05,726.37,378.54,158,1294,0.538642,0.510777,0.302,Web_Browsing
FLW-0004590,VPN-SES-00844,0xfabb42d6,45.95,1193,875996,19064.11,734.28,378.95,165,1302,0.449938,0.421323,0.317,Web_Browsing
FLW-0004591,VPN-SES-00844,0xfabb42d6,94.23,2091,247260,2624.01,118.25,9.95,103,133,0.020444,0.003128,0.487,VoIP
FLW-0004592,VPN-SES-00845,0xcfbe9ca3,41.11,1172,153414,3731.79,130.9,14.5,109,152,0.019569,0.003834,0.44,VoIP
FLW-0004593,VPN-SES-00845,0xcfbe9ca3,260.26,8291,11512799,44235.76,1388.59,109.02,1225,1514,0.010979,0.024328,0.06,Video_Streaming
FLW-0004594,VPN-SES-00845,0xcfbe9ca3,12.39,467,339901,27433.49,727.84,379.58,158,1297,0.347877,0.528776,0.295,Web_Browsing
FLW-0004595,VPN-SES-00846,0x60ad9cd5,19.49,373,45681,2343.82,122.47,26.6,82,162,0.020018,0.004445,0.542,VoIP
FLW-0004596,VPN-SES-00846,0x60ad9cd5,107.33,1440,182865,1703.76,126.99,12.02,108,145,0.019922,0.004496,0.455,VoIP
FLW-0004597,VPN-SES-00846,0x60ad9cd5,222.95,3829,5266023,23619.75,1375.3,107.26,1214,1514,0.008755,0.027182,0.071,Video_Streaming
FLW-0004598,VPN-SES-00846,0x60ad9cd5,21.85,394,91199,4173.87,231.47,134.84,64,433,1.373861,1.002079,0.459,WhatsApp
FLW-0004599,VPN-SES-00846,0x60ad9cd5,20.7,584,60286,2912.37,103.23,11.51,85,120,0.99927,0.010544,0.547,ICMP
FLW-0004600,VPN-SES-00846,0x60ad9cd5,44.96,1640,368819,8203.27,224.89,132.85,64,424,1.537058,1.089534,0.517,WhatsApp
FLW-0004601,VPN-SES-00846,0x60ad9cd5,33.78,967,257599,7625.78,266.39,132.75,67,465,1.361458,1.207468,0.505,WhatsApp
FLW-0004602,VPN-SES-00846,0x60ad9cd5,37.79,789,70828,1874.25,89.77,17.98,64,116,0.019763,0.004159,0.494,VoIP
FLW-0004603,VPN-SES-00847,0x9278e194,53.51,2064,245574,4589.31,118.98,11.09,102,135,0.020441,0.004662,0.475,VoIP
FLW-0004604,VPN-SES-00847,0x9278e194,29.77,563,395924,13299.43,703.24,380.16,133,1273,0.447851,0.558547,0.243,Web_Browsing
FLW-0004605,VPN-SES-00847,0x9278e194,83.32,1746,198240,2379.26,113.54,1.5,111,115,0.020825,0.0041,0.486,VoIP
FLW-0004606,VPN-SES-00847,0x9278e194,50.7,1099,246318,4858.34,224.13,120.16,64,404,1.468354,0.978183,0.483,WhatsApp
FLW-0004607,VPN-SES-00847,0x9278e194,11.62,200,176904,15224.1,884.52,317.22,408,1360,0.585103,0.46719,0.583,Email_IMAP
FLW-0004608,VPN-SES-00847,0x9278e194,25.63,348,48942,1909.56,140.64,29.23,96,184,0.019901,0.003641,0.487,VoIP
FLW-0004609,VPN-SES-00848,0x4f005dab,21.29,826,707427,33228.14,856.45,323.07,371,1341,0.720175,0.403357,0.65,Email_IMAP
FLW-0004610,VPN-SES-00848,0x4f005dab,11.94,25,2635,220.69,105.41,1.5,103,107,0.99837,0.010116,0.468,ICMP
FLW-0004611,VPN-SES-00848,0x4f005dab,55.28,1318,965145,17459.21,732.28,371.01,175,1288,0.491078,0.495969,0.263,Web_Browsing
FLW-0004612,VPN-SES-00848,0x4f005dab,170.73,3435,4736074,27740.14,1378.77,118.64,1200,1514,0.007529,0.02397,0.037,Video_Streaming
FLW-0004613,VPN-SES-00848,0x4f005dab,19.1,759,546130,28593.19,719.54,374.52,157,1281,0.317394,0.447243,0.329,Web_Browsing
FLW-0004614,VPN-SES-00848,0x4f005dab,12.66,42,4240,334.91,100.96,5.7,92,109,0.999576,0.009948,0.487,ICMP
FLW-0004615,VPN-SES-00848,0x4f005dab,80.46,3013,380602,4730.33,126.32,18.81,98,154,0.019297,0.004101,0.426,VoIP
FLW-0004616,VPN-SES-00849,0x863a4e61,18.93,722,90228,4766.4,124.97,6.73,114,135,0.019942,0.003522,0.5,VoIP
FLW-0004617,VPN-SES-00849,0x863a4e61,26.42,190,164718,6234.6,866.94,332.02,368,1364,0.545958,0.493896,0.624,Email_IMAP
FLW-0004618,VPN-SES-00849,0x863a4e61,176.62,420,98527,557.85,234.59,136.08,64,438,1.361072,1.178928,0.45,WhatsApp
FLW-0004619,VPN-SES-00849,0x863a4e61,12.85,239,170263,13250.04,712.4,387.55,131,1293,0.561405,0.498248,0.196,Web_Browsing
FLW-0004620,VPN-SES-00849,0x863a4e61,144.0,4458,6141385,42648.51,1377.61,110.26,1212,1514,0.011127,0.025841,0.046,Video_Streaming
FLW-0004621,VPN-SES-00850,0xef5325cf,107.77,582,145540,1350.47,250.07,120.67,69,431,1.60408,1.270509,0.453,WhatsApp
FLW-0004622,VPN-SES-00850,0xef5325cf,94.2,1253,286987,3046.57,229.04,133.29,64,428,1.204109,1.045814,0.513,WhatsApp
FLW-0004623,VPN-SES-00850,0xef5325cf,19.88,714,76290,3837.53,106.85,19.84,77,136,1.000256,0.009389,0.502,ICMP
FLW-0004624,VPN-SES-00850,0xef5325cf,29.69,66,56640,1907.71,858.19,318.91,379,1336,0.648393,0.40807,0.628,Email_IMAP
FLW-0004625,VPN-SES-00850,0xef5325cf,11.12,280,236068,21229.14,843.1,314.27,371,1314,0.641976,0.34832,0.643,Email_IMAP
FLW-0004626,VPN-SES-00850,0xef5325cf,35.3,639,533795,15121.67,835.36,325.36,347,1323,0.562735,0.431779,0.636,Email_IMAP
FLW-0004627,VPN-SES-00850,0xef5325cf,24.88,832,737468,29641.0,886.38,320.93,404,1367,0.516173,0.492916,0.613,Email_IMAP
FLW-0004628,VPN-SES-00851,0x5505f98e,258.38,2535,3500429,13547.6,1380.84,114.46,1209,1514,0.003655,0.025016,0.048,Video_Streaming
FLW-0004629,VPN-SES-00851,0x5505f98e,55.2,915,233013,4221.25,254.66,135.82,64,458,1.131545,1.238889,0.493,WhatsApp
FLW-0004630,VPN-SES-00851,0x5505f98e,82.39,1904,193122,2344.0,101.43,18.45,73,129,0.020621,0.003514,0.541,VoIP
FLW-0004631,VPN-SES-00851,0x5505f98e,43.35,331,278652,6427.96,841.85,313.67,371,1312,0.586356,0.511962,0.605,Email_IMAP
FLW-0004632,VPN-SES-00851,0x5505f98e,94.54,3626,384537,4067.45,106.05,21.56,73,138,0.020397,0.004267,0.492,VoIP
FLW-0004633,VPN-SES-00851,0x5505f98e,47.66,1663,1202432,25229.37,723.05,374.8,160,1285,0.57561,0.55721,0.312,Web_Browsing
FLW-0004634,VPN-SES-00852,0xe439566a,11.54,285,30646,2655.63,107.53,8.16,95,119,0.998133,0.010633,0.503,ICMP
FLW-0004635,VPN-SES-00852,0xe439566a,227.72,3968,5535994,24310.53,1395.16,116.46,1220,1514,0.014064,0.020789,0.057,Video_Streaming
FLW-0004636,VPN-SES-00852,0xe439566a,58.27,2061,480851,8252.12,233.31,132.02,64,431,1.331435,1.069646,0.494,WhatsApp
FLW-0004637,VPN-SES-00852,0xe439566a,12.37,152,35691,2885.29,234.81,130.97,64,431,1.149297,1.008436,0.5,WhatsApp
FLW-0004638,VPN-SES-00852,0xe439566a,39.42,95,9997,253.6,105.24,27.97,64,147,0.020585,0.003893,0.59,VoIP
FLW-0004639,VPN-SES-00852,0xe439566a,4.51,37,32372,7177.83,874.92,312.41,406,1343,0.700367,0.452964,0.597,Email_IMAP
FLW-0004640,VPN-SES-00852,0xe439566a,15.62,460,325293,20825.42,707.16,387.96,125,1289,0.405154,0.494906,0.252,Web_Browsing
FLW-0004641,VPN-SES-00852,0xe439566a,34.56,330,36636,1060.07,111.02,16.98,85,136,0.020233,0.002965,0.501,VoIP
FLW-0004642,VPN-SES-00853,0x75599255,91.04,1640,182122,2000.46,111.05,29.22,67,154,0.021766,0.003856,0.448,VoIP
FLW-0004643,VPN-SES-00853,0x75599255,88.51,206,49728,561.83,241.4,128.36,64,433,1.725273,1.283325,0.506,WhatsApp
FLW-0004644,VPN-SES-00853,0x75599255,46.69,228,162554,3481.56,712.96,385.42,134,1291,0.469875,0.512066,0.233,Web_Browsing
FLW-0004645,VPN-SES-00853,0x75599255,20.94,747,99156,4735.24,132.74,18.86,104,161,0.019939,0.00376,0.476,VoIP
FLW-0004646,VPN-SES-00853,0x75599255,127.21,2483,605380,4758.9,243.81,116.01,69,417,1.530267,0.984048,0.418,WhatsApp
FLW-0004647,VPN-SES-00853,0x75599255,74.33,801,113629,1528.71,141.86,11.14,125,158,0.019567,0.004454,0.556,VoIP
FLW-0004648,VPN-SES-00853,0x75599255,25.42,849,595658,23432.65,701.6,372.35,143,1260,0.383799,0.54674,0.329,Web_Browsing
FLW-0004649,VPN-SES-00854,0x4d7d9e1e,14.79,515,116925,7905.68,227.04,141.32,64,439,1.283009,1.136974,0.442,WhatsApp
FLW-0004650,VPN-SES-00854,0x4d7d9e1e,230.99,4651,6411589,27757.0,1378.54,109.11,1214,1514,0.010818,0.025962,0.03,Video_Streaming
FLW-0004651,VPN-SES-00854,0x4d7d9e1e,20.68,228,193663,9364.75,849.4,323.5,364,1334,0.740587,0.448973,0.635,Email_IMAP
FLW-0004652,VPN-SES-00854,0x4d7d9e1e,130.76,4324,6006468,45935.06,1389.1,116.64,1214,1514,0.008424,0.023057,0.039,Video_Streaming
FLW-0004653,VPN-SES-00854,0x4d7d9e1e,48.64,476,353734,7272.49,743.14,384.07,167,1319,0.484749,0.518312,0.24,Web_Browsing
FLW-0004654,VPN-SES-00854,0x4d7d9e1e,5.77,224,166490,28854.42,743.26,383.83,167,1319,0.504237,0.411724,0.303,Web_Browsing
FLW-0004655,VPN-SES-00854,0x4d7d9e1e,17.56,254,23807,1355.75,93.73,1.5,91,95,0.998569,0.008735,0.462,ICMP
FLW-0004656,VPN-SES-00855,0x3c21d6c5,12.04,303,72941,6058.22,240.73,126.91,64,431,1.455121,1.284357,0.476,WhatsApp
FLW-0004657,VPN-SES-00855,0x3c21d6c5,86.27,2845,606155,7026.25,213.06,128.06,64,405,1.59691,1.090547,0.526,WhatsApp
FLW-0004658,VPN-SES-00855,0x3c21d6c5,45.14,400,554176,12276.83,1385.44,95.29,1242,1514,0.012411,0.025743,0.092,Video_Streaming
FLW-0004659,VPN-SES-00856,0xd76ee7c0,27.92,75,66138,2368.84,881.84,327.26,390,1372,0.679732,0.480428,0.615,Email_IMAP
FLW-0004660,VPN-SES-00856,0xd76ee7c0,30.57,702,493119,16130.81,702.45,380.33,131,1272,0.477397,0.439817,0.32,Web_Browsing
FLW-0004661,VPN-SES-00856,0xd76ee7c0,21.29,548,72368,3399.15,132.06,7.03,121,142,0.020819,0.003877,0.477,VoIP
FLW-0004662,VPN-SES-00856,0xd76ee7c0,66.87,2439,3397405,50806.12,1392.95,109.59,1228,1514,0.019122,0.022868,0.01,Video_Streaming
FLW-0004663,VPN-SES-00856,0xd76ee7c0,17.73,507,59131,3335.08,116.63,24.31,80,153,0.019444,0.003468,0.507,VoIP
FLW-0004664,VPN-SES-00856,0xd76ee7c0,196.14,1124,1531382,7807.6,1362.44,112.45,1193,1514,0.010723,0.026236,0.018,Video_Streaming
FLW-0004665,VPN-SES-00857,0x40838073,83.78,2197,297869,3555.37,135.58,16.54,110,160,0.020458,0.004384,0.465,VoIP
FLW-0004666,VPN-SES-00857,0x40838073,80.12,262,364334,4547.35,1390.59,98.6,1242,1514,0.006862,0.02991,0.093,Video_Streaming
FLW-0004667,VPN-SES-00857,0x40838073,22.39,770,573557,25616.66,744.88,377.04,179,1310,0.457682,0.526368,0.28,Web_Browsing
FLW-0004668,VPN-SES-00857,0x40838073,45.89,1713,1218028,26542.34,711.05,372.83,151,1270,0.46604,0.446657,0.247,Web_Browsing
FLW-0004669,VPN-SES-00857,0x40838073,119.87,1147,143053,1193.4,124.72,17.24,98,150,0.020562,0.00383,0.483,VoIP
FLW-0004670,VPN-SES-00857,0x40838073,10.85,434,375444,34603.13,865.08,313.5,394,1335,0.605576,0.42217,0.614,Email_IMAP
FLW-0004671,VPN-SES-00858,0x2182d657,127.35,1014,1420887,11157.34,1401.27,98.99,1252,1514,0.016858,0.026844,0.107,Video_Streaming
FLW-0004672,VPN-SES-00858,0x2182d657,12.34,97,10670,864.67,110.0,15.45,86,133,1.001389,0.008688,0.464,ICMP
FLW-0004673,VPN-SES-00858,0x2182d657,14.96,305,220917,14767.18,724.32,366.42,174,1273,0.496158,0.393254,0.315,Web_Browsing
FLW-0004674,VPN-SES-00858,0x2182d657,29.9,93,10801,361.24,116.14,19.01,87,144,0.019551,0.003241,0.537,VoIP
FLW-0004675,VPN-SES-00859,0xa555d6a4,119.06,3130,801373,6730.83,256.03,127.19,65,446,1.509218,1.057002,0.489,WhatsApp
FLW-0004676,VPN-SES-00859,0xa555d6a4,10.19,86,62703,6153.39,729.11,384.44,152,1305,0.550573,0.525944,0.281,Web_Browsing
FLW-0004677,VPN-SES-00859,0xa555d6a4,79.53,2827,652641,8206.22,230.86,126.17,64,420,1.533658,0.934799,0.513,WhatsApp
FLW-0004678,VPN-SES-00859,0xa555d6a4,112.46,2682,634641,5643.26,236.63,123.45,64,421,1.218711,1.17418,0.48,WhatsApp
FLW-0004679,VPN-SES-00860,0xc85f0883,58.56,569,796070,13594.09,1399.07,99.9,1249,1514,0.009832,0.024769,0.037,Video_Streaming
FLW-0004680,VPN-SES-00860,0xc85f0883,57.53,487,350674,6095.5,720.07,382.56,146,1293,0.486336,0.575308,0.241,Web_Browsing
FLW-0004681,VPN-SES-00860,0xc85f0883,247.46,9349,12939483,52289.19,1384.05,104.82,1226,1514,0.013613,0.026078,0.03,Video_Streaming
FLW-0004682,VPN-SES-00861,0xf17ee03a,12.85,134,11683,909.18,87.19,8.09,75,99,1.000035,0.00978,0.52,ICMP
FLW-0004683,VPN-SES-00861,0xf17ee03a,74.49,388,96526,1295.82,248.78,125.76,64,437,1.259411,0.961189,0.481,WhatsApp
FLW-0004684,VPN-SES-00861,0xf17ee03a,67.52,1237,127312,1885.55,102.92,18.8,74,131,0.02073,0.003859,0.484,VoIP
FLW-0004685,VPN-SES-00861,0xf17ee03a,30.09,108,80348,2670.26,743.97,392.08,155,1332,0.392655,0.506951,0.29,Web_Browsing
FLW-0004686,VPN-SES-00861,0xf17ee03a,34.72,966,833117,23995.31,862.44,334.52,360,1364,0.655888,0.460676,0.641,Email_IMAP
FLW-0004687,VPN-SES-00861,0xf17ee03a,15.71,121,13310,847.23,110.0,11.5,92,127,1.000807,0.008441,0.485,ICMP
FLW-0004688,VPN-SES-00861,0xf17ee03a,8.49,32,27834,3278.45,869.83,322.0,386,1352,0.705764,0.534922,0.585,Email_IMAP
FLW-0004689,VPN-SES-00862,0x8d9e3bb2,43.44,1366,1193405,27472.49,873.65,317.36,397,1349,0.713136,0.448145,0.684,Email_IMAP
FLW-0004690,VPN-SES-00862,0x8d9e3bb2,255.07,5851,8083507,31691.33,1381.56,104.88,1224,1514,0.013575,0.02581,0.094,Video_Streaming
FLW-0004691,VPN-SES-00862,0x8d9e3bb2,105.22,1311,1816233,17261.29,1385.38,129.8,1190,1514,0.011582,0.024751,0.042,Video_Streaming
FLW-0004692,VPN-SES-00862,0x8d9e3bb2,21.92,502,432237,19718.84,861.03,321.85,378,1343,0.668982,0.453023,0.602,Email_IMAP
FLW-0004693,VPN-SES-00862,0x8d9e3bb2,67.94,615,67293,990.48,109.42,15.0,86,131,0.020685,0.004543,0.498,VoIP
FLW-0004694,VPN-SES-00862,0x8d9e3bb2,185.0,4693,6423309,34720.59,1368.7,109.35,1204,1514,0.019844,0.027497,0.077,Video_Streaming
FLW-0004695,VPN-SES-00863,0x79041328,23.71,198,21690,914.8,109.55,16.32,85,134,0.998271,0.009608,0.484,ICMP
FLW-0004696,VPN-SES-00863,0x79041328,52.72,778,98844,1874.89,127.05,19.28,98,155,0.020454,0.003797,0.541,VoIP
FLW-0004697,VPN-SES-00863,0x79041328,107.26,3332,397074,3701.98,119.17,23.56,83,154,0.020717,0.004446,0.511,VoIP
FLW-0004698,VPN-SES-00863,0x79041328,30.53,103,143152,4688.9,1389.83,123.93,1203,1514,0.013926,0.023176,0.077,Video_Streaming
FLW-0004699,VPN-SES-00863,0x79041328,72.6,1688,201800,2779.61,119.55,1.5,117,121,0.020277,0.004047,0.535,VoIP
FLW-0004700,VPN-SES-00863,0x79041328,244.19,7095,9727245,39834.74,1371.0,97.95,1224,1514,0.012633,0.02595,0.063,Video_Streaming
FLW-0004701,VPN-SES-00864,0x84147301,17.43,128,15392,883.08,120.25,9.45,106,134,0.019917,0.003861,0.532,VoIP
FLW-0004702,VPN-SES-00864,0x84147301,106.51,3249,794542,7459.79,244.55,127.78,64,436,1.684441,1.07042,0.497,WhatsApp
FLW-0004703,VPN-SES-00864,0x84147301,7.2,134,12864,1786.67,96.0,17.05,70,121,1.00013,0.010116,0.496,ICMP
FLW-0004704,VPN-SES-00864,0x84147301,215.09,2081,2876691,13374.36,1382.36,119.6,1202,1514,0.015172,0.02507,0.111,Video_Streaming
FLW-0004705,VPN-SES-00864,0x84147301,136.17,5039,1262168,9269.06,250.48,126.49,64,440,1.172243,1.054348,0.492,WhatsApp
FLW-0004706,VPN-SES-00864,0x84147301,15.17,500,52585,3466.38,105.17,14.87,82,127,0.998358,0.009561,0.465,ICMP
FLW-0004707,VPN-SES-00865,0xcd7177cf,91.6,1239,277449,3028.92,223.93,124.98,64,411,1.460491,1.184853,0.452,WhatsApp
FLW-0004708,VPN-SES-00865,0xcd7177cf,51.64,206,47439,918.65,230.29,115.76,64,403,1.435368,1.019465,0.53,WhatsApp
FLW-0004709,VPN-SES-00865,0xcd7177cf,111.74,4442,554894,4965.94,124.92,16.63,99,149,0.019615,0.003402,0.459,VoIP
FLW-0004710,VPN-SES-00865,0xcd7177cf,42.64,595,423955,9942.66,712.53,374.41,150,1274,0.375062,0.518855,0.295,Web_Browsing
FLW-0004711,VPN-SES-00865,0xcd7177cf,30.19,258,60501,2004.01,234.5,145.48,64,452,1.11179,1.106398,0.473,WhatsApp
FLW-0004712,VPN-SES-00865,0xcd7177cf,21.54,499,45603,2117.13,91.39,1.5,89,93,0.99999,0.009774,0.488,ICMP
FLW-0004713,VPN-SES-00865,0xcd7177cf,112.6,922,96275,855.02,104.42,5.06,96,112,0.019827,0.003839,0.494,VoIP
FLW-0004714,VPN-SES-00866,0x617ec7c8,34.86,601,71338,2046.41,118.7,13.82,97,139,0.019873,0.003659,0.546,VoIP
FLW-0004715,VPN-SES-00866,0x617ec7c8,4.25,100,8840,2080.0,88.4,1.5,86,90,0.998914,0.009259,0.501,ICMP
FLW-0004716,VPN-SES-00866,0x617ec7c8,117.46,2193,3023642,25741.89,1378.77,106.32,1219,1514,0.010937,0.0232,0.072,Video_Streaming
FLW-0004717,VPN-SES-00866,0x617ec7c8,27.71,116,86380,3117.29,744.66,373.0,185,1304,0.479547,0.502247,0.3,Web_Browsing
FLW-0004718,VPN-SES-00867,0x824c5cd0,25.03,613,78684,3143.59,128.36,19.64,98,157,0.019976,0.003826,0.477,VoIP
FLW-0004719,VPN-SES-00867,0x824c5cd0,102.09,2841,3917284,38370.89,1378.84,99.72,1229,1514,0.009773,0.027767,0.063,Video_Streaming
FLW-0004720,VPN-SES-00867,0x824c5cd0,4.34,43,4674,1076.96,108.71,15.76,85,132,0.999734,0.010207,0.491,ICMP
FLW-0004721,VPN-SES-00867,0x824c5cd0,20.17,133,11737,581.9,88.25,1.5,86,90,1.001265,0.010209,0.555,ICMP
FLW-0004722,VPN-SES-00867,0x824c5cd0,14.65,170,18642,1272.49,109.66,1.5,107,111,1.001261,0.009695,0.537,ICMP
FLW-0004723,VPN-SES-00867,0x824c5cd0,8.67,245,22579,2604.27,92.16,1.5,89,94,0.998806,0.009255,0.475,ICMP
FLW-0004724,VPN-SES-00867,0x824c5cd0,41.82,674,575009,13749.62,853.13,326.85,362,1343,0.771233,0.390141,0.658,Email_IMAP
FLW-0004725,VPN-SES-00867,0x824c5cd0,30.68,861,98386,3206.84,114.27,20.78,83,145,0.019008,0.00421,0.44,VoIP
FLW-0004726,VPN-SES-00868,0x34076ed2,141.13,1590,2200194,15589.84,1383.77,112.06,1215,1514,0.012716,0.023163,0.076,Video_Streaming
FLW-0004727,VPN-SES-00868,0x34076ed2,123.0,3968,5494449,44670.32,1384.69,108.32,1222,1514,0.014519,0.024761,0.076,Video_Streaming
FLW-0004728,VPN-SES-00868,0x34076ed2,15.88,120,14218,895.34,118.49,19.73,88,148,0.020345,0.003841,0.463,VoIP
FLW-0004729,VPN-SES-00868,0x34076ed2,197.33,6714,9287543,47066.05,1383.31,119.52,1204,1514,0.013122,0.025795,0.059,Video_Streaming
FLW-0004730,VPN-SES-00868,0x34076ed2,42.97,1214,1054808,24547.54,868.87,318.51,391,1346,0.619362,0.499738,0.604,Email_IMAP
FLW-0004731,VPN-SES-00868,0x34076ed2,10.97,302,32818,2991.61,108.67,12.85,89,127,1.00085,0.008751,0.501,ICMP
FLW-0004732,VPN-SES-00868,0x34076ed2,87.09,458,53851,618.34,117.58,14.03,96,138,0.020086,0.004308,0.486,VoIP
FLW-0004733,VPN-SES-00868,0x34076ed2,7.71,182,17461,2264.72,95.94,2.07,92,99,1.001746,0.009743,0.463,ICMP
FLW-0004734,VPN-SES-00869,0x68904829,14.0,115,25428,1816.29,221.12,132.9,64,420,1.274488,1.17356,0.44,WhatsApp
FLW-0004735,VPN-SES-00869,0x68904829,181.62,4642,6375926,35105.86,1373.53,99.36,1224,1514,0.01363,0.026622,0.07,Video_Streaming
FLW-0004736,VPN-SES-00869,0x68904829,153.74,549,750466,4881.4,1366.97,104.03,1210,1514,0.012879,0.020781,0.053,Video_Streaming
FLW-0004737,VPN-SES-00869,0x68904829,90.96,3235,447076,4915.08,138.2,16.56,113,163,0.019107,0.003757,0.481,VoIP
FLW-0004738,VPN-SES-00869,0x68904829,84.14,688,967107,11494.02,1405.68,123.33,1220,1514,0.014741,0.024142,0.096,Video_Streaming
FLW-0004739,VPN-SES-00869,0x68904829,34.14,1352,1144332,33518.8,846.4,328.61,353,1339,0.712638,0.443189,0.654,Email_IMAP
FLW-0004740,VPN-SES-00870,0x7d5e020f,137.74,2113,495773,3599.34,234.63,119.88,64,414,1.561364,1.090623,0.498,WhatsApp
FLW-0004741,VPN-SES-00870,0x7d5e020f,23.18,818,89980,3881.79,110.0,1.5,107,112,0.999785,0.01157,0.52,ICMP
FLW-0004742,VPN-SES-00870,0x7d5e020f,22.16,786,559317,25239.94,711.6,372.36,153,1270,0.410394,0.463079,0.287,Web_Browsing
FLW-0004743,VPN-SES-00870,0x7d5e020f,116.92,2735,330770,2829.03,120.94,20.23,90,151,0.019496,0.003972,0.438,VoIP
FLW-0004744,VPN-SES-00870,0x7d5e020f,7.73,88,8777,1135.45,99.74,13.4,79,119,0.997863,0.010483,0.482,ICMP
FLW-0004745,VPN-SES-00870,0x7d5e020f,81.22,1058,264108,3251.76,249.63,131.27,64,446,1.466776,1.107131,0.52,WhatsApp
FLW-0004746,VPN-SES-00871,0xea2534f2,10.49,96,9808,934.99,102.17,1.5,99,104,1.000148,0.009631,0.505,ICMP
FLW-0004747,VPN-SES-00871,0xea2534f2,17.92,606,433265,24177.73,714.96,374.59,153,1276,0.464945,0.502789,0.312,Web_Browsing
FLW-0004748,VPN-SES-00871,0xea2534f2,24.12,467,109754,4550.33,235.02,114.15,64,406,1.339961,0.921093,0.492,WhatsApp
FLW-0004749,VPN-SES-00871,0xea2534f2,10.93,183,153703,14062.49,839.91,312.09,371,1308,0.625542,0.519478,0.588,Email_IMAP
FLW-0004750,VPN-SES-00872,0xd1c1ba4f,20.99,400,39260,1870.41,98.15,8.64,85,111,1.002226,0.010778,0.533,ICMP
FLW-0004751,VPN-SES-00872,0xd1c1ba4f,20.45,196,21240,1038.63,108.37,1.5,106,110,1.00054,0.010849,0.471,ICMP
FLW-0004752,VPN-SES-00872,0xd1c1ba4f,104.54,522,716726,6856.0,1373.04,103.57,1217,1514,0.014897,0.024827,0.05,Video_Streaming
FLW-0004753,VPN-SES-00872,0xd1c1ba4f,40.05,917,774516,19338.73,844.62,319.46,365,1323,0.611688,0.46095,0.586,Email_IMAP
FLW-0004754,VPN-SES-00872,0xd1c1ba4f,22.12,320,275881,12472.02,862.13,316.49,387,1336,0.565672,0.390272,0.585,Email_IMAP
FLW-0004755,VPN-SES-00872,0xd1c1ba4f,16.03,510,437335,27282.28,857.52,320.97,376,1338,0.668213,0.46384,0.597,Email_IMAP
FLW-0004756,VPN-SES-00873,0xe472511a,23.82,355,309808,13006.21,872.7,316.46,398,1347,0.680385,0.442613,0.631,Email_IMAP
FLW-0004757,VPN-SES-00873,0xe472511a,63.9,1409,1940798,30372.43,1377.43,113.15,1207,1514,0.011972,0.027035,0.035,Video_Streaming
FLW-0004758,VPN-SES-00873,0xe472511a,49.64,728,508697,10247.72,698.76,372.21,140,1257,0.530169,0.492272,0.283,Web_Browsing
FLW-0004759,VPN-SES-00873,0xe472511a,47.26,952,102206,2162.63,107.36,18.52,79,135,0.019386,0.00365,0.488,VoIP
FLW-0004760,VPN-SES-00873,0xe472511a,19.83,599,61900,3121.53,103.34,8.41,90,115,1.000869,0.008412,0.5,ICMP
FLW-0004761,VPN-SES-00873,0xe472511a,285.82,3041,4189403,14657.49,1377.64,97.74,1231,1514,0.01206,0.024374,0.075,Video_Streaming
FLW-0004762,VPN-SES-00873,0xe472511a,50.31,1404,169841,3375.89,120.97,13.61,100,141,0.020555,0.003112,0.498,VoIP
FLW-0004763,VPN-SES-00874,0x7ecd8788,40.35,260,181698,4503.05,698.84,372.7,139,1257,0.489361,0.43629,0.237,Web_Browsing
FLW-0004764,VPN-SES-00874,0x7ecd8788,25.61,778,115595,4513.67,148.58,7.13,137,159,0.02099,0.003931,0.484,VoIP
FLW-0004765,VPN-SES-00874,0x7ecd8788,24.22,248,214966,8875.56,866.8,330.69,370,1362,0.57264,0.427039,0.645,Email_IMAP
FLW-0004766,VPN-SES-00874,0x7ecd8788,26.57,596,514622,19368.54,863.46,328.82,370,1356,0.68477,0.53137,0.625,Email_IMAP
FLW-0004767,VPN-SES-00874,0x7ecd8788,155.17,330,456277,2940.5,1382.66,112.57,1213,1514,0.011466,0.02712,0.067,Video_Streaming
FLW-0004768,VPN-SES-00875,0xeb6fca27,70.46,1275,165061,2342.62,129.46,25.56,91,167,0.020257,0.004201,0.47,VoIP
FLW-0004769,VPN-SES-00875,0xeb6fca27,36.86,1172,1000184,27134.67,853.4,326.75,363,1343,0.746095,0.362681,0.603,Email_IMAP
FLW-0004770,VPN-SES-00875,0xeb6fca27,119.27,3557,427835,3587.11,120.28,10.97,103,136,0.019506,0.00419,0.547,VoIP
FLW-0004771,VPN-SES-00875,0xeb6fca27,52.64,142,98778,1876.48,695.62,378.64,127,1263,0.484746,0.539011,0.29,Web_Browsing
FLW-0004772,VPN-SES-00875,0xeb6fca27,51.57,1775,1315523,25509.46,741.14,380.23,170,1311,0.548399,0.467682,0.282,Web_Browsing
FLW-0004773,VPN-SES-00875,0xeb6fca27,119.26,1726,182006,1526.13,105.45,25.21,67,143,0.019928,0.004143,0.491,VoIP
FLW-0004774,VPN-SES-00875,0xeb6fca27,31.9,822,104426,3273.54,127.04,21.18,95,158,0.019403,0.003625,0.499,VoIP
FLW-0004775,VPN-SES-00875,0xeb6fca27,15.78,316,230019,14576.62,727.91,394.9,135,1320,0.472724,0.550377,0.232,Web_Browsing
FLW-0004776,VPN-SES-00876,0x250f1ad2,34.19,1102,291104,8514.3,264.16,134.85,64,466,1.391815,1.081883,0.447,WhatsApp
FLW-0004777,VPN-SES-00876,0x250f1ad2,18.99,96,22093,1163.4,230.14,145.28,64,448,1.236814,0.989091,0.459,WhatsApp
FLW-0004778,VPN-SES-00876,0x250f1ad2,74.05,973,1328748,17943.93,1365.62,110.12,1200,1514,0.016083,0.023474,0.019,Video_Streaming
FLW-0004779,VPN-SES-00876,0x250f1ad2,77.44,2409,297511,3841.83,123.5,17.55,97,149,0.020602,0.003818,0.492,VoIP
FLW-0004780,VPN-SES-00877,0xe3fc8621,58.87,2150,2963151,50333.8,1378.21,110.71,1212,1514,0.010528,0.023613,0.01,Video_Streaming
FLW-0004781,VPN-SES-00877,0xe3fc8621,6.08,222,20250,3330.59,91.22,9.72,76,105,1.001275,0.009529,0.539,ICMP
FLW-0004782,VPN-SES-00877,0xe3fc8621,139.53,4823,1155880,8284.1,239.66,119.3,64,418,1.127357,1.234008,0.469,WhatsApp
FLW-0004783,VPN-SES-00878,0x7a3990da,16.95,85,7140,421.24,84.0,1.5,81,86,0.999406,0.010405,0.479,ICMP
FLW-0004784,VPN-SES-00878,0x7a3990da,14.65,129,11011,751.6,85.36,1.5,83,87,1.001865,0.008607,0.481,ICMP
FLW-0004785,VPN-SES-00878,0x7a3990da,30.57,1016,888522,29065.16,874.53,323.95,388,1360,0.662091,0.42082,0.621,Email_IMAP
FLW-0004786,VPN-SES-00878,0x7a3990da,17.47,407,347394,19885.17,853.55,313.12,383,1323,0.577096,0.485284,0.618,Email_IMAP
FLW-0004787,VPN-SES-00878,0x7a3990da,81.01,477,59038,728.77,123.77,19.21,94,152,0.020265,0.003898,0.486,VoIP
FLW-0004788,VPN-SES-00878,0x7a3990da,288.72,6159,8439184,29229.65,1370.22,98.69,1222,1514,0.007792,0.024086,0.012,Video_Streaming
FLW-0004789,VPN-SES-00878,0x7a3990da,121.18,1598,2178729,17979.28,1363.41,118.34,1185,1514,0.012841,0.02387,0.128,Video_Streaming
FLW-0004790,VPN-SES-00878,0x7a3990da,6.51,133,11172,1716.13,84.0,11.8,66,101,0.999833,0.010785,0.503,ICMP
FLW-0004791,VPN-SES-00879,0xfc3115d4,156.35,3715,5043223,32255.98,1357.53,110.76,1191,1514,0.013258,0.01952,0.118,Video_Streaming
FLW-0004792,VPN-SES-00879,0xfc3115d4,59.81,2382,294724,4927.67,123.73,23.38,88,158,0.019301,0.004276,0.533,VoIP
FLW-0004793,VPN-SES-00879,0xfc3115d4,14.75,510,51530,3493.56,101.04,3.93,95,106,0.99866,0.009784,0.485,ICMP
FLW-0004794,VPN-SES-00879,0xfc3115d4,65.04,960,1331385,20470.25,1386.86,103.2,1232,1514,0.014117,0.022903,0.052,Video_Streaming
FLW-0004795,VPN-SES-00879,0xfc3115d4,16.51,635,66922,4053.42,105.39,1.5,103,107,1.000976,0.010553,0.492,ICMP
FLW-0004796,VPN-SES-00879,0xfc3115d4,24.74,306,33660,1360.55,110.0,4.62,103,116,1.001653,0.011793,0.493,ICMP
FLW-0004797,VPN-SES-00879,0xfc3115d4,93.37,680,168463,1804.25,247.74,124.9,64,435,1.229586,1.078499,0.439,WhatsApp
FLW-0004798,VPN-SES-00879,0xfc3115d4,12.12,197,167203,13795.63,848.75,324.73,361,1335,0.615329,0.481973,0.629,Email_IMAP
FLW-0004799,VPN-SES-00880,0xe6667ba8,19.18,600,66000,3441.08,110.0,8.19,97,122,1.001671,0.010402,0.509,ICMP
FLW-0004800,VPN-SES-00880,0xe6667ba8,48.14,1049,769945,15993.87,733.98,385.35,155,1312,0.465755,0.510283,0.296,Web_Browsing
FLW-0004801,VPN-SES-00880,0xe6667ba8,5.29,53,45152,8535.35,851.94,314.29,380,1323,0.746215,0.533899,0.592,Email_IMAP
FLW-0004802,VPN-SES-00881,0xb6bdaf11,5.56,109,92864,16702.16,851.97,329.14,358,1345,0.686013,0.480439,0.647,Email_IMAP
FLW-0004803,VPN-SES-00881,0xb6bdaf11,31.42,845,724257,23050.83,857.11,322.64,373,1341,0.667023,0.411368,0.629,Email_IMAP
FLW-0004804,VPN-SES-00881,0xb6bdaf11,18.45,502,439174,23803.47,874.85,317.33,398,1350,0.660298,0.459302,0.611,Email_IMAP
FLW-0004805,VPN-SES-00881,0xb6bdaf11,26.91,1019,741954,27571.68,728.12,374.56,166,1289,0.549948,0.53131,0.252,Web_Browsing
FLW-0004806,VPN-SES-00881,0xb6bdaf11,55.84,1923,269950,4834.35,140.38,19.34,111,169,0.019566,0.004442,0.515,VoIP
FLW-0004807,VPN-SES-00881,0xb6bdaf11,18.34,103,8652,471.76,84.0,1.5,81,86,1.000419,0.00784,0.503,ICMP
FLW-0004808,VPN-SES-00882,0x7fdab002,8.02,75,54142,6750.87,721.9,370.53,166,1277,0.470298,0.500373,0.244,Web_Browsing
FLW-0004809,VPN-SES-00882,0x7fdab002,162.09,1513,379808,2343.19,251.03,136.7,64,456,1.352193,1.078156,0.502,WhatsApp
FLW-0004810,VPN-SES-00882,0x7fdab002,22.36,535,127110,5684.7,237.59,114.55,65,409,1.480345,1.010541,0.468,WhatsApp
FLW-0004811,VPN-SES-00883,0xfd809b95,219.76,2282,3189072,14511.61,1397.49,108.93,1234,1514,0.012007,0.026274,0.075,Video_Streaming
FLW-0004812,VPN-SES-00883,0xfd809b95,26.07,279,236862,9085.62,848.97,319.52,369,1328,0.65244,0.462241,0.629,Email_IMAP
FLW-0004813,VPN-SES-00883,0xfd809b95,9.62,296,263750,27416.84,891.05,310.59,425,1356,0.716156,0.503252,0.635,Email_IMAP
FLW-0004814,VPN-SES-00883,0xfd809b95,32.69,516,367495,11241.82,712.2,393.32,122,1302,0.285601,0.465837,0.315,Web_Browsing
FLW-0004815,VPN-SES-00883,0xfd809b95,16.07,141,16293,1013.88,115.56,30.77,69,161,0.019093,0.003555,0.484,VoIP
FLW-0004816,VPN-SES-00884,0xcd143f78,11.66,436,44912,3851.8,103.01,2.22,99,106,0.999264,0.01142,0.545,ICMP
FLW-0004817,VPN-SES-00884,0xcd143f78,15.55,428,39816,2560.51,93.03,1.5,90,95,0.996764,0.010239,0.52,ICMP
FLW-0004818,VPN-SES-00884,0xcd143f78,10.11,385,38022,3760.83,98.76,3.43,93,103,0.998793,0.010655,0.55,ICMP
FLW-0004819,VPN-SES-00884,0xcd143f78,92.39,2700,3654180,39551.68,1353.4,109.38,1189,1514,0.008361,0.021274,0.026,Video_Streaming
FLW-0004820,VPN-SES-00884,0xcd143f78,17.8,598,433286,24341.91,724.56,383.24,149,1299,0.559522,0.500439,0.227,Web_Browsing
FLW-0004821,VPN-SES-00884,0xcd143f78,24.81,382,44747,1803.59,117.14,6.91,106,127,0.019276,0.004232,0.506,VoIP
FLW-0004822,VPN-SES-00885,0x145f1770,48.61,602,76484,1573.42,127.05,15.14,104,149,0.020474,0.003835,0.534,VoIP
FLW-0004823,VPN-SES-00885,0x145f1770,17.82,148,127892,7176.88,864.14,318.34,386,1341,0.664316,0.449196,0.668,Email_IMAP
FLW-0004824,VPN-SES-00885,0x145f1770,177.42,979,1353908,7631.09,1382.95,109.99,1217,1514,0.011106,0.027108,0.081,Video_Streaming
FLW-0004825,VPN-SES-00885,0x145f1770,164.29,3027,716521,4361.32,236.71,120.75,64,417,1.251175,1.079742,0.52,WhatsApp
FLW-0004826,VPN-SES-00885,0x145f1770,29.07,820,95940,3300.31,117.0,13.25,97,136,0.018944,0.004605,0.517,VoIP
FLW-0004827,VPN-SES-00885,0x145f1770,24.41,148,128693,5272.14,869.55,327.69,378,1361,0.638881,0.453807,0.665,Email_IMAP
FLW-0004828,VPN-SES-00886,0x6763c5c0,13.21,177,42860,3244.51,242.15,134.7,64,444,1.543641,1.170722,0.476,WhatsApp
FLW-0004829,VPN-SES-00886,0x6763c5c0,28.93,814,585746,20247.01,719.59,386.22,140,1298,0.5082,0.558412,0.297,Web_Browsing
FLW-0004830,VPN-SES-00886,0x6763c5c0,28.26,1003,729341,25808.24,727.16,376.43,162,1291,0.406414,0.539032,0.263,Web_Browsing
FLW-0004831,VPN-SES-00886,0x6763c5c0,34.03,801,192039,5643.23,239.75,141.03,64,451,1.601394,1.133197,0.471,WhatsApp
FLW-0004832,VPN-SES-00886,0x6763c5c0,61.36,233,27615,450.05,118.52,24.94,81,155,0.019978,0.003777,0.536,VoIP
FLW-0004833,VPN-SES-00886,0x6763c5c0,44.61,1782,431564,9674.15,242.18,125.38,64,430,1.479025,1.206834,0.45,WhatsApp
FLW-0004834,VPN-SES-00886,0x6763c5c0,23.02,416,356757,15497.7,857.59,318.03,380,1334,0.680529,0.47844,0.603,Email_IMAP
FLW-0004835,VPN-SES-00886,0x6763c5c0,146.94,5636,1251699,8518.44,222.09,138.25,64,429,1.215209,1.12983,0.476,WhatsApp
FLW-0004836,VPN-SES-00887,0x8b0e2102,96.51,3832,467312,4842.11,121.95,31.21,75,168,0.021823,0.003347,0.53,VoIP
FLW-0004837,VPN-SES-00887,0x8b0e2102,60.41,418,99538,1647.71,238.13,138.38,64,445,1.557948,1.255072,0.489,WhatsApp
FLW-0004838,VPN-SES-00887,0x8b0e2102,32.68,729,517101,15823.16,709.33,387.42,128,1290,0.45885,0.488308,0.266,Web_Browsing
FLW-0004839,VPN-SES-00887,0x8b0e2102,13.64,212,23320,1709.68,110.0,16.83,84,135,0.998207,0.010622,0.489,ICMP
FLW-0004840,VPN-SES-00887,0x8b0e2102,18.47,612,136102,7368.81,222.39,131.18,64,419,1.262532,0.926447,0.457,WhatsApp
FLW-0004841,VPN-SES-00887,0x8b0e2102,119.73,3470,4745814,39637.63,1367.67,104.83,1210,1514,0.007028,0.024012,0.039,Video_Streaming
FLW-0004842,VPN-SES-00887,0x8b0e2102,15.09,181,18554,1229.56,102.51,8.75,89,115,1.00039,0.009765,0.492,ICMP
FLW-0004843,VPN-SES-00888,0xf4bc9bef,126.14,1430,328842,2606.96,229.96,123.5,64,415,1.516095,0.906433,0.478,WhatsApp
FLW-0004844,VPN-SES-00888,0xf4bc9bef,170.75,6127,1446707,8472.66,236.12,134.79,64,438,1.164873,1.101373,0.49,WhatsApp
FLW-0004845,VPN-SES-00888,0xf4bc9bef,284.63,3980,5401417,18976.98,1357.14,101.41,1205,1509,0.011656,0.026285,0.065,Video_Streaming
FLW-0004846,VPN-SES-00888,0xf4bc9bef,15.52,441,46185,2975.84,104.73,1.5,102,106,0.997617,0.010085,0.463,ICMP
FLW-0004847,VPN-SES-00888,0xf4bc9bef,80.99,727,166933,2061.16,229.62,137.46,64,435,1.431201,1.037504,0.459,WhatsApp
FLW-0004848,VPN-SES-00888,0xf4bc9bef,38.21,522,379728,9937.92,727.45,381.7,154,1300,0.358908,0.402609,0.336,Web_Browsing
FLW-0004849,VPN-SES-00888,0xf4bc9bef,21.68,559,472539,21796.08,845.33,324.22,359,1331,0.751972,0.456642,0.602,Email_IMAP
FLW-0004850,VPN-SES-00888,0xf4bc9bef,113.25,3555,792373,6996.67,222.89,118.48,64,400,1.462155,1.259607,0.468,WhatsApp
FLW-0004851,VPN-SES-00889,0xf55b116e,11.03,211,19270,1747.05,91.33,9.58,76,105,0.998971,0.010274,0.501,ICMP
FLW-0004852,VPN-SES-00889,0xf55b116e,100.12,1620,2227645,22249.75,1375.09,109.88,1210,1514,0.018612,0.026511,0.093,Video_Streaming
FLW-0004853,VPN-SES-00889,0xf55b116e,87.17,2647,288470,3309.28,108.98,26.77,68,149,0.020383,0.0034,0.516,VoIP
FLW-0004854,VPN-SES-00890,0xd5a1faa6,214.09,6472,8891492,41531.56,1373.84,97.63,1227,1514,0.012487,0.026348,0.065,Video_Streaming
FLW-0004855,VPN-SES-00890,0xd5a1faa6,27.63,173,124333,4499.93,718.69,377.36,152,1284,0.634994,0.440872,0.306,Web_Browsing
FLW-0004856,VPN-SES-00890,0xd5a1faa6,13.95,501,49193,3526.38,98.19,1.5,95,100,0.999927,0.008607,0.482,ICMP
FLW-0004857,VPN-SES-00890,0xd5a1faa6,130.82,3081,737714,5639.15,239.44,117.59,64,415,1.483553,0.993986,0.436,WhatsApp
FLW-0004858,VPN-SES-00890,0xd5a1faa6,13.73,105,74238,5406.99,707.03,397.41,110,1303,0.301645,0.521806,0.257,Web_Browsing
FLW-0004859,VPN-SES-00891,0xa631be62,8.33,46,4314,517.89,93.8,8.83,80,107,1.000832,0.009319,0.459,ICMP
FLW-0004860,VPN-SES-00891,0xa631be62,7.7,90,9492,1232.73,105.47,8.42,92,118,0.999573,0.010442,0.487,ICMP
FLW-0004861,VPN-SES-00891,0xa631be62,27.56,208,47856,1736.43,230.08,130.03,64,425,1.48564,1.134018,0.495,WhatsApp
FLW-0004862,VPN-SES-00891,0xa631be62,151.12,5637,1301414,8611.79,230.87,142.66,64,444,1.343507,1.086919,0.44,WhatsApp
FLW-0004863,VPN-SES-00891,0xa631be62,82.41,658,156386,1897.66,237.67,134.26,64,439,1.525814,1.271813,0.496,WhatsApp
FLW-0004864,VPN-SES-00891,0xa631be62,28.12,392,95381,3391.93,243.32,126.43,64,432,1.290813,1.206727,0.509,WhatsApp
FLW-0004865,VPN-SES-00892,0x1ea5102b,283.8,7527,10290011,36257.97,1367.08,115.78,1193,1514,0.014439,0.022215,0.076,Video_Streaming
FLW-0004866,VPN-SES-00892,0x1ea5102b,4.32,157,133043,30796.99,847.41,300.57,396,1298,0.639193,0.461602,0.617,Email_IMAP
FLW-0004867,VPN-SES-00892,0x1ea5102b,80.54,899,1271554,15787.86,1414.41,113.03,1244,1514,0.012552,0.026074,0.047,Video_Streaming
FLW-0004868,VPN-SES-00892,0x1ea5102b,12.68,316,34491,2720.11,109.15,6.89,98,119,1.000473,0.009376,0.453,ICMP
FLW-0004869,VPN-SES-00892,0x1ea5102b,4.57,77,65756,14388.62,853.98,322.26,370,1337,0.619983,0.463128,0.613,Email_IMAP
FLW-0004870,VPN-SES-00893,0x3f33d653,57.01,908,113654,1993.58,125.17,10.19,109,140,0.020116,0.003744,0.454,VoIP
FLW-0004871,VPN-SES-00893,0x3f33d653,160.81,643,153046,951.72,238.02,142.29,64,451,1.159335,1.113133,0.504,WhatsApp
FLW-0004872,VPN-SES-00893,0x3f33d653,42.69,152,113635,2661.86,747.6,376.06,183,1311,0.4026,0.441665,0.314,Web_Browsing
FLW-0004873,VPN-SES-00893,0x3f33d653,37.08,501,355504,9587.49,709.59,377.04,144,1275,0.31133,0.544199,0.315,Web_Browsing
FLW-0004874,VPN-SES-00894,0x3f4bc0ce,83.65,1156,289173,3456.94,250.15,117.16,74,425,1.50018,0.916006,0.482,WhatsApp
FLW-0004875,VPN-SES-00894,0x3f4bc0ce,4.22,64,55197,13079.86,862.46,322.48,378,1346,0.686088,0.449638,0.561,Email_IMAP
FLW-0004876,VPN-SES-00894,0x3f4bc0ce,5.33,111,96172,18043.53,866.42,320.78,385,1347,0.589073,0.379377,0.666,Email_IMAP
FLW-0004877,VPN-SES-00894,0x3f4bc0ce,19.31,198,145486,7534.23,734.78,385.65,156,1313,0.399278,0.37415,0.303,Web_Browsing
FLW-0004878,VPN-SES-00894,0x3f4bc0ce,38.87,1331,964176,24805.15,724.4,377.0,158,1289,0.53436,0.5424,0.285,Web_Browsing
FLW-0004879,VPN-SES-00895,0xe14fc8aa,39.31,405,348470,8864.67,860.42,320.41,379,1341,0.695896,0.411414,0.633,Email_IMAP
FLW-0004880,VPN-SES-00895,0xe14fc8aa,8.83,215,182524,20670.89,848.95,330.69,352,1344,0.685919,0.41903,0.622,Email_IMAP
FLW-0004881,VPN-SES-00895,0xe14fc8aa,123.98,638,873900,7048.72,1369.75,122.03,1186,1514,0.018086,0.026741,0.107,Video_Streaming
FLW-0004882,VPN-SES-00895,0xe14fc8aa,58.62,1875,1353412,23087.89,721.82,386.11,142,1300,0.541854,0.499713,0.282,Web_Browsing
FLW-0004883,VPN-SES-00896,0x1f3b5f06,188.79,2546,3541995,18761.56,1391.2,115.17,1218,1514,0.009167,0.019533,0.055,Video_Streaming
FLW-0004884,VPN-SES-00896,0x1f3b5f06,34.71,1269,1059411,30521.78,834.84,312.07,366,1302,0.590986,0.424411,0.645,Email_IMAP
FLW-0004885,VPN-SES-00896,0x1f3b5f06,6.29,197,144292,22939.9,732.45,384.07,156,1308,0.497438,0.532806,0.205,Web_Browsing
FLW-0004886,VPN-SES-00896,0x1f3b5f06,68.09,2372,284924,4184.52,120.12,3.63,114,125,0.020305,0.003163,0.495,VoIP
FLW-0004887,VPN-SES-00896,0x1f3b5f06,61.23,133,32793,535.57,246.57,121.06,64,428,1.558683,1.155728,0.491,WhatsApp
FLW-0004888,VPN-SES-00897,0x7b2fa6bc,43.35,437,379482,8753.91,868.38,317.13,392,1344,0.660255,0.450452,0.62,Email_IMAP
FLW-0004889,VPN-SES-00897,0x7b2fa6bc,5.9,58,49412,8374.92,851.94,310.06,386,1317,0.627262,0.432362,0.598,Email_IMAP
FLW-0004890,VPN-SES-00897,0x7b2fa6bc,109.93,2670,347687,3162.8,130.22,8.62,117,143,0.019897,0.004467,0.527,VoIP
FLW-0004891,VPN-SES-00898,0xf1d26681,76.79,840,1171464,15255.42,1394.6,105.27,1236,1514,0.014941,0.022343,0.052,Video_Streaming
FLW-0004892,VPN-SES-00898,0xf1d26681,126.53,586,807402,6381.11,1377.82,105.39,1219,1514,0.010643,0.023767,0.031,Video_Streaming
FLW-0004893,VPN-SES-00898,0xf1d26681,248.59,5926,8238799,33142.12,1390.28,108.54,1227,1514,0.012755,0.025409,0.062,Video_Streaming
FLW-0004894,VPN-SES-00898,0xf1d26681,51.94,224,161528,3109.9,721.11,377.56,154,1287,0.55638,0.538037,0.281,Web_Browsing
FLW-0004895,VPN-SES-00899,0x2d0fc8c2,37.15,657,561498,15114.35,854.64,319.05,376,1333,0.678189,0.517497,0.579,Email_IMAP
FLW-0004896,VPN-SES-00899,0x2d0fc8c2,20.45,678,71813,3511.64,105.92,13.01,86,125,0.99777,0.009819,0.468,ICMP
FLW-0004897,VPN-SES-00899,0x2d0fc8c2,233.86,4490,6219413,26594.6,1385.17,107.13,1224,1514,0.011512,0.023972,0.082,Video_Streaming
FLW-0004898,VPN-SES-00899,0x2d0fc8c2,266.29,5357,7407391,27817.01,1382.75,111.85,1214,1514,0.012602,0.026431,0.052,Video_Streaming
FLW-0004899,VPN-SES-00899,0x2d0fc8c2,136.41,1609,2253259,16518.28,1400.41,100.12,1250,1514,0.005528,0.020478,0.01,Video_Streaming
FLW-0004900,VPN-SES-00899,0x2d0fc8c2,21.5,50,43404,2018.79,868.08,324.41,381,1354,0.731525,0.402451,0.642,Email_IMAP
FLW-0004901,VPN-SES-00899,0x2d0fc8c2,5.09,154,132544,26040.08,860.68,321.33,378,1342,0.69223,0.415967,0.698,Email_IMAP
FLW-0004902,VPN-SES-00900,0xcf228ef3,142.61,5187,1327768,9310.48,255.98,125.75,67,444,1.220028,1.090331,0.485,WhatsApp
FLW-0004903,VPN-SES-00900,0xcf228ef3,63.22,674,170380,2695.03,252.79,120.65,71,433,1.447105,0.931808,0.493,WhatsApp
FLW-0004904,VPN-SES-00900,0xcf228ef3,27.38,551,65409,2388.93,118.71,33.49,68,168,0.019072,0.004548,0.449,VoIP
FLW-0004905,VPN-SES-00901,0x8f14ebb6,74.47,1983,206370,2771.18,104.07,4.58,97,110,0.02015,0.003531,0.46,VoIP
FLW-0004906,VPN-SES-00901,0x8f14ebb6,39.22,278,200835,5120.73,722.43,383.61,147,1297,0.452989,0.491889,0.335,Web_Browsing
FLW-0004907,VPN-SES-00901,0x8f14ebb6,9.43,220,189585,20104.45,861.75,326.45,372,1351,0.659647,0.400596,0.636,Email_IMAP
FLW-0004908,VPN-SES-00901,0x8f14ebb6,22.92,279,64764,2825.65,232.13,129.27,64,426,1.450391,0.886444,0.432,WhatsApp
FLW-0004909,VPN-SES-00901,0x8f14ebb6,65.57,1081,141513,2158.2,130.91,12.69,111,149,0.01963,0.004067,0.488,VoIP
FLW-0004910,VPN-SES-00901,0x8f14ebb6,12.42,240,24722,1990.5,103.01,3.59,97,108,1.000298,0.009298,0.506,ICMP
FLW-0004911,VPN-SES-00901,0x8f14ebb6,31.04,371,272039,8764.14,733.26,375.46,170,1296,0.518649,0.497422,0.302,Web_Browsing
FLW-0004912,VPN-SES-00901,0x8f14ebb6,21.91,687,68390,3121.41,99.55,3.73,93,105,1.000525,0.011214,0.507,ICMP
FLW-0004913,VPN-SES-00902,0xfaf590ed,74.96,797,100214,1336.9,125.74,15.05,103,148,0.020943,0.004256,0.502,VoIP
FLW-0004914,VPN-SES-00902,0xfaf590ed,19.58,584,56373,2879.11,96.53,11.82,78,114,0.999091,0.008217,0.502,ICMP
FLW-0004915,VPN-SES-00902,0xfaf590ed,22.35,184,135107,6045.06,734.28,392.73,145,1323,0.441953,0.502179,0.296,Web_Browsing
FLW-0004916,VPN-SES-00903,0x553e50e0,57.1,544,748995,13117.25,1376.83,114.13,1205,1514,0.01168,0.027528,0.082,Video_Streaming
FLW-0004917,VPN-SES-00903,0x553e50e0,18.08,86,62755,3470.96,729.72,378.36,162,1297,0.594445,0.524196,0.287,Web_Browsing
FLW-0004918,VPN-SES-00903,0x553e50e0,38.91,1070,910430,23398.36,850.87,319.22,372,1329,0.657721,0.414555,0.611,Email_IMAP
FLW-0004919,VPN-SES-00903,0x553e50e0,22.9,188,161305,7043.89,858.01,320.45,377,1338,0.531017,0.443913,0.609,Email_IMAP
FLW-0004920,VPN-SES-00903,0x553e50e0,30.64,320,230320,7516.97,719.75,388.28,137,1302,0.60393,0.533919,0.243,Web_Browsing
FLW-0004921,VPN-SES-00903,0x553e50e0,43.08,600,429516,9970.19,715.86,384.77,138,1293,0.486247,0.549366,0.277,Web_Browsing
FLW-0004922,VPN-SES-00903,0x553e50e0,71.4,524,720835,10095.73,1375.64,124.02,1189,1514,0.01222,0.022458,0.104,Video_Streaming
FLW-0004923,VPN-SES-00903,0x553e50e0,26.36,777,654272,24820.64,842.05,292.04,403,1280,0.701934,0.490982,0.632,Email_IMAP
FLW-0004924,VPN-SES-00904,0xe1924b21,23.81,89,75148,3156.15,844.37,319.53,365,1323,0.631224,0.425822,0.662,Email_IMAP
FLW-0004925,VPN-SES-00904,0xe1924b21,93.76,1752,398474,4249.94,227.44,132.53,64,426,1.597018,1.141959,0.517,WhatsApp
FLW-0004926,VPN-SES-00904,0xe1924b21,12.13,130,112678,9289.2,866.76,323.43,381,1351,0.674761,0.477605,0.608,Email_IMAP
FLW-0004927,VPN-SES-00904,0xe1924b21,234.54,7514,10251951,43710.89,1364.38,117.63,1187,1514,0.016357,0.02563,0.044,Video_Streaming
FLW-0004928,VPN-SES-00904,0xe1924b21,10.24,336,235640,23011.72,701.31,380.69,130,1272,0.348829,0.425551,0.279,Web_Browsing
FLW-0004929,VPN-SES-00905,0x1ea20640,25.75,900,765747,29737.75,850.83,322.76,366,1334,0.639248,0.422701,0.569,Email_IMAP
FLW-0004930,VPN-SES-00905,0x1ea20640,15.37,358,31421,2044.31,87.77,1.5,85,90,0.998162,0.009671,0.466,ICMP
FLW-0004931,VPN-SES-00905,0x1ea20640,13.18,432,41489,3147.88,96.04,5.92,87,104,0.998761,0.010425,0.459,ICMP
FLW-0004932,VPN-SES-00905,0x1ea20640,32.95,417,94513,2868.38,226.65,129.09,64,420,1.513362,1.195414,0.528,WhatsApp
FLW-0004933,VPN-SES-00905,0x1ea20640,92.66,1275,147237,1589.0,115.48,16.98,90,140,0.01938,0.003498,0.507,VoIP
FLW-0004934,VPN-SES-00905,0x1ea20640,91.98,2880,664387,7223.17,230.69,139.86,64,440,1.158706,1.153499,0.45,WhatsApp
FLW-0004935,VPN-SES-00905,0x1ea20640,35.94,813,691171,19231.25,850.15,324.31,363,1336,0.604378,0.42679,0.596,Email_IMAP
FLW-0004936,VPN-SES-00905,0x1ea20640,55.82,1417,1050592,18821.07,741.42,375.06,178,1304,0.453866,0.489904,0.287,Web_Browsing
FLW-0004937,VPN-SES-00906,0xccb37ddd,20.71,691,62618,3023.56,90.62,2.39,87,94,1.000591,0.009137,0.533,ICMP
FLW-0004938,VPN-SES-00906,0xccb37ddd,38.56,691,175672,4555.81,254.23,134.85,64,456,1.41153,0.771034,0.493,WhatsApp
FLW-0004939,VPN-SES-00906,0xccb37ddd,39.26,920,216476,5513.91,235.3,128.03,64,427,1.086933,1.154295,0.437,WhatsApp
FLW-0004940,VPN-SES-00906,0xccb37ddd,189.03,2441,3372046,17838.68,1381.42,117.24,1205,1514,0.01024,0.02804,0.038,Video_Streaming
FLW-0004941,VPN-SES-00906,0xccb37ddd,204.45,1150,1595291,7802.84,1387.21,99.56,1237,1514,0.015867,0.02719,0.074,Video_Streaming
FLW-0004942,VPN-SES-00907,0xe9e07cbd,12.77,112,10447,818.09,93.28,1.5,91,95,0.999414,0.01111,0.504,ICMP
FLW-0004943,VPN-SES-00907,0xe9e07cbd,13.31,94,7896,593.24,84.0,1.5,81,86,1.00188,0.010488,0.463,ICMP
FLW-0004944,VPN-SES-00907,0xe9e07cbd,77.75,1229,268917,3458.74,218.81,125.0,64,406,1.094526,1.082858,0.554,WhatsApp
FLW-0004945,VPN-SES-00907,0xe9e07cbd,50.54,208,145774,2884.33,700.84,378.51,133,1268,0.548394,0.537454,0.276,Web_Browsing
FLW-0004946,VPN-SES-00907,0xe9e07cbd,18.81,235,201686,10722.28,858.24,310.75,392,1324,0.631933,0.460955,0.653,Email_IMAP
FLW-0004947,VPN-SES-00907,0xe9e07cbd,48.02,1808,2481588,51678.22,1372.56,108.48,1209,1514,0.00844,0.025563,0.084,Video_Streaming
FLW-0004948,VPN-SES-00907,0xe9e07cbd,40.59,119,86579,2133.01,727.56,370.64,171,1283,0.461015,0.466134,0.31,Web_Browsing
FLW-0004949,VPN-SES-00907,0xe9e07cbd,8.86,55,5283,596.28,96.06,1.5,93,98,0.99967,0.010458,0.507,ICMP
FLW-0004950,VPN-SES-00908,0x1cc664cb,114.71,2049,233299,2033.82,113.86,13.32,93,133,0.019407,0.003842,0.474,VoIP
FLW-0004951,VPN-SES-00908,0x1cc664cb,154.87,6001,1510091,9750.7,251.64,122.79,67,435,1.420177,1.105973,0.508,WhatsApp
FLW-0004952,VPN-SES-00908,0x1cc664cb,59.09,205,27279,461.65,133.07,23.57,97,168,0.020212,0.003581,0.468,VoIP
FLW-0004953,VPN-SES-00909,0xfe8819c9,157.95,3517,808382,5117.96,229.85,136.02,64,433,1.412099,1.195552,0.51,WhatsApp
FLW-0004954,VPN-SES-00909,0xfe8819c9,17.01,572,406857,23918.69,711.29,380.26,140,1281,0.449025,0.483611,0.264,Web_Browsing
FLW-0004955,VPN-SES-00909,0xfe8819c9,23.73,57,6270,264.22,110.0,4.42,103,116,1.00002,0.009197,0.52,ICMP
FLW-0004956,VPN-SES-00909,0xfe8819c9,75.11,1084,117006,1557.8,107.94,21.64,75,140,0.020289,0.003835,0.51,VoIP
FLW-0004957,VPN-SES-00909,0xfe8819c9,39.49,633,153331,3882.78,242.23,129.69,64,436,1.402136,1.106796,0.484,WhatsApp
FLW-0004958,VPN-SES-00909,0xfe8819c9,25.32,895,215444,8508.85,240.72,121.17,64,422,1.374885,1.129144,0.483,WhatsApp
FLW-0004959,VPN-SES-00910,0x7cf4d2fd,44.19,979,716089,16204.77,731.45,384.96,154,1308,0.384719,0.491669,0.271,Web_Browsing
FLW-0004960,VPN-SES-00910,0x7cf4d2fd,12.55,127,91433,7285.5,719.95,379.98,149,1289,0.495864,0.508866,0.317,Web_Browsing
FLW-0004961,VPN-SES-00910,0x7cf4d2fd,6.08,101,10189,1675.82,100.89,1.5,98,103,0.999299,0.010604,0.452,ICMP
FLW-0004962,VPN-SES-00910,0x7cf4d2fd,54.5,1287,905854,16621.17,703.85,380.09,133,1273,0.521319,0.565352,0.273,Web_Browsing
FLW-0004963,VPN-SES-00910,0x7cf4d2fd,111.12,1832,243161,2188.27,132.73,18.58,104,160,0.019081,0.003997,0.481,VoIP
FLW-0004964,VPN-SES-00911,0x85b3452a,38.24,444,324572,8487.76,731.02,379.79,161,1300,0.354157,0.425014,0.279,Web_Browsing
FLW-0004965,VPN-SES-00911,0x85b3452a,43.96,655,544278,12381.21,830.96,315.85,357,1304,0.665595,0.402434,0.65,Email_IMAP
FLW-0004966,VPN-SES-00911,0x85b3452a,147.5,4172,1060897,7192.52,254.29,121.87,71,437,1.350823,1.209416,0.48,WhatsApp
FLW-0004967,VPN-SES-00911,0x85b3452a,52.21,308,216607,4148.76,703.27,378.85,134,1271,0.38603,0.55541,0.298,Web_Browsing
FLW-0004968,VPN-SES-00912,0x92f8065a,107.63,1390,161559,1501.06,116.23,19.14,87,144,0.019215,0.003698,0.547,VoIP
FLW-0004969,VPN-SES-00912,0x92f8065a,12.99,182,156636,12058.2,860.64,327.44,369,1351,0.665661,0.509143,0.56,Email_IMAP
FLW-0004970,VPN-SES-00912,0x92f8065a,47.43,253,181588,3828.55,717.74,393.16,128,1307,0.521713,0.566269,0.28,Web_Browsing
FLW-0004971,VPN-SES-00912,0x92f8065a,38.6,627,146435,3793.65,233.55,121.78,64,416,1.219007,1.188777,0.495,WhatsApp
FLW-0004972,VPN-SES-00913,0x6868e32a,53.08,1688,1214009,22871.31,719.2,384.07,143,1295,0.460684,0.548111,0.309,Web_Browsing
FLW-0004973,VPN-SES-00913,0x6868e32a,19.16,268,227052,11850.31,847.21,322.19,363,1330,0.537351,0.455986,0.638,Email_IMAP
FLW-0004974,VPN-SES-00913,0x6868e32a,153.15,1426,319766,2087.93,224.24,126.67,64,414,1.401572,1.125731,0.472,WhatsApp
FLW-0004975,VPN-SES-00913,0x6868e32a,105.1,379,85627,814.72,225.93,129.57,64,420,1.12738,1.074409,0.467,WhatsApp
FLW-0004976,VPN-SES-00914,0x57e75b71,17.49,379,272269,15567.12,718.39,375.53,155,1281,0.336924,0.481683,0.308,Web_Browsing
FLW-0004977,VPN-SES-00914,0x57e75b71,22.6,538,59180,2618.58,110.0,23.51,74,145,1.002537,0.008803,0.488,ICMP
FLW-0004978,VPN-SES-00914,0x57e75b71,23.82,225,21989,923.13,97.73,3.32,92,102,1.000104,0.012408,0.468,ICMP
FLW-0004979,VPN-SES-00914,0x57e75b71,56.04,1252,139522,2489.69,111.44,31.15,64,158,0.01963,0.004157,0.531,VoIP
FLW-0004980,VPN-SES-00914,0x57e75b71,116.75,364,504445,4320.73,1385.84,111.53,1218,1514,0.01552,0.022767,0.045,Video_Streaming
FLW-0004981,VPN-SES-00914,0x57e75b71,76.06,1054,133257,1752.0,126.43,1.5,124,128,0.02085,0.004121,0.505,VoIP
FLW-0004982,VPN-SES-00914,0x57e75b71,100.72,1273,280607,2786.01,220.43,119.71,64,399,1.334234,1.188817,0.418,WhatsApp
FLW-0004983,VPN-SES-00915,0xbc05ad5c,16.68,85,62004,3717.27,729.46,377.12,163,1295,0.433243,0.51268,0.288,Web_Browsing
FLW-0004984,VPN-SES-00915,0xbc05ad5c,133.72,941,217794,1628.73,231.45,135.0,64,433,1.017299,1.050454,0.485,WhatsApp
FLW-0004985,VPN-SES-00915,0xbc05ad5c,34.85,788,674417,19351.99,855.86,305.38,397,1313,0.701167,0.393823,0.618,Email_IMAP
FLW-0004986,VPN-SES-00915,0xbc05ad5c,53.59,955,230957,4309.7,241.84,130.16,64,437,1.592887,1.094141,0.493,WhatsApp
FLW-0004987,VPN-SES-00915,0xbc05ad5c,32.33,858,205345,6351.53,239.33,134.9,64,441,1.629927,1.11513,0.503,WhatsApp
FLW-0004988,VPN-SES-00916,0xd148e224,49.91,1627,1199847,24040.21,737.46,390.86,151,1323,0.421103,0.551822,0.287,Web_Browsing
FLW-0004989,VPN-SES-00916,0xd148e224,27.42,176,153720,5606.13,873.41,324.55,386,1360,0.668608,0.469529,0.628,Email_IMAP
FLW-0004990,VPN-SES-00916,0xd148e224,152.26,6003,8305330,54547.02,1383.53,108.73,1220,1514,0.011056,0.029408,0.074,Video_Streaming
FLW-0004991,VPN-SES-00916,0xd148e224,185.75,1272,1746608,9403.0,1373.12,107.78,1211,1514,0.015961,0.02316,0.016,Video_Streaming
FLW-0004992,VPN-SES-00916,0xd148e224,96.59,1454,149907,1551.99,103.1,4.17,96,109,0.019221,0.003528,0.542,VoIP
FLW-0004993,VPN-SES-00916,0xd148e224,7.26,246,176984,24377.96,719.45,377.09,153,1285,0.341744,0.492844,0.228,Web_Browsing
FLW-0004994,VPN-SES-00916,0xd148e224,21.67,618,57826,2668.48,93.57,20.52,64,124,1.000996,0.00979,0.521,ICMP
FLW-0004995,VPN-SES-00917,0x729335dc,55.39,1850,432419,7806.81,233.74,123.59,64,419,1.681181,0.97435,0.469,WhatsApp
FLW-0004996,VPN-SES-00917,0x729335dc,24.88,265,228872,9199.04,863.67,312.51,394,1332,0.693916,0.436203,0.64,Email_IMAP
FLW-0004997,VPN-SES-00917,0x729335dc,56.62,1915,243262,4296.4,127.03,16.06,102,151,0.021026,0.003734,0.54,VoIP
FLW-0004998,VPN-SES-00917,0x729335dc,8.43,223,24530,2909.85,110.0,18.17,82,137,1.000261,0.009211,0.562,ICMP
FLW-0004999,VPN-SES-00918,0x8893aa69,9.91,60,5638,568.92,93.98,1.5,91,96,0.999715,0.009018,0.516,ICMP
FLW-0005000,VPN-SES-00918,0x8893aa69,4.66,140,119382,25618.45,852.73,317.7,376,1329,0.715325,0.478066,0.62,Email_IMAP
FLW-0005001,VPN-SES-00918,0x8893aa69,96.37,2268,548969,5696.47,242.05,130.1,64,437,1.328859,1.099722,0.495,WhatsApp
FLW-0005002,VPN-SES-00918,0x8893aa69,65.95,2188,521816,7912.3,238.49,133.36,64,438,1.26195,1.033572,0.458,WhatsApp
FLW-0005003,VPN-SES-00918,0x8893aa69,42.19,179,127666,3025.98,713.22,390.3,127,1298,0.504453,0.446154,0.293,Web_Browsing
FLW-0005004,VPN-SES-00918,0x8893aa69,90.02,1020,240016,2666.25,235.31,124.54,64,422,1.154853,1.206911,0.439,WhatsApp
FLW-0005005,VPN-SES-00918,0x8893aa69,21.0,353,303361,14445.76,859.38,312.43,390,1328,0.702369,0.434954,0.616,Email_IMAP
FLW-0005006,VPN-SES-00919,0xbe0343a9,10.78,32,3097,287.29,96.79,6.42,87,106,1.00002,0.009957,0.484,ICMP
FLW-0005007,VPN-SES-00919,0xbe0343a9,17.37,618,51912,2988.6,84.0,1.5,81,86,1.001078,0.009694,0.48,ICMP
FLW-0005008,VPN-SES-00919,0xbe0343a9,67.53,618,842414,12474.66,1363.13,96.24,1218,1507,0.009363,0.02722,0.043,Video_Streaming
FLW-0005009,VPN-SES-00919,0xbe0343a9,13.56,295,30328,2236.58,102.81,1.5,100,105,1.000958,0.009648,0.463,ICMP
FLW-0005010,VPN-SES-00919,0xbe0343a9,21.99,475,45015,2047.07,94.77,18.67,66,122,1.002685,0.010487,0.496,ICMP
FLW-0005011,VPN-SES-00920,0xd3d6a993,139.71,5012,1221173,8740.77,243.65,132.53,64,442,1.393419,1.148504,0.486,WhatsApp
FLW-0005012,VPN-SES-00920,0xd3d6a993,22.82,60,5652,247.68,94.21,1.5,91,96,0.99931,0.0108,0.499,ICMP
FLW-0005013,VPN-SES-00920,0xd3d6a993,42.58,1273,310102,7282.81,243.6,127.74,64,435,1.225166,1.073751,0.449,WhatsApp
FLW-0005014,VPN-SES-00921,0xa4d3a310,129.41,1929,437805,3383.08,226.96,139.65,64,436,1.330686,1.018437,0.529,WhatsApp
FLW-0005015,VPN-SES-00921,0xa4d3a310,155.19,4058,5639727,36340.79,1389.78,107.03,1229,1514,0.013604,0.024411,0.039,Video_Streaming
FLW-0005016,VPN-SES-00921,0xa4d3a310,23.2,52,5392,232.41,103.7,1.5,101,105,1.000113,0.011021,0.527,ICMP
FLW-0005017,VPN-SES-00921,0xa4d3a310,21.34,357,304663,14276.62,853.4,323.89,367,1339,0.57387,0.470269,0.624,Email_IMAP
FLW-0005018,VPN-SES-00922,0xac59d8ee,288.56,5532,7659330,26543.28,1384.55,107.62,1223,1514,0.019815,0.022747,0.089,Video_Streaming
FLW-0005019,VPN-SES-00922,0xac59d8ee,24.78,664,56851,2294.23,85.62,8.03,73,97,1.000864,0.010055,0.485,ICMP
FLW-0005020,VPN-SES-00922,0xac59d8ee,4.4,80,7975,1812.5,99.69,6.14,90,108,1.002685,0.009128,0.483,ICMP
FLW-0005021,VPN-SES-00922,0xac59d8ee,47.63,1345,972999,20428.28,723.42,377.95,156,1290,0.442497,0.553518,0.195,Web_Browsing
FLW-0005022,VPN-SES-00922,0xac59d8ee,86.44,1730,402778,4659.63,232.82,116.06,64,406,1.20269,1.364509,0.498,WhatsApp
FLW-0005023,VPN-SES-00922,0xac59d8ee,11.36,337,293668,25851.06,871.42,319.36,392,1350,0.701213,0.370505,0.651,Email_IMAP
FLW-0005024,VPN-SES-00922,0xac59d8ee,50.07,999,709449,14169.14,710.16,375.75,146,1273,0.487886,0.515822,0.283,Web_Browsing
FLW-0005025,VPN-SES-00922,0xac59d8ee,30.54,590,804547,26344.04,1363.64,110.8,1197,1514,0.015602,0.023669,0.099,Video_Streaming
FLW-0005026,VPN-SES-00923,0xab75459c,241.36,1716,2350113,9736.96,1369.53,110.05,1204,1514,0.017757,0.023297,0.092,Video_Streaming
FLW-0005027,VPN-SES-00923,0xab75459c,133.2,1180,311166,2336.08,263.7,131.37,66,460,1.313042,1.014999,0.519,WhatsApp
FLW-0005028,VPN-SES-00923,0xab75459c,90.15,202,51574,572.09,255.32,141.59,64,467,1.394582,1.214159,0.479,WhatsApp
FLW-0005029,VPN-SES-00923,0xab75459c,117.78,2455,563177,4781.6,229.4,138.99,64,437,1.669589,0.987734,0.449,WhatsApp
FLW-0005030,VPN-SES-00923,0xab75459c,8.66,75,7386,852.89,98.48,11.65,81,115,0.998299,0.010227,0.482,ICMP
FLW-0005031,VPN-SES-00923,0xab75459c,53.57,1187,864622,16140.04,728.41,373.62,167,1288,0.507885,0.492089,0.252,Web_Browsing
FLW-0005032,VPN-SES-00923,0xab75459c,39.41,184,158379,4018.75,860.76,304.5,404,1317,0.612261,0.465183,0.567,Email_IMAP
FLW-0005033,VPN-SES-00923,0xab75459c,54.86,1143,101898,1857.42,89.15,1.5,86,91,0.020796,0.003969,0.484,VoIP
FLW-0005034,VPN-SES-00924,0xf1ea7e7a,64.98,2582,339119,5218.82,131.34,14.76,109,153,0.020161,0.00401,0.486,VoIP
FLW-0005035,VPN-SES-00924,0xf1ea7e7a,141.31,2726,3771502,26689.56,1383.53,116.19,1209,1514,0.011307,0.023849,0.05,Video_Streaming
FLW-0005036,VPN-SES-00924,0xf1ea7e7a,61.86,319,29485,476.64,92.43,20.26,64,122,0.019275,0.004252,0.497,VoIP
FLW-0005037,VPN-SES-00925,0x441e4895,10.79,233,200673,18598.05,861.26,325.6,372,1349,0.58746,0.466616,0.628,Email_IMAP
FLW-0005038,VPN-SES-00925,0x441e4895,11.13,416,356836,32060.74,857.78,312.57,388,1326,0.690179,0.481655,0.623,Email_IMAP
FLW-0005039,VPN-SES-00925,0x441e4895,50.81,1826,1291274,25413.78,707.16,375.78,143,1270,0.445475,0.534425,0.232,Web_Browsing
FLW-0005040,VPN-SES-00925,0x441e4895,17.38,64,54606,3141.89,853.23,316.78,378,1328,0.644383,0.39144,0.613,Email_IMAP
FLW-0005041,VPN-SES-00926,0xb917676b,9.79,57,5373,548.83,94.27,1.5,92,96,0.999823,0.009459,0.515,ICMP
FLW-0005042,VPN-SES-00926,0xb917676b,101.77,1935,443850,4361.3,229.38,130.72,64,425,1.266616,1.034027,0.489,WhatsApp
FLW-0005043,VPN-SES-00926,0xb917676b,32.1,852,735122,22901.0,862.82,316.66,387,1337,0.631815,0.384588,0.662,Email_IMAP
FLW-0005044,VPN-SES-00926,0xb917676b,33.01,1033,132482,4013.39,128.25,23.21,93,163,0.019043,0.003762,0.49,VoIP
FLW-0005045,VPN-SES-00926,0xb917676b,76.63,216,46835,611.18,216.83,137.12,64,422,1.639891,1.326813,0.449,WhatsApp
FLW-0005046,VPN-SES-00926,0xb917676b,5.36,44,37902,7071.27,861.41,330.58,365,1357,0.632881,0.424486,0.564,Email_IMAP
FLW-0005047,VPN-SES-00927,0xe736466b,19.81,372,272895,13775.62,733.59,379.85,163,1303,0.395299,0.514193,0.285,Web_Browsing
FLW-0005048,VPN-SES-00927,0xe736466b,19.64,705,607724,30943.18,862.02,318.26,384,1339,0.759509,0.443985,0.669,Email_IMAP
FLW-0005049,VPN-SES-00927,0xe736466b,203.32,3142,4357231,21430.41,1386.77,112.81,1217,1514,0.011575,0.027435,0.063,Video_Streaming
FLW-0005050,VPN-SES-00927,0xe736466b,31.9,1055,895494,28071.91,848.81,312.28,380,1317,0.678518,0.409168,0.618,Email_IMAP
FLW-0005051,VPN-SES-00927,0xe736466b,23.53,58,7696,327.07,132.69,20.43,102,163,0.019567,0.004564,0.516,VoIP
FLW-0005052,VPN-SES-00928,0xcc5c62d0,288.34,8088,11260194,39051.79,1392.21,91.86,1254,1514,0.013241,0.027105,0.111,Video_Streaming
FLW-0005053,VPN-SES-00928,0xcc5c62d0,18.68,224,157344,8423.13,702.43,389.65,117,1286,0.573329,0.399136,0.294,Web_Browsing
FLW-0005054,VPN-SES-00928,0xcc5c62d0,41.29,1249,1083395,26238.68,867.41,317.38,391,1343,0.616919,0.480053,0.602,Email_IMAP
FLW-0005055,VPN-SES-00929,0x838b9ebb,64.1,1390,329972,5147.77,237.39,136.5,64,442,1.689417,1.159178,0.484,WhatsApp
FLW-0005056,VPN-SES-00929,0x838b9ebb,51.95,558,63500,1222.33,113.8,9.92,98,128,0.020666,0.003939,0.535,VoIP
FLW-0005057,VPN-SES-00929,0x838b9ebb,20.05,301,28309,1411.92,94.05,1.5,91,96,1.000631,0.009923,0.464,ICMP
FLW-0005058,VPN-SES-00929,0x838b9ebb,34.91,1160,1022899,29301.03,881.81,314.98,409,1354,0.712612,0.487884,0.582,Email_IMAP
FLW-0005059,VPN-SES-00930,0xe0add605,10.02,200,169594,16925.55,847.97,317.59,371,1324,0.591569,0.527691,0.614,Email_IMAP
FLW-0005060,VPN-SES-00930,0xe0add605,15.97,541,58795,3681.59,108.68,8.11,96,120,1.000396,0.01004,0.537,ICMP
FLW-0005061,VPN-SES-00930,0xe0add605,169.8,2603,3566370,21003.36,1370.1,123.81,1184,1514,0.007173,0.026954,0.018,Video_Streaming
FLW-0005062,VPN-SES-00930,0xe0add605,12.4,101,9515,767.34,94.21,4.75,87,101,0.99927,0.009818,0.458,ICMP
FLW-0005063,VPN-SES-00930,0xe0add605,289.4,4359,5963765,20607.34,1368.15,113.99,1197,1514,0.012111,0.023274,0.1,Video_Streaming
FLW-0005064,VPN-SES-00930,0xe0add605,16.53,445,100285,6066.85,225.36,127.11,64,416,1.316567,1.167654,0.481,WhatsApp
FLW-0005065,VPN-SES-00930,0xe0add605,112.73,3565,850965,7548.7,238.7,115.25,65,411,1.542731,1.076039,0.483,WhatsApp
FLW-0005066,VPN-SES-00931,0x58a0d015,114.89,1752,194507,1692.98,111.02,10.75,94,127,0.0209,0.003291,0.468,VoIP
FLW-0005067,VPN-SES-00931,0x58a0d015,25.5,239,209787,8226.94,877.77,325.13,390,1365,0.628031,0.506097,0.633,Email_IMAP
FLW-0005068,VPN-SES-00931,0x58a0d015,289.54,9814,13570701,46869.87,1382.79,111.8,1215,1514,0.013745,0.026264,0.126,Video_Streaming
FLW-0005069,VPN-SES-00931,0x58a0d015,9.28,214,183539,19777.91,857.66,318.69,379,1335,0.56651,0.447665,0.676,Email_IMAP
FLW-0005070,VPN-SES-00931,0x58a0d015,77.69,2013,506893,6524.56,251.81,125.65,64,440,1.404957,0.957392,0.451,WhatsApp
FLW-0005071,VPN-SES-00931,0x58a0d015,27.92,417,359366,12871.28,861.79,316.04,387,1335,0.57949,0.472043,0.618,Email_IMAP
FLW-0005072,VPN-SES-00931,0x58a0d015,270.99,6717,9143113,33739.67,1361.19,93.4,1221,1501,0.009862,0.021029,0.01,Video_Streaming
FLW-0005073,VPN-SES-00931,0x58a0d015,44.4,1318,1151338,25931.04,873.55,319.22,394,1352,0.632082,0.441522,0.586,Email_IMAP
FLW-0005074,VPN-SES-00932,0xb84517ee,157.08,3589,879053,5596.21,244.93,128.95,64,438,1.275028,1.033161,0.443,WhatsApp
FLW-0005075,VPN-SES-00932,0xb84517ee,25.11,777,664436,26461.01,855.13,318.08,378,1332,0.620821,0.452482,0.618,Email_IMAP
FLW-0005076,VPN-SES-00932,0xb84517ee,86.66,940,228203,2633.31,242.77,137.54,64,449,1.497849,1.205005,0.455,WhatsApp
FLW-0005077,VPN-SES-00932,0xb84517ee,55.4,1886,1346415,24303.52,713.9,385.23,136,1291,0.500361,0.466069,0.298,Web_Browsing
FLW-0005078,VPN-SES-00932,0xb84517ee,46.62,598,64990,1394.04,108.68,21.85,75,141,0.019984,0.003446,0.487,VoIP
FLW-0005079,VPN-SES-00932,0xb84517ee,33.89,167,124613,3676.98,746.19,381.62,173,1318,0.622534,0.427804,0.303,Web_Browsing
FLW-0005080,VPN-SES-00932,0xb84517ee,42.85,600,497754,11616.2,829.59,320.0,349,1309,0.692607,0.487705,0.596,Email_IMAP
FLW-0005081,VPN-SES-00932,0xb84517ee,37.34,269,234694,6285.32,872.47,315.73,398,1346,0.638923,0.430501,0.586,Email_IMAP
FLW-0005082,VPN-SES-00933,0x63ce8fb6,45.41,191,26518,583.97,138.84,18.38,111,166,0.020652,0.004418,0.471,VoIP
FLW-0005083,VPN-SES-00933,0x63ce8fb6,24.56,764,84040,3421.82,110.0,8.03,97,122,0.998439,0.010449,0.469,ICMP
FLW-0005084,VPN-SES-00933,0x63ce8fb6,168.09,1538,398772,2372.37,259.28,136.51,64,464,1.38826,1.239128,0.433,WhatsApp
FLW-0005085,VPN-SES-00934,0xe70f34bb,6.9,166,141267,20473.48,851.01,317.98,374,1327,0.800909,0.401828,0.569,Email_IMAP
FLW-0005086,VPN-SES-00934,0xe70f34bb,16.75,561,57597,3438.63,102.67,25.25,64,140,0.019643,0.003936,0.523,VoIP
FLW-0005087,VPN-SES-00934,0xe70f34bb,24.32,203,174194,7162.58,858.1,321.63,375,1340,0.686127,0.43062,0.615,Email_IMAP
FLW-0005088,VPN-SES-00934,0xe70f34bb,21.72,524,52871,2434.21,100.9,10.95,84,117,0.998811,0.006979,0.52,ICMP
FLW-0005089,VPN-SES-00934,0xe70f34bb,38.96,1332,1852985,47561.22,1391.13,111.6,1223,1514,0.013006,0.023589,0.075,Video_Streaming
FLW-0005090,VPN-SES-00934,0xe70f34bb,21.83,378,328950,15068.71,870.24,320.45,389,1350,0.818159,0.379632,0.625,Email_IMAP
FLW-0005091,VPN-SES-00934,0xe70f34bb,12.06,105,8820,731.34,84.0,11.04,67,100,0.997628,0.008666,0.481,ICMP
FLW-0005092,VPN-SES-00934,0xe70f34bb,20.5,755,76398,3726.73,101.19,1.5,98,103,0.999122,0.009819,0.493,ICMP
FLW-0005093,VPN-SES-00935,0x32abb140,42.23,957,840102,19893.49,877.85,325.49,389,1366,0.628091,0.544366,0.635,Email_IMAP
FLW-0005094,VPN-SES-00935,0x32abb140,113.47,1064,242985,2141.4,228.37,132.05,64,426,1.48836,1.024361,0.448,WhatsApp
FLW-0005095,VPN-SES-00935,0x32abb140,42.67,1229,1058218,24800.05,861.04,317.12,385,1336,0.749841,0.483352,0.601,Email_IMAP
FLW-0005096,VPN-SES-00936,0xf7ded7f8,27.13,323,234210,8632.88,725.11,390.14,139,1310,0.345465,0.448861,0.28,Web_Browsing
FLW-0005097,VPN-SES-00936,0xf7ded7f8,23.94,721,86830,3626.98,120.43,17.58,94,146,0.019814,0.00387,0.512,VoIP
FLW-0005098,VPN-SES-00936,0xf7ded7f8,18.53,39,28610,1543.98,733.61,376.15,169,1297,0.63288,0.598035,0.32,Web_Browsing
FLW-0005099,VPN-SES-00936,0xf7ded7f8,114.67,3579,885695,7723.86,247.47,146.06,64,466,1.352131,1.008414,0.464,WhatsApp
FLW-0005100,VPN-SES-00936,0xf7ded7f8,113.33,3753,405173,3575.16,107.96,18.97,79,136,0.02018,0.00408,0.5,VoIP
FLW-0005101,VPN-SES-00936,0xf7ded7f8,17.66,526,453201,25662.57,861.6,333.89,360,1362,0.691854,0.491513,0.626,Email_IMAP
FLW-0005102,VPN-SES-00936,0xf7ded7f8,234.58,5226,7110547,30311.82,1360.61,95.49,1217,1503,0.019811,0.02367,0.041,Video_Streaming
FLW-0005103,VPN-SES-00936,0xf7ded7f8,47.51,1723,211842,4458.89,122.95,22.4,89,156,0.020406,0.00471,0.545,VoIP
FLW-0005104,VPN-SES-00937,0x5eaeba0b,20.44,541,59656,2918.59,110.27,25.75,71,148,0.01977,0.003945,0.467,VoIP
FLW-0005105,VPN-SES-00937,0x5eaeba0b,43.4,433,95121,2191.73,219.68,129.75,64,414,1.242263,1.20206,0.472,WhatsApp
FLW-0005106,VPN-SES-00937,0x5eaeba0b,67.11,1566,193714,2886.51,123.7,28.94,80,167,0.019109,0.00371,0.505,VoIP
FLW-0005107,VPN-SES-00938,0x1fe66ed6,28.5,202,174477,6122.0,863.75,328.83,370,1356,0.708533,0.454362,0.629,Email_IMAP
FLW-0005108,VPN-SES-00938,0x1fe66ed6,12.13,271,234135,19302.14,863.97,308.24,401,1326,0.639445,0.461181,0.634,Email_IMAP
FLW-0005109,VPN-SES-00938,0x1fe66ed6,86.69,338,462691,5337.31,1368.91,99.85,1219,1514,0.011121,0.029918,0.035,Video_Streaming
FLW-0005110,VPN-SES-00938,0x1fe66ed6,110.53,1727,2407593,21782.26,1394.09,122.68,1210,1514,0.01217,0.0233,0.075,Video_Streaming
FLW-0005111,VPN-SES-00938,0x1fe66ed6,51.85,738,533086,10281.31,722.34,373.13,162,1282,0.40059,0.522679,0.308,Web_Browsing
FLW-0005112,VPN-SES-00938,0x1fe66ed6,51.56,689,493413,9569.69,716.13,379.45,146,1285,0.500148,0.491376,0.271,Web_Browsing
FLW-0005113,VPN-SES-00938,0x1fe66ed6,28.97,611,519924,17946.98,850.94,313.82,380,1321,0.83015,0.441171,0.661,Email_IMAP
FLW-0005114,VPN-SES-00938,0x1fe66ed6,83.31,1984,516256,6196.81,260.21,128.53,67,453,1.460791,1.111273,0.432,WhatsApp
FLW-0005115,VPN-SES-00939,0xcff2653c,9.19,329,230754,25109.25,701.38,380.39,130,1271,0.418131,0.594579,0.273,Web_Browsing
FLW-0005116,VPN-SES-00939,0xcff2653c,97.57,2774,397819,4077.27,143.41,14.19,122,164,0.021147,0.004203,0.517,VoIP
FLW-0005117,VPN-SES-00939,0xcff2653c,117.63,3161,359911,3059.69,113.86,22.62,79,147,0.021016,0.003942,0.49,VoIP
FLW-0005118,VPN-SES-00939,0xcff2653c,65.75,1109,129797,1974.1,117.04,30.96,70,163,0.020513,0.004579,0.509,VoIP
FLW-0005119,VPN-SES-00939,0xcff2653c,7.5,290,28556,3807.47,98.47,7.39,87,109,1.001605,0.009753,0.541,ICMP
FLW-0005120,VPN-SES-00939,0xcff2653c,18.23,310,267960,14698.85,864.39,300.75,413,1315,0.709636,0.392746,0.646,Email_IMAP
FLW-0005121,VPN-SES-00940,0x6a0763a1,5.66,199,21655,3825.97,108.82,6.64,98,118,1.000816,0.011099,0.485,ICMP
FLW-0005122,VPN-SES-00940,0x6a0763a1,48.7,1807,234042,4805.79,129.52,27.3,88,170,0.021056,0.003558,0.512,VoIP
FLW-0005123,VPN-SES-00940,0x6a0763a1,54.3,1715,391808,7215.62,228.46,121.97,64,411,1.45924,1.10852,0.514,WhatsApp
FLW-0005124,VPN-SES-00940,0x6a0763a1,11.68,331,31064,2659.59,93.85,2.93,89,98,1.000317,0.009138,0.478,ICMP
FLW-0005125,VPN-SES-00940,0x6a0763a1,6.46,113,12430,1924.15,110.0,1.5,107,112,1.001774,0.010607,0.454,ICMP
FLW-0005126,VPN-SES-00940,0x6a0763a1,82.89,2101,265482,3202.82,126.36,22.18,93,159,0.020254,0.003943,0.472,VoIP
FLW-0005127,VPN-SES-00940,0x6a0763a1,20.31,51,6943,341.85,136.15,17.19,110,161,0.01947,0.004183,0.478,VoIP
FLW-0005128,VPN-SES-00941,0xa67c2be7,15.46,212,18361,1187.65,86.61,1.5,84,88,0.999002,0.009088,0.524,ICMP
FLW-0005129,VPN-SES-00941,0xa67c2be7,99.45,296,35114,353.08,118.63,28.02,76,160,0.019487,0.003309,0.504,VoIP
FLW-0005130,VPN-SES-00941,0xa67c2be7,8.39,211,23210,2766.39,110.0,8.25,97,122,1.004823,0.010332,0.507,ICMP
FLW-0005131,VPN-SES-00941,0xa67c2be7,140.72,607,129982,923.69,214.14,133.42,64,414,1.42783,1.055184,0.476,WhatsApp
FLW-0005132,VPN-SES-00941,0xa67c2be7,168.71,4793,6610409,39182.08,1379.18,108.56,1216,1514,0.019836,0.024073,0.065,Video_Streaming
FLW-0005133,VPN-SES-00941,0xa67c2be7,20.37,325,277923,13643.74,855.15,326.27,365,1344,0.661932,0.437404,0.562,Email_IMAP
FLW-0005134,VPN-SES-00941,0xa67c2be7,24.41,809,81644,3344.69,100.92,1.52,98,103,0.999909,0.008818,0.543,ICMP
FLW-0005135,VPN-SES-00942,0x1562fe16,130.58,1953,488796,3743.27,250.28,141.45,64,462,1.589252,1.165155,0.446,WhatsApp
FLW-0005136,VPN-SES-00942,0x1562fe16,225.04,6062,8499651,37769.51,1402.12,102.58,1248,1514,0.010993,0.026767,0.083,Video_Streaming
FLW-0005137,VPN-SES-00942,0x1562fe16,12.77,127,13318,1042.91,104.87,1.5,102,107,0.99909,0.012535,0.499,ICMP
FLW-0005138,VPN-SES-00942,0x1562fe16,112.92,4062,479559,4246.89,118.06,12.29,99,136,0.020147,0.004079,0.5,VoIP
FLW-0005139,VPN-SES-00942,0x1562fe16,19.5,60,43474,2229.44,724.58,394.11,133,1315,0.405371,0.502154,0.261,Web_Browsing
FLW-0005140,VPN-SES-00942,0x1562fe16,41.22,191,164936,4001.36,863.54,315.45,390,1336,0.614533,0.384321,0.623,Email_IMAP
FLW-0005141,VPN-SES-00942,0x1562fe16,92.85,2255,552835,5954.07,245.16,144.88,64,462,1.477468,1.050535,0.439,WhatsApp
FLW-0005142,VPN-SES-00942,0x1562fe16,24.26,619,51996,2143.28,84.0,1.5,81,86,1.002817,0.010288,0.483,ICMP
FLW-0005143,VPN-SES-00943,0x8ba3c934,17.21,322,27846,1618.01,86.48,1.5,84,88,0.999086,0.011316,0.499,ICMP
FLW-0005144,VPN-SES-00943,0x8ba3c934,51.29,510,694941,13549.25,1362.63,128.48,1169,1514,0.007724,0.023523,0.099,Video_Streaming
FLW-0005145,VPN-SES-00943,0x8ba3c934,21.98,191,19669,894.86,102.98,1.5,100,105,0.998153,0.009033,0.473,ICMP
FLW-0005146,VPN-SES-00943,0x8ba3c934,74.36,542,130123,1749.91,240.08,131.53,64,437,1.375472,1.095686,0.448,WhatsApp
FLW-0005147,VPN-SES-00943,0x8ba3c934,34.54,1202,869671,25178.66,723.52,390.24,138,1308,0.437791,0.490886,0.282,Web_Browsing
FLW-0005148,VPN-SES-00943,0x8ba3c934,35.85,773,566933,15814.03,733.42,372.84,174,1292,0.558814,0.521061,0.281,Web_Browsing
FLW-0005149,VPN-SES-00943,0x8ba3c934,246.09,4440,6191846,25160.9,1394.56,100.54,1243,1514,0.013958,0.026076,0.032,Video_Streaming
FLW-0005150,VPN-SES-00943,0x8ba3c934,207.7,1327,1838598,8852.18,1385.53,112.27,1217,1514,0.01133,0.027157,0.043,Video_Streaming
FLW-0005151,VPN-SES-00944,0xa8105b90,125.28,4149,1009202,8055.57,243.24,128.95,64,436,1.298575,1.155317,0.474,WhatsApp
FLW-0005152,VPN-SES-00944,0xa8105b90,171.84,3319,737880,4293.99,222.32,115.59,64,395,1.530194,0.965734,0.488,WhatsApp
FLW-0005153,VPN-SES-00944,0xa8105b90,9.85,264,26046,2644.26,98.66,1.5,96,100,1.002935,0.01018,0.523,ICMP
FLW-0005154,VPN-SES-00944,0xa8105b90,18.66,95,9634,516.29,101.42,2.15,98,104,0.999971,0.011459,0.533,ICMP
FLW-0005155,VPN-SES-00944,0xa8105b90,31.83,344,303896,9547.47,883.42,321.77,400,1366,0.590807,0.430177,0.584,Email_IMAP
FLW-0005156,VPN-SES-00944,0xa8105b90,22.8,126,13507,592.41,107.2,1.5,104,109,0.995417,0.012464,0.483,ICMP
FLW-0005157,VPN-SES-00944,0xa8105b90,137.62,2644,616263,4478.0,233.08,143.37,64,448,1.200639,1.225027,0.462,WhatsApp
FLW-0005158,VPN-SES-00945,0x73f15a67,265.65,3476,4741646,17849.22,1364.11,123.65,1178,1514,0.015462,0.0273,0.071,Video_Streaming
FLW-0005159,VPN-SES-00945,0x73f15a67,118.21,3315,4598534,38901.4,1387.19,100.14,1236,1514,0.012419,0.022678,0.018,Video_Streaming
FLW-0005160,VPN-SES-00945,0x73f15a67,53.15,2105,262977,4947.83,124.93,27.27,84,165,0.01977,0.003915,0.466,VoIP
FLW-0005161,VPN-SES-00945,0x73f15a67,29.48,845,101476,3442.2,120.09,24.08,83,156,0.020475,0.004218,0.481,VoIP
FLW-0005162,VPN-SES-00945,0x73f15a67,92.69,1418,159099,1716.46,112.2,24.36,75,148,0.020487,0.003931,0.487,VoIP
FLW-0005163,VPN-SES-00945,0x73f15a67,28.62,1052,140978,4925.86,134.01,15.12,111,156,0.020448,0.003945,0.469,VoIP
FLW-0005164,VPN-SES-00946,0xe01dc98b,50.58,1799,466570,9224.4,259.35,130.96,64,455,1.282727,0.947011,0.441,WhatsApp
FLW-0005165,VPN-SES-00946,0xe01dc98b,53.95,636,73477,1361.95,115.53,33.4,65,165,0.019649,0.004579,0.496,VoIP
FLW-0005166,VPN-SES-00946,0xe01dc98b,15.15,119,9996,659.8,84.0,1.5,81,86,0.998079,0.009144,0.473,ICMP
FLW-0005167,VPN-SES-00946,0xe01dc98b,17.3,306,25704,1485.78,84.0,16.1,64,108,1.000317,0.009314,0.507,ICMP
FLW-0005168,VPN-SES-00946,0xe01dc98b,80.5,2568,282402,3508.1,109.97,1.5,107,112,0.021774,0.004076,0.482,VoIP
FLW-0005169,VPN-SES-00946,0xe01dc98b,16.15,253,24487,1516.22,96.79,6.05,87,105,0.020993,0.004601,0.523,VoIP
FLW-0005170,VPN-SES-00947,0xa62e25f8,23.64,752,531378,22477.92,706.62,392.08,118,1294,0.483734,0.532746,0.293,Web_Browsing
FLW-0005171,VPN-SES-00947,0xa62e25f8,237.2,8011,10910341,45996.38,1361.92,100.41,1211,1512,0.010087,0.026609,0.019,Video_Streaming
FLW-0005172,VPN-SES-00947,0xa62e25f8,36.26,1295,929680,25639.27,717.9,378.59,150,1285,0.509455,0.533734,0.25,Web_Browsing
FLW-0005173,VPN-SES-00947,0xa62e25f8,17.72,149,109866,6200.11,737.36,370.69,181,1293,0.531918,0.472493,0.285,Web_Browsing
FLW-0005174,VPN-SES-00947,0xa62e25f8,30.62,443,382180,12481.38,862.71,321.58,380,1345,0.695529,0.467616,0.644,Email_IMAP
FLW-0005175,VPN-SES-00947,0xa62e25f8,17.08,672,165029,9662.12,245.58,119.88,65,425,1.444517,1.037974,0.447,WhatsApp
FLW-0005176,VPN-SES-00947,0xa62e25f8,15.2,74,6994,460.13,94.52,5.47,86,102,1.000375,0.011056,0.539,ICMP
FLW-0005177,VPN-SES-00948,0x320f6e18,43.02,175,151207,3514.81,864.04,324.14,377,1350,0.656433,0.484525,0.635,Email_IMAP
FLW-0005178,VPN-SES-00948,0x320f6e18,20.72,611,439522,21212.45,719.35,397.22,123,1315,0.409036,0.572723,0.239,Web_Browsing
FLW-0005179,VPN-SES-00948,0x320f6e18,15.54,323,280932,18077.99,869.76,331.49,372,1366,0.521263,0.456253,0.641,Email_IMAP
FLW-0005180,VPN-SES-00948,0x320f6e18,17.38,126,91100,5241.66,723.02,383.03,148,1297,0.460217,0.445288,0.351,Web_Browsing
FLW-0005181,VPN-SES-00948,0x320f6e18,73.53,2730,311110,4231.06,113.96,21.47,81,146,0.019612,0.00309,0.472,VoIP
FLW-0005182,VPN-SES-00948,0x320f6e18,8.95,297,250261,27962.12,842.63,328.73,349,1335,0.609036,0.426866,0.588,Email_IMAP
FLW-0005183,VPN-SES-00948,0x320f6e18,19.96,683,588151,29466.48,861.13,314.27,389,1332,0.716984,0.463592,0.603,Email_IMAP
FLW-0005184,VPN-SES-00948,0x320f6e18,34.12,648,473169,13867.79,730.2,380.06,160,1300,0.451612,0.426868,0.278,Web_Browsing
FLW-0005185,VPN-SES-00949,0xf2e58a89,66.8,2160,267537,4005.04,123.86,28.67,80,166,0.019549,0.004911,0.517,VoIP
FLW-0005186,VPN-SES-00949,0xf2e58a89,48.06,930,94646,1969.33,101.77,11.24,84,118,0.020853,0.004497,0.501,VoIP
FLW-0005187,VPN-SES-00949,0xf2e58a89,12.05,439,106150,8809.13,241.8,120.68,64,422,1.618038,0.991346,0.505,WhatsApp
FLW-0005188,VPN-SES-00949,0xf2e58a89,27.43,914,234185,8537.55,256.22,130.39,64,451,1.559656,1.30324,0.488,WhatsApp
FLW-0005189,VPN-SES-00950,0xe72199da,83.12,423,582851,7012.16,1377.9,109.47,1213,1514,0.009214,0.023086,0.073,Video_Streaming
FLW-0005190,VPN-SES-00950,0xe72199da,32.72,120,86163,2633.34,718.03,382.62,144,1291,0.338255,0.495369,0.311,Web_Browsing
FLW-0005191,VPN-SES-00950,0xe72199da,54.32,923,98364,1810.82,106.57,18.13,79,133,0.018887,0.003478,0.524,VoIP
FLW-0005192,VPN-SES-00951,0xbe4f26c6,33.96,1238,886767,26112.1,716.29,394.58,124,1308,0.482433,0.52653,0.248,Web_Browsing
FLW-0005193,VPN-SES-00951,0xbe4f26c6,54.21,842,97149,1792.09,115.38,12.14,97,133,0.019361,0.004266,0.526,VoIP
FLW-0005194,VPN-SES-00951,0xbe4f26c6,21.62,257,186271,8615.68,724.79,373.38,164,1284,0.474805,0.404366,0.32,Web_Browsing
FLW-0005195,VPN-SES-00952,0x4ecba673,23.72,525,44100,1859.19,84.0,1.5,81,86,1.000173,0.010204,0.498,ICMP
FLW-0005196,VPN-SES-00952,0x4ecba673,6.23,197,166795,26772.87,846.68,329.07,353,1340,0.536198,0.383253,0.617,Email_IMAP
FLW-0005197,VPN-SES-00952,0x4ecba673,30.93,224,50361,1628.23,224.83,139.78,64,434,1.205595,1.271273,0.511,WhatsApp
FLW-0005198,VPN-SES-00952,0x4ecba673,23.58,699,76890,3260.81,110.0,19.1,81,138,1.000122,0.008987,0.497,ICMP
FLW-0005199,VPN-SES-00952,0x4ecba673,25.79,496,423187,16408.96,853.2,314.33,381,1324,0.660183,0.435973,0.597,Email_IMAP
FLW-0005200,VPN-SES-00953,0xce5c32b8,24.29,690,591371,24346.27,857.06,324.39,370,1343,0.714558,0.377868,0.611,Email_IMAP
FLW-0005201,VPN-SES-00953,0xce5c32b8,15.75,436,41986,2665.78,96.3,1.5,94,98,0.99982,0.010148,0.516,ICMP
FLW-0005202,VPN-SES-00953,0xce5c32b8,43.15,852,733512,16999.12,860.93,312.95,391,1330,0.785812,0.487311,0.637,Email_IMAP
FLW-0005203,VPN-SES-00953,0xce5c32b8,13.84,217,23870,1724.71,110.0,5.96,101,118,1.001929,0.010057,0.5,ICMP
FLW-0005204,VPN-SES-00953,0xce5c32b8,298.33,8431,11699024,39215.04,1387.62,122.61,1203,1514,0.01767,0.026482,0.075,Video_Streaming
FLW-0005205,VPN-SES-00953,0xce5c32b8,146.22,1018,252820,1729.04,248.35,137.88,64,455,1.614291,1.073976,0.52,WhatsApp
FLW-0005206,VPN-SES-00953,0xce5c32b8,14.88,35,30244,2032.53,864.12,325.21,376,1351,0.743282,0.483618,0.647,Email_IMAP
FLW-0005207,VPN-SES-00953,0xce5c32b8,6.11,59,5506,901.15,93.33,15.99,69,117,1.001044,0.010126,0.533,ICMP
FLW-0005208,VPN-SES-00954,0x39f8212a,86.79,1831,2583632,29768.78,1411.05,100.65,1260,1514,0.008986,0.031713,0.073,Video_Streaming
FLW-0005209,VPN-SES-00954,0x39f8212a,19.25,228,164682,8554.91,722.29,379.08,153,1290,0.540633,0.630562,0.26,Web_Browsing
FLW-0005210,VPN-SES-00954,0x39f8212a,41.78,742,637259,15252.73,858.84,317.19,383,1334,0.699468,0.505008,0.669,Email_IMAP
FLW-0005211,VPN-SES-00954,0x39f8212a,236.03,6940,9641048,40846.71,1389.2,130.15,1193,1514,0.009845,0.022914,0.104,Video_Streaming
FLW-0005212,VPN-SES-00954,0x39f8212a,73.93,2578,622509,8420.25,241.47,118.99,64,419,1.34785,1.128122,0.461,WhatsApp
FLW-0005213,VPN-SES-00954,0x39f8212a,7.92,99,8496,1072.73,85.82,2.34,82,89,0.998403,0.010635,0.442,ICMP
FLW-0005214,VPN-SES-00954,0x39f8212a,90.48,1149,277012,3061.58,241.09,134.16,64,442,1.385061,1.220255,0.439,WhatsApp
FLW-0005215,VPN-SES-00954,0x39f8212a,42.26,410,349151,8261.97,851.59,317.36,375,1327,0.698109,0.459833,0.684,Email_IMAP
FLW-0005216,VPN-SES-00955,0x494d35ac,114.86,2096,482771,4203.13,230.33,118.84,64,408,1.6952,0.942606,0.5,WhatsApp
FLW-0005217,VPN-SES-00955,0x494d35ac,169.39,2741,3750400,22140.62,1368.26,93.45,1228,1508,0.010595,0.027249,0.023,Video_Streaming
FLW-0005218,VPN-SES-00955,0x494d35ac,87.35,1390,1927804,22069.88,1386.91,116.1,1212,1514,0.007231,0.024431,0.107,Video_Streaming
FLW-0005219,VPN-SES-00956,0x8ea0fd8d,51.35,1515,1102632,21472.87,727.81,377.91,160,1294,0.481147,0.465737,0.313,Web_Browsing
FLW-0005220,VPN-SES-00956,0x8ea0fd8d,11.98,222,162805,13589.73,733.36,380.97,161,1304,0.467303,0.45006,0.239,Web_Browsing
FLW-0005221,VPN-SES-00956,0x8ea0fd8d,111.06,3847,444251,4000.1,115.48,17.3,89,141,0.020638,0.004369,0.506,VoIP
FLW-0005222,VPN-SES-00957,0x62d7f029,211.83,1932,2693768,12716.65,1394.29,102.45,1240,1514,0.01604,0.023024,0.097,Video_Streaming
FLW-0005223,VPN-SES-00957,0x62d7f029,178.79,6293,1509313,8441.82,239.84,114.01,68,410,1.520476,1.18905,0.466,WhatsApp
FLW-0005224,VPN-SES-00957,0x62d7f029,276.67,8626,11865408,42886.5,1375.54,108.72,1212,1514,0.004781,0.019088,0.099,Video_Streaming
FLW-0005225,VPN-SES-00957,0x62d7f029,89.46,1072,246677,2757.4,230.11,144.84,64,447,1.626116,1.272391,0.46,WhatsApp
FLW-0005226,VPN-SES-00958,0x442917d7,112.18,3852,387896,3457.8,100.7,9.3,86,114,0.019732,0.003051,0.486,VoIP
FLW-0005227,VPN-SES-00958,0x442917d7,36.77,813,95592,2599.73,117.58,7.64,106,129,0.019376,0.003912,0.511,VoIP
FLW-0005228,VPN-SES-00958,0x442917d7,39.99,149,16287,407.28,109.31,20.34,78,139,0.020082,0.004019,0.48,VoIP
FLW-0005229,VPN-SES-00958,0x442917d7,38.79,424,298496,7695.18,704.0,393.57,113,1294,0.497273,0.550287,0.277,Web_Browsing
FLW-0005230,VPN-SES-00958,0x442917d7,24.64,360,308890,12536.12,858.03,323.93,372,1343,0.526159,0.399841,0.596,Email_IMAP
FLW-0005231,VPN-SES-00958,0x442917d7,200.15,1094,1503757,7513.15,1374.55,102.96,1220,1514,0.013248,0.025204,0.102,Video_Streaming
FLW-0005232,VPN-SES-00959,0xca595dc8,32.85,941,705458,21475.13,749.69,369.9,194,1304,0.461048,0.507276,0.28,Web_Browsing
FLW-0005233,VPN-SES-00959,0xca595dc8,81.44,1682,381780,4687.87,226.98,122.66,64,410,1.439667,0.996011,0.485,WhatsApp
FLW-0005234,VPN-SES-00959,0xca595dc8,41.97,963,825339,19664.97,857.05,321.13,375,1338,0.585652,0.457086,0.594,Email_IMAP
FLW-0005235,VPN-SES-00959,0xca595dc8,33.72,148,204525,6065.39,1381.93,120.72,1200,1514,0.012979,0.025805,0.085,Video_Streaming
FLW-0005236,VPN-SES-00959,0xca595dc8,220.78,3568,4863754,22029.87,1363.16,123.75,1177,1514,0.008042,0.027199,0.082,Video_Streaming
FLW-0005237,VPN-SES-00959,0xca595dc8,31.16,792,672542,21583.5,849.17,328.07,357,1341,0.683602,0.535049,0.626,Email_IMAP
FLW-0005238,VPN-SES-00960,0xb2610257,22.33,541,388816,17412.27,718.7,375.88,154,1282,0.319248,0.484089,0.272,Web_Browsing
FLW-0005239,VPN-SES-00960,0xb2610257,16.31,138,13957,855.73,101.14,1.5,98,103,0.999641,0.010576,0.52,ICMP
FLW-0005240,VPN-SES-00960,0xb2610257,41.94,1285,1076418,25665.67,837.68,325.65,349,1326,0.633356,0.441675,0.549,Email_IMAP
FLW-0005241,VPN-SES-00960,0xb2610257,20.17,735,80850,4008.43,110.0,5.41,101,118,0.997703,0.010375,0.51,ICMP
FLW-0005242,VPN-SES-00960,0xb2610257,137.26,4711,1199750,8740.71,254.67,127.52,64,445,1.401979,1.029291,0.498,WhatsApp
FLW-0005243,VPN-SES-00960,0xb2610257,9.83,325,28794,2929.2,88.6,1.5,86,90,0.999898,0.008774,0.548,ICMP
FLW-0005244,VPN-SES-00961,0xda22cc24,20.81,253,27830,1337.34,110.0,1.5,107,112,0.99792,0.010337,0.486,ICMP
FLW-0005245,VPN-SES-00961,0xda22cc24,252.36,7655,10671835,42288.14,1394.1,103.7,1238,1514,0.014042,0.025285,0.04,Video_Streaming
FLW-0005246,VPN-SES-00961,0xda22cc24,16.91,167,120720,7138.97,722.88,387.03,142,1303,0.456514,0.504864,0.254,Web_Browsing
FLW-0005247,VPN-SES-00961,0xda22cc24,8.67,319,35090,4047.29,110.0,12.36,91,128,0.999384,0.009876,0.542,ICMP
FLW-0005248,VPN-SES-00961,0xda22cc24,54.13,523,369447,6825.18,706.4,384.83,129,1283,0.408104,0.588904,0.282,Web_Browsing
FLW-0005249,VPN-SES-00961,0xda22cc24,57.23,419,584555,10214.14,1395.12,103.91,1239,1514,0.007318,0.024414,0.068,Video_Streaming
FLW-0005250,VPN-SES-00961,0xda22cc24,22.21,150,13780,620.44,91.87,10.07,76,106,0.999685,0.007919,0.517,ICMP
FLW-0005251,VPN-SES-00962,0x645d03f7,275.6,10243,14026866,50895.74,1369.41,107.11,1208,1514,0.017824,0.029432,0.043,Video_Streaming
FLW-0005252,VPN-SES-00962,0x645d03f7,32.83,687,595580,18141.33,866.93,315.58,393,1340,0.630636,0.42274,0.568,Email_IMAP
FLW-0005253,VPN-SES-00962,0x645d03f7,61.03,783,188812,3093.76,241.14,132.31,64,439,1.289285,1.219657,0.467,WhatsApp
FLW-0005254,VPN-SES-00962,0x645d03f7,26.87,525,373983,13918.24,712.35,384.21,136,1288,0.334299,0.545334,0.268,Web_Browsing
FLW-0005255,VPN-SES-00963,0xcf1c25a8,15.47,524,57571,3721.46,109.87,14.31,88,131,1.00096,0.009188,0.462,ICMP
FLW-0005256,VPN-SES-00963,0xcf1c25a8,49.63,1218,125198,2522.63,102.79,26.82,64,143,0.019919,0.00376,0.496,VoIP
FLW-0005257,VPN-SES-00963,0xcf1c25a8,8.71,284,208163,23899.31,732.97,386.23,153,1312,0.482888,0.531894,0.285,Web_Browsing
FLW-0005258,VPN-SES-00963,0xcf1c25a8,55.36,425,52542,949.1,123.63,19.77,93,153,0.02,0.004301,0.511,VoIP
FLW-0005259,VPN-SES-00963,0xcf1c25a8,8.2,146,12764,1556.59,87.43,8.23,75,99,1.000371,0.010611,0.497,ICMP
FLW-0005260,VPN-SES-00963,0xcf1c25a8,30.34,880,765371,25226.47,869.74,319.51,390,1349,0.698862,0.429459,0.608,Email_IMAP
FLW-0005261,VPN-SES-00963,0xcf1c25a8,30.71,1159,842847,27445.36,727.22,377.35,161,1293,0.615434,0.528322,0.281,Web_Browsing
FLW-0005262,VPN-SES-00964,0xeeaddc99,15.37,33,3558,231.49,107.84,1.5,105,110,1.001385,0.010895,0.538,ICMP
FLW-0005263,VPN-SES-00964,0xeeaddc99,39.18,988,844453,21553.16,854.71,310.22,389,1320,0.608815,0.437327,0.67,Email_IMAP
FLW-0005264,VPN-SES-00964,0xeeaddc99,84.36,656,922559,10935.98,1406.34,112.76,1237,1514,0.012035,0.024125,0.085,Video_Streaming
FLW-0005265,VPN-SES-00964,0xeeaddc99,103.14,449,65670,636.71,146.26,32.29,97,194,0.020683,0.004449,0.525,VoIP
FLW-0005266,VPN-SES-00965,0xa2ed1507,171.68,3050,730261,4253.62,239.43,124.11,64,425,1.396566,1.146457,0.436,WhatsApp
FLW-0005267,VPN-SES-00965,0xa2ed1507,123.14,4528,1078388,8757.41,238.16,123.39,64,423,1.567284,1.039532,0.49,WhatsApp
FLW-0005268,VPN-SES-00965,0xa2ed1507,64.82,1597,369865,5706.03,231.6,142.78,64,445,1.119375,1.152342,0.442,WhatsApp
FLW-0005269,VPN-SES-00965,0xa2ed1507,69.85,844,197403,2826.1,233.89,131.65,64,431,1.442134,1.125219,0.485,WhatsApp
FLW-0005270,VPN-SES-00965,0xa2ed1507,30.86,623,443762,14379.84,712.3,378.69,144,1280,0.452373,0.509768,0.278,Web_Browsing
FLW-0005271,VPN-SES-00965,0xa2ed1507,15.72,426,54851,3489.25,128.76,18.75,100,156,0.020121,0.003847,0.468,VoIP
FLW-0005272,VPN-SES-00965,0xa2ed1507,22.3,577,497287,22299.87,861.85,329.66,367,1356,0.679961,0.413213,0.644,Email_IMAP
FLW-0005273,VPN-SES-00966,0xd9720c70,270.78,5497,7563762,27933.24,1375.98,115.72,1202,1514,0.010617,0.025883,0.044,Video_Streaming
FLW-0005274,VPN-SES-00966,0xd9720c70,8.78,279,199228,22691.12,714.08,367.47,162,1265,0.488406,0.518508,0.293,Web_Browsing
FLW-0005275,VPN-SES-00966,0xd9720c70,29.08,664,573231,19712.21,863.3,313.9,392,1334,0.715198,0.494675,0.596,Email_IMAP
FLW-0005276,VPN-SES-00966,0xd9720c70,30.09,473,59782,1986.77,126.39,25.0,88,163,0.019718,0.003882,0.516,VoIP
FLW-0005277,VPN-SES-00967,0x439b7663,13.38,151,33503,2503.96,221.88,121.29,64,403,1.236687,0.902405,0.513,WhatsApp
FLW-0005278,VPN-SES-00967,0x439b7663,42.98,1359,293734,6834.2,216.14,132.74,64,415,1.533928,1.067704,0.46,WhatsApp
FLW-0005279,VPN-SES-00967,0x439b7663,49.54,647,467645,9439.75,722.79,380.01,152,1292,0.525263,0.368574,0.252,Web_Browsing
FLW-0005280,VPN-SES-00968,0x3764dec0,118.23,2513,318497,2693.88,126.74,18.4,99,154,0.020451,0.004105,0.496,VoIP
FLW-0005281,VPN-SES-00968,0x3764dec0,5.45,78,7360,1350.46,94.37,22.6,64,128,1.002302,0.010496,0.502,ICMP
FLW-0005282,VPN-SES-00968,0x3764dec0,16.15,629,65705,4068.42,104.46,10.61,88,120,1.000628,0.009249,0.554,ICMP
FLW-0005283,VPN-SES-00968,0x3764dec0,118.45,4132,1003869,8475.04,242.95,146.11,64,462,1.430879,1.072978,0.522,WhatsApp
FLW-0005284,VPN-SES-00969,0xa8ac23c0,127.9,2469,3416133,26709.41,1383.61,111.07,1217,1514,0.007499,0.026651,0.045,Video_Streaming
FLW-0005285,VPN-SES-00969,0xa8ac23c0,4.54,90,76916,16941.85,854.63,316.08,380,1328,0.679635,0.380908,0.614,Email_IMAP
FLW-0005286,VPN-SES-00969,0xa8ac23c0,63.72,1576,207653,3258.84,131.76,8.03,119,143,0.020104,0.003747,0.488,VoIP
FLW-0005287,VPN-SES-00970,0xd0e618f6,184.72,5913,8277372,44810.37,1399.86,96.8,1254,1514,0.014871,0.023805,0.044,Video_Streaming
FLW-0005288,VPN-SES-00970,0xd0e618f6,108.27,585,62396,576.3,106.66,24.03,70,142,0.019885,0.003873,0.503,VoIP
FLW-0005289,VPN-SES-00970,0xd0e618f6,207.62,3955,5449831,26249.07,1377.96,93.99,1236,1514,0.010159,0.027239,0.015,Video_Streaming
FLW-0005290,VPN-SES-00970,0xd0e618f6,32.7,578,61799,1889.88,106.92,14.59,85,128,0.019565,0.003989,0.467,VoIP
FLW-0005291,VPN-SES-00970,0xd0e618f6,13.09,472,337645,25794.12,715.35,379.62,145,1284,0.498671,0.562239,0.272,Web_Browsing
FLW-0005292,VPN-SES-00970,0xd0e618f6,99.15,566,80745,814.37,142.66,16.53,117,167,0.020497,0.004773,0.504,VoIP
FLW-0005293,VPN-SES-00970,0xd0e618f6,55.12,683,480504,8717.42,703.52,380.73,132,1274,0.404127,0.486278,0.34,Web_Browsing
FLW-0005294,VPN-SES-00970,0xd0e618f6,33.63,1317,928919,27621.74,705.33,382.4,131,1278,0.384171,0.484617,0.302,Web_Browsing
FLW-0005295,VPN-SES-00971,0xe76e9ec1,88.25,2673,651730,7385.04,243.82,128.2,64,436,1.292783,1.134769,0.531,WhatsApp
FLW-0005296,VPN-SES-00971,0xe76e9ec1,57.56,580,411324,7146.0,709.18,395.29,116,1302,0.539962,0.568468,0.289,Web_Browsing
FLW-0005297,VPN-SES-00971,0xe76e9ec1,10.48,282,31020,2959.92,110.0,1.5,107,112,0.998998,0.010766,0.509,ICMP
FLW-0005298,VPN-SES-00971,0xe76e9ec1,135.43,4551,1084139,8005.16,238.22,109.98,73,403,1.328147,0.970854,0.495,WhatsApp
FLW-0005299,VPN-SES-00971,0xe76e9ec1,7.34,15,1435,195.5,95.71,1.5,93,97,1.003964,0.011038,0.532,ICMP
FLW-0005300,VPN-SES-00971,0xe76e9ec1,25.4,791,701166,27604.96,886.43,326.42,396,1376,0.597961,0.410045,0.649,Email_IMAP
FLW-0005301,VPN-SES-00971,0xe76e9ec1,256.56,5755,7799693,30401.05,1355.29,109.38,1191,1514,0.003858,0.025247,0.086,Video_Streaming
FLW-0005302,VPN-SES-00972,0xd965afa7,292.19,7618,10538360,36066.81,1383.35,117.5,1207,1514,0.019368,0.024641,0.144,Video_Streaming
FLW-0005303,VPN-SES-00972,0xd965afa7,92.37,1660,203433,2202.37,122.55,25.59,84,160,0.019633,0.004648,0.531,VoIP
FLW-0005304,VPN-SES-00972,0xd965afa7,15.52,317,34870,2246.78,110.0,4.44,103,116,0.998117,0.01046,0.449,ICMP
FLW-0005305,VPN-SES-00972,0xd965afa7,154.0,4244,5839616,37919.58,1375.97,111.53,1208,1514,0.020915,0.025796,0.064,Video_Streaming
FLW-0005306,VPN-SES-00973,0x5ae39c1e,5.82,34,3306,568.04,97.24,1.5,94,99,1.000129,0.010103,0.471,ICMP
FLW-0005307,VPN-SES-00973,0x5ae39c1e,41.86,1648,1393812,33296.99,845.76,316.15,371,1319,0.654383,0.42941,0.588,Email_IMAP
FLW-0005308,VPN-SES-00973,0x5ae39c1e,64.22,2178,268917,4187.43,123.47,22.31,90,156,0.020073,0.003775,0.518,VoIP
FLW-0005309,VPN-SES-00973,0x5ae39c1e,109.62,1420,1956348,17846.63,1377.71,100.49,1226,1514,0.015886,0.025884,0.056,Video_Streaming
FLW-0005310,VPN-SES-00973,0x5ae39c1e,149.97,3083,681805,4546.28,221.15,124.04,64,407,1.733063,0.934082,0.472,WhatsApp
FLW-0005311,VPN-SES-00973,0x5ae39c1e,16.81,670,576066,34269.24,859.8,322.56,375,1343,0.548941,0.457838,0.569,Email_IMAP
FLW-0005312,VPN-SES-00973,0x5ae39c1e,28.34,103,88700,3129.85,861.17,314.78,389,1333,0.591554,0.487567,0.613,Email_IMAP
FLW-0005313,VPN-SES-00973,0x5ae39c1e,167.73,2264,556219,3316.16,245.68,134.05,64,446,1.609542,0.967092,0.508,WhatsApp
FLW-0005314,VPN-SES-00974,0x322e34e7,125.48,4945,1187789,9465.96,240.2,126.98,64,430,1.210374,1.166725,0.452,WhatsApp
FLW-0005315,VPN-SES-00974,0x322e34e7,18.77,475,59949,3193.87,126.21,33.42,76,176,0.020588,0.004557,0.478,VoIP
FLW-0005316,VPN-SES-00974,0x322e34e7,50.32,1887,1375906,27343.12,729.15,370.85,172,1285,0.432489,0.587064,0.262,Web_Browsing
FLW-0005317,VPN-SES-00974,0x322e34e7,15.39,488,53680,3487.98,110.0,12.13,91,128,1.001612,0.008733,0.516,ICMP
FLW-0005318,VPN-SES-00975,0x1e3db0ba,63.37,955,227404,3588.51,238.12,138.71,64,446,1.126925,1.140457,0.487,WhatsApp
FLW-0005319,VPN-SES-00975,0x1e3db0ba,25.52,889,743310,29126.57,836.12,312.92,366,1305,0.526465,0.417314,0.636,Email_IMAP
FLW-0005320,VPN-SES-00975,0x1e3db0ba,26.17,753,649342,24812.46,862.34,321.36,380,1344,0.579817,0.50042,0.619,Email_IMAP
FLW-0005321,VPN-SES-00975,0x1e3db0ba,103.51,3274,394189,3808.22,120.4,25.52,82,158,0.019405,0.004091,0.513,VoIP
FLW-0005322,VPN-SES-00975,0x1e3db0ba,154.95,852,1170179,7551.98,1373.45,115.22,1200,1514,0.013789,0.024747,0.056,Video_Streaming
FLW-0005323,VPN-SES-00975,0x1e3db0ba,37.08,730,530184,14298.38,726.28,386.31,146,1305,0.454717,0.556009,0.3,Web_Browsing
FLW-0005324,VPN-SES-00976,0x8e7e2824,14.81,553,463712,31310.74,838.54,308.76,375,1301,0.729801,0.438895,0.625,Email_IMAP
FLW-0005325,VPN-SES-00976,0x8e7e2824,79.87,2309,585724,7333.47,253.67,129.95,64,448,1.406149,1.00444,0.491,WhatsApp
FLW-0005326,VPN-SES-00976,0x8e7e2824,105.43,4140,525945,4988.57,127.04,13.38,106,147,0.019447,0.005051,0.497,VoIP
FLW-0005327,VPN-SES-00976,0x8e7e2824,86.95,1805,201799,2320.86,111.8,23.65,76,147,0.01997,0.003566,0.514,VoIP
FLW-0005328,VPN-SES-00977,0x244b45a4,72.45,2383,261558,3610.19,109.76,30.61,64,155,0.020297,0.003889,0.503,VoIP
FLW-0005329,VPN-SES-00977,0x244b45a4,31.24,1223,160017,5122.18,130.84,19.49,101,160,0.021273,0.004454,0.515,VoIP
FLW-0005330,VPN-SES-00977,0x244b45a4,20.57,576,49973,2429.41,86.76,2.82,82,90,1.000718,0.009177,0.539,ICMP
FLW-0005331,VPN-SES-00977,0x244b45a4,12.13,359,30985,2554.41,86.31,1.5,84,88,0.999157,0.010744,0.476,ICMP
FLW-0005332,VPN-SES-00977,0x244b45a4,68.63,685,67404,982.14,98.4,26.7,64,138,0.019733,0.003573,0.477,VoIP
FLW-0005333,VPN-SES-00977,0x244b45a4,83.13,2166,304539,3663.41,140.6,12.74,121,159,0.019926,0.003821,0.463,VoIP
FLW-0005334,VPN-SES-00977,0x244b45a4,111.12,3400,377706,3399.08,111.09,7.59,99,122,0.020574,0.00404,0.574,VoIP
FLW-0005335,VPN-SES-00977,0x244b45a4,19.97,649,58079,2908.31,89.49,1.5,87,91,1.002301,0.011058,0.512,ICMP
FLW-0005336,VPN-SES-00978,0x1961c221,54.79,1897,1340496,24466.07,706.64,393.96,115,1297,0.444592,0.478466,0.314,Web_Browsing
FLW-0005337,VPN-SES-00978,0x1961c221,10.38,252,24627,2372.54,97.73,1.5,95,99,1.00006,0.009219,0.41,ICMP
FLW-0005338,VPN-SES-00978,0x1961c221,40.47,727,79548,1965.6,109.42,13.78,88,130,0.019307,0.00423,0.477,VoIP
FLW-0005339,VPN-SES-00978,0x1961c221,59.18,1461,183706,3104.19,125.74,8.13,113,137,0.020546,0.003489,0.43,VoIP
FLW-0005340,VPN-SES-00979,0x85d265de,99.04,2009,270913,2735.39,134.85,11.15,118,151,0.021054,0.004226,0.524,VoIP
FLW-0005341,VPN-SES-00979,0x85d265de,229.73,3257,4535535,19742.89,1392.55,110.9,1226,1514,0.012465,0.028203,0.063,Video_Streaming
FLW-0005342,VPN-SES-00979,0x85d265de,22.87,268,23921,1045.96,89.26,8.69,76,102,0.99683,0.01132,0.54,ICMP
FLW-0005343,VPN-SES-00979,0x85d265de,48.9,793,106563,2179.2,134.38,27.28,93,175,0.019949,0.003957,0.463,VoIP
FLW-0005344,VPN-SES-00979,0x85d265de,4.9,90,9900,2020.41,110.0,1.5,107,112,1.00051,0.010254,0.46,ICMP
FLW-0005345,VPN-SES-00979,0x85d265de,124.94,517,113254,906.47,219.06,130.04,64,414,1.32513,1.090162,0.512,WhatsApp
FLW-0005346,VPN-SES-00980,0x6b8392ce,47.67,1137,139509,2926.56,122.7,24.07,86,158,0.020267,0.003873,0.47,VoIP
FLW-0005347,VPN-SES-00980,0x6b8392ce,12.58,64,55243,4391.34,863.18,320.67,382,1344,0.711773,0.443209,0.611,Email_IMAP
FLW-0005348,VPN-SES-00980,0x6b8392ce,8.51,264,189354,22250.76,717.25,372.65,158,1276,0.558518,0.556981,0.244,Web_Browsing
FLW-0005349,VPN-SES-00980,0x6b8392ce,83.4,3039,394006,4724.29,129.65,3.24,124,134,0.020591,0.003721,0.511,VoIP
FLW-0005350,VPN-SES-00980,0x6b8392ce,94.02,1117,108181,1150.62,96.85,8.41,84,109,0.020281,0.00372,0.475,VoIP
FLW-0005351,VPN-SES-00981,0xb5eee681,93.08,2573,351857,3780.16,136.75,35.69,83,190,0.020562,0.003563,0.553,VoIP
FLW-0005352,VPN-SES-00981,0xb5eee681,13.2,472,39648,3003.64,84.0,1.56,81,86,1.000082,0.011924,0.527,ICMP
FLW-0005353,VPN-SES-00981,0xb5eee681,115.04,667,156364,1359.21,234.43,122.44,64,418,1.565362,1.041331,0.487,WhatsApp
FLW-0005354,VPN-SES-00981,0xb5eee681,92.67,1424,1941709,20952.94,1363.56,114.55,1191,1514,0.013833,0.021896,0.091,Video_Streaming
FLW-0005355,VPN-SES-00981,0xb5eee681,9.61,237,24804,2581.06,104.66,9.92,89,119,0.999432,0.010179,0.502,ICMP
FLW-0005356,VPN-SES-00981,0xb5eee681,15.97,452,387915,24290.23,858.22,321.36,376,1340,0.73481,0.498373,0.585,Email_IMAP
FLW-0005357,VPN-SES-00981,0xb5eee681,107.67,1416,356577,3311.76,251.82,139.53,64,461,1.375056,1.155929,0.495,WhatsApp
FLW-0005358,VPN-SES-00982,0x165557aa,17.09,257,218398,12779.29,849.8,316.94,374,1325,0.70068,0.427688,0.649,Email_IMAP
FLW-0005359,VPN-SES-00982,0x165557aa,96.03,1045,267164,2782.09,255.66,139.15,64,464,1.726668,1.090019,0.485,WhatsApp
FLW-0005360,VPN-SES-00982,0x165557aa,52.28,2039,252530,4830.34,123.85,17.52,97,150,0.020325,0.003316,0.506,VoIP
FLW-0005361,VPN-SES-00982,0x165557aa,72.23,800,178776,2475.09,223.47,122.3,64,406,1.520927,1.078097,0.501,WhatsApp
FLW-0005362,VPN-SES-00983,0xa9f6a893,38.02,754,646441,17002.66,857.35,328.85,364,1350,0.633862,0.362029,0.627,Email_IMAP
FLW-0005363,VPN-SES-00983,0xa9f6a893,19.1,760,633817,33184.14,833.97,308.38,371,1296,0.590401,0.404653,0.604,Email_IMAP
FLW-0005364,VPN-SES-00983,0xa9f6a893,10.39,103,8806,847.55,85.5,1.5,83,87,1.002313,0.009322,0.433,ICMP
FLW-0005365,VPN-SES-00983,0xa9f6a893,91.19,1411,1941070,21286.0,1375.67,101.0,1224,1514,0.008681,0.026776,0.047,Video_Streaming
FLW-0005366,VPN-SES-00984,0x27290ea5,164.76,2785,629883,3823.03,226.17,133.57,64,426,1.58974,1.159056,0.406,WhatsApp
FLW-0005367,VPN-SES-00984,0x27290ea5,48.71,1830,1293114,26547.2,706.62,380.38,136,1277,0.431678,0.483636,0.251,Web_Browsing
FLW-0005368,VPN-SES-00984,0x27290ea5,130.53,3445,768682,5888.93,223.13,146.06,64,442,1.404473,1.170633,0.48,WhatsApp
FLW-0005369,VPN-SES-00985,0x3d3b4adc,20.82,44,10584,508.36,240.56,129.5,64,434,1.215126,0.933406,0.492,WhatsApp
FLW-0005370,VPN-SES-00985,0x3d3b4adc,5.72,52,37557,6565.91,722.25,387.51,140,1303,0.505152,0.459574,0.314,Web_Browsing
FLW-0005371,VPN-SES-00985,0x3d3b4adc,50.77,1461,2029591,39976.19,1389.18,115.53,1215,1514,0.020435,0.03011,0.081,Video_Streaming
FLW-0005372,VPN-SES-00986,0x2813395c,14.07,87,9115,647.83,104.78,12.65,85,123,0.999124,0.00943,0.52,ICMP
FLW-0005373,VPN-SES-00986,0x2813395c,16.41,607,53246,3244.73,87.72,8.74,74,100,1.000235,0.009144,0.501,ICMP
FLW-0005374,VPN-SES-00986,0x2813395c,217.38,7802,10888939,50091.72,1395.66,110.66,1229,1514,0.012325,0.025822,0.074,Video_Streaming
FLW-0005375,VPN-SES-00986,0x2813395c,6.42,44,31505,4907.32,716.03,382.8,141,1290,0.37132,0.460046,0.26,Web_Browsing
FLW-0005376,VPN-SES-00986,0x2813395c,37.22,330,285661,7674.93,865.64,321.28,383,1347,0.640931,0.481085,0.631,Email_IMAP
FLW-0005377,VPN-SES-00987,0x99383fb3,4.62,174,16446,3559.74,94.52,1.5,92,96,0.99877,0.008533,0.504,ICMP
FLW-0005378,VPN-SES-00987,0x99383fb3,19.76,230,195419,9889.63,849.65,316.04,375,1323,0.641388,0.49698,0.648,Email_IMAP
FLW-0005379,VPN-SES-00987,0x99383fb3,73.57,919,109673,1490.73,119.34,28.12,77,161,0.018793,0.004751,0.521,VoIP
FLW-0005380,VPN-SES-00987,0x99383fb3,74.11,2030,489696,6607.69,241.23,122.87,64,425,1.327719,1.167029,0.499,WhatsApp
FLW-0005381,VPN-SES-00987,0x99383fb3,77.98,1701,217762,2792.54,128.02,12.17,109,146,0.019442,0.004078,0.523,VoIP
FLW-0005382,VPN-SES-00988,0x7a5d69d9,66.08,1033,1425581,21573.56,1380.04,121.85,1197,1514,0.012124,0.024998,0.08,Video_Streaming
FLW-0005383,VPN-SES-00988,0x7a5d69d9,38.75,1191,874944,22579.2,734.63,369.21,180,1288,0.366149,0.484337,0.375,Web_Browsing
FLW-0005384,VPN-SES-00988,0x7a5d69d9,22.6,258,30149,1334.03,116.86,17.03,91,142,0.020371,0.004391,0.505,VoIP
FLW-0005385,VPN-SES-00988,0x7a5d69d9,13.19,242,26620,2018.2,110.0,1.5,107,112,0.998851,0.011162,0.5,ICMP
FLW-0005386,VPN-SES-00989,0x9dc10914,10.39,226,18984,1827.14,84.0,1.5,81,86,0.998784,0.010002,0.514,ICMP
FLW-0005387,VPN-SES-00989,0x9dc10914,43.81,142,16479,376.15,116.05,21.08,84,147,0.019738,0.00449,0.577,VoIP
FLW-0005388,VPN-SES-00989,0x9dc10914,10.73,146,124872,11637.65,855.29,323.84,369,1341,0.676893,0.456241,0.64,Email_IMAP
FLW-0005389,VPN-SES-00989,0x9dc10914,8.45,171,124103,14686.75,725.75,376.23,161,1290,0.548741,0.510083,0.268,Web_Browsing
FLW-0005390,VPN-SES-00990,0xe9f9b008,47.09,1256,338265,7183.37,269.32,129.07,75,462,1.442066,1.119298,0.476,WhatsApp
FLW-0005391,VPN-SES-00990,0xe9f9b008,36.07,802,694034,19241.31,865.38,313.24,395,1335,0.690267,0.370874,0.581,Email_IMAP
FLW-0005392,VPN-SES-00990,0xe9f9b008,23.0,436,47960,2085.22,110.0,1.5,107,112,0.99706,0.008769,0.552,ICMP
FLW-0005393,VPN-SES-00990,0xe9f9b008,29.98,788,660738,22039.29,838.5,312.35,369,1307,0.551572,0.437664,0.607,Email_IMAP
FLW-0005394,VPN-SES-00991,0xa528688e,17.26,217,185367,10739.69,854.23,334.85,351,1356,0.569062,0.445402,0.63,Email_IMAP
FLW-0005395,VPN-SES-00991,0xa528688e,20.83,392,33806,1622.95,86.24,7.89,74,98,0.9994,0.010374,0.497,ICMP
FLW-0005396,VPN-SES-00991,0xa528688e,91.5,1036,98824,1080.04,95.39,28.45,64,138,0.021242,0.003929,0.473,VoIP
FLW-0005397,VPN-SES-00991,0xa528688e,47.87,1494,1102676,23034.8,738.07,395.12,145,1330,0.43734,0.489066,0.278,Web_Browsing
FLW-0005398,VPN-SES-00992,0x517d4986,55.88,1241,868588,15543.81,699.91,377.67,133,1266,0.578621,0.491566,0.249,Web_Browsing
FLW-0005399,VPN-SES-00992,0x517d4986,134.31,953,234399,1745.21,245.96,124.66,64,432,1.389035,0.960427,0.449,WhatsApp
FLW-0005400,VPN-SES-00992,0x517d4986,42.77,683,497804,11639.09,728.85,380.93,157,1300,0.391796,0.505977,0.262,Web_Browsing
FLW-0005401,VPN-SES-00993,0xa48be548,29.07,74,8183,281.49,110.59,27.31,69,151,0.02047,0.003991,0.504,VoIP
FLW-0005402,VPN-SES-00993,0xa48be548,5.77,93,66950,11603.12,719.9,383.9,144,1295,0.390037,0.543125,0.291,Web_Browsing
FLW-0005403,VPN-SES-00993,0xa48be548,18.41,543,389244,21143.07,716.84,376.1,152,1280,0.513085,0.492476,0.259,Web_Browsing
FLW-0005404,VPN-SES-00993,0xa48be548,13.14,74,6910,525.88,93.39,10.15,78,108,0.997584,0.009645,0.532,ICMP
FLW-0005405,VPN-SES-00994,0x938a8b8c,187.22,3032,4178035,22316.18,1377.98,112.18,1209,1514,0.016075,0.027231,0.047,Video_Streaming
FLW-0005406,VPN-SES-00994,0x938a8b8c,113.52,2276,269569,2374.64,118.44,25.24,80,156,0.020564,0.003965,0.498,VoIP
FLW-0005407,VPN-SES-00994,0x938a8b8c,146.95,4674,6465123,43995.39,1383.21,120.94,1201,1514,0.016003,0.026733,0.028,Video_Streaming
FLW-0005408,VPN-SES-00994,0x938a8b8c,39.04,290,68643,1758.27,236.7,128.22,64,429,1.63405,1.073725,0.518,WhatsApp
FLW-0005409,VPN-SES-00994,0x938a8b8c,66.02,2378,269070,4075.58,113.15,14.07,92,134,0.020289,0.004627,0.494,VoIP
FLW-0005410,VPN-SES-00995,0x23dea87a,15.51,33,2772,178.72,84.0,1.5,81,86,1.000447,0.008525,0.474,ICMP
FLW-0005411,VPN-SES-00995,0x23dea87a,263.21,9999,13800119,52430.07,1380.15,90.41,1244,1514,0.010576,0.022088,0.015,Video_Streaming
FLW-0005412,VPN-SES-00995,0x23dea87a,8.16,52,4595,563.11,88.37,1.5,86,90,1.000704,0.011197,0.489,ICMP
FLW-0005413,VPN-SES-00995,0x23dea87a,56.81,847,603783,10628.11,712.85,376.69,147,1277,0.366886,0.435563,0.231,Web_Browsing
FLW-0005414,VPN-SES-00995,0x23dea87a,19.6,51,4284,218.57,84.0,17.06,64,109,0.998964,0.007058,0.482,ICMP
FLW-0005415,VPN-SES-00995,0x23dea87a,15.65,220,48602,3105.56,220.92,130.48,64,416,1.392022,1.106147,0.479,WhatsApp
FLW-0005416,VPN-SES-00996,0x41fb18bc,107.84,997,1371403,12717.02,1375.53,98.35,1228,1514,0.01172,0.027547,0.114,Video_Streaming
FLW-0005417,VPN-SES-00996,0x41fb18bc,45.37,404,47324,1043.07,117.14,16.96,91,142,0.0203,0.004597,0.485,VoIP
FLW-0005418,VPN-SES-00996,0x41fb18bc,57.39,2081,267013,4652.6,128.31,11.42,111,145,0.020198,0.004388,0.461,VoIP
FLW-0005419,VPN-SES-00996,0x41fb18bc,25.83,128,14553,563.41,113.7,25.64,75,152,0.02037,0.004414,0.525,VoIP
FLW-0005420,VPN-SES-00997,0x518f69ac,66.63,692,952129,14289.79,1375.91,127.59,1184,1514,0.012513,0.017361,0.052,Video_Streaming
FLW-0005421,VPN-SES-00997,0x518f69ac,7.05,177,126443,17935.18,714.37,386.36,134,1293,0.416161,0.554948,0.297,Web_Browsing
FLW-0005422,VPN-SES-00997,0x518f69ac,264.65,10148,13882464,52455.94,1368.0,108.88,1204,1514,0.009092,0.025462,0.037,Video_Streaming
FLW-0005423,VPN-SES-00997,0x518f69ac,79.73,880,1215183,15241.23,1380.89,107.82,1219,1514,0.011429,0.030127,0.049,Video_Streaming
FLW-0005424,VPN-SES-00998,0x1c14bea9,34.38,496,345607,10052.56,696.79,388.13,114,1278,0.525597,0.401053,0.259,Web_Browsing
FLW-0005425,VPN-SES-00998,0x1c14bea9,185.49,1946,2695657,14532.63,1385.23,114.19,1213,1514,0.011982,0.025045,0.032,Video_Streaming
FLW-0005426,VPN-SES-00998,0x1c14bea9,203.27,3384,4572460,22494.51,1351.2,126.4,1161,1514,0.008367,0.025441,0.055,Video_Streaming
FLW-0005427,VPN-SES-00998,0x1c14bea9,169.6,1295,1801047,10619.38,1390.77,110.92,1224,1514,0.012575,0.018414,0.035,Video_Streaming
FLW-0005428,VPN-SES-00999,0xdbee70fb,60.73,1341,333828,5496.92,248.94,135.24,64,451,1.242977,0.926417,0.484,WhatsApp
FLW-0005429,VPN-SES-00999,0xdbee70fb,22.15,856,706302,31887.22,825.12,310.81,358,1291,0.768811,0.515028,0.635,Email_IMAP
FLW-0005430,VPN-SES-00999,0xdbee70fb,33.19,1261,155973,4699.4,123.69,2.4,120,127,0.019556,0.003882,0.478,VoIP
FLW-0005431,VPN-SES-00999,0xdbee70fb,21.63,240,205392,9495.7,855.8,330.39,360,1351,0.613427,0.434658,0.642,Email_IMAP
FLW-0005432,VPN-SES-00999,0xdbee70fb,14.56,84,59049,4055.56,702.97,373.28,143,1262,0.394671,0.50278,0.27,Web_Browsing
FLW-0005433,VPN-SES-00999,0xdbee70fb,21.02,407,38355,1824.69,94.24,1.5,91,96,0.998394,0.010609,0.49,ICMP
FLW-0005434,VPN-SES-00999,0xdbee70fb,148.06,4013,5567756,37604.73,1387.43,101.11,1235,1514,0.009505,0.024447,0.056,Video_Streaming
FLW-0005435,VPN-SES-01000,0xb2fbfaaa,27.26,242,176430,6472.12,729.05,376.56,164,1293,0.506006,0.518747,0.277,Web_Browsing
FLW-0005436,VPN-SES-01000,0xb2fbfaaa,42.86,870,616464,14383.2,708.58,386.06,129,1287,0.380525,0.498936,0.278,Web_Browsing
FLW-0005437,VPN-SES-01000,0xb2fbfaaa,73.06,1507,357927,4899.08,237.51,126.89,64,427,1.264357,0.922137,0.522,WhatsApp
FLW-0005438,VPN-SES-01000,0xb2fbfaaa,38.73,624,532958,13760.86,854.1,318.98,375,1332,0.64094,0.499302,0.678,Email_IMAP
